iso3,name,region,income_group,year,gdp_pc_ppp,primary_enrollment,under5_mortality,water_access,dtp3_immunization,measles_immunization,physicians_per_1000,sanitation_access,health_exp_pc,gini_index,infant_mortality,life_expectancy,fertility_rate,urban_pop_pct,life_ladder,whr_log_gdp_pc,social_support,healthy_life_expectancy,freedom,generosity,corruption_perception,positive_affect,negative_affect
ABW,Aruba,LCN,High income,2005,38926.4750002706,116.929039001465,,95.8611360200924,,,,98.1701260433217,,,,73.415,1.844,64.9580226442175,,,,,,,,,
ABW,Aruba,LCN,High income,2006,38664.3995098654,117.987739562988,,95.9866559820949,,,,98.2095304946046,,,,73.498,1.862,64.811270283981,,,,,,,,,
ABW,Aruba,LCN,High income,2007,39562.4488484876,116.970039367676,,96.1121759440973,,,,98.2489349458875,,,,73.642,1.881,64.6532664765254,,,,,,,,,
ABW,Aruba,LCN,High income,2008,39982.5119922148,116.013900756836,,96.2376959060998,,,,98.2883393971704,,,,73.783,1.889,64.4888814129295,,,,,,,,,
ABW,Aruba,LCN,High income,2009,35074.6841221014,117.527481079102,,96.3632158681023,,,,98.3277438484533,,,,73.974,1.875,64.3229852842726,,,,,,,,,
ABW,Aruba,LCN,High income,2010,34037.5423205595,119.795837402344,,96.4887358301048,,,,98.3671482997362,,,,74.297,1.855,64.1612965549477,,,,,,,,,
ABW,Aruba,LCN,High income,2011,34926.1008924322,106.374038696289,,96.6142557921072,,,,98.4065527510191,,,,74.578,1.858,63.9992605838571,,,,,,,,,
ABW,Aruba,LCN,High income,2012,34058.3102329903,104.07494354248,,96.7397757541097,,,,98.445957202302,,,,74.841,1.907,63.8252085199599,,,,,,,,,
ABW,Aruba,LCN,High income,2013,35711.9290506967,114.985320023488,,96.7397757541097,,,,98.4853616535849,,,,75.072,1.944,63.6382914355326,,,,,,,,,
ABW,Aruba,LCN,High income,2014,35837.3240929711,116.261992182873,,96.7397757541097,,,,98.5247661048679,,,,75.261,1.944,63.4392531303795,,,,,,,,,
ABW,Aruba,LCN,High income,2015,36753.4041726178,115.01140867059,,96.7397757541097,,,,98.5641705561508,,,,75.405,1.899,63.2288374043053,,,,,,,,,
ABW,Aruba,LCN,High income,2016,36926.1130685729,113.637463697967,,96.7397757541097,,,,98.6035750074337,,,,75.54,1.848,63.0077880571142,,,,,,,,,
ABW,Aruba,LCN,High income,2017,38213.2892388309,110.81131607749899,,96.7397757541097,,,,98.6429794587166,,,,75.62,1.785,62.7768488886109,,,,,,,,,
ABW,Aruba,LCN,High income,2018,39378.2284109047,107.985168457031,,96.7397757541097,,,,98.6823839099995,,,,75.88,1.732,62.5367636985996,,,,,,,,,
ABW,Aruba,LCN,High income,2019,39754.5600722149,108.025001525879,,96.7397757541097,,,,98.7217883612824,,,,76.019,1.701,62.288276286885,,,,,,,,,
ABW,Aruba,LCN,High income,2020,30408.8270901983,107.235336303711,,96.7397757541097,,,,98.7611928125653,,,,75.406,1.662,62.0028837566365,,,,,,,,,
AFG,Afghanistan,MEA,Low income,2005,2155.35306784413,99.50390625,109.3,38.1080542246859,58.0,50.0,0.166,28.0329173729232,25.11388779,,93.8,58.247,6.858,19.7059095753667,,7.647,0.451,,0.718,0.168,0.882,0.518,0.258
AFG,Afghanistan,MEA,Low income,2006,2155.35306784413,102.284866333008,104.8,40.2157630407476,58.0,53.0,0.166,29.4737113537171,28.9412632,,90.3,58.553,6.686,20.1104530189181,,7.647,0.451,,0.718,0.168,0.882,0.518,0.258
AFG,Afghanistan,MEA,Low income,2007,2155.35306784413,99.3228988647461,100.4,42.4294955631251,63.0,55.0,0.182,30.8753174900848,32.70893097,,86.8,58.956,6.508,20.5906579215423,,7.647,0.451,,0.718,0.168,0.882,0.518,0.258
AFG,Afghanistan,MEA,Low income,2008,2191.50435559062,104.445137023926,96.1,44.6537922388598,64.0,59.0,0.183,32.2737202067488,39.88624954,,83.4,59.708,6.392,21.1241481349633,3.724,7.647,0.451,50.8,0.718,0.168,0.882,0.518,0.258
AFG,Afghanistan,MEA,Low income,2009,2565.02208584099,99.7054214477539,91.9,46.8885842088645,63.0,60.0,0.22,33.6691080892303,43.13351822,,80.1,60.248,6.295,21.6885475109053,4.402,7.647,0.552,51.2,0.679,0.19,0.85,0.584,0.237
AFG,Afghanistan,MEA,Low income,2010,2848.58606111495,103.48560333252,88.0,49.1337948047642,66.0,62.0,0.244,35.0616668763216,46.42438889,,76.9,60.702,6.195,22.2614799010924,4.758,7.647,0.539,51.6,0.6,0.121,0.7070000000000001,0.618,0.275
AFG,Afghanistan,MEA,Low income,2011,2757.05258747725,101.542083740234,84.3,51.3896718184372,68.0,64.0,0.258,36.4517450288191,52.18721771,,74.0,61.25,6.094,22.8205691572485,3.832,7.62,0.521,51.92,0.496,0.162,0.731,0.611,0.267
AFG,Afghanistan,MEA,Low income,2012,2985.31914452845,106.575317382812,80.8,53.6558094830286,67.0,59.0,0.246,37.8393855148321,52.45247269,,71.2,61.735,5.985,23.3434391310979,3.783,7.705,0.521,52.24,0.531,0.236,0.7759999999999999,0.71,0.268
AFG,Afghanistan,MEA,Low income,2013,3046.57993117128,107.942840576172,77.6,55.9321352223542,64.0,57.0,0.29,39.2247837532389,56.16043472,,68.6,62.188,5.879,23.8077136743646,3.572,7.725,0.484,52.56,0.578,0.061,0.823,0.621,0.273
AFG,Afghanistan,MEA,Low income,2014,3017.94254424696,109.829452514648,74.6,58.2185747849882,62.0,60.0,0.304,40.6081362553092,60.04951096,,66.2,62.26,5.77,24.1910166387726,3.131,7.718,0.526,52.88,0.509,0.104,0.871,0.532,0.375
AFG,Afghanistan,MEA,Low income,2015,2967.692067153,106.773551940918,71.9,60.5153476686209,64.0,62.0,0.29,41.9898186307368,59.91960526,,64.0,62.27,5.652,24.4649118421568,3.983,7.702000000000001,0.529,53.2,0.389,0.08,0.8809999999999999,0.5539999999999999,0.3389999999999999
AFG,Afghanistan,MEA,Low income,2016,2958.7853992308,106.784042358398,69.4,62.8220704134542,66.0,64.0,0.284,43.3698641937307,61.37234497,,61.9,62.646,5.542,24.6588345720126,4.22,7.697,0.5589999999999999,53.0,0.523,0.042,0.7929999999999999,0.565,0.348
AFG,Afghanistan,MEA,Low income,2017,2952.99891598909,106.54354095459,67.1,65.142136058033,64.0,64.0,0.245,44.7508111861658,66.82388306,,60.1,62.406,5.433,24.8352821238871,2.662,7.697,0.491,52.8,0.427,-0.121,0.954,0.496,0.371
AFG,Afghanistan,MEA,Low income,2018,2902.39211285546,107.687660217285,64.8,67.4758694595857,68.0,66.0,0.303,46.1335435081079,71.22509003,,58.3,62.443,5.327,24.9991645191406,2.694,7.692,0.508,52.6,0.374,-0.094,0.928,0.424,0.405
AFG,Afghanistan,MEA,Low income,2019,2927.2451435353,109.075309753418,62.7,69.8226976480641,65.0,57.0,0.214,47.5183902057843,74.0642395,,56.6,62.941,5.238,25.1437258839803,2.375,7.697,0.42,52.4,0.3939999999999999,-0.108,0.924,0.351,0.502
AFG,Afghanistan,MEA,Low income,2020,2769.68574507111,109.075309753418,60.7,72.1820710205908,61.0,57.0,0.253,48.9056813120247,80.0892334,,54.9,61.454,5.145,25.2622103446137,,7.697,0.42,,0.3939999999999999,-0.108,0.924,0.351,0.502
AGO,Angola,SSF,Lower-middle income,2005,8892.92106099154,106.341453552246,131.5,43.5743439976406,47.0,45.0,0.132,37.8465318357126,54.66142273,42.7,78.9,52.13,6.461,56.0,,8.946,0.723,,0.584,0.055,0.911,0.659,0.361
AGO,Angola,SSF,Lower-middle income,2006,9586.17542123825,106.341453552246,119.8,45.0139996038983,44.0,48.0,0.132,38.7338819151989,70.28185272,42.7,72.2,52.965,6.419,56.8939032662772,,8.946,0.723,,0.584,0.055,0.911,0.659,0.361
AGO,Angola,SSF,Lower-middle income,2007,10434.7087224445,106.341453552246,109.0,46.4686546771725,43.0,58.0,0.132,39.6205689404056,93.42698669,42.7,66.0,54.2,6.372,57.7564632930133,,8.946,0.723,,0.584,0.055,0.911,0.659,0.361
AGO,Angola,SSF,Lower-middle income,2008,11131.6310145389,113.292236328125,99.2,47.9390179800655,45.0,58.0,0.132,40.5073529931406,136.34094238,42.7,60.3,55.281,6.32,58.5851745819614,,8.946,0.723,,0.584,0.055,0.911,0.659,0.361
AGO,Angola,SSF,Lower-middle income,2009,10930.2531201205,112.278953552246,90.7,49.4231763682417,47.0,58.0,0.132,41.3926874563562,120.5289917,43.56,55.4,56.225,6.26,59.3775316348744,,8.946,0.723,,0.584,0.055,0.911,0.659,0.361
AGO,Angola,SSF,Lower-middle income,2010,11074.0723813984,113.87258174337,83.4,50.922281472487,49.0,59.0,0.14200000000000002,42.2777189153195,96.95197296,44.42,51.1,57.242,6.194,60.1310289535053,,8.946,0.723,,0.584,0.055,0.911,0.659,0.361
AGO,Angola,SSF,Lower-middle income,2011,11034.5919687814,128.386344899029,77.2,52.4357414255652,50.0,59.0,0.152,43.1620627220945,122.11888123,45.28,47.6,58.093,6.12,60.8431610396073,5.589,8.946,0.723,52.5,0.584,0.055,0.911,0.659,0.361
AGO,Angola,SSF,Lower-middle income,2012,11516.8133246588,126.43482779658626,72.0,53.962934811933,52.0,59.0,0.162,44.0453181222275,121.84848022,46.14,44.6,58.916,6.039,61.5114223949332,4.36,8.992,0.753,53.2,0.456,-0.136,0.906,0.5579999999999999,0.305
AGO,Angola,SSF,Lower-middle income,2013,11622.978345524,124.48331069414351,67.9,55.5032279600653,54.0,59.0,0.172,44.9270819739207,142.78450012,47.0,42.2,59.705,5.953,62.1333075212361,3.937,9.005,0.722,53.9,0.41,-0.104,0.816,0.6579999999999999,0.371
AGO,Angola,SSF,Lower-middle income,2014,11718.4286832376,122.53179359170075,64.5,57.0569115656449,55.0,56.0,0.182,45.8077399649675,130.5861969,47.86,40.3,60.396,5.864,62.723115793241,3.795,9.017,0.755,54.6,0.375,-0.168,0.8340000000000001,0.579,0.368
AGO,Angola,SSF,Lower-middle income,2015,11389.7609549481,120.580276489258,61.8,58.6196312007677,57.0,52.0,0.192,46.6837650963553,107.52857208,48.72,38.8,61.042,5.774,63.51567832685,,9.017,0.755,,0.375,-0.168,0.8340000000000001,0.579,0.368
AGO,Angola,SSF,Lower-middle income,2016,10963.9967887173,120.580276489258,59.6,60.1920620185519,59.0,49.0,0.202,47.555908833618,94.01481628,49.58,37.6,61.619,5.686,64.2992302517989,,9.017,0.755,,0.375,-0.168,0.8340000000000001,0.579,0.368
AGO,Angola,SSF,Lower-middle income,2017,10565.1676483607,120.580276489258,57.9,61.7735122104541,58.0,47.0,0.212,48.4237656848917,112.75364685,50.44,36.7,62.122,5.6,65.0850525086068,,9.017,0.755,,0.375,-0.168,0.8340000000000001,0.579,0.368
AGO,Angola,SSF,Lower-middle income,2018,10154.8389228005,120.580276489258,56.5,63.3627907388021,67.0,56.0,0.211,49.2865229934191,83.87555695,51.3,36.0,62.622,5.519,65.8732136723372,,9.017,0.755,,0.375,-0.168,0.8340000000000001,0.579,0.368
AGO,Angola,SSF,Lower-middle income,2019,9712.97944927269,120.580276489258,55.3,64.1599110373067,64.0,59.0,0.211,49.5470237290202,64.4466095,51.3,35.5,63.051,5.442,66.6637823180533,,9.017,0.755,,0.375,-0.168,0.8340000000000001,0.579,0.368
AGO,Angola,SSF,Lower-middle income,2020,8904.94900580168,120.580276489258,54.2,64.9440305436538,59.0,54.0,0.211,49.8016376564917,56.01641846,51.3,34.9,63.116,5.371,67.4568270208187,,9.017,0.755,,0.375,-0.168,0.8340000000000001,0.579,0.368
ALB,Albania,ECS,Upper-middle income,2005,8964.28082219496,107.016143798828,20.0,89.0211900611453,98.0,97.0,1.189,92.32297892735,149.97515869,30.6,12.7,76.427,1.787,45.9937666920583,,9.142,0.821,,0.529,-0.009,0.875,0.5529999999999999,0.246
ALB,Albania,ECS,Upper-middle income,2006,9563.98954154527,105.477783203125,18.5,89.519134788664,97.0,95.0,1.189,92.9214090363528,164.22090149,30.400000000000002,12.7,76.994,1.686,47.0701050949378,,9.142,0.821,,0.529,-0.009,0.875,0.5529999999999999,0.246
ALB,Albania,ECS,Upper-middle income,2007,10262.9242359026,103.488441467285,17.1,90.0041896316486,98.0,97.0,1.2,93.5057448871061,209.31910706,30.2,11.9,77.691,1.633,48.2022815728384,4.634,9.142,0.821,65.8,0.529,-0.009,0.875,0.5529999999999999,0.246
ALB,Albania,ECS,Upper-middle income,2008,11056.3059173381,100.383003234863,15.8,90.4761525015769,99.0,98.0,1.2175,94.075815843771,237.10340881,30.0,11.1,78.248,1.616,49.3850699230207,,9.202,0.827,,0.527,-0.08349999999999999,0.8695,0.5965,0.26249999999999996
ALB,Albania,ECS,Upper-middle income,2009,11430.5746310655,100.923736572266,14.5,90.9344131913267,98.0,97.0,1.235,94.6311562732715,236.94244385,29.75,10.3,78.509,1.638,50.6132439427449,5.485,9.262,0.833,66.2,0.525,-0.158,0.8640000000000001,0.64,0.2789999999999999
ALB,Albania,ECS,Upper-middle income,2010,11829.0042369631,99.8618342722087,13.3,91.3794795002437,99.0,99.0,1.243,95.1721611108923,253.98246765,29.5,9.6,78.414,1.653,51.8815774292716,5.269,9.303,0.733,66.4,0.569,-0.172,0.8705,0.648,0.3
ALB,Albania,ECS,Upper-middle income,2011,12153.0636591785,101.580273662891,12.2,91.8108839327421,99.0,99.0,1.229,95.6984906230124,273.75292969,29.25,9.0,78.303,1.677,53.2917382892465,5.867000000000001,9.331,0.759,66.68,0.487,-0.205,0.877,0.628,0.257
ALB,Albania,ECS,Upper-middle income,2012,12463.518369846,102.067360891559,11.2,92.2287796980299,99.0,98.0,1.27,96.210272006809,260.68319702,29.0,8.5,78.084,1.719,53.8637553661449,5.51,9.347,0.785,66.96,0.602,-0.1689999999999999,0.848,0.607,0.271
ALB,Albania,ECS,Upper-middle income,2013,12873.4298184073,101.474954848321,10.5,92.6315947140716,99.0,99.0,1.276,96.7065607873958,276.0765686,31.8,8.0,77.995,1.741,54.2979678058548,4.551,9.359,0.759,67.24,0.632,-0.127,0.863,0.634,0.3379999999999999
ALB,Albania,ECS,Upper-middle income,2014,13366.5040948145,105.770581813858,9.9,93.0200532320908,99.0,98.0,1.2546666666666666,97.1880171020454,293.1267395,34.6,7.8,78.029,1.721,54.7325813178673,4.814,9.378,0.626,67.52,0.735,-0.025,0.883,0.685,0.335
ALB,Albania,ECS,Upper-middle income,2015,13876.7616296598,105.688652991606,9.6,93.3943279564504,99.0,97.0,1.2333333333333334,97.6549680441734,253.93347168,32.8,7.6,78.358,1.631,55.1579291374894,4.607,9.403,0.639,67.8,0.7040000000000001,-0.081,0.885,0.688,0.35
ALB,Albania,ECS,Upper-middle income,2016,14643.4285614716,105.324777401077,9.4,93.7548764271568,99.0,96.0,1.212,98.1079014758832,275.43676758,33.7,7.6,78.643,1.555,55.5738734464276,4.511,9.437,0.638,68.1,0.73,-0.017,0.901,0.675,0.322
ALB,Albania,ECS,Upper-middle income,2017,15359.3974577025,105.414970908323,9.3,94.1020950646956,99.0,96.0,1.212,98.5472964296809,295.52346802,33.1,7.7,78.9,1.486,55.980276426546,4.64,9.476,0.638,68.4,0.75,-0.0289999999999999,0.8759999999999999,0.669,0.3339999999999999
ALB,Albania,ECS,Upper-middle income,2018,16170.9234325287,104.568015324639,9.3,94.4363940024548,99.0,94.0,1.212,98.9736466158724,349.21127319,30.1,7.8,79.238,1.415,56.377000259892,5.004,9.518,0.684,68.7,0.8240000000000001,0.009,0.899,0.713,0.319
ALB,Albania,ECS,Upper-middle income,2019,16761.1230178682,102.58954115148,9.4,94.758223221518,99.0,95.0,1.212,99.1830672601737,366.34014893,30.1,8.0,79.467,1.395,56.7639071287255,,9.544,0.6859999999999999,69.0,0.777,-0.099,0.914,0.6809999999999999,0.2739999999999999
ALB,Albania,ECS,Upper-middle income,2020,16457.7189744991,100.020970049835,9.4,95.0680381522002,98.0,91.0,1.212,99.298792439378,396.17477417,29.4,8.1,77.824,1.371,57.1408592155544,5.365,9.497,0.71,69.3,0.754,0.0069999999999999,0.8909999999999999,0.679,0.265
AND,Andorra,ECS,High income,2005,65114.8053663021,89.721061706543,5.9,100.0,98.0,94.0,3.295,100.0,2279.53051758,,5.3,83.086,1.224,89.3789218918348,,,,,,,,,
AND,Andorra,ECS,High income,2006,66390.293726491,90.0249404907227,5.6,100.0,93.0,91.0,3.065,100.0,2151.95092773,,5.1,83.374,1.234,89.3789218918348,,,,,,,,,
AND,Andorra,ECS,High income,2007,65534.1168555171,88.1872482299805,5.3,100.0,96.0,94.0,3.04,100.0,2388.17407227,,4.9,83.632,1.189,89.0500030517578,,,,,,,,,
AND,Andorra,ECS,High income,2008,60691.6051530637,86.718147277832,5.0,100.0,99.0,98.0,3.105,100.0,2790.11254883,,4.6,83.855,1.25,88.9407363930477,,,,,,,,,
AND,Andorra,ECS,High income,2009,57203.9708883731,84.7188034057617,4.8,99.9999971715362,99.0,98.0,3.17,99.9999971715362,2679.67358398,,4.4,84.1,1.208,88.84433315185,,,,,,,,,
AND,Andorra,ECS,High income,2010,58285.0577756981,84.648193359375,4.5,99.9999980431632,99.0,99.0,2.949,99.9999980431632,3286.52954102,,4.2,84.197,1.275,88.7604726056609,,,,,,,,,
AND,Andorra,ECS,High income,2011,60470.4662377044,85.8956298828125,4.3,100.0,99.0,99.0,3.136,100.0,3555.52319336,,4.0,84.296,1.321,88.6888340319763,,,,,,,,,
AND,Andorra,ECS,High income,2012,58172.1323929474,83.2157974243164,4.1,99.9999982821599,99.0,98.0,3.112,99.9999982821599,2788.69238281,,3.9,84.334,1.26,88.6290967082924,,,,,,,,,
AND,Andorra,ECS,High income,2013,57332.1585611366,84.7323532104492,3.9,100.0,96.0,95.0,3.165,100.0,2886.97241211,,3.7,84.406,1.142,88.5809399121053,,,,,,,,,
AND,Andorra,ECS,High income,2014,59929.2444670501,87.0263326910726,3.7,100.0,97.0,96.0,3.297,100.0,3005.21557617,,3.5,84.485,1.168,88.544042920911,,,,,,,,,
AND,Andorra,ECS,High income,2015,62105.1542389675,88.5957446808511,3.5,100.0,97.0,96.0,3.754,100.0,2672.49731445,,3.3,84.532,1.223,88.5180850122057,,,,,,,,,
AND,Andorra,ECS,High income,2016,64402.8092369468,91.0415773681955,3.4,100.0,98.0,97.0,4.058,100.0,2785.64599609,,3.2,84.489,1.184,88.5027454634853,,,,,,,,,
AND,Andorra,ECS,High income,2017,63239.6577711911,90.2031316123572,3.2,100.0,99.0,99.0,4.119,100.0,2876.24194336,,3.1,84.359,1.129,88.4977035522461,,,,,,,,,
AND,Andorra,ECS,High income,2018,63048.5985572834,90.7088926174497,3.1,100.0,99.0,99.0,4.535,100.0,3159.16162109,,3.0,84.242,1.053,88.5080998493791,,,,,,,,,
AND,Andorra,ECS,High income,2019,63215.899791913,90.3239289446186,3.0,100.0,99.0,99.0,4.392,100.0,3021.078125,,2.9,84.098,1.045,88.5391793666245,,,,,,,,,
AND,Andorra,ECS,High income,2020,55488.4902991095,89.4271272114575,2.9,99.9999952180714,99.0,98.0,4.587,99.9999952180714,3282.02587891,,2.8,,1.028,88.5907780427517,,,,,,,,,
ARE,United Arab Emirates,MEA,High income,2005,80285.1613062103,105.719909667969,9.8,99.6990274979322,94.0,92.0,1.494,99.1415716401996,898.36480713,32.5,7.7,80.779,2.232,82.2122832763517,,11.367,0.903,,0.898,-0.033,0.203,0.746,0.275
ARE,United Arab Emirates,MEA,High income,2006,80285.1613062103,100.258071899414,9.6,99.7209168610159,92.0,92.0,1.407,99.1379008454285,1031.14904785,32.5,7.6,81.155,1.958,82.5588968646829,6.734,11.367,0.903,65.92,0.898,-0.033,0.203,0.746,0.275
ARE,United Arab Emirates,MEA,High income,2007,80285.1613062103,100.70951241438526,9.4,99.7430448059765,92.0,92.0,1.541,99.1343292735579,1176.49328613,32.5,7.4,81.438,1.792,82.758608500318,,11.236333333333334,0.897,,0.8816666666666667,-0.015666666666666666,0.24833333333333332,0.754,0.279
ARE,United Arab Emirates,MEA,High income,2008,80285.1613062103,101.16095292935651,9.2,99.7654123439436,92.0,92.0,1.845,99.1308669416224,1465.82446289,32.5,7.3,81.591,1.516,82.9658963549658,,11.105666666666666,0.891,,0.8653333333333334,0.0016666666666666705,0.29366666666666663,0.762,0.283
ARE,United Arab Emirates,MEA,High income,2009,71488.9696792101,101.61239344432775,9.0,99.7879969026798,93.0,93.0,1.792,99.1274862085327,1531.02209473,32.5,7.1,81.679,1.582,83.1701992996163,6.8660000000000005,10.975,0.885,66.28,0.8490000000000001,0.019,0.3389999999999999,0.77,0.287
ARE,United Arab Emirates,MEA,High income,2010,70913.7569272495,102.063833959299,8.8,99.8107941876286,94.0,94.0,1.749,99.1241974644732,1619.98864746,32.5,7.0,81.886,1.565,83.3714299144178,7.097,10.914,0.912,66.4,0.878,0.057,0.355,0.763,0.233
ARE,United Arab Emirates,MEA,High income,2011,73190.4056300014,102.51527447427026,8.6,99.8338027658417,95.0,95.0,1.786,99.120999868482,1787.59997559,32.5,6.8,81.898,1.539,83.5695007795347,7.119,10.935,0.8809999999999999,66.42,0.889,0.071,0.355,0.763,0.216
ARE,United Arab Emirates,MEA,High income,2012,73644.0549928884,102.9667149892415,8.4,99.857009861268,96.0,96.0,1.801,99.1178959002456,1711.38525391,32.5,6.7,81.913,1.532,83.7643244751488,7.218,10.958,0.856,66.44,0.92,0.1035,0.355,0.768,0.2239999999999999
ARE,United Arab Emirates,MEA,High income,2013,74237.2038000319,103.41815550421275,8.2,99.8804113765895,98.0,98.0,2.045,99.1148814743619,1789.68579102,32.5,6.5,81.95,1.527,83.9558135814626,6.621,11.001,0.8640000000000001,66.46,0.936,0.136,0.355,0.7656666666666666,0.291
ARE,United Arab Emirates,MEA,High income,2014,74145.1175448951,103.869596019184,7.9,99.903989878004,99.0,99.0,2.232,99.1119382516612,1776.7310791,31.28,6.3,81.99,1.483,84.1438806787019,6.54,11.041,0.8440000000000001,66.48,0.9255,0.16849999999999998,0.355,0.7633333333333333,0.2935
ARE,United Arab Emirates,MEA,High income,2015,75238.5571858454,104.32103653415525,7.6,99.927750524332,99.0,99.0,2.361,99.1090951528049,1479.49743652,30.06,6.1,82.076,1.417,84.3284383471193,6.568,11.086,0.8240000000000001,66.5,0.915,0.201,0.355,0.7609999999999999,0.296
ARE,United Arab Emirates,MEA,High income,2016,75671.036861385,104.77247704912651,7.3,99.9516742010968,99.0,99.0,2.458,99.1063234658359,1592.91906738,28.84,5.8,82.195,1.366,84.5093991669984,,11.105,0.8490000000000001,66.7,0.949,0.131,0.355,0.775,0.245
ARE,United Arab Emirates,MEA,High income,2017,72529.0423512365,105.22391756409775,7.0,99.9757617709263,97.0,99.0,2.502,99.1036305730769,1695.203125,27.619999999999997,5.6,82.388,1.35,84.686675718659,7.039,11.115,0.836,66.9,0.962,0.216,0.355,0.795,0.208
ARE,United Arab Emirates,MEA,High income,2018,72671.0787288764,105.675358079069,6.7,100.0,99.0,99.0,2.605,99.1010218730891,1872.58422852,26.4,5.3,82.449,1.288,84.8601805824625,6.604,11.112,0.851,67.1,0.944,0.054,0.355,0.787,0.302
ARE,United Arab Emirates,MEA,High income,2019,72822.9466438922,107.533197014116,6.3,99.9999978860586,99.0,99.0,2.71,99.0984768671773,1962.46728516,26.4,5.0,82.596,1.247,85.0298263388195,,11.114,0.862,67.3,0.911,0.129,0.355,0.7929999999999999,0.284
ARE,United Arab Emirates,MEA,High income,2020,66808.6209256028,108.069803864287,5.9,99.9999979225426,90.0,99.0,2.83,99.0960113749665,2154.41113281,26.4,4.7,81.936,1.289,85.1955255681984,6.457999999999999,11.053,0.8270000000000001,67.5,0.942,0.06,0.355,0.752,0.298
ARG,Argentina,LCN,Upper-middle income,2005,23262.4075792816,114.580780029297,16.7,97.421184805077,98.0,98.0,4.823,89.9997295570375,395.64596558,47.8,14.4,75.231,2.426,90.1233737736072,,9.942,0.938,,0.733,-0.157,0.852,0.825,0.3279999999999999
ARG,Argentina,LCN,Upper-middle income,2006,24877.2493922296,116.187850952148,16.2,97.633212136416,91.0,97.0,4.823,90.4637841739601,456.06246948,46.4,14.0,75.279,2.4,90.3033726521064,6.313,9.942,0.938,66.82,0.733,-0.157,0.852,0.825,0.3279999999999999
ARG,Argentina,LCN,Upper-middle income,2007,26850.6645932771,117.236312866211,15.8,97.8403603213706,91.0,94.0,4.823,90.9270368517711,569.27264404,46.3,13.6,74.783,2.37,90.4796632279031,6.073,10.018,0.862,66.94,0.653,-0.141,0.8809999999999999,0.828,0.2789999999999999
ARG,Argentina,LCN,Upper-middle income,2008,27658.4853446831,118.320129394531,15.4,98.0428748675662,93.0,96.0,4.823,91.3897117135692,745.40356445,45.0,13.2,75.428,2.432,90.6521912139817,5.961,10.048,0.892,67.06,0.6779999999999999,-0.132,0.865,0.823,0.318
ARG,Argentina,LCN,Upper-middle income,2009,25747.1976809995,118.293312072754,15.0,98.2407366706243,94.0,96.0,4.823,91.8516400553942,787.78051758,43.8,12.8,75.577,2.4,90.8209023233265,6.424,9.977,0.919,67.18,0.637,-0.13,0.885,0.8640000000000001,0.237
ARG,Argentina,LCN,Upper-middle income,2010,28056.2570212342,118.128196716309,14.4,98.434051534291,94.0,95.0,4.823,92.3128332477506,979.7689209,43.7,12.4,75.68,2.411,90.9930051940977,6.441,10.066,0.927,67.3,0.73,-0.126,0.855,0.846,0.211
ARG,Argentina,LCN,Upper-middle income,2011,29425.7593876084,117.372833251953,13.9,98.6218573444855,91.0,95.0,4.823,92.7707485221134,1208.23120117,42.7,11.9,76.1,2.393,91.1072286738406,6.776,10.112,0.889,67.48,0.816,-0.174,0.755,0.84,0.2319999999999999
ARG,Argentina,LCN,Upper-middle income,2012,28825.9666865361,116.43643951416,13.3,98.8052992922814,91.0,94.0,4.823,93.2268060456617,1363.21618652,41.4,11.4,75.802,2.304,91.2041217246797,6.468,10.091,0.902,67.66,0.747,-0.148,0.8170000000000001,0.857,0.272
ARG,Argentina,LCN,Upper-middle income,2013,29227.6601818437,114.421348571777,12.7,98.8642047608292,94.0,94.0,4.884,93.623132025003,1428.91125488,41.1,10.9,75.829,2.335,91.3014507719473,,10.103,0.91,67.84,0.737,-0.13,0.823,0.8420000000000001,0.254
ARG,Argentina,LCN,Upper-middle income,2014,28200.8152571318,113.873519897461,12.2,98.9232481866542,94.0,95.0,4.925,94.0211240402659,1291.32458496,41.8,10.4,76.268,2.386,91.3975345472954,,10.067,0.918,68.02,0.745,-0.1639999999999999,0.8540000000000001,0.857,0.238
ARG,Argentina,LCN,Upper-middle income,2015,28669.2061336796,112.936653137207,11.7,98.9823076742804,94.0,89.0,4.98,94.4204076284931,1523.90979004,42.05,10.0,76.6,2.35,91.4923019108628,6.697,10.083,0.926,68.2,0.8809999999999999,-0.174,0.851,0.8590000000000001,0.305
ARG,Argentina,LCN,Upper-middle income,2016,27802.1057201498,111.654647827148,11.4,99.0413738458383,92.0,90.0,5.024,94.8209557204549,1276.79785156,42.3,9.7,76.105,2.241,91.5856817228217,6.4270000000000005,10.051,0.883,68.4,0.848,-0.192,0.851,0.8420000000000001,0.312
ARG,Argentina,LCN,Upper-middle income,2017,28334.904184742,109.879669189453,11.0,99.0413738458383,88.0,90.0,5.094,94.8209557204549,1491.11877441,41.4,9.4,76.543,2.168,91.6776028433824,6.039,10.067,0.907,68.6,0.8320000000000001,-0.186,0.841,0.809,0.292
ARG,Argentina,LCN,Upper-middle income,2018,27367.115094108,109.305458068848,10.7,99.0413738458383,86.0,94.0,5.167,94.8209557204549,1195.59973145,41.7,9.1,76.77,2.067,91.7679941327998,,10.032,0.9,68.8,0.846,-0.211,0.855,0.82,0.321
ARG,Argentina,LCN,Upper-middle income,2019,26629.5529419501,109.338218688965,10.5,99.0413738458383,83.0,86.0,5.25,94.8209557204549,1007.45629883,43.3,8.9,76.847,2.067,91.8567844513802,6.086,10.0,0.8959999999999999,69.0,0.8170000000000001,-0.211,0.83,0.826,0.319
ARG,Argentina,LCN,Upper-middle income,2020,23877.0931404855,108.504623413086,10.3,99.0413738458383,74.0,86.0,5.304,94.8209557204549,910.9586792,42.7,8.7,75.878,2.067,91.9439026594897,,9.85,0.897,69.2,0.823,-0.122,0.816,0.764,0.342
ARM,Armenia,ECS,Upper-middle income,2005,8362.90084037119,100.4091796875,23.9,96.8174664083954,90.0,94.0,2.543,89.1491045548132,95.55093384,36.0,21.2,73.0756097560976,1.3,64.5334210637509,,9.044,0.682,,0.52,-0.231,0.85,0.494,0.469
ARM,Armenia,ECS,Upper-middle income,2006,9525.23146779778,103.896697998047,22.7,97.0560181785414,87.0,92.0,2.562,89.3798500479523,124.8989563,29.7,20.1,72.8243902439025,1.3,64.4758978663344,4.289,9.044,0.682,64.8,0.52,-0.231,0.85,0.494,0.469
ARM,Armenia,ECS,Upper-middle income,2007,10898.8483795634,116.752250671387,21.6,97.2960930151798,88.0,92.0,2.635,89.6104696374139,170.15332031,31.2,19.1,72.8731707317073,1.4,64.4257647857723,4.882,9.181,0.76,64.9,0.605,-0.251,0.8170000000000001,0.507,0.412
ARM,Armenia,ECS,Upper-middle income,2008,11727.4821272949,117.701438903809,20.6,97.5377930144249,89.0,94.0,2.695,89.8412620835162,261.59963989,29.2,18.1,73.0731707317073,1.4,64.3840928379746,4.652,9.256,0.7090000000000001,65.0,0.462,-0.215,0.8759999999999999,0.521,0.385
ARM,Armenia,ECS,Upper-middle income,2009,10143.2350796867,113.782722473145,19.6,97.7810340877485,93.0,96.0,2.714,90.0719230280142,247.90641785,28.0,17.2,73.0731707317073,1.5,64.3519530388516,4.178,9.111,0.68,65.1,0.441,-0.214,0.882,0.5429999999999999,0.411
ARM,Armenia,ECS,Upper-middle income,2010,10438.5641904169,100.985866600546,18.7,98.0258624289459,94.0,97.0,2.79,90.3025970300034,291.77758789,30.0,16.3,73.1731707317073,1.5,64.3304164043132,,9.136,0.66,65.2,0.4589999999999999,-0.176,0.8909999999999999,0.51,0.426
ARM,Armenia,ECS,Upper-middle income,2011,10990.177099035,98.334903726507,17.8,98.272291670612,95.0,97.0,2.822,90.5332906665256,325.29086304,29.4,15.5,73.8170731707317,1.5,64.3207449145194,4.26,9.182,0.705,65.36,0.465,-0.225,0.875,0.475,0.4589999999999999
ARM,Armenia,ECS,Upper-middle income,2012,11796.2741177994,97.0881274408756,16.9,98.5203266865955,95.0,97.0,2.859,90.7640014188273,331.91378784,29.6,14.8,74.119512195122,1.6,64.3268379506998,4.32,9.249,0.6759999999999999,65.52,0.502,-0.215,0.893,0.518,0.4639999999999999
ARM,Armenia,ECS,Upper-middle income,2013,12194.0189523843,95.8742927261572,16.1,98.7705613555546,95.0,97.0,2.878,90.9987016315075,392.85253906,30.6,14.1,74.6219512195122,1.6,64.3584061131466,,9.277,0.723,65.68,0.504,-0.195,0.9,0.562,0.45
ARM,Armenia,ECS,Upper-middle income,2014,12667.3757330249,94.4177603466209,15.4,99.0173502975581,93.0,97.0,2.883,91.2374729178599,404.33874512,31.5,13.4,74.8731707317073,1.7,64.4142934233291,4.453,9.307,0.7390000000000001,65.84,0.506,-0.218,0.92,0.581,0.4039999999999999
ARM,Armenia,ECS,Upper-middle income,2015,13112.7600902915,93.088059144009,14.7,99.2198934316356,94.0,97.0,2.919,91.480572190435,365.51950073,32.4,12.8,74.8707317073171,1.6,64.4929623431549,4.348,9.334,0.723,66.0,0.551,-0.203,0.901,0.594,0.4379999999999999
ARM,Armenia,ECS,Upper-middle income,2016,13192.9940731731,93.1108003536782,14.0,99.3200449240504,94.0,97.0,2.887,91.7279143880493,359.58227539,32.5,12.2,74.8682926829268,1.6,64.5928753345316,4.325,9.333,0.7090000000000001,66.3,0.611,-0.17,0.921,0.594,0.437
ARM,Armenia,ECS,Upper-middle income,2017,14243.8749003795,93.0989957836376,13.3,99.420451960465,94.0,96.0,2.903,91.9795911262643,409.80145264,33.6,11.7,75.2170731707317,1.6,64.7124948593667,,9.402,0.698,66.6,0.614,-0.147,0.865,0.625,0.437
ARM,Armenia,ECS,Upper-middle income,2018,15037.0452420712,92.1345008167579,12.7,99.462639280417,92.0,95.0,2.893,92.2358515104765,428.34579468,34.4,11.2,75.619512195122,1.6,64.8502833795679,,9.451,0.8140000000000001,66.9,0.8079999999999999,-0.163,0.865,0.581,0.455
ARM,Armenia,ECS,Upper-middle income,2019,16215.3607965094,92.3228240527597,12.1,99.4591789118501,92.0,95.0,3.026,92.4966218956113,533.69952393,30.0,10.7,76.2219512195122,1.6,65.0047033570428,,9.522,0.782,67.2,0.8440000000000001,-0.172,0.865,0.598,0.43
ARM,Armenia,ECS,Upper-middle income,2020,15052.9359791136,92.8692618061259,11.6,99.4561137881716,91.0,94.0,3.163,92.7619845664061,535.2723999,25.1,10.2,73.3756097560976,1.7,65.174217253699,,9.522,0.782,,0.8440000000000001,-0.172,0.865,0.598,0.43
ASM,American Samoa,EAS,High income,2005,,,,96.2115368722841,,,,62.254012196166,,,,72.382,3.863,87.7798357749499,,,,,,,,,
ASM,American Samoa,EAS,High income,2006,,,,96.4469488755332,,,,62.2461113600743,,,,72.397,3.685,87.4983609900321,,,,,,,,,
ASM,American Samoa,EAS,High income,2007,,,,96.6823608787824,,,,62.2382105239826,,,,72.365,3.509,87.2017863350389,,,,,,,,,
ASM,American Samoa,EAS,High income,2008,,,,96.9177728820316,,,,62.2303096878909,,,,72.43,3.42,86.9001769674517,,,,,,,,,
ASM,American Samoa,EAS,High income,2009,,,,97.1531848852808,,,,62.2224088517992,,,,,3.359,86.6035980447517,,,,,,,,,
ASM,American Samoa,EAS,High income,2010,,,,97.3885968885299,,,,62.2145080157075,,,,72.587,3.292,86.3190673549669,,,,,,,,,
ASM,American Samoa,EAS,High income,2011,,,,97.6240088917791,,,,62.2066071796158,,,,72.662,3.169,86.0284991724475,,,,,,,,,
ASM,American Samoa,EAS,High income,2012,,,,97.8594208950283,,,,62.1987063435241,,,,72.709,3.043,85.7161174344451,,,,,,,,,
ASM,American Samoa,EAS,High income,2013,,,,98.0948328982775,,,,62.1908055074324,,,,72.769,2.932,85.3846465194761,,,,,,,,,
ASM,American Samoa,EAS,High income,2014,,,,98.3302449015267,,,,62.1829046713407,,,,72.687,2.852,85.0351448001542,,,,,,,,,
ASM,American Samoa,EAS,High income,2015,,,,98.5656569047758,,,,62.1750038352489,,,,72.654,2.78,84.668670649093,,,,,,,,,
ASM,American Samoa,EAS,High income,2016,,,,98.801068908025,,,,62.1671029991572,,,,72.64,2.699,84.2862824389061,,,,,,,,,
ASM,American Samoa,EAS,High income,2017,,,,99.0364809112742,,,,62.1592021630655,,,,72.801,2.598,83.8890385422071,,,,,,,,,
ASM,American Samoa,EAS,High income,2018,,,,99.2718929145234,,,,62.1513013269738,,,,72.794,2.494,83.4779973316097,,,,,,,,,
ASM,American Samoa,EAS,High income,2019,,,,99.5073049177726,,,,62.1434004908821,,,,72.751,2.404,83.0542171797274,,,,,,,,,
ASM,American Samoa,EAS,High income,2020,,,,99.7427169210217,,,,62.1354996547904,,,,72.672,2.36,82.6240780620716,,,,,,,,,
ATG,Antigua and Barbuda,LCN,High income,2005,27692.634871178,116.446899414062,13.3,97.7897055772759,99.0,99.0,1.763,88.6381274061459,641.3157959,,10.7,,1.832,29.1737995723752,,,,,,,,,
ATG,Antigua and Barbuda,LCN,High income,2006,30827.3416754916,116.446899414062,13.0,97.8587455751822,99.0,99.0,1.763,89.410528383537,665.11560059,,10.5,75.506,1.831,28.43525787418,,,,,,,,,
ATG,Antigua and Barbuda,LCN,High income,2007,33245.2678606765,116.446899414062,12.7,97.9288759157596,99.0,99.0,1.763,90.181534098799,714.27496338,,10.2,75.72,1.86,27.7201265838981,,,,,,,,,
ATG,Antigua and Barbuda,LCN,High income,2008,32756.3067839753,118.499542236328,12.5,98.0000819253765,99.0,99.0,0.543,90.9512112125374,694.03344727,,10.0,76.075,2.042,27.0585906639822,,,,,,,,,
ATG,Antigua and Barbuda,LCN,High income,2009,28405.6900929523,117.937446594238,12.2,98.0723568247824,99.0,99.0,0.8067777777777778,91.7194750028069,609.50390625,,9.7,76.386,2.006,26.4808350768849,,,,,,,,,
ATG,Antigua and Barbuda,LCN,High income,2010,25826.6086383235,120.18367767334,12.0,98.1456600056125,98.0,98.0,1.0705555555555555,92.4864478668601,724.08880615,,9.5,76.701,1.785,26.0170447850587,,,,,,,,,
ATG,Antigua and Barbuda,LCN,High income,2011,25023.9174488179,117.199310302734,11.8,98.2201657181989,99.0,99.0,1.3343333333333334,93.2510130109521,717.28186035,,9.3,77.023,1.746,25.694689859722,,,,,,,,,
ATG,Antigua and Barbuda,LCN,High income,2012,25592.9066121735,113.619567871094,11.6,98.2971057730873,98.0,98.0,1.5981111111111108,94.0042537403254,753.50183105,,9.1,77.1,1.655,25.4555618588267,,,,,,,,,
ATG,Antigua and Barbuda,LCN,High income,2013,25206.8458285339,113.245916212913,11.4,98.3743397990659,99.0,96.0,1.8618888888888887,94.7571352497532,739.10491943,,8.9,77.05,1.537,25.2475667667937,,,,,,,,,
ATG,Antigua and Barbuda,LCN,High income,2014,25557.5249124716,112.459922790527,11.2,98.4518716600129,99.0,93.0,2.1256666666666666,95.5096665851238,826.75598145,,8.7,76.912,1.526,25.0899726107741,,,,,,,,,
ATG,Antigua and Barbuda,LCN,High income,2015,25734.1516444171,110.396583557129,11.0,98.5296965955538,99.0,91.0,2.389444444444444,96.2618760462753,789.30975342,,8.6,76.892,1.567,25.0,,,,,,,,,
ATG,Antigua and Barbuda,LCN,High income,2016,26627.71453894,107.432655305113,10.8,98.6078413769816,92.0,95.0,2.653222222222222,97.0132411183707,817.88891602,,8.4,76.968,1.458,24.9239807471655,,,,,,,,,
ATG,Antigua and Barbuda,LCN,High income,2017,27199.1952402262,109.74291229248,10.7,98.6862412364466,95.0,99.0,2.917,97.7638078582703,791.12322998,,8.3,77.03,1.485,24.8500263836871,,,,,,,,,
ATG,Antigua and Barbuda,LCN,High income,2018,28878.6067675471,112.740837097168,10.5,98.7648515516048,95.0,96.0,2.917,98.5136876135771,856.37127686,,8.1,77.132,1.371,24.7781432093764,,,,,,,,,
ATG,Antigua and Barbuda,LCN,High income,2019,29651.8641526705,112.847576892521,10.3,98.8436169017974,99.0,97.0,2.917,99.0899721182438,808.14996338,,8.0,77.168,1.468,24.708337524045,,,,,,,,,
ATG,Antigua and Barbuda,LCN,High income,2020,23930.6714995115,112.847576892521,10.1,98.9224941519798,96.0,97.0,2.917,99.6041813873018,873.5246582,,7.8,77.161,1.569,24.6406156275043,,,,,,,,,
AUS,Australia,EAS,High income,2005,49997.0664953941,103.397911071777,5.7,99.7781476301651,92.0,94.0,2.764,99.9934420647228,2995.87255859,35.4,4.8,80.8414634146341,1.807,85.6190871221958,7.341,10.659,0.968,71.4,0.935,0.347,0.39,0.843,0.238
AUS,Australia,EAS,High income,2006,50693.7248649798,103.562561035156,5.6,99.7997730308655,92.0,94.0,2.825,99.9938983048943,3174.86865234,35.4,4.7,81.0414634146342,1.908,85.7492544263523,,10.681000000000001,0.9664999999999999,,0.913,0.347,0.4515,0.8345,0.22649999999999998
AUS,Australia,EAS,High income,2007,51663.2403953881,105.422981262207,5.4,99.8212480845919,92.0,94.0,2.99,99.9943545450659,3792.80981445,35.4,4.5,81.2926829268293,1.959,85.8968519574969,,10.703,0.965,71.72,0.8909999999999999,0.347,0.513,0.826,0.215
AUS,Australia,EAS,High income,2008,52473.3819160773,105.24462890625,5.2,99.8425531204552,92.0,94.0,3.0,99.9948107852374,4083.42944336,35.4,4.4,81.3951219512195,1.984,86.0253816967666,7.254,10.719,0.947,71.88,0.916,0.305,0.431,0.826,0.218
AUS,Australia,EAS,High income,2009,52407.9115378584,105.215629577637,5.0,99.8636787110095,92.0,94.0,3.104,99.9952670254089,3989.44116211,35.05,4.2,81.5439024390244,1.971,86.1278139101818,,10.7205,0.951,,0.924,0.311,0.39849999999999997,0.8300000000000001,0.219
AUS,Australia,EAS,High income,2010,52739.2681556133,105.488502502441,4.8,99.8831426844635,92.0,94.0,3.345,99.9957232655805,4947.96337891,34.7,4.0,81.6951219512195,1.928,86.2198600512143,,10.722,0.955,72.2,0.932,0.317,0.366,0.8340000000000001,0.22
AUS,Australia,EAS,High income,2011,53257.0473237603,105.274879455566,4.5,99.8919671201613,92.0,94.0,3.296,99.996179505752,5876.88525391,34.625,3.8,81.8951219512195,1.926,86.3268946146423,,10.733,0.967,72.3,0.945,0.369,0.382,0.816,0.195
AUS,Australia,EAS,High income,2012,54403.8836902433,105.669723510742,4.3,99.9007717329478,92.0,94.0,3.293,99.9966357459236,6038.87158203,34.55,3.6,82.0463414634146,1.92,86.4451259136625,,10.754,0.945,72.4,0.935,0.2739999999999999,0.368,0.8109999999999999,0.214
AUS,Australia,EAS,High income,2013,54895.0052588984,105.802581787109,4.1,99.9095874586183,91.0,94.0,3.356,99.9970919860951,5811.86865234,34.475,3.5,82.1487804878049,1.855,86.5740515760243,7.364,10.762,0.928,72.5,0.933,0.2689999999999999,0.432,0.8190000000000001,0.177
AUS,Australia,EAS,High income,2014,55489.068844146,105.461601257324,4.0,99.9614825180861,92.0,94.0,3.432,99.9975482262667,6098.25439453,34.4,3.4,82.3,1.826,86.7221289343356,,10.772,0.924,72.6,0.923,0.319,0.442,0.775,0.245
AUS,Australia,EAS,High income,2015,55879.9958817103,101.665489196777,3.9,99.9700064923964,93.0,95.0,3.486,99.9980044664382,5271.93310547,34.05,3.3,82.4,1.814,86.8778642539361,7.309,10.779000000000002,0.952,72.7,0.922,0.332,0.357,0.79,0.21
AUS,Australia,EAS,High income,2016,56529.951824687,101.180686950684,3.8,99.9699685481919,94.0,95.0,3.557,99.9984607066097,5418.43652344,33.7,3.2,82.4487804878049,1.752,87.0166295249235,7.25,10.791,0.942,73.0,0.922,0.239,0.3989999999999999,0.7909999999999999,0.236
AUS,Australia,EAS,High income,2017,56881.8569859104,100.637657165527,3.8,99.9699329598972,95.0,94.0,3.656,99.9989169467813,5770.69042969,34.0,3.2,82.5,1.741,87.12809266445,,10.798,0.95,73.3,0.911,0.317,0.411,0.78,0.225
AUS,Australia,EAS,High income,2018,57647.8455068105,100.398712158203,3.8,99.9698940747082,95.0,94.0,3.726,99.9993731869528,5843.64794922,34.3,3.2,82.7487804878049,1.74,87.2267680845925,7.1770000000000005,10.811,0.94,73.6,0.916,0.146,0.405,0.759,0.187
AUS,Australia,EAS,High income,2019,58048.6188420831,100.199699401855,3.8,99.9698532048744,95.0,94.0,3.808,99.9998294271244,5543.37841797,34.05,3.2,82.9,1.657,87.3019647888406,,10.815,0.943,73.9,0.918,0.121,0.43,0.77,0.2019999999999999
AUS,Australia,EAS,High income,2020,57260.4650530108,99.9011077880859,3.8,99.9698157102474,95.0,93.0,3.895,100.0,5968.00341797,33.8,3.2,83.2,1.581,87.2713470458985,7.1370000000000005,10.76,0.937,74.2,0.905,0.21,0.491,0.769,0.205
AUT,Austria,ECS,High income,2005,56890.1996184204,102.08748626709,4.9,100.0,86.0,75.0,4.348,99.9947064734973,3720.02441406,28.7,4.1,79.3317073170732,1.41,66.9797950654143,,10.887,0.936,,0.941,0.302,0.49,0.823,0.174
AUT,Austria,ECS,High income,2006,58460.1550504163,102.310897827148,4.8,99.9999993859507,83.0,80.0,4.477,99.9928944921009,3899.90722656,29.6,4.0,79.8804878048781,1.41,67.0006968062814,7.122000000000001,10.887,0.936,70.76,0.941,0.302,0.49,0.823,0.174
AUT,Austria,ECS,High income,2007,60470.825141587,102.771659851074,4.6,99.9999992705894,85.0,79.0,4.562,99.9911017476995,4484.81640625,30.6,3.9,80.1804878048781,1.38,67.0211044863084,,10.887,0.9355,,0.9099999999999999,0.2965,0.552,0.8275,0.1735
AUT,Austria,ECS,High income,2008,61157.9014974191,102.266273498535,4.5,99.9999991552281,83.0,83.0,4.627,99.9893276003394,5080.83740234,30.4,3.8,80.4317073170732,1.42,67.0435560819078,7.181,10.887,0.935,71.08,0.879,0.291,0.614,0.8320000000000001,0.173
AUT,Austria,ECS,High income,2009,58810.3596828696,101.361312866211,4.4,99.999999017009,83.0,76.0,4.722,99.9875707536701,4939.75878906,31.5,3.7,80.3317073170732,1.39,67.0705895694924,,10.874,0.9245000000000001,,0.8875,0.211,0.5800000000000001,0.8235,0.16449999999999998
AUT,Austria,ECS,High income,2010,59730.4673903053,100.835540771484,4.3,100.0,86.0,80.0,4.827,99.9858335152594,4815.26953125,30.3,3.6,80.5804878048781,1.44,67.1047429254747,7.303,10.861,0.914,71.4,0.8959999999999999,0.131,0.546,0.815,0.156
AUT,Austria,ECS,High income,2011,61272.1724662899,100.558326721191,4.2,100.0,89.0,84.0,4.875,99.9841152637766,5191.92333984,30.8,3.5,80.9829268292683,1.43,67.1484255415056,7.471,10.887,0.944,71.54,0.939,0.132,0.703,0.789,0.145
AUT,Austria,ECS,High income,2012,61376.6345930428,100.335113525391,4.0,100.0,92.0,88.0,4.927,99.982312100595,4983.67724609,30.5,3.4,80.9365853658537,1.44,67.2085909812279,7.401,10.889,0.945,71.68,0.92,0.118,0.7709999999999999,0.8220000000000001,0.157
AUT,Austria,ECS,High income,2013,60862.9693673785,100.746078491211,3.9,100.0,95.0,92.0,5.018,99.9804519832307,5251.96826172,30.8,3.3,81.1365853658537,1.44,67.2981308784247,7.499,10.883,0.95,71.82,0.922,0.168,0.679,0.787,0.163
AUT,Austria,ECS,High income,2014,60845.5743980711,100.970321655273,3.8,100.0,98.0,96.0,5.076,99.9785877606259,5418.47558594,30.5,3.2,81.490243902439,1.46,67.4154327591781,6.95,10.882,0.899,71.96,0.885,0.118,0.5670000000000001,0.78,0.17
AUT,Austria,ECS,High income,2015,60951.6037273662,101.104393005371,3.7,100.0,93.0,96.0,5.124,99.9767095192409,4649.59667969,30.5,3.1,81.190243902439,1.49,67.5576175537383,7.0760000000000005,10.880999999999998,0.928,72.1,0.9,0.099,0.557,0.7979999999999999,0.1639999999999999
AUT,Austria,ECS,High income,2016,61572.6257402404,100.428077697754,3.6,100.0,87.0,95.0,5.129,99.9748167576783,4758.89892578,30.8,3.0,81.6414634146342,1.53,67.7218061923556,7.047999999999999,10.890999999999998,0.926,72.4,0.889,0.08,0.524,0.7559999999999999,0.1969999999999999
AUT,Austria,ECS,High income,2017,62535.8105711345,101.104568481445,3.6,100.0,90.0,96.0,5.182,99.9729077052186,4999.86962891,29.7,3.0,81.6439024390244,1.52,67.9051196052802,7.294,10.908,0.906,72.7,0.89,0.133,0.518,0.748,0.18
AUT,Austria,ECS,High income,2018,63777.9362157476,101.370300292969,3.5,100.0,85.0,94.0,5.241,99.9728166060806,5394.55908203,30.8,2.9,81.6926829268293,1.47,68.1046787227623,7.396,10.928,0.912,73.0,0.904,0.053,0.523,0.752,0.226
AUT,Austria,ECS,High income,2019,64609.2836396895,101.776290893555,3.5,99.9999997360902,88.0,95.0,5.318,99.9727130295408,5313.19287109,30.2,2.9,81.8951219512195,1.46,68.3176044750522,7.195,10.889500000000002,0.964,73.3,0.903,0.06,0.457,0.774,0.205
AUT,Austria,ECS,High income,2020,60276.3307697326,101.560852050781,3.4,99.9999997360902,85.0,95.0,5.344,99.9726022326155,5569.84130859,29.8,2.9,81.1926829268293,1.44,68.5410177924001,7.212999999999999,10.851,0.925,73.6,0.912,0.011,0.4639999999999999,0.769,0.206
AZE,Azerbaijan,ECS,Upper-middle income,2005,16587.3657240228,95.526969909668,52.1,80.1342105544124,75.0,67.0,3.557,73.9007809135916,34.35204697,26.6,42.2,67.71,2.0,52.5028533935547,,9.465,0.8540000000000001,,0.772,-0.235,0.774,0.512,0.276
AZE,Azerbaijan,ECS,Upper-middle income,2006,16587.3657240228,94.2166595458984,48.7,81.0533923471331,78.0,69.0,3.532,75.2446071207106,49.87102127,26.6,39.2,68.489,1.97,52.6540145874023,4.728,9.465,0.8540000000000001,61.88,0.772,-0.235,0.774,0.512,0.276
AZE,Azerbaijan,ECS,Upper-middle income,2007,16587.3657240228,94.7712020874023,45.7,81.9743802928687,79.0,75.0,3.669,76.5920244999871,74.65649414,26.6,36.6,68.659,1.97,52.8281555175781,4.5680000000000005,9.465,0.753,62.26,0.522,-0.207,0.871,0.521,0.284
AZE,Azerbaijan,ECS,Upper-middle income,2008,17963.0208126838,94.0724716186523,42.9,82.8965426494473,81.0,79.0,3.635,77.9427910031062,111.88427734,26.6,34.1,69.355,1.9,53.063304901123,4.817,9.465,0.684,62.64,0.601,-0.0289999999999999,0.715,0.578,0.2269999999999999
AZE,Azerbaijan,ECS,Upper-middle income,2009,19242.3900077231,95.0685729980469,40.2,83.8200869435287,81.0,85.0,3.626,79.2970479678594,135.40127563,26.6,31.8,69.874,1.82,53.1358125434574,4.574,9.534,0.736,63.02,0.498,-0.087,0.754,0.544,0.2339999999999999
AZE,Azerbaijan,ECS,Upper-middle income,2010,19925.3900662137,93.7623031735616,37.8,84.7487471999046,81.0,89.0,3.617,80.6565618814243,153.0665741,26.6,29.7,70.309,1.92,53.2848367714869,4.218999999999999,9.569,0.687,63.4,0.501,-0.123,0.858,0.527,0.272
AZE,Azerbaijan,ECS,Upper-middle income,2011,19358.0778100345,95.573632238702,35.5,85.6816333472465,82.0,88.0,3.397,82.0209823776921,184.93493652,26.6,27.7,70.565,1.96,53.5085461893249,4.68,9.54,0.725,63.64,0.537,-0.105,0.795,0.536,0.258
AZE,Azerbaijan,ECS,Upper-middle income,2012,19523.3737161356,97.9553073516457,33.4,86.6181028034085,79.0,86.0,3.449,83.3900771954371,234.60324097,26.6,25.9,71.08,2.0,53.8076442276208,,9.549,0.762,63.88,0.599,-0.14,0.763,0.5539999999999999,0.266
AZE,Azerbaijan,ECS,Upper-middle income,2013,20398.6462250349,100.500447800934,31.4,87.5577162731315,78.0,86.0,3.413,84.7637227824749,251.67863464,26.6,24.2,71.485,1.98,54.1821087431318,,9.592,0.77,64.12,0.672,-0.168,0.6990000000000001,0.619,0.242
AZE,Azerbaijan,ECS,Upper-middle income,2014,20709.201611232,106.059885931559,29.6,88.4995796810973,78.0,85.0,3.401,86.1415854877427,280.22314453,26.6,22.6,71.93,1.97,54.6319175926151,5.252000000000001,9.607,0.799,64.36,0.733,-0.208,0.654,0.598,0.22
AZE,Azerbaijan,ECS,Upper-middle income,2015,20678.7539572375,106.601494422512,27.9,89.4430394265685,79.0,84.0,3.328,87.5234598194959,236.25979614,26.6,21.1,72.349,1.94,55.1570486328276,5.147,9.606,0.7859999999999999,64.6,0.764,-0.198,0.616,0.607,0.206
AZE,Azerbaijan,ECS,Upper-middle income,2016,19822.4105943941,106.431739366993,26.5,90.3873981119226,78.0,81.0,3.262,88.9091129023182,169.69596863,26.6,19.8,72.568,1.9,55.7574797205266,5.303999999999999,9.564,0.777,64.9,0.713,-0.204,0.607,0.598,0.191
AZE,Azerbaijan,ECS,Upper-middle income,2017,19659.0048562768,103.294100040645,25.1,91.3319756877674,76.0,80.0,3.197,90.2983404004094,167.01565552,26.6,18.6,72.694,1.75,56.4331887124691,5.152,9.555,0.787,65.2,0.731,-0.225,0.653,0.5920000000000001,0.198
AZE,Azerbaijan,ECS,Upper-middle income,2018,19781.8509058437,99.7221014157127,23.8,92.2760684532057,74.0,77.0,3.236,91.6909287439115,180.03610229,26.6,17.5,73.016,1.73,57.1841534654123,5.167999999999999,9.562,0.7809999999999999,65.5,0.772,-0.2319999999999999,0.561,0.593,0.191
AZE,Azerbaijan,ECS,Upper-middle income,2019,20101.491875147,97.9353503349024,22.7,93.2188338102912,74.0,78.0,3.148,93.0865984611418,199.25746155,26.6,16.5,73.29,1.81,58.1308191977779,5.172999999999999,9.575,0.887,65.8,0.8540000000000001,-0.214,0.457,0.643,0.1639999999999999
AZE,Azerbaijan,ECS,Upper-middle income,2020,19126.096851126,98.2360713897839,21.5,94.1597003364215,74.0,61.0,3.125,94.4852164889199,245.21949768,26.6,15.6,70.312,1.7,58.2934691761937,,9.575,0.887,,0.8540000000000001,-0.214,0.457,0.643,0.1639999999999999
BDI,Burundi,SSF,Low income,2005,978.5419608465,84.5035934448242,123.7,53.4486364755219,87.0,87.0,0.045,45.9780778470214,11.13118172,33.4,73.8,53.053,6.708,9.1806167624459,,6.718999999999999,0.291,,0.26,-0.019,0.86,0.6409999999999999,0.253
BDI,Burundi,SSF,Low income,2006,995.027813698961,107.597122192383,116.6,54.1661932522389,92.0,92.0,0.045,45.8797490696037,14.10514736,33.4,69.9,53.962,6.659,9.4646291775586,,6.718999999999999,0.291,,0.26,-0.019,0.86,0.6409999999999999,0.253
BDI,Burundi,SSF,Low income,2007,991.931411319069,120.352416992188,109.5,54.8864129509112,99.0,88.0,0.045,45.7793823625363,15.26294613,34.14285714285714,66.0,54.832,6.588,9.77289185737152,,6.718999999999999,0.291,,0.26,-0.019,0.86,0.6409999999999999,0.253
BDI,Burundi,SSF,Low income,2008,998.565055501985,123.768852233887,102.6,55.6098997229937,92.0,84.0,0.045,45.6767816936833,14.67025566,34.885714285714286,62.1,55.581,6.515,10.1064353383035,3.563,6.718999999999999,0.291,49.02,0.26,-0.019,0.86,0.6409999999999999,0.253
BDI,Burundi,SSF,Low income,2009,985.184772509514,131.400833129883,96.1,56.3355825265759,94.0,91.0,0.045,45.5719158266356,18.31996346,35.628571428571426,58.4,56.422,6.409,10.4979900434482,,6.723,0.326,49.66,0.427,-0.019,0.718,0.6409999999999999,0.1639999999999999
BDI,Burundi,SSF,Low income,2010,988.018678716302,135.159734772168,90.2,57.0647160568921,96.0,92.0,0.045,45.4645083129414,24.45114708,36.371428571428574,55.1,57.088,6.26,10.9843097335487,,6.7355,0.374,,0.4585,-0.026999999999999996,0.6975,0.665,0.17699999999999994
BDI,Burundi,SSF,Low income,2011,991.659881666872,135.992222159155,84.7,57.7968901680733,96.0,93.0,0.037,45.354450786345,23.16802216,37.114285714285714,52.0,57.804,6.108,11.5616652230006,3.706,6.747999999999999,0.422,50.68,0.49,-0.034999999999999996,0.677,0.6890000000000001,0.19
BDI,Burundi,SSF,Low income,2012,999.220068163159,131.357142093473,79.6,58.5316929409599,96.0,93.0,0.049,45.2416177840798,20.01195908,37.85714285714286,49.1,58.501,5.991,12.2244596804615,,6.761,0.4696666666666666,,0.4703333333333333,-0.043,0.7206666666666667,0.678,0.21033333333333334
BDI,Burundi,SSF,Low income,2013,1011.43131303134,126.110240344608,74.9,59.2700188901238,96.0,98.0,0.053,45.125751746761,20.26322556,38.6,46.4,59.179,5.889,12.9670962745892,,6.774,0.5173333333333333,,0.45066666666666666,-0.05099999999999999,0.7643333333333333,0.6669999999999999,0.23066666666666666
BDI,Burundi,SSF,Low income,2014,1019.17607398667,121.424109579602,70.6,60.0108002103421,95.0,94.0,0.056,45.0067757440714,18.06601143,38.44285714285714,43.9,59.764,5.794,13.7839781740413,,6.787000000000001,0.565,51.82,0.431,-0.059,0.8079999999999999,0.6559999999999999,0.251
BDI,Burundi,SSF,Low income,2015,992.28580552029,116.228128078144,66.9,60.754598685409,94.0,93.0,0.046,44.8844503584829,17.67629051,38.285714285714285,41.8,60.107,5.695,14.6695085474754,,6.7490000000000006,0.5449999999999999,,0.48474999999999996,-0.050249999999999996,0.7557499999999999,0.6584999999999999,0.279
BDI,Burundi,SSF,Low income,2016,1006.55907385999,112.482124155559,63.7,61.5013152508053,94.0,93.0,0.07,44.7585847024572,18.59472847,38.128571428571426,40.0,60.789,5.587,15.6180905635494,,6.711,0.5249999999999999,,0.5385,-0.041499999999999995,0.7035,0.6609999999999999,0.307
BDI,Burundi,SSF,Low income,2017,1020.8498275719,107.55418011941,60.9,62.2508547109649,91.0,90.0,0.094,44.6289841238283,19.16676521,37.971428571428575,38.4,61.345,5.481,16.6241273909209,,6.673,0.505,,0.5922499999999999,-0.03275,0.65125,0.6635,0.33499999999999996
BDI,Burundi,SSF,Low income,2018,1043.40558434036,104.256445289133,58.5,63.0031105309043,90.0,88.0,0.094,44.4954380894811,18.67819214,37.81428571428572,37.0,61.806,5.38,17.6820221982475,3.775,6.635,0.485,53.4,0.6459999999999999,-0.024,0.599,0.6659999999999999,0.363
BDI,Burundi,SSF,Low income,2019,1054.72592734898,101.506122486696,56.2,63.7579908768374,93.0,92.0,0.0815,44.3577388229315,22.2435379,37.65714285714286,35.7,62.18,5.271,18.786178154187,,6.635,0.485,,0.6459999999999999,-0.024,0.599,0.6659999999999999,0.363
BDI,Burundi,SSF,Low income,2020,1027.62896276744,101.661087301601,54.3,64.4028716190814,93.0,90.0,0.069,44.4548070620661,26.21934319,37.5,34.6,62.569,5.177,19.9309984273971,,6.635,0.485,,0.6459999999999999,-0.024,0.599,0.6659999999999999,0.363
BEL,Belgium,ECS,High income,2005,54346.8934219288,103.112442016602,5.0,100.0,97.0,88.0,2.871,99.4859416700664,3415.64599609,29.3,4.1,78.9804878048781,1.76,83.5645449743707,7.262,10.745,0.935,69.9,0.924,0.069,0.598,0.7959999999999999,0.26
BEL,Belgium,ECS,High income,2006,55367.6227467909,102.793403625488,4.9,100.0,98.0,92.0,2.886,99.4859416700664,3547.06835938,28.1,4.0,79.380487804878,1.8,83.8578905877926,,10.7685,0.9285000000000001,,0.9125000000000001,0.069,0.6595,0.8045,0.239
BEL,Belgium,ECS,High income,2007,56983.4612170064,102.451301574707,4.8,100.0,98.0,92.0,2.905,99.4859416700664,4066.2121582,29.2,3.9,79.7829268292683,1.82,84.1454309580577,7.218999999999999,10.792,0.922,70.26,0.901,0.069,0.721,0.813,0.218
BEL,Belgium,ECS,High income,2008,56787.7366257416,102.265731811523,4.7,99.9999989331379,99.0,93.0,2.921,99.4859416700664,4656.04150391,28.4,3.8,79.6804878048781,1.85,84.427037120012,7.117000000000001,10.789,0.923,70.44,0.887,0.0069999999999999,0.652,0.813,0.242
BEL,Belgium,ECS,High income,2009,55258.7071019668,102.259460449219,4.6,100.0,98.0,95.0,2.92,99.4861064041689,4755.80859375,28.6,3.8,80.0341463414634,1.84,84.7025801085014,,10.784,0.927,,0.847,0.01449999999999995,0.6745000000000001,0.8205,0.241
BEL,Belgium,ECS,High income,2010,56240.2030936241,102.236808776855,4.5,100.0,98.0,95.0,2.909,99.4861236387516,4626.02685547,28.4,3.7,80.1829268292683,1.86,84.9719309583717,6.854,10.779000000000002,0.931,70.8,0.807,0.022,0.6970000000000001,0.828,0.24
BEL,Belgium,ECS,High income,2011,56585.302500068,101.269889831543,4.4,100.0,98.0,95.0,2.915,99.4861332173528,4990.35595703,28.1,3.6,80.5853658536585,1.81,85.2349607044689,7.111000000000001,10.783,0.937,70.92,0.88,-0.0139999999999999,0.711,0.835,0.225
BEL,Belgium,ECS,High income,2012,56356.8251292137,101.520362854004,4.3,100.0,99.0,96.0,2.933,99.4861435479371,4763.93505859,27.5,3.5,80.3853658536585,1.8,85.4915403816388,6.935,10.784,0.927,71.04,0.855,-0.05,0.758,0.82,0.238
BEL,Belgium,ECS,High income,2013,56263.175267967,103.191062927246,4.2,100.0,99.0,96.0,3.131,99.4861501236866,5005.64990234,27.7,3.5,80.5878048780488,1.76,85.7415410247275,7.104,10.784,0.909,71.16,0.8909999999999999,0.017,0.574,0.797,0.217
BEL,Belgium,ECS,High income,2014,57002.9092185206,103.104873657227,4.1,100.0,99.0,96.0,3.16,99.4861618443076,5110.17333984,28.1,3.4,81.2878048780488,1.74,85.9848336685807,6.855,10.795,0.944,71.28,0.861,0.001,0.512,0.7979999999999999,0.252
BEL,Belgium,ECS,High income,2015,57509.0245728704,102.243827819824,4.1,99.9999977589531,99.0,96.0,3.221,99.4861641764678,4465.45556641,27.7,3.4,80.9926829268293,1.7,86.2212893480444,6.904,10.81,0.885,71.4,0.8690000000000001,0.062,0.469,0.805,0.24
BEL,Belgium,ECS,High income,2016,57901.497690315,102.055862426758,4.1,99.9999981505316,98.0,96.0,3.28,99.4861721928964,4569.640625,27.6,3.4,81.4390243902439,1.68,86.4507790979645,6.949,10.819,0.929,71.6,0.866,-0.0559999999999999,0.497,0.765,0.26
BEL,Belgium,ECS,High income,2017,58529.3302957537,102.752861022949,4.0,100.0,98.0,96.0,3.292,99.4861854185217,4827.59326172,27.4,3.3,81.4926829268293,1.65,86.6731739531869,6.928,10.834,0.922,71.8,0.857,0.054,0.5429999999999999,0.7859999999999999,0.2339999999999999
BEL,Belgium,ECS,High income,2018,59357.6896884396,102.500366210938,4.0,99.9999964912518,98.0,96.0,3.355,99.4861848733706,5233.68261719,27.2,3.3,81.5951219512195,1.62,86.8883449485575,6.892,10.844,0.93,72.0,0.8079999999999999,-0.125,0.63,0.75,0.25
BEL,Belgium,ECS,High income,2019,60479.9769955469,102.148559570312,3.9,100.0,97.0,96.0,3.424,99.4861954289203,5087.45654297,27.2,3.3,81.9951219512195,1.6,87.0961631189222,6.772,10.853,0.884,72.2,0.7759999999999999,-0.172,0.672,0.733,0.244
BEL,Belgium,ECS,High income,2020,57333.5424137924,102.064270019531,3.9,100.0,98.0,96.0,3.506,99.4862025266725,5269.40625,26.0,3.2,80.6951219512195,1.55,87.2964994991269,6.839,10.771,0.904,72.4,0.767,-0.1639999999999999,0.634,0.733,0.26
BEN,Benin,SSF,Lower-middle income,2005,2632.47251454328,94.2145690917969,119.7,62.9572986699117,70.0,61.0,0.059,10.8039533008181,25.12485313,43.4,71.0,57.738,5.692,40.3097749006517,,7.866,0.445,,0.7090000000000001,-0.011,0.79,0.5870000000000001,0.309
BEN,Benin,SSF,Lower-middle income,2006,2652.21841967159,94.3325424194336,117.0,63.3414202893598,74.0,66.0,0.059,11.3039620341641,26.60264206,43.4,69.4,57.966,5.673,40.7877794072449,,7.866,0.445,50.1,0.7090000000000001,-0.011,0.79,0.5870000000000001,0.309
BEN,Benin,SSF,Lower-middle income,2007,2729.13741390352,100.4082527160643,114.4,63.722003378885,82.0,70.0,0.059,11.8157291558234,26.79680061,43.4,67.9,58.249,5.627,41.2857782552618,,7.890499999999999,0.4135,,0.7090000000000001,-0.0075,0.8075,0.5855,0.306
BEN,Benin,SSF,Lower-middle income,2008,2777.61974031765,106.483963012695,112.0,64.0987736405784,75.0,66.0,0.059,12.3390077692944,28.12486076,43.4,66.5,58.099,5.548,41.8029662723105,3.667,7.915,0.382,50.9,0.7090000000000001,-0.004,0.825,0.584,0.303
BEN,Benin,SSF,Lower-middle income,2009,2758.07243150648,111.44181060791,109.7,64.471280030876,79.0,71.0,0.055499999999999994,12.8733600744969,29.69425583,43.4,65.1,58.258,5.491,42.338538285999,,7.911333333333333,0.4136666666666667,,0.7303333333333334,-0.04999999999999999,0.833,0.598,0.27499999999999997
BEN,Benin,SSF,Lower-middle income,2010,2733.57399641151,112.795959472656,107.4,64.8398943690565,76.0,68.0,0.052,13.4190757934874,29.37720871,43.4,63.8,58.387,5.452,42.8916891239353,,7.907666666666667,0.4453333333333333,,0.7516666666666667,-0.09599999999999999,0.8410000000000001,0.612,0.24699999999999991
BEN,Benin,SSF,Lower-middle income,2011,2732.01249647957,114.723129272461,105.1,65.2045676976255,75.0,70.0,0.054,13.9760843860142,31.76816368,43.4,62.4,58.462,5.436,43.4616136137276,3.87,7.904,0.477,51.98,0.773,-0.142,0.8490000000000001,0.626,0.2189999999999999
BEN,Benin,SSF,Lower-middle income,2012,2779.7264808532,118.541481018066,102.9,65.5652472683148,80.0,74.0,0.052199999999999996,14.5443123134086,32.95616913,44.45,61.1,58.559,5.429,44.0475065829838,3.193,7.922999999999999,0.523,52.26,0.769,-0.111,0.8059999999999999,0.583,0.231
BEN,Benin,SSF,Lower-middle income,2013,2893.0467015352,119.383087158203,100.6,65.9215151449037,77.0,68.0,0.0504,15.1233051054282,33.53426743,45.5,59.8,58.863,5.41,44.6502883669319,3.479,7.963999999999999,0.5770000000000001,52.54,0.7829999999999999,-0.085,0.856,0.7020000000000001,0.216
BEN,Benin,SSF,Lower-middle income,2014,2987.38236326153,119.675392150879,98.4,66.2745990254867,74.0,65.0,0.0486,15.7143302277075,32.41182327,46.55,58.4,59.008,5.374,45.2880529235999,,7.997999999999999,0.506,52.82,0.7759999999999999,-0.096,0.855,0.59,0.273
BEN,Benin,SSF,Lower-middle income,2015,2952.00218338705,121.990882873535,96.1,66.6240261475915,74.0,67.0,0.0468,16.3169481534553,27.34733391,47.6,57.0,59.123,5.32,45.9407403257663,3.625,7.987999999999999,0.434,53.1,0.733,-0.027,0.85,0.5920000000000001,0.373
BEN,Benin,SSF,Lower-middle income,2016,2962.66381572265,120.301116943359,94.0,66.9697053582587,78.0,68.0,0.045,16.9310972411709,36.58565903,44.36666666666667,55.8,59.283,5.254,46.6094559006664,4.007,7.992999999999999,0.493,53.5,0.78,-0.065,0.838,0.608,0.456
BEN,Benin,SSF,Lower-middle income,2017,3041.77929984989,116.291519165039,91.8,67.3115299235489,76.0,65.0,0.059,17.5567124078682,38.75862122,41.13333333333333,54.4,59.528,5.155,47.2942774880391,4.853,8.021,0.436,53.9,0.727,-0.065,0.767,0.615,0.4579999999999999
BEN,Benin,SSF,Lower-middle income,2018,3155.4510650627,111.805068969727,89.4,67.6494113960798,74.0,61.0,0.073,18.1937303852969,39.54786301,37.9,53.1,59.71,5.031,47.9952829275963,5.82,8.059,0.504,54.3,0.713,0.002,0.747,0.647,0.4679999999999999
BEN,Benin,SSF,Lower-middle income,2019,3281.10470051465,106.798400878906,87.0,67.9832516982572,72.0,58.0,0.06,18.8420840944928,33.9457283,37.9,51.8,59.888,4.9,48.7125500590248,,8.097999999999999,0.442,54.7,0.77,-0.016,0.698,0.659,0.441
BEN,Benin,SSF,Lower-middle income,2020,3317.8597222557,104.033172607422,84.6,68.3129505616936,70.0,54.0,0.06,19.501704357901,36.62052536,37.9,50.4,60.154,4.795,49.4461567219896,4.408,8.102,0.507,55.1,0.7829999999999999,-0.083,0.698,0.609,0.305
BFA,Burkina Faso,SSF,Low income,2005,1664.99543180023,56.6982612609863,150.8,54.9540483069105,82.0,88.0,0.031,12.9610876994314,21.34285545,39.8,80.2,53.271,6.182,22.0179778440204,,7.367000000000001,0.7959999999999999,,0.588,0.0279999999999999,0.7979999999999999,0.716,0.266
BFA,Burkina Faso,SSF,Low income,2006,1714.76034904509,60.375,144.4,54.7404102452083,86.0,88.0,0.031,13.9636797865369,23.55202866,39.8,77.1,53.784,6.17,22.5528306908743,3.801,7.367000000000001,0.7959999999999999,46.66,0.588,0.0279999999999999,0.7979999999999999,0.716,0.266
BFA,Burkina Faso,SSF,Low income,2007,1731.93046335077,65.8891830444336,138.1,54.4775122533974,89.0,88.2,0.031,14.9188541884319,29.72483063,39.8,74.1,54.377,6.11,22.9741760828193,4.017,7.377000000000001,0.7709999999999999,47.42,0.5820000000000001,-0.06,0.833,0.6509999999999999,0.281
BFA,Burkina Faso,SSF,Low income,2008,1779.32710911571,71.3662185668945,132.1,54.1709291046909,93.0,88.4,0.031,15.8385590424802,30.76880074,39.8,71.2,55.199,6.05,23.3633747838557,,7.403,0.727,48.18,0.612,-0.1009999999999999,0.887,0.523,0.304
BFA,Burkina Faso,SSF,Low income,2009,1779.32305627973,75.7858963012695,126.5,53.8607620569165,92.0,88.6,0.043,16.7713190117343,31.26260567,39.8,68.5,55.791,5.992,23.7452325601116,,7.427999999999999,0.75,,0.5995,-0.06849999999999995,0.827,0.5565,0.2605
BFA,Burkina Faso,SSF,Low income,2010,1873.97146230828,76.4055299539171,121.3,53.5481792484168,91.0,88.8,0.044,17.717348101652,33.05819321,38.9,66.0,56.343,5.936,24.115092498158,4.0360000000000005,7.452999999999999,0.773,49.7,0.5870000000000001,-0.036,0.767,0.59,0.217
BFA,Burkina Faso,SSF,Low income,2011,1939.86659989406,79.7322151346571,116.6,53.2337210751368,91.0,89.0,0.037,18.6760821491649,33.70409393,38.0,63.8,57.001,5.869,24.4682976845657,4.785,7.487,0.71,50.24,0.725,-0.105,0.7070000000000001,0.579,0.205
BFA,Burkina Faso,SSF,Low income,2012,2003.6646118745,81.98174251568,112.3,52.9175711215547,90.0,87.0,0.046,19.6465931645733,33.66717529,37.099999999999994,61.7,57.457,5.793,24.8001912059054,3.955,7.52,0.7440000000000001,50.78,0.622,-0.07,0.726,0.545,0.3
BFA,Burkina Faso,SSF,Low income,2013,2057.0639319853,83.2890892862992,108.2,52.6002657451869,88.0,87.5,0.045,20.6283173579476,42.26796341,36.199999999999996,59.8,57.903,5.697,25.106116148748,,7.546,0.745,51.32,0.741,-0.016,0.765,0.63,0.287
BFA,Burkina Faso,SSF,Low income,2014,2083.19844698304,84.5538716285922,104.3,52.2827255201391,91.0,88.0,0.047,21.6210077487698,38.24516678,35.3,58.0,58.331,5.595,25.3814155996643,3.4810000000000003,7.559,0.742,51.86,0.71,-0.004,0.8009999999999999,0.614,0.256
BFA,Burkina Faso,SSF,Low income,2015,2101.70266192027,85.1484827713554,100.8,51.9651331528119,91.0,88.0,0.063,22.623723352134,32.3375206,37.224999999999994,56.3,58.778,5.478,25.621432645225,4.419,7.568,0.705,52.4,0.659,0.004,0.693,0.579,0.359
BFA,Burkina Faso,SSF,Low income,2016,2162.72578977814,87.4065255935815,97.4,51.6480569278797,91.0,88.0,0.062,23.6358671659231,39.50990677,39.15,54.7,59.173,5.331,25.821510372001,,7.596,0.764,52.9,0.645,-0.001,0.721,0.616,0.337
BFA,Burkina Faso,SSF,Low income,2017,2232.28781490944,89.5118329042903,94.1,51.3308302109352,91.0,88.0,0.082,24.6558918981723,43.37775803,41.075,53.1,59.578,5.17,25.9769918665632,4.647,7.627000000000001,0.785,53.4,0.614,-0.063,0.727,0.585,0.354
BFA,Burkina Faso,SSF,Low income,2018,2316.39432079045,91.5019771306419,91.0,51.0143648746902,91.0,88.0,0.082,25.6835548762607,38.48573303,43.0,51.7,59.972,4.921,26.0832202154822,,7.665,0.665,53.9,0.721,-0.013,0.757,0.711,0.3429999999999999
BFA,Burkina Faso,SSF,Low income,2019,2391.53626844484,89.7861564043823,88.1,50.6996167671279,91.0,88.0,0.091,26.7185691114763,41.06895828,43.0,50.2,60.184,4.681,26.1187254401157,4.7410000000000005,7.691,0.6829999999999999,54.4,0.6779999999999999,-0.004,0.7290000000000001,0.691,0.365
BFA,Burkina Faso,SSF,Low income,2020,2380.93171826574,87.6988473437538,85.1,50.3862637931321,91.0,88.0,0.096,27.7597483878875,57.17589188,43.0,48.7,60.454,4.44,26.3578373628627,,7.691,0.6829999999999999,,0.6779999999999999,-0.004,0.7290000000000001,0.691,0.365
BGD,Bangladesh,SAS,Lower-middle income,2005,3231.61370692891,96.386833190918,63.0,95.4615869207047,93.0,88.0,0.296,31.4358349503108,11.31403732,33.2,46.0,65.509,2.755,25.4769540701509,,7.782999999999999,0.672,,0.612,0.068,0.7859999999999999,0.6,0.321
BGD,Bangladesh,SAS,Lower-middle income,2006,3407.4273502159,95.8766021728516,59.6,95.6665612927773,94.0,83.0,0.305,33.2264398318266,12.05988026,32.980000000000004,43.8,66.048,2.755,25.9479149992596,4.319,7.782999999999999,0.672,59.02,0.612,0.068,0.7859999999999999,0.6,0.321
BGD,Bangladesh,SAS,Lower-middle income,2007,3608.91543819399,93.662353515625,56.5,95.8693613830189,94.0,89.0,0.317,35.0339772895148,14.03898716,32.760000000000005,41.8,66.458,2.666,26.415303779311,4.607,7.838999999999999,0.514,59.44,0.605,0.04,0.8059999999999999,0.635,0.313
BGD,Bangladesh,SAS,Lower-middle income,2008,3787.9382761855,90.3782272338867,53.6,96.0698868772065,96.0,92.0,0.33,36.8575848438424,15.5619669,32.54,40.0,67.047,2.577,26.87206041368,,7.886,0.467,59.86,0.606,-0.044,0.802,0.725,0.2319999999999999
BGD,Bangladesh,SAS,Lower-middle income,2009,3942.13631207203,92.5936737060547,51.1,96.2680515706038,97.0,93.0,0.343,38.6964226448975,17.7030201,32.32,38.3,67.527,2.484,27.3111249057412,5.083,7.923999999999999,0.528,60.28,0.631,-0.075,0.7759999999999999,0.67,0.223
BGD,Bangladesh,SAS,Lower-middle income,2010,4125.46390163202,94.7762261175806,48.7,96.4638392169857,94.0,88.0,0.352,40.550092213975,20.62105751,32.1,36.8,68.009,2.38,27.7254372588696,4.8580000000000005,7.967,0.5489999999999999,60.7,0.659,-0.016,0.774,0.629,0.292
BGD,Bangladesh,SAS,Lower-middle income,2011,4352.42643359325,96.25516816155609,46.5,96.6571382365005,96.0,93.0,0.373,42.417588032588,22.77348328,32.15,35.3,68.499,2.309,28.1100162712427,,8.017999999999999,0.606,61.12,0.838,-0.069,0.757,0.685,0.235
BGD,Bangladesh,SAS,Lower-middle income,2012,4592.04840919812,97.73411020553158,44.4,96.8477733718652,94.0,88.0,0.39,44.2975869340688,23.43771553,32.2,33.9,68.989,2.263,28.4787972894576,,8.07,0.5820000000000001,61.54,0.6679999999999999,-0.034,0.765,0.7140000000000001,0.183
BGD,Bangladesh,SAS,Lower-middle income,2013,4822.72621378266,99.21305224950706,42.4,97.035648544406,96.0,91.0,0.412,46.1890615570129,26.96918297,32.25,32.6,69.487,2.247,28.8407036106763,4.66,8.116,0.53,61.96,0.742,-0.016,0.743,0.619,0.246
BGD,Bangladesh,SAS,Lower-middle income,2014,5068.63965672741,100.69199429348255,40.5,97.220803624287,97.0,94.0,0.478,48.091854377096,29.91152382,32.3,31.2,70.016,2.228,29.1944442321013,4.636,8.164,0.5770000000000001,62.38,0.736,-0.098,0.789,0.627,0.231
BGD,Bangladesh,SAS,Lower-middle income,2015,5352.71133299566,102.17093633745803,38.5,97.4031438216165,98.0,97.0,0.476,50.0050245547683,33.20998764,32.35,29.8,70.543,2.227,29.5395099477892,4.633,8.216000000000001,0.601,62.8,0.815,-0.068,0.721,0.635,0.226
BGD,Bangladesh,SAS,Lower-middle income,2016,5682.53553494306,103.64987838143352,36.7,97.5826981722131,98.0,97.0,0.489,51.9283001377065,39.30647659,32.4,28.5,71.075,2.227,29.8753915517965,,8.274,0.649,63.3,0.875,-0.089,0.688,0.56,0.235
BGD,Bangladesh,SAS,Lower-middle income,2017,6005.70718781048,105.128820425409,35.0,97.7594255729943,98.0,97.0,0.535,53.861024982081,42.17510986,32.4,27.3,71.606,2.205,30.2015798381799,4.31,8.334,0.713,63.8,0.8959999999999999,0.012,0.635,0.569,0.214
BGD,Bangladesh,SAS,Lower-middle income,2018,6392.59334024091,107.18995771035,33.5,97.933316165493,98.0,97.0,0.573,55.8026895798661,44.78892899,32.4,26.2,72.122,2.193,30.5175656009959,4.499,8.399,0.706,64.3,0.901,-0.043,0.701,0.541,0.361
BGD,Bangladesh,SAS,Lower-middle income,2019,6838.32611608243,108.62828879169851,32.3,98.1043633059551,98.0,97.0,0.63,57.7528738554199,45.07677078,32.4,25.4,72.625,2.18,30.8228396343012,5.114,8.467,0.6729999999999999,64.8,0.902,-0.051,0.6559999999999999,0.537,0.369
BGD,Bangladesh,SAS,Lower-middle income,2020,7015.19792797056,110.066619873047,31.4,98.2725719690138,97.0,97.0,0.661,59.7111659386902,49.0274353,32.4,24.8,71.421,2.175,31.1168927321524,5.28,8.472000000000001,0.7390000000000001,65.3,0.777,-0.009,0.742,0.5820000000000001,0.332
BGR,Bulgaria,ECS,High income,2005,17678.0339712293,110.920433044434,13.3,99.5952857314263,96.0,96.0,3.661,85.8787353292987,267.74139404,35.7,11.0,72.5609756097561,1.37,70.0869598388672,,9.715,0.8320000000000001,,0.5660000000000001,-0.138,0.976,0.594,0.226
BGR,Bulgaria,ECS,High income,2006,19024.543813813,108.823188781738,12.5,99.5685847178938,95.0,96.0,3.676,85.8894058121124,294.10891724,35.7,10.4,72.6121951219512,1.44,70.5075225830078,,9.715,0.8320000000000001,,0.5660000000000001,-0.138,0.976,0.594,0.226
BGR,Bulgaria,ECS,High income,2007,20440.2525941501,106.104972839355,11.9,99.5424563841982,95.0,96.0,3.675,85.9000132510858,361.23498535,36.1,9.9,72.6634146341463,1.49,70.6844177246094,,9.715,0.8320000000000001,65.1,0.5660000000000001,-0.138,0.976,0.594,0.226
BGR,Bulgaria,ECS,High income,2008,21845.954719527,104.157562255859,11.4,99.5168989901261,95.0,96.0,3.643,85.9105606214377,455.54058838,33.6,9.5,72.9634146341463,1.56,70.902099609375,,9.731666666666667,0.8356666666666667,,0.559,-0.14,0.9643333333333333,0.578,0.23
BGR,Bulgaria,ECS,High income,2009,21251.2168646802,102.061912536621,11.1,99.4918883371775,94.0,96.0,3.733,85.921008483856,459.30020142,33.8,9.3,73.4121951219512,1.66,71.3017349243164,,9.748333333333333,0.8393333333333334,,0.552,-0.142,0.9526666666666667,0.562,0.23399999999999999
BGR,Bulgaria,ECS,High income,2010,21724.2863457596,101.400619506836,10.9,99.4674443238524,94.0,97.0,3.747,85.9314028069197,484.75228882,35.7,9.1,73.5121951219512,1.57,71.5149307250977,3.912,9.765,0.843,65.7,0.545,-0.144,0.941,0.546,0.238
BGR,Bulgaria,ECS,High income,2011,22321.033168819,101.120269775391,10.4,99.4435439260654,95.0,95.0,3.838,85.9417067262651,555.86419678,34.3,8.7,74.1634146341463,1.51,72.6101653885532,3.875,9.795,0.86,65.8,0.664,-0.228,0.948,0.534,0.271
BGR,Bulgaria,ECS,High income,2012,22618.8104278919,100.363082885742,9.9,99.4202191539046,95.0,94.0,3.868,85.9520368037234,558.64794922,36.0,8.3,74.3146341463415,1.5,72.7684860229492,4.222,9.804,0.838,65.9,0.6409999999999999,-0.172,0.938,0.573,0.237
BGR,Bulgaria,ECS,High income,2013,22954.396399855,98.7911834716797,9.3,99.3974782704321,95.0,95.0,3.953,85.9623980621807,553.68725586,36.6,7.8,74.8609756097561,1.54,72.9632821572019,,9.813,0.8290000000000001,66.0,0.603,-0.191,0.962,0.623,0.278
BGR,Bulgaria,ECS,High income,2014,23455.4830019277,99.2496109008789,8.7,99.3753090063738,88.0,93.0,3.978,85.9727585294745,616.16296387,37.4,7.3,74.4658536585366,1.62,73.0844879150391,4.438,9.838,0.8859999999999999,66.1,0.5760000000000001,-0.055,0.955,0.628,0.236
BGR,Bulgaria,ECS,High income,2015,24562.648880929,99.1272201538086,8.2,99.3537331088916,91.0,92.0,4.041,85.9831554868043,534.21466064,38.6,6.8,74.6146341463415,1.64,73.1030578613281,,9.883,0.908,66.2,0.637,-0.2,0.941,0.643,0.214
BGR,Bulgaria,ECS,High income,2016,25636.7443903478,98.0771636962891,7.7,99.3327228860736,92.0,92.0,4.107,85.9935449985972,579.76715088,40.6,6.4,74.8121951219512,1.67,73.1750030517578,,9.928,0.926,66.4,0.7,-0.17,0.936,0.622,0.172
BGR,Bulgaria,ECS,High income,2017,26691.758001902,97.5942993164062,7.3,99.3123099116754,92.0,94.0,4.184,86.0039712709355,647.56402588,40.4,6.1,74.8146341463415,1.71,73.3904571533203,5.097,9.969,0.942,66.6,0.6890000000000001,-0.154,0.911,0.614,0.1889999999999999
BGR,Bulgaria,ECS,High income,2018,27690.893655005,96.7923202514648,7.0,99.292449043955,92.0,93.0,4.217,86.0143608416048,719.78033447,41.3,5.8,74.9634146341464,1.73,73.600212097168,5.099,10.007,0.924,66.8,0.7240000000000001,-0.176,0.952,0.639,0.1889999999999999
BGR,Bulgaria,ECS,High income,2019,29149.921509976,96.4398803710938,6.7,99.2731656499931,93.0,95.0,4.236,86.0247532488828,733.06878662,40.3,5.5,75.1121951219512,1.79,73.7162322998047,5.1080000000000005,10.047,0.948,67.0,0.8220000000000001,-0.109,0.943,0.6629999999999999,0.2
BGR,Bulgaria,ECS,High income,2020,28521.2062482596,96.5437622070312,6.5,99.2544596990953,91.0,88.0,4.277,86.0351484540034,906.54833984,40.5,5.3,73.3560975609756,1.77,73.3239898681641,5.598,9.991,0.916,67.2,0.818,-0.004,0.901,0.706,0.221
BHR,Bahrain,MEA,High income,2005,53478.2662415503,95.1477508544922,10.6,99.9489738056245,98.0,99.0,0.995,99.9594867814508,557.9574585,,8.8,76.125,2.67,91.168165501421,,10.709,0.904,,0.8959999999999999,0.037,0.506,0.764,0.422
BHR,Bahrain,MEA,High income,2006,52691.9323366851,101.917457580566,10.3,99.9470354866484,98.0,99.0,0.977,99.9635062573511,578.29705811,,8.5,76.51,2.464,92.7186075361661,,10.709,0.904,,0.8959999999999999,0.037,0.506,0.764,0.422
BHR,Bahrain,MEA,High income,2007,52731.7921672618,100.7578849023973,9.8,99.9450971676723,97.0,99.0,0.995,99.9675257332513,677.16290283,,8.1,76.952,2.282,94.460505558445,,10.709,0.904,,0.8959999999999999,0.037,0.506,0.764,0.422
BHR,Bahrain,MEA,High income,2008,52765.3899455546,99.5983122242286,9.4,99.9431588486962,97.0,99.0,0.984,99.9715452091516,734.99511719,,7.8,77.457,2.152,96.3461384245376,,10.709,0.904,,0.8959999999999999,0.037,0.506,0.764,0.422
BHR,Bahrain,MEA,High income,2009,50665.7507489219,98.4387395460599,9.0,99.9412205297201,98.0,99.0,0.971,99.9755646850518,838.52880859,,7.4,78.016,2.047,98.3277849907243,5.7010000000000005,10.709,0.904,65.94,0.8959999999999999,0.037,0.506,0.764,0.422
BHR,Bahrain,MEA,High income,2010,50704.8479679819,97.2791668678912,8.6,99.939282210744,99.0,99.0,0.971,99.9795841609521,866.67224121,,7.1,78.593,1.987,100.0,5.937,10.706,0.877,66.3,0.862,-0.001,0.715,0.685,0.423
BHR,Bahrain,MEA,High income,2011,53132.3284162611,96.1195941897225,8.3,99.9373438917679,99.0,99.0,1.001,99.9836036368523,921.72064209,,6.8,79.141,2.025,100.0,,10.696,0.908,66.58,0.87,-0.051,0.583,0.544,0.402
BHR,Bahrain,MEA,High income,2012,54516.8406594787,101.803222781141,8.1,99.9354055727918,99.0,99.0,1.023,99.9876231127526,1038.1661377,,6.6,79.622,2.11,100.0,,10.716,0.911,66.86,0.682,-0.010250000000000023,0.4379999999999999,0.589,0.381
BHR,Bahrain,MEA,High income,2013,55376.4005147894,107.464276011953,7.9,99.9334672538156,99.0,99.0,0.998,99.9916425886528,1115.16906738,,6.5,79.998,2.166,100.0,,10.757,0.884,67.14,0.809,0.03049999999999995,0.525,0.768,0.306
BHR,Bahrain,MEA,High income,2014,55065.8189472129,104.369512763844,7.8,99.9315289348395,99.0,99.0,0.974,99.9956620645531,1122.16040039,,6.4,80.214,2.149,100.0,6.165,10.783,0.8685,67.42,0.8295,0.07124999999999992,0.525,0.742,0.3045
BHR,Bahrain,MEA,High income,2015,54149.9131524721,100.237015471325,7.7,99.9295906158634,98.0,99.0,0.927,99.9996815404533,1128.24291992,,6.3,80.338,2.113,100.0,6.007000000000001,10.785,0.853,67.7,0.85,0.1119999999999999,0.525,0.716,0.303
BHR,Bahrain,MEA,High income,2016,54107.0752236423,99.8968591364868,7.6,99.9276522968873,99.0,99.0,0.83,100.0,1095.92541504,,6.3,80.407,2.042,100.0,6.17,10.781,0.863,68.1,0.889,0.088,0.525,0.787,0.283
BHR,Bahrain,MEA,High income,2017,53859.7749589601,98.7361755496891,7.7,99.9257139779112,97.0,99.0,0.83,100.0,1080.08898926,,6.3,80.407,1.984,100.0,,10.771,0.8759999999999999,68.5,0.906,0.136,0.525,0.8140000000000001,0.29
BHR,Bahrain,MEA,High income,2018,54893.0724411368,96.8386151592259,7.7,99.9237756589351,99.0,99.0,0.83,100.0,1041.8560791,,6.4,80.412,1.911,100.0,,10.743,0.877,,0.9065000000000001,0.092,0.525,0.788,0.3035
BHR,Bahrain,MEA,High income,2019,56749.9628370612,96.7754137910744,7.8,99.921837339959,99.0,99.0,0.83,100.0,1030.26379395,,6.5,80.471,1.843,100.0,,10.715,0.878,69.3,0.907,0.048,0.525,0.762,0.317
BHR,Bahrain,MEA,High income,2020,53814.2452592358,96.7754137910744,8.0,99.9198990209829,98.0,99.0,0.83,100.0,1101.14025879,,6.6,78.683,1.86,100.0,6.172999999999999,10.62,0.848,69.7,0.945,0.132,0.525,0.79,0.297
BHS,"Bahamas, The",LCN,High income,2005,35365.4663980219,101.074859619141,16.9,98.3621493770784,93.0,85.0,2.645,92.9701786217826,1153.21594238,,14.5,73.413,2.008,81.8605578035102,,,,,,,,,
BHS,"Bahamas, The",LCN,High income,2006,35789.1322131898,100.136596679688,16.8,98.4204605608593,95.0,88.0,2.645,92.9637208526333,1257.64587402,,14.4,73.456,2.019,82.0396098391364,,,,,,,,,
BHS,"Bahamas, The",LCN,High income,2007,35797.118972073,105.799873352051,16.5,98.4787717446403,95.0,96.0,2.645,92.9555462354289,1351.08203125,,14.2,73.463,2.035,82.1964954293015,,,,,,,,,
BHS,"Bahamas, The",LCN,High income,2008,34498.0351399173,107.281616210938,16.2,98.5370829284212,93.0,90.0,2.645,92.9456547701693,1429.23681641,,14.0,73.445,1.999,82.3197128080855,,,,,,,,,
BHS,"Bahamas, The",LCN,High income,2009,32630.263065979,103.59838104248,15.8,98.5953941122021,96.0,98.0,2.5076666666666667,92.9340464568545,1416.92468262,,13.7,73.455,2.011,82.3977602095684,,,,,,,,,
BHS,"Bahamas, The",LCN,High income,2010,32711.4592459383,102.482355070278,15.4,98.6537052959831,99.0,94.0,2.3703333333333334,92.9207212954847,1444.0065918,,13.4,73.449,1.837,82.4198104431593,,,,,,,,,
BHS,"Bahamas, The",LCN,High income,2011,32535.6625139135,110.135749348524,15.1,98.712016479764,98.0,90.0,2.233,92.9056792860598,1442.24768066,,13.1,73.571,1.791,82.4130347470308,,,,,,,,,
BHS,"Bahamas, The",LCN,High income,2012,33667.5547098911,103.677382284453,14.7,98.7703276635449,98.0,91.0,2.1766666666666667,92.8889204285797,1518.64953613,,12.9,73.707,1.761,82.3947485339925,,,,,,,,,
BHS,"Bahamas, The",LCN,High income,2013,32402.9163503108,94.6404443777211,14.4,98.8286388473259,97.0,92.0,2.1203333333333334,93.1626284658143,1559.34985352,,12.6,73.93,1.738,82.3635791100868,,,,,,,,,
BHS,"Bahamas, The",LCN,High income,2014,32712.6356664811,94.388210777017,14.2,98.8869500311068,96.0,92.0,2.064,93.436336503049,1619.36669922,,12.4,74.029,1.687,82.3180931037043,,,,,,,,,
BHS,"Bahamas, The",LCN,High income,2015,32777.5849410742,96.2606649014416,14.0,98.9452612148878,95.0,94.0,2.0076666666666667,93.436336503049,1588.57775879,,12.3,73.805,1.574,82.2568571432361,,,,,,,,,
BHS,"Bahamas, The",LCN,High income,2016,32172.3365152976,90.4117265380759,13.8,98.9452612148878,94.0,89.0,1.9513333333333334,93.436336503049,1711.60510254,,12.2,74.042,1.495,82.1784378570728,,,,,,,,,
BHS,"Bahamas, The",LCN,High income,2017,33050.0350128611,89.4809015354925,13.7,98.9452612148878,94.0,90.0,1.895,93.436336503049,2069.44555664,,12.1,74.031,1.424,82.0814018736052,,,,,,,,,
BHS,"Bahamas, The",LCN,High income,2018,33650.2164350935,88.5500765329091,13.5,98.9452612148878,90.0,89.0,1.895,93.436336503049,1875.74035645,,12.0,74.062,1.404,81.9643158212241,,,,,,,,,
BHS,"Bahamas, The",LCN,High income,2019,33202.4902105068,91.9375456537619,13.4,98.9452612148878,89.0,83.0,1.895,93.436336503049,1881.40393066,,16.0,,1.397,81.8257463283204,,,,,,,,,
BHS,"Bahamas, The",LCN,High income,2020,33202.4902105068,91.9375456537619,13.3,98.9452612148878,83.0,87.0,1.895,93.436336503049,1861.0637207,,11.9,72.994,1.386,81.6642600232849,,,,,,,,,
BIH,Bosnia and Herzegovina,ECS,Upper-middle income,2005,9814.46964102531,108.796783447266,7.4,96.9562697238871,93.0,90.0,1.409,95.1357940491604,241.64047241,34.3,6.3,76.424,1.203,44.1570799336802,,9.267,0.7659999999999999,,0.342,0.006,0.926,0.613,0.296
BIH,Bosnia and Herzegovina,ECS,Upper-middle income,2006,10430.4119951847,108.796783447266,7.2,96.8599179487528,87.0,85.0,1.46,95.1516329661408,281.26403809,34.3,6.3,76.028,1.18,44.4752743285185,,9.267,0.7659999999999999,,0.342,0.006,0.926,0.613,0.296
BIH,Bosnia and Herzegovina,ECS,Upper-middle income,2007,11178.6814832392,108.796783447266,7.1,96.7613473898559,95.0,96.0,1.54,95.1678945136016,363.86224365,34.3,6.2,76.162,1.19,44.7926078011574,4.9,9.267,0.7659999999999999,66.04,0.342,0.006,0.926,0.613,0.296
BIH,Bosnia and Herzegovina,ECS,Upper-middle income,2008,11983.7199632138,106.622398376465,7.0,96.6605523174734,91.0,84.0,1.59,95.1844586275953,459.29174805,34.05,6.1,76.3,1.21,45.1090576163352,,9.2815,0.7505,,0.30000000000000004,-0.01,0.9425,0.5925,0.34299999999999997
BIH,Bosnia and Herzegovina,ECS,Upper-middle income,2009,11826.6501351383,108.094970703125,6.9,96.5575305327522,90.0,93.0,1.674,95.20132167847,409.29098511,33.8,6.0,76.701,1.267,45.4246010387901,,9.296,0.735,66.48,0.258,-0.026,0.959,0.5720000000000001,0.39
BIH,Bosnia and Herzegovina,ECS,Upper-middle income,2010,12142.8616958168,88.7070770263672,6.8,96.4522822969049,89.0,91.0,1.749,95.2184837600235,406.13046265,33.55,6.0,76.827,1.26,45.7392153332604,4.669,9.312,0.773,66.7,0.365,-0.128,0.933,0.517,0.409
BIH,Bosnia and Herzegovina,ECS,Upper-middle income,2011,12487.6490566037,89.0985412597656,6.8,96.3448010624916,88.0,89.0,1.839,95.2360155321308,456.96905518,33.3,5.9,76.963,1.209,46.0528777644843,,9.333,0.725,66.74,0.3329999999999999,-0.035,0.925,0.596,0.326
BIH,Bosnia and Herzegovina,ECS,Upper-middle income,2012,12626.9263237753,89.2094192504883,6.7,96.2350673868213,92.0,94.0,1.914,95.2539082676635,444.93655396,33.199999999999996,5.9,77.037,1.252,46.3655655972,4.773,9.342,0.779,66.78,0.42,-0.013,0.953,0.5479999999999999,0.3379999999999999
BIH,Bosnia and Herzegovina,ECS,Upper-middle income,2013,13135.7175053454,89.4869613647461,6.7,96.1231183417835,89.0,92.0,1.997,95.2720361490621,475.07409668,33.099999999999994,5.9,77.129,1.278,46.6954224739896,5.124,9.382,0.767,66.82,0.39,0.042,0.97,0.544,0.315
BIH,Bosnia and Herzegovina,ECS,Upper-middle income,2014,13458.852576408,91.2244415283203,6.7,96.008918332446,86.0,89.0,2.083,95.2905317745254,493.07333374,33.0,5.9,77.089,1.262,47.130783484831,5.249,9.411,0.7879999999999999,66.86,0.412,0.2319999999999999,0.976,0.531,0.262
BIH,Bosnia and Herzegovina,ECS,Upper-middle income,2015,14220.0900038037,94.695442199707,6.7,96.0694403538991,82.0,83.0,2.107,95.3129339341419,430.83413696,32.9,5.9,77.073,1.322,47.5711645087011,5.117,9.457,0.6559999999999999,66.9,0.631,-0.055,0.96,0.534,0.286
BIH,Bosnia and Herzegovina,ECS,Upper-middle income,2016,14873.6411107879,96.1386337280273,6.8,96.0724133360056,78.0,68.0,2.146,95.3361467691692,450.44155884,32.9,5.9,77.124,1.36,48.0248845752382,5.181,9.5,0.8079999999999999,67.2,0.633,0.134,0.957,0.6409999999999999,0.304
BIH,Bosnia and Herzegovina,ECS,Upper-middle income,2017,15554.6587430766,98.2435989379883,6.8,96.1569041351994,75.0,69.0,2.163,95.360235583008,471.32647705,32.9,6.0,77.385,1.419,48.4918401819106,5.09,9.532,0.775,67.5,0.564,0.092,0.923,0.597,0.271
BIH,Bosnia and Herzegovina,ECS,Upper-middle income,2018,16348.9997145353,99.7165832519531,6.8,96.1478367143062,73.0,68.0,2.457,95.3850620124746,529.85546875,32.9,6.0,77.942,1.504,48.971927825824,,9.576,0.836,67.8,0.659,0.123,0.913,0.643,0.2769999999999999
BIH,Bosnia and Herzegovina,ECS,Upper-middle income,2019,17029.2971980343,100.929710388184,6.7,96.1384735195781,80.0,79.0,2.584,95.3850620124746,546.4508667,32.9,5.9,77.394,1.509,49.4650440037758,6.016,9.609,0.873,68.1,0.722,0.079,0.963,0.633,0.238
BIH,Bosnia and Herzegovina,ECS,Upper-middle income,2020,16747.0353918695,100.263931274414,6.6,96.1287930670731,78.0,70.0,2.584,95.3850620124746,594.8225708,32.9,5.8,76.04,1.515,49.9710852122997,5.516,9.583,0.899,68.4,0.74,0.138,0.916,0.644,0.325
BLR,Belarus,ECS,Upper-middle income,2005,18349.8719060634,102.126327514648,8.7,98.0009256778293,99.0,99.0,3.326,92.7606037607482,196.13806152,27.6,6.7,68.8512195121951,1.252,72.0310134887695,,9.576,0.918,,0.7070000000000001,-0.246,0.708,0.605,0.2689999999999999
BLR,Belarus,ECS,Upper-middle income,2006,18349.8719060634,101.282920837402,8.0,98.081163773337,99.0,97.0,3.393,93.2164038239813,221.70170593,28.3,6.1,69.4048780487805,1.335,72.6113815307617,5.658,9.576,0.918,61.1,0.7070000000000001,-0.246,0.708,0.605,0.2689999999999999
BLR,Belarus,ECS,Upper-middle income,2007,20019.6111676728,99.8373336791992,7.3,98.1616148412989,95.0,99.0,3.55,93.6735706995362,278.63424683,29.6,5.6,70.2073170731707,1.429,73.0913467407227,5.617000000000001,9.576,0.858,61.4,0.667,-0.225,0.695,0.596,0.235
BLR,Belarus,ECS,Upper-middle income,2008,22137.9472928315,99.810188293457,6.6,98.2423602894853,97.0,99.0,3.578,94.1325479318341,348.92633057,27.8,5.1,70.4560975609756,1.488,73.5531692504883,,9.677,0.904,61.7,0.64,-0.22,0.696,0.581,0.246
BLR,Belarus,ECS,Upper-middle income,2009,22236.8387691136,100.756843566895,6.1,98.3240931023965,96.0,99.0,3.713,94.5970585071849,288.44775391,27.7,4.6,70.4073170731707,1.509,74.1909646620571,5.564,9.681,0.908,62.0,0.679,-0.203,0.6759999999999999,0.5660000000000001,0.223
BLR,Belarus,ECS,Upper-middle income,2010,24012.6133040213,100.778805231093,5.6,98.4067317637628,98.0,99.0,3.511,95.0666547452999,341.13800049,28.6,4.2,70.4048780487805,1.494,74.5501403808594,5.526,9.758,0.918,62.3,0.7,-0.163,0.706,0.5670000000000001,0.208
BLR,Belarus,ECS,Upper-middle income,2011,25404.7566082412,100.927399800314,5.2,98.4898792244549,98.0,99.0,3.794,95.5392069475239,317.82492065,27.2,3.9,70.5536585365854,1.515,75.0597534179688,5.225,9.812,0.91,62.88,0.6559999999999999,-0.168,0.672,0.521,0.249
BLR,Belarus,ECS,Upper-middle income,2012,25879.1319400701,100.103580941107,4.9,98.5737838074881,98.0,98.0,3.885,96.0160380409651,364.09957886,26.5,3.7,71.9658536585366,1.62,75.5281066894531,5.749,9.83,0.902,63.46,0.645,-0.217,0.657,0.523,0.181
BLR,Belarus,ECS,Upper-middle income,2013,26147.6253584645,99.4024127097705,4.6,98.658371398837,98.0,99.0,3.939,96.4967422557482,454.51959229,26.6,3.5,72.4707317073171,1.668,75.94970703125,5.876,9.839,0.923,64.04,0.723,-0.177,0.653,0.609,0.206
BLR,Belarus,ECS,Upper-middle income,2014,26564.4347246547,98.8196297844518,4.3,98.7435395155894,97.0,99.0,4.082,96.9807658359305,448.27426147,27.2,3.3,72.9707317073171,1.696,76.3405227661133,5.812,9.856,0.88,64.62,0.647,-0.048,0.682,0.619,0.209
BLR,Belarus,ECS,Upper-middle income,2015,25513.2132958317,98.4724784063299,4.1,98.8292261861592,99.0,99.0,4.255,97.4677528685491,360.91937256,25.6,3.1,73.6243902439025,1.724,76.6263885498047,5.718999999999999,9.815,0.924,65.2,0.623,-0.091,0.669,0.584,0.184
BLR,Belarus,ECS,Upper-middle income,2016,24846.8301529359,99.4165601023018,3.9,98.9152496756769,98.0,98.0,4.372,97.9567271053164,296.94720459,25.3,2.9,73.8268292682927,1.733,76.8458709716797,5.178,9.788,0.927,65.5,0.6579999999999999,-0.125,0.664,0.5539999999999999,0.182
BLR,Belarus,ECS,Upper-middle income,2017,25503.9809845207,98.9911352828846,3.6,99.0015077424337,97.0,97.0,4.427,98.4471393205969,331.94082642,25.4,2.8,74.1292682926829,1.541,77.0208206176758,5.553,9.814,0.9,65.8,0.621,-0.122,0.654,0.541,0.233
BLR,Belarus,ECS,Upper-middle income,2018,26363.4629778536,98.2260831226448,3.4,99.0880364550957,97.0,98.0,4.486,98.9391988814901,349.99176025,25.2,2.6,74.1756097560976,1.448,77.2132720947266,5.234,9.846,0.905,66.1,0.644,-0.174,0.718,0.45,0.236
BLR,Belarus,ECS,Upper-middle income,2019,26798.8206398076,97.0494273050719,3.1,99.1750106647627,98.0,98.0,4.546,99.4338632205589,400.11621094,25.3,2.4,74.2268292682927,1.382,77.4550771852757,5.821000000000001,9.86,0.917,66.4,0.657,-0.186,0.546,0.591,0.19
BLR,Belarus,ECS,Upper-middle income,2020,26731.4953869922,95.5250148309274,2.9,99.2623480849323,97.0,97.0,4.605,99.5940049296976,420.43655396,24.4,2.2,72.1385609756098,1.369,77.7890385790408,,9.86,0.917,,0.657,-0.186,0.546,0.591,0.19
BLZ,Belize,LCN,Upper-middle income,2005,12714.9697390831,120.297348022461,21.0,90.6523242612086,96.0,95.0,0.771,83.9996958672325,181.24623108,39.9,17.1,70.335,3.173,46.7271194028137,,8.892000000000001,0.872,,0.705,0.033,0.769,0.759,0.251
BLZ,Belize,LCN,Upper-middle income,2006,12912.5300233774,119.866386413574,20.6,90.8984562243048,98.0,99.0,0.771,83.9933189485274,196.13124084,39.9,16.8,70.535,3.021,46.4084814638913,,8.892000000000001,0.872,,0.705,0.033,0.769,0.759,0.251
BLZ,Belize,LCN,Upper-middle income,2007,12973.2067214746,117.773338317871,20.2,91.1445369343611,96.0,96.0,0.771,83.9874657603305,233.67915344,39.9,16.5,70.652,2.885,46.0812472097226,6.4510000000000005,8.892000000000001,0.872,61.6,0.705,0.033,0.769,0.759,0.251
BLZ,Belize,LCN,Upper-middle income,2008,12415.6811300464,115.303932189941,19.7,91.3905513616233,94.0,96.0,0.771,83.9821223616587,257.84707642,39.9,16.2,70.665,2.78,45.7599120745023,,8.890714285714287,0.8555714285714285,,0.7291428571428571,0.03142857142857143,0.7708571428571429,0.7584285714285715,0.25542857142857145
BLZ,Belize,LCN,Upper-middle income,2009,12033.9096816588,114.545341491699,19.3,91.6365142592411,97.0,97.0,0.771,83.977302195762,243.3110199,39.9,15.9,70.806,2.659,45.4589714924251,,8.889428571428573,0.8391428571428572,,0.7532857142857143,0.029857142857142856,0.7727142857142857,0.7578571428571429,0.25985714285714284
BLZ,Belize,LCN,Upper-middle income,2010,11913.6635959061,112.946476456076,18.8,91.8801627270239,96.0,98.0,0.8996666666666667,83.972997548098,244.02867126,39.9,15.5,70.875,2.552,45.1914838193558,,8.888142857142858,0.8227142857142857,,0.7774285714285715,0.028285714285714286,0.7745714285714286,0.7572857142857143,0.2642857142857143
BLZ,Belize,LCN,Upper-middle income,2011,11641.7717375703,112.275924178746,18.3,92.1248741739695,95.0,98.0,1.0283333333333333,83.9708984759609,252.81436157,39.9,15.1,70.975,2.531,44.9417819131729,,8.886857142857142,0.8062857142857143,,0.8015714285714286,0.026714285714285715,0.7764285714285715,0.7567142857142857,0.2687142857142857
BLZ,Belize,LCN,Upper-middle income,2012,11843.4153404212,115.222578079659,17.7,92.3707609731193,98.0,96.0,1.157,83.9714754365874,247.97563171,39.9,14.7,71.134,2.51,44.6903068035216,,8.885571428571428,0.7898571428571428,,0.8257142857142857,0.02514285714285714,0.7782857142857144,0.7561428571428571,0.27314285714285713
BLZ,Belize,LCN,Upper-middle income,2013,12064.797259406,113.524076873246,17.0,92.6178797642057,95.0,99.0,1.1518,83.9751251055118,263.10794067,39.9,14.2,71.276,2.498,44.4380542363795,,8.884285714285713,0.7734285714285715,,0.849857142857143,0.02357142857142857,0.7801428571428571,0.7555714285714286,0.2775714285714286
BLZ,Belize,LCN,Upper-middle income,2014,12272.2957895446,112.82886168273,16.3,92.8662134129202,95.0,95.0,1.1466,83.9821211094783,298.51965332,39.9,13.6,71.437,2.474,44.1850161758379,,8.883,0.757,62.22,0.8740000000000001,0.022,0.782,0.755,0.282
BLZ,Belize,LCN,Upper-middle income,2015,12348.7944978311,113.602548159784,15.6,93.1158763105632,94.0,96.0,1.1414,83.9929567244339,286.78604126,39.9,13.1,71.647,2.433,43.931184585988,,8.883,0.757,,0.8740000000000001,0.022,0.782,0.755,0.282
BLZ,Belize,LCN,Upper-middle income,2016,12063.0600374093,116.084024666164,15.0,93.3669304730938,95.0,95.0,1.1362,84.0080355199731,293.09829712,39.9,12.6,71.843,2.396,43.6765514309211,,8.883,0.757,,0.8740000000000001,0.022,0.782,0.755,0.282
BLZ,Belize,LCN,Upper-middle income,2017,11572.3007931461,115.629980470942,14.4,93.6193465760244,95.5,90.0,1.131,84.027602259463,280.71743774,39.9,12.1,72.062,2.368,43.4211086747287,,8.883,0.757,,0.8740000000000001,0.022,0.782,0.755,0.282
BLZ,Belize,LCN,Upper-middle income,2018,11451.8979413877,114.90527173544,13.9,93.8731706836075,96.0,97.0,1.086,84.0520275827063,286.83633423,39.9,11.7,72.322,2.343,43.164848281502,,8.883,0.757,,0.8740000000000001,0.022,0.782,0.755,0.282
BLZ,Belize,LCN,Upper-middle income,2019,11765.9748661176,114.458351316357,13.5,94.1316195459167,98.0,96.0,1.086,84.0839153038299,298.14306641,39.9,11.4,72.577,2.142,42.9077622153323,,8.883,0.757,,0.8740000000000001,0.022,0.782,0.755,0.282
BLZ,Belize,LCN,Upper-middle income,2020,10045.1404163746,112.251430128031,13.2,94.3918809907388,98.0,96.0,1.086,84.0839153038299,279.10131836,39.9,11.1,71.58,2.04,42.649842440311,,8.883,0.757,,0.8740000000000001,0.022,0.782,0.755,0.282
BMU,Bermuda,NAC,High income,2005,109340.012116084,100.932991027832,,100.0,,,,99.9687271226264,,,,78.874,1.782,100.0,,,,,,,,,
BMU,Bermuda,NAC,High income,2006,115175.773016307,99.383903503418,,100.0,,,,99.9666444671626,,,,78.87,1.79,100.0,,,,,,,,,
BMU,Bermuda,NAC,High income,2007,118696.092066629,101.08077049255374,,100.0,,,,99.9645618116988,,,,79.006,1.934,100.0,,,,,,,,,
BMU,Bermuda,NAC,High income,2008,115947.63292703,102.7776374816895,,100.0,,,,99.962479156235,,,,79.101,1.86,100.0,,,,,,,,,
BMU,Bermuda,NAC,High income,2009,108967.427366927,104.47450447082525,,100.0,,,,99.9603965007712,,,,79.229,1.853,100.0,,,,,,,,,
BMU,Bermuda,NAC,High income,2010,105973.358845444,106.171371459961,,100.0,,,,99.9583138453074,,,,79.414,1.767,100.0,,,,,,,,,
BMU,Bermuda,NAC,High income,2011,101994.242680484,103.870971679688,,100.0,,,,99.9562311898436,,,,79.651,1.569,100.0,,,,,,,,,
BMU,Bermuda,NAC,High income,2012,96715.1659966888,101.248802185059,,100.0,,,,99.9541485343798,,,,79.847,1.528,100.0,,,,,,,,,
BMU,Bermuda,NAC,High income,2013,96553.8726827819,99.5652236938477,,100.0,,,,99.952065878916,,,,80.016,1.522,100.0,,,,,,,,,
BMU,Bermuda,NAC,High income,2014,93046.2100976443,100.564140319824,,100.0,,,,99.9499832234522,,,,80.199,1.42,100.0,,,,,,,,,
BMU,Bermuda,NAC,High income,2015,93863.8483363419,102.673927307129,,100.0,,,,99.9479005679884,,,,80.338,1.44,100.0,,,,,,,,,
BMU,Bermuda,NAC,High income,2016,93269.0137558453,102.673927307129,,100.0,,,,99.9458179125246,,,,80.476,1.45,100.0,,,,,,,,,
BMU,Bermuda,NAC,High income,2017,96441.2718767256,102.673927307129,,100.0,,,,99.9437352570609,,,,80.686,1.419,100.0,,,,,,,,,
BMU,Bermuda,NAC,High income,2018,95643.2734055543,102.673927307129,,100.0,,,,99.9416526015971,,,,80.986,1.374,100.0,,,,,,,,,
BMU,Bermuda,NAC,High income,2019,95523.9623126026,102.673927307129,,100.0,,,,99.9416526015971,,,,81.251,1.383,100.0,,,,,,,,,
BMU,Bermuda,NAC,High income,2020,88484.8155997921,102.673927307129,,100.0,,,,99.9416526015971,,,,81.456,1.451,100.0,,,,,,,,,
BOL,Bolivia,LCN,Lower-middle income,2005,8020.63568834793,115.199371337891,51.0,84.1552356884604,85.0,89.0,0.327,40.7534588124944,51.76200867,58.5,42.6,64.182,3.558,64.2133062205259,,8.686,0.8340000000000001,,0.77,-0.044,0.794,0.7390000000000001,0.432
BOL,Bolivia,LCN,Lower-middle income,2006,8263.31896853691,113.561637878418,47.7,84.715963142208,83.0,88.0,0.327,41.9015542609366,56.05701447,56.7,40.1,64.529,3.533,64.6631431424362,5.374,8.686,0.8340000000000001,59.0,0.77,-0.044,0.794,0.7390000000000001,0.432
BOL,Bolivia,LCN,Lower-middle income,2007,8493.94848212653,112.767723083496,44.7,85.2691692733434,84.0,86.0,0.327,43.4810447232478,63.62155914,54.5,37.7,64.939,3.447,65.1067327824433,5.627999999999999,8.714,0.7959999999999999,59.5,0.78,0.001,0.8170000000000001,0.7709999999999999,0.3879999999999999
BOL,Bolivia,LCN,Lower-middle income,2008,8865.27246616683,111.650062561035,41.8,85.8158829165859,88.0,92.0,0.36233333333333334,45.0792272443347,77.9777298,50.8,35.5,65.299,3.364,65.5448299960338,5.297999999999999,8.756,0.785,60.0,0.726,-0.092,0.8009999999999999,0.7809999999999999,0.392
BOL,Bolivia,LCN,Lower-middle income,2009,9011.55629873547,108.031242370605,39.1,86.3551793920247,93.0,93.0,0.39766666666666667,46.6950103282874,89.57923889,49.2,33.4,65.656,3.287,65.9781896386949,6.086,8.773,0.831,60.5,0.779,-0.036,0.763,0.797,0.372
BOL,Bolivia,LCN,Lower-middle income,2010,9230.3980801466,104.396370229571,36.7,86.8874436823724,91.0,88.0,0.433,48.3285858519966,100.39356232,47.650000000000006,31.5,66.003,3.213,66.4075665659133,5.781000000000001,8.797,0.807,61.0,0.703,-0.068,0.7809999999999999,0.7659999999999999,0.35
BOL,Bolivia,LCN,Lower-middle income,2011,9554.44502513,100.921849072087,34.4,87.4130245086648,95.0,96.0,0.461,49.9801309822713,119.78379059,46.1,29.7,66.282,3.143,66.833715633176,5.779,8.831,0.8170000000000001,61.34,0.782,-0.039,0.825,0.7609999999999999,0.361
BOL,Bolivia,LCN,Lower-middle income,2012,9884.46163594645,98.3129253076371,32.3,87.931656511904,93.0,92.0,0.6826,51.6491998600636,135.32060242,46.6,28.0,66.586,3.076,67.2581444827699,6.019,8.865,0.7809999999999999,61.68,0.862,-0.015,0.84,0.782,0.409
BOL,Bolivia,LCN,Lower-middle income,2013,10391.3833756917,96.8904736314233,30.3,88.4281721555752,86.0,87.0,0.9041999999999999,53.3191514172046,159.99380493,47.6,26.4,66.777,3.01,67.6697055519889,,8.915,0.8029999999999999,62.02,0.846,-0.067,0.812,0.759,0.41
BOL,Bolivia,LCN,Lower-middle income,2014,10790.8472887528,95.4654700824142,28.4,88.9095566150389,85.0,89.0,1.1258,54.9966309177459,179.3274231,47.8,24.9,66.97,2.947,68.037425413,5.865,8.953,0.821,62.36,0.8809999999999999,0.018,0.8320000000000001,0.809,0.3979999999999999
BOL,Bolivia,LCN,Lower-middle income,2015,11144.6415720641,95.0961939865757,26.7,89.3856764745398,89.0,95.0,1.3474,56.6920160774471,196.25799561,46.7,23.5,67.205,2.886,68.3958051297665,5.834,8.985,0.8290000000000001,62.7,0.884,-0.03,0.862,0.7859999999999999,0.3929999999999999
BOL,Bolivia,LCN,Lower-middle income,2016,11448.02180322,95.5387659267627,25.0,89.856829031751,87.0,94.0,1.569,58.4055072099322,207.4511261,45.2,22.1,67.392,2.829,68.7446327876947,,9.012,0.7959999999999999,63.0,0.882,-0.047,0.853,0.7829999999999999,0.376
BOL,Bolivia,LCN,Lower-middle income,2017,11755.2556195885,96.4475043810472,23.4,90.322518307567,84.0,83.0,1.016,60.1364043539165,214.58572388,44.6,20.8,67.536,2.777,69.0838016274736,5.651,9.039,0.779,63.3,0.884,-0.12,0.8190000000000001,0.698,0.434
BOL,Bolivia,LCN,Lower-middle income,2018,11920.3135079645,97.122722190495,22.0,90.7842800477343,83.0,89.0,1.052,61.8863758501478,231.18806458,42.6,19.6,67.699,2.73,69.4133879813999,5.916,9.066,0.8270000000000001,63.6,0.863,-0.093,0.7859999999999999,0.742,0.387
BOL,Bolivia,LCN,Lower-middle income,2019,11930.9159145918,97.6714741591375,20.6,91.2290518215196,75.0,79.0,1.088,63.6552770936558,241.34619141,41.6,18.4,67.82,2.688,69.7334986708387,5.674,9.074,0.784,63.9,0.8809999999999999,-0.086,0.857,0.7509999999999999,0.419
BOL,Bolivia,LCN,Lower-middle income,2020,10285.6590750222,98.2369486079625,19.3,91.6695086739786,68.0,74.0,0.961,65.4426819747995,248.69514465,43.6,17.4,62.906,2.651,70.0442635528254,5.559,8.998,0.805,64.2,0.877,-0.054,0.868,0.79,0.382
BRA,Brazil,LCN,Upper-middle income,2005,15221.0138281541,104.05445098877,24.6,95.0913772217223,99.0,98.0,1.87,77.6060442876745,387.93121338,56.3,21.0,71.832,1.942,82.9838799596945,,9.438,0.883,63.3,0.882,-0.016,0.745,0.818,0.302
BRA,Brazil,LCN,Upper-middle income,2006,15657.4795716983,104.05445098877,23.1,95.3798210203177,99.0,99.0,1.87,78.4350490232115,489.53884888,55.6,19.7,72.296,1.896,83.2672101364439,,9.476500000000001,0.8845,,0.8295,-0.016,0.7364999999999999,0.8385,0.3005
BRA,Brazil,LCN,Upper-middle income,2007,16440.583740032,104.05445098877,21.7,95.6619556450111,99.0,99.0,1.87,79.2590292856141,607.73022461,54.9,18.6,72.73,1.854,83.5382571292649,6.321000000000001,9.515,0.8859999999999999,63.78,0.777,-0.016,0.728,0.8590000000000001,0.299
BRA,Brazil,LCN,Upper-middle income,2008,17113.3679822643,104.05445098877,20.5,95.9378940948521,99.0,99.0,1.87,80.0780747503367,713.67193604,54.0,17.6,73.111,1.815,83.8036050557184,,9.555,0.878,64.02,0.782,-0.078,0.688,0.82,0.265
BRA,Brazil,LCN,Upper-middle income,2009,16939.4407810328,104.05445098877,19.5,96.2074114306889,99.0,99.0,1.87,80.8914821354002,728.55639648,53.7,16.7,73.457,1.799,84.0698380333651,7.001,9.544,0.913,64.26,0.767,-0.055,0.723,0.833,0.2739999999999999
BRA,Brazil,LCN,Upper-middle income,2010,18062.1581103659,104.05445098877,18.6,96.4709800912933,99.0,99.0,1.87,81.7001428038359,906.0098877,53.3,16.0,73.779,1.786,84.343846036308,6.837000000000001,9.607,0.906,64.5,0.8059999999999999,-0.054,0.6559999999999999,0.8170000000000001,0.25
BRA,Brazil,LCN,Upper-middle income,2011,18627.8104529397,104.05445098877,17.9,96.7300307300568,99.0,99.0,1.87,82.5075308980562,1043.3548584,52.9,15.3,74.047,1.777,84.6225758599683,7.037999999999999,9.637,0.916,64.76,0.8340000000000001,-0.072,0.662,0.807,0.268
BRA,Brazil,LCN,Upper-middle income,2012,18832.2195527075,104.05445098877,17.2,96.9831894902775,95.0,99.0,1.888,83.3102185091362,968.7277832,53.4,14.8,74.335,1.766,84.8973874181312,6.66,9.647,0.89,65.02,0.8490000000000001,-0.08349999999999999,0.623,0.755,0.35
BRA,Brazil,LCN,Upper-middle income,2013,19241.5059815726,109.282432556152,16.7,97.230310353602,97.0,98.0,1.906,84.1075664930758,993.79608154,52.7,14.4,74.609,1.761,85.1676585442726,7.14,9.668,0.91,65.28,0.785,-0.095,0.7070000000000001,0.818,0.276
BRA,Brazil,LCN,Upper-middle income,2014,19183.172744636,109.808906555176,16.3,97.4719067025274,93.0,97.0,1.9789999999999999,84.9007604089727,1030.66271973,52.1,14.0,74.823,1.775,85.4331367898168,6.981,9.664,0.898,65.54,0.7140000000000001,-0.115,0.71,0.7879999999999999,0.2739999999999999
BRA,Brazil,LCN,Upper-middle income,2015,18357.0690617991,108.740180969238,16.0,97.7078492139171,96.0,96.0,2.052,85.6891694067484,796.15252686,51.9,13.7,75.106,1.777,85.6935697061881,6.547000000000001,9.62,0.907,65.8,0.799,-0.016,0.7709999999999999,0.755,0.325
BRA,Brazil,LCN,Upper-middle income,2016,17620.9272434136,108.583656311035,16.8,97.921760549945,89.0,95.0,2.125,86.4725409994878,810.20037842,53.4,14.6,75.081,1.727,85.9487048448108,6.375,9.578,0.912,66.0,0.807,-0.1,0.7809999999999999,0.763,0.302
BRA,Brazil,LCN,Upper-middle income,2017,17724.4799577784,109.788749694824,15.4,98.1978808317894,83.0,93.5,2.198,87.2513460581389,954.75012207,53.3,13.3,75.383,1.74,86.1982897571091,6.332999999999999,9.583,0.905,66.2,0.765,-0.175,0.794,0.716,0.308
BRA,Brazil,LCN,Upper-middle income,2018,17917.7492123359,108.720008850098,15.2,98.5580120515387,87.0,92.0,2.2744999999999997,88.0250303307035,880.28430176,53.9,13.1,75.633,1.744,86.4420719945072,6.191,9.589,0.882,66.4,0.7509999999999999,-0.1169999999999999,0.763,0.75,0.35
BRA,Brazil,LCN,Upper-middle income,2019,18018.6209151518,107.682991027832,15.0,98.773134154073,87.0,91.0,2.351,88.7943635272571,868.17248535,53.5,12.9,75.809,1.705,86.6797991084296,,9.592,0.899,66.6,0.83,-0.062,0.762,0.7609999999999999,0.337
BRA,Brazil,LCN,Upper-middle income,2020,17327.5157249466,105.912231445312,14.9,99.0720677672897,87.0,91.0,2.351,89.5591441286736,680.76843262,53.5,12.8,74.506,1.653,86.9112186503004,6.11,9.522,0.831,66.8,0.7859999999999999,-0.053,0.7290000000000001,0.6920000000000001,0.389
BRB,Barbados,LCN,High income,2005,22035.3859581035,101.593612670898,14.8,98.3064086446429,92.0,93.0,1.82,91.5847831972547,1028.39282227,34.1,13.5,74.96,1.738,59.2944920242948,,,,,,,,,
BRB,Barbados,LCN,High income,2006,22115.249588587598,101.276039123535,14.7,98.3539767613339,84.0,92.0,1.8800833333333333,91.9735643373012,1028.39282227,34.1,13.4,75.049,1.702,59.2944920242948,,,,,,,,,
BRB,Barbados,LCN,High income,2007,22195.1132190717,100.212989807129,14.5,98.4015448780249,93.0,93.0,1.9401666666666668,92.3623454773478,1043.49401855,34.1,13.2,75.263,1.755,59.2944920242948,,,,,,,,,
BRB,Barbados,LCN,High income,2008,22274.976849555802,100.470497131348,14.3,98.449112994716,85.0,94.0,2.00025,92.7511266173943,1136.53637695,34.1,13.0,75.3,1.756,59.2944920242948,,,,,,,,,
BRB,Barbados,LCN,High income,2009,22354.8404800399,99.8023910522461,14.1,98.496681111407,93.0,94.0,2.0603333333333333,93.1399077574408,1163.96875,34.1,12.9,75.458,1.77,59.2944920242948,,,,,,,,,
BRB,Barbados,LCN,High income,2010,20464.7939658776,100.026486558072,13.9,98.544249228098,86.0,85.0,2.120416666666667,93.5286888974873,1114.3729248,34.1,12.7,75.488,1.785,59.2366008990356,,,,,,,,,
BRB,Barbados,LCN,High income,2011,20383.2530917687,100.607875564296,13.7,98.5918173447891,91.0,93.0,2.1805,93.9174700375338,1163.2668457,34.1,12.5,75.599,1.758,59.236693205614,,,,,,,,,
BRB,Barbados,LCN,High income,2012,19743.57827095,99.21640096378957,13.5,98.6393854614801,87.0,90.0,2.2405833333333334,94.3062511775803,1294.78674316,34.1,12.4,75.737,1.731,59.2372151062924,,,,,,,,,
BRB,Barbados,LCN,High income,2013,19730.3469740518,97.82492636328313,13.3,98.6869535781711,91.0,87.0,2.3006666666666664,94.6950323176268,1246.16491699,34.1,12.2,75.816,1.729,59.2385370835674,,,,,,,,,
BRB,Barbados,LCN,High income,2014,19840.8306179644,96.4334517627767,13.1,98.7345216948622,94.0,95.0,2.36075,95.0838134576733,1175.44348145,34.1,12.0,75.926,1.727,59.2410313429534,,,,,,,,,
BRB,Barbados,LCN,High income,2015,19642.2322500219,95.4051834276328,12.8,98.7820898115532,97.0,96.0,2.4208333333333334,95.4725945977198,1154.62719727,34.1,11.7,76.055,1.726,59.2450700899645,,,,,,,,,
BRB,Barbados,LCN,High income,2016,19877.1120083968,95.319325026438,12.4,98.8296579282442,97.0,92.0,2.4809166666666664,95.8613757377664,1181.14257813,34.1,11.5,76.168,1.724,59.2510255301153,,,,,,,,,
BRB,Barbados,LCN,High income,2017,19966.3202405154,94.3660015740012,12.1,98.8772260449352,90.0,92.0,2.541,96.2501568778129,1182.00366211,34.1,11.2,76.237,1.724,59.25926986892,,,,,,,,,
BRB,Barbados,LCN,High income,2018,19877.6759569235,94.4722209242559,11.8,98.9247941616263,95.0,85.0,2.566,96.6389380178594,1169.35559082,34.1,10.9,76.378,1.72,59.270175311893,,,,,,,,,
BRB,Barbados,LCN,High income,2019,19890.455714094,94.7561440274338,11.4,98.9723622783173,90.0,92.0,2.591,97.0277191579059,1168.11938477,34.1,10.6,76.495,1.715,59.2841140645486,,,,,,,,,
BRB,Barbados,LCN,High income,2020,19890.455714094,94.5134829805,11.1,99.0199303950083,85.0,89.0,2.616,97.3312392700884,1234.30041504,34.1,10.2,76.647,1.708,59.3014583324011,,,,,,,,,
BRN,Brunei Darussalam,EAS,High income,2005,99795.6850854526,112.532432556152,9.5,99.6738063397299,94.0,98.0,1.087,78.7980235839323,657.31945801,,7.8,74.683,2.024,73.552870858133,,,,,,,,,
BRN,Brunei Darussalam,EAS,High income,2006,102248.510300567,112.532432556152,9.5,99.6963630699986,97.0,97.0,1.094,80.0146589852238,664.74499512,,7.8,74.753,1.969,74.0148299904911,,,,,,,,,
BRN,Brunei Darussalam,EAS,High income,2007,96752.6204091885,112.532432556152,9.6,99.7189198002674,99.0,97.0,1.06,81.2312943865159,710.42297363,,7.9,74.793,1.933,74.4344860960786,,,,,,,,,
BRN,Brunei Darussalam,EAS,High income,2008,91275.5000919182,112.532432556152,9.6,99.7414765305361,98.0,99.0,1.493,82.4479297878079,792.01367188,,8.0,74.814,1.918,74.7929411399737,,,,,,,,,
BRN,Brunei Darussalam,EAS,High income,2009,87875.8283546044,112.532432556152,9.7,99.7640332608049,99.0,99.0,1.156,83.6645651890999,739.28015137,,8.1,74.814,1.921,75.0712970872547,,,,,,,,,
BRN,Brunei Darussalam,EAS,High income,2010,88586.5133683924,108.70580714953,9.9,99.7865899910736,95.0,94.0,1.435,84.8812005903915,795.97766113,,8.2,74.82,1.937,75.2506559029998,,,,,,,,,
BRN,Brunei Darussalam,EAS,High income,2011,90279.6634042123,104.830894583323,10.0,99.8091467213424,97.0,91.0,1.522,86.0978359916835,864.63787842,,8.4,74.835,1.957,75.312125504778,,,,,,,,,
BRN,Brunei Darussalam,EAS,High income,2012,89718.4636049982,103.310538143682,10.2,99.8317034516111,95.0,95.0,1.469,87.3144713929755,869.36553955,,8.6,74.843,1.973,75.2714233503027,,,,,,,,,
BRN,Brunei Darussalam,EAS,High income,2013,86606.6518910199,103.895142180095,10.4,99.8542601818798,99.0,96.0,1.595,88.5311067942671,835.32452393,,8.7,74.854,1.978,75.1756915148608,,,,,,,,,
BRN,Brunei Darussalam,EAS,High income,2014,83310.6151819533,103.847709576297,10.6,99.8768169121486,99.0,97.0,1.485,89.7477421955591,785.41210938,,8.9,74.862,1.969,75.0572639801502,,,,,,,,,
BRN,Brunei Darussalam,EAS,High income,2015,81910.1882959493,104.185794604632,10.7,99.8993736424173,99.0,96.0,1.75,90.9643775968511,731.04980469,,9.0,74.88,1.947,74.9484620568562,,,,,,,,,
BRN,Brunei Darussalam,EAS,High income,2016,78880.6228501768,105.726377387079,10.7,99.9000219255643,99.0,98.0,1.6640000000000001,92.1810129981427,679.46929932,,9.1,74.905,1.915,74.8816070556641,,,,,,,,,
BRN,Brunei Darussalam,EAS,High income,2017,78966.8643142346,104.567053854277,10.7,99.9000444673207,99.0,97.0,1.578,93.3976483994347,636.22973633,,9.1,74.943,1.881,74.8476440654983,,,,,,,,,
BRN,Brunei Darussalam,EAS,High income,2018,78099.0507802561,104.179996298549,10.6,99.9000669989146,99.0,99.0,1.763,94.6142838007268,748.69073486,,9.1,74.992,1.848,74.8172471714305,,,,,,,,,
BRN,Brunei Darussalam,EAS,High income,2019,80228.1598170527,103.033008586959,10.5,99.9000895203528,99.0,97.0,1.763,95.8309192020188,678.81982422,,9.0,75.049,1.819,74.7923311783673,,,,,,,,,
BRN,Brunei Darussalam,EAS,High income,2020,80280.8980640677,102.709633966272,10.4,100.0,99.0,99.0,1.763,97.0475546033103,658.38983154,,8.9,75.114,1.796,74.7748108912151,,,,,,,,,
BTN,Bhutan,SAS,Lower-middle income,2005,6850.80441609334,92.4433975219727,56.7,88.4084271837874,95.0,93.0,0.212,53.1957068456674,46.79434204,38.1,43.7,65.875,2.726,30.9379917831613,,9.123,0.8190000000000001,,0.81,0.353,0.802,0.779,0.217
BTN,Bhutan,SAS,Lower-middle income,2006,7140.85609148376,97.0613403320312,52.9,89.2613067874058,95.0,90.0,0.212,55.1902160222257,54.21236038,38.1,40.9,66.499,2.66,31.5664945864425,,9.123,0.8190000000000001,,0.81,0.353,0.802,0.779,0.217
BTN,Bhutan,SAS,Lower-middle income,2007,8195.07074477912,101.103286743164,49.5,90.1032675931057,95.0,95.0,0.212,57.1569433731048,64.72015381,38.1,38.3,67.152,2.589,32.1738216649326,,9.123,0.8190000000000001,,0.81,0.353,0.802,0.779,0.217
BTN,Bhutan,SAS,Lower-middle income,2008,8470.03471622855,104.533050537109,46.2,90.9340269726951,96.0,99.0,0.249,59.0952861405735,57.59343338,38.24,35.8,67.733,2.481,32.76371954591,,9.123,0.8190000000000001,,0.81,0.353,0.802,0.779,0.217
BTN,Bhutan,SAS,Lower-middle income,2009,9019.11861272397,109.009880065918,43.3,91.7530531120039,93.0,94.0,0.2545,61.0391347142958,59.74616623,38.38,33.6,68.156,2.364,33.3396804958817,,9.123,0.8190000000000001,,0.81,0.353,0.802,0.779,0.217
BTN,Bhutan,SAS,Lower-middle income,2010,9985.28455483655,111.975852966309,40.5,92.5602860254371,91.0,95.0,0.26,62.9550752421624,72.38789368,38.519999999999996,31.5,68.765,2.252,33.9051967813552,,9.123,0.8190000000000001,,0.81,0.353,0.802,0.779,0.217
BTN,Bhutan,SAS,Lower-middle income,2011,10714.686566371,113.566772460938,37.9,93.3554661162874,95.0,95.0,0.2655,64.8429159627493,77.75431824,38.66,29.5,69.28,2.155,34.4637606688377,,9.123,0.8190000000000001,,0.81,0.353,0.802,0.779,0.217
BTN,Bhutan,SAS,Lower-middle income,2012,11143.9445354588,113.019607543945,35.5,94.1374950272393,97.0,95.0,0.271,66.7004803420863,84.0940094,38.8,27.7,69.759,2.068,35.0188644248365,,9.123,0.8190000000000001,,0.81,0.353,0.802,0.779,0.217
BTN,Bhutan,SAS,Lower-middle income,2013,11212.479426698,106.841247558594,33.2,94.9064132984793,97.0,94.0,0.28,68.5280843950493,86.41462708,38.519999999999996,26.0,70.161,2.0,35.5740003158589,5.569,9.123,0.8190000000000001,59.6,0.81,0.353,0.802,0.779,0.217
BTN,Bhutan,SAS,Lower-middle income,2014,11744.5189124825,104.719581604004,31.2,95.6623573310029,99.0,97.0,0.333,70.3262594115748,87.19132233,38.239999999999995,24.4,70.504,1.923,36.1326606084122,4.939,9.167,0.88,59.9,0.8340000000000001,0.268,0.65,0.8590000000000001,0.324
BTN,Bhutan,SAS,Lower-middle income,2015,12400.2983237391,103.099495619907,29.2,96.4055382033785,99.0,97.0,0.339,72.0956866215508,96.86671448,37.96,22.9,70.797,1.835,36.6983375690037,5.082,9.219,0.848,60.2,0.83,0.2769999999999999,0.634,0.81,0.312
BTN,Bhutan,SAS,Lower-middle income,2016,13320.9759036882,101.324020385742,27.4,97.1361403441531,98.0,97.0,0.4,73.8369686889029,97.42939758,37.68,21.6,71.119,1.738,37.2745234641407,,9.219,0.848,,0.83,0.2769999999999999,0.634,0.81,0.312
BTN,Bhutan,SAS,Lower-middle income,2017,13482.3425280358,99.7447717881834,25.8,97.8543901425613,98.0,97.0,0.31,75.5507698570494,103.63583374,37.4,20.3,71.413,1.621,37.8645544995016,,9.219,0.848,,0.83,0.2769999999999999,0.634,0.81,0.312
BTN,Bhutan,SAS,Lower-middle income,2018,13854.8543977158,99.3060254263897,24.2,98.426622147403,97.0,97.0,0.421,77.2378421749847,102.01222992,37.4,19.1,71.711,1.517,38.4661892776975,,9.219,0.848,,0.83,0.2769999999999999,0.634,0.81,0.312
BTN,Bhutan,SAS,Lower-middle income,2019,14555.1884045845,97.989926908949,22.7,98.9633804015347,97.0,97.0,0.336,78.8989372535781,115.71811676,37.4,17.9,72.005,1.448,39.0746823405146,,9.219,0.848,,0.83,0.2769999999999999,0.634,0.81,0.312
BTN,Bhutan,SAS,Lower-middle income,2020,12979.9369485824,103.826009511759,21.3,99.0775205402574,95.0,93.0,0.486,80.5347803811223,134.13723755,37.4,16.9,72.253,1.502,39.6888839873439,,9.219,0.848,,0.83,0.2769999999999999,0.634,0.81,0.312
BWA,Botswana,SSF,Upper-middle income,2005,14361.9576327759,111.46208190918,70.8,76.3234089658612,96.0,93.0,0.253,58.0524375220249,281.38796997,56.9,43.6,54.386,3.082,58.4535554684584,,9.492,0.883,,0.8240000000000001,-0.195,0.723,0.688,0.226
BWA,Botswana,SSF,Upper-middle income,2006,15275.5828811117,112.33056640625,66.0,77.3793746447191,96.0,94.0,0.315,58.8441205990319,258.01873779,56.9,45.8,55.112,3.114,59.6421228144112,,9.492,0.883,46.82,0.8240000000000001,-0.195,0.723,0.688,0.226
BWA,Botswana,SSF,Upper-middle income,2007,15850.2343496231,111.439659118652,64.3,78.8176379061459,96.0,95.0,0.371,59.9949103231663,305.22042847,56.9,50.3,56.735,3.127,60.7822308289942,,9.541,0.8575,,0.841,-0.17949999999999994,0.7645,0.7095,0.222
BWA,Botswana,SSF,Upper-middle income,2008,16040.3153236098,110.978363037109,63.7,80.2083565652811,96.0,95.0,0.367,61.1111581446206,324.54284668,56.9,52.8,57.661,3.131,61.8321593704079,,9.59,0.8320000000000001,49.86,0.858,-0.1639999999999999,0.8059999999999999,0.731,0.218
BWA,Botswana,SSF,Upper-middle income,2009,13489.9509168296,111.213661193848,60.6,81.548204891568,96.0,96.0,0.348,62.1889472021203,336.53146362,56.9,52.5,58.297,3.133,62.7501882968523,,9.573,0.849,,0.842,-0.15349999999999994,0.81,0.7104999999999999,0.195
BWA,Botswana,SSF,Upper-middle income,2010,14545.0198074427,109.94643410910334,58.4,82.8396938380661,95.0,96.0,0.403,63.2298770256248,389.55178833,56.56666666666666,53.3,59.137,3.135,63.4945974665277,3.553,9.556,0.866,52.9,0.826,-0.143,0.8140000000000001,0.69,0.172
BWA,Botswana,SSF,Upper-middle income,2011,15236.7188843522,108.67920702435866,58.8,84.0822411614888,95.0,97.0,0.395,64.2325786938522,427.70709229,56.233333333333334,54.3,59.715,3.103,64.0187810722889,3.52,9.6,0.86,53.68,0.813,-0.25,0.816,0.7390000000000001,0.16
BWA,Botswana,SSF,Upper-middle income,2012,14957.6189142932,107.411979939614,53.9,85.1198176551296,95.0,97.0,0.388,65.037275052661,418.82244873,55.9,49.5,60.384,3.07,64.3993247826904,,9.632,0.8370000000000001,54.46,0.799,-0.203,0.8140000000000001,0.773,0.171
BWA,Botswana,SSF,Upper-middle income,2013,16369.4252971454,105.315561116255,50.3,86.1035328726968,95.0,97.0,0.38375000000000004,65.7908304969597,433.29150391,55.56666666666666,47.0,61.217,3.045,64.7579735458393,,9.728,0.856,55.24,0.767,-0.154,0.7490000000000001,0.698,0.244
BWA,Botswana,SSF,Upper-middle income,2014,17052.1924105361,101.616607294624,49.0,87.0620077919626,95.0,97.0,0.3795,66.5214936855642,418.82452393,55.233333333333334,46.2,62.167,3.027,65.0965122400825,,9.756,0.8590000000000001,56.02,0.7909999999999999,-0.105,0.743,0.674,0.245
BWA,Botswana,SSF,Upper-middle income,2015,15994.9643042101,101.623352050781,46.7,87.9952713631677,95.0,97.0,0.37525,67.2288878869323,374.79058838,54.9,44.2,63.215,3.008,65.4103584313295,3.762,9.724,0.816,56.8,0.857,-0.1159999999999999,0.86,0.746,0.261
BWA,Botswana,SSF,Upper-middle income,2016,16905.588740873,101.623352050781,45.1,88.9036684785342,95.0,97.0,0.371,67.9129615984092,389.3107605,54.9,42.8,64.32,2.99,65.6949296854899,3.499,9.748,0.768,57.5,0.852,-0.253,0.7290000000000001,0.6859999999999999,0.252
BWA,Botswana,SSF,Upper-middle income,2017,17352.8958451454,101.623352050781,42.1,89.7870788598082,95.0,97.0,0.3865,68.5731443566445,471.05056763,54.9,40.0,65.42,2.969,65.9456435684731,3.505,9.756,0.768,58.2,0.8170000000000001,-0.248,0.731,0.6559999999999999,0.276
BWA,Botswana,SSF,Upper-middle income,2018,17825.018569213,101.623352050781,41.2,90.6438201661521,95.0,97.0,0.402,69.2069921595304,447.4473877,54.9,38.7,66.371,2.941,66.1579176461888,3.4610000000000003,9.778,0.795,58.9,0.818,-0.254,0.807,0.73,0.267
BWA,Botswana,SSF,Upper-middle income,2019,18106.0105471124,101.623352050781,40.0,91.4749479975469,95.0,97.0,0.395,69.8150599678289,438.28546143,54.9,37.4,67.167,2.906,66.3271694845464,3.471,9.785,0.774,59.6,0.833,-0.239,0.792,0.7120000000000001,0.273
BWA,Botswana,SSF,Upper-middle income,2020,16289.3913582645,101.623352050781,38.9,91.5461365187927,95.0,87.0,0.433,70.3974291175514,386.28860474,54.9,36.5,67.643,2.861,66.4488166494554,,9.785,0.774,,0.833,-0.239,0.792,0.7120000000000001,0.273
CAF,Central African Republic,SSF,Low income,2005,1219.5939445674,57.085090637207,147.9,53.1725538897854,54.0,62.0,0.0405,19.9721484876891,13.93517494,56.2,90.0,48.207,5.812,38.0448510426866,,6.987,0.532,,0.6629999999999999,0.081,0.782,0.568,0.33
CAF,Central African Republic,SSF,Low income,2006,1251.87082171335,56.7010307312012,143.5,52.0363869925111,51.0,61.0,0.0405,19.5450443579564,15.15495491,56.2,87.4,48.687,5.84,38.134433681123,,6.987,0.532,,0.6629999999999999,0.081,0.782,0.568,0.33
CAF,Central African Republic,SSF,Low income,2007,1284.55283590666,65.5534591674805,139.3,50.9129861465533,48.0,59.0,0.0405,19.1248924348841,18.24629021,56.2,85.3,49.327,5.867,38.2343339436079,4.16,6.987,0.532,40.9,0.6629999999999999,0.081,0.782,0.568,0.33
CAF,Central African Republic,SSF,Low income,2008,1283.2728263106,75.8503494262695,135.5,49.801462843986,45.0,58.0,0.0405,18.7110288344225,18.02888489,56.2,83.4,49.873,5.902,38.3474489192338,,7.0216666666666665,0.5156666666666667,,0.6719999999999999,0.042,0.803,0.5529999999999999,0.3056666666666667
CAF,Central African Republic,SSF,Low income,2009,1402.68164770801,77.4299163818359,143.1,48.7012778059616,42.0,56.0,0.045,18.3030854351949,21.37773895,56.2,85.95,,5.936,38.476675697093,,7.056333333333334,0.49933333333333335,,0.6809999999999999,0.0030000000000000027,0.824,0.538,0.2813333333333333
CAF,Central African Republic,SSF,Low income,2010,1479.41367757692,81.2789535522461,150.7,47.6121825064348,45.0,53.0,0.049166666666666664,17.9009516216973,17.01008034,56.2,88.5,46.871,5.963,38.6244963104203,3.568,7.091,0.483,42.7,0.69,-0.036,0.845,0.523,0.257
CAF,Central African Republic,SSF,Low income,2011,1517.14839091011,81.3504028320312,125.1,46.5333196670966,47.0,49.0,0.05333333333333334,17.5040118095515,19.62990761,56.2,77.7,50.107,6.009,38.8030669465007,3.678,7.125,0.387,43.08,0.78,-0.016,0.8340000000000001,0.524,0.2769999999999999
CAF,Central African Republic,SSF,Low income,2012,1577.98053252253,81.9315032958984,121.9,45.4644259836138,47.0,48.0,0.0575,17.1121597682915,21.33021736,56.2,76.1,51.336,6.047,39.0301696038517,,7.057,0.3676,,0.7488,-0.006200000000000001,0.8390000000000001,0.535,0.3203999999999999
CAF,Central African Republic,SSF,Low income,2013,996.896355923912,85.65177726745603,134.2,44.4049337595255,23.0,25.0,0.061666666666666675,16.7250416550218,17.36794472,56.2,81.0,49.487,6.075,39.3042963482777,,6.989,0.3482,,0.7176,0.003599999999999999,0.8440000000000001,0.546,0.36379999999999996
CAF,Central African Republic,SSF,Low income,2014,1001.85598053496,89.37205123901364,186.8,43.3540006911393,45.0,47.0,0.06583333333333334,16.3420825760043,18.7120266,56.2,101.7,40.265,6.099,39.6226521868738,,6.921,0.3288,,0.6864,0.013399999999999999,0.8490000000000001,0.5569999999999999,0.40719999999999995
CAF,Central African Republic,SSF,Low income,2015,1043.92171697157,93.09232521057127,113.7,42.3113468572103,43.0,46.0,0.07,15.9631877672806,18.44194221,56.2,72.0,51.934,6.126,39.9824421267351,,6.853,0.3094,,0.6552,0.0232,0.8540000000000001,0.568,0.4506
CAF,Central African Republic,SSF,Low income,2016,1073.94477703739,96.8125991821289,126.8,41.2766435897443,42.0,45.0,0.06966666666666667,15.5882414691861,21.07796097,56.2,77.1,50.999,6.126,40.3808711749566,,6.785,0.29,44.9,0.624,0.033,0.8590000000000001,0.579,0.494
CAF,Central African Republic,SSF,Low income,2017,1103.86609318724,96.8125991821289,155.2,40.2488145100733,42.0,41.0,0.06933333333333334,15.2164870297134,28.81619644,56.2,88.4,45.231,6.127,40.8151443386334,3.4760000000000004,6.817,0.32,45.2,0.645,0.073,0.89,0.614,0.599
CAF,Central African Republic,SSF,Low income,2018,1125.70091748228,96.8125991821289,120.2,39.2275482962991,40.0,39.0,0.069,14.8478356260426,28.81619644,56.2,73.9,52.297,6.108,41.2824666248606,,6.817,0.32,,0.645,0.073,0.89,0.614,0.599
CAF,Central African Republic,SSF,Low income,2019,1145.09563657752,96.8125991821289,122.2,38.2122663974409,38.0,37.0,0.069,14.481982156805,28.81619644,56.2,128.9,,6.09,41.7800430407332,,6.817,0.32,,0.645,0.073,0.89,0.614,0.599
CAF,Central African Republic,SSF,Low income,2020,1136.57052993758,96.8125991821289,124.2,37.2024024961025,37.0,36.0,0.069,14.1186349646869,28.81619644,56.2,74.7,50.596,6.059,42.3050785933463,,6.817,0.32,,0.645,0.073,0.89,0.614,0.599
CAN,Canada,NAC,High income,2005,52356.5371486354,98.5980606079102,6.1,99.4969698010964,93.0,94.0,1.9086,99.8639583203514,3268.46850586,33.6,5.2,80.1126829268293,1.58,79.9760615882965,7.417999999999999,10.652,0.962,71.3,0.957,0.256,0.503,0.8390000000000001,0.233
CAN,Canada,NAC,High income,2006,53195.7608573851,99.76953125,6.0,99.4312610155848,95.0,93.0,1.9086,99.8430162755526,3758.35961914,34.1,5.2,80.5436585365854,1.63,80.219066099279,,10.6955,0.9543333333333333,,0.9435,0.2525,0.4545,0.8555,0.245
CAN,Canada,NAC,High income,2007,53761.8407991685,99.5414810180664,6.0,99.3664505915258,94.0,94.0,1.9338000000000002,99.7607606816524,4187.87255859,33.8,5.2,80.5436585365854,1.67,80.4425615136782,7.482,10.739,0.9466666666666667,71.66,0.93,0.249,0.406,0.872,0.257
CAN,Canada,NAC,High income,2008,53711.6580329654,98.6080932617188,5.9,99.3013182064874,92.0,93.0,1.959,99.6782742849719,4454.11621094,33.9,5.1,80.7246341463415,1.7,80.6628944916604,7.486000000000001,10.738,0.939,71.84,0.926,0.262,0.37,0.89,0.2019999999999999
CAN,Canada,NAC,High income,2009,51552.4020321975,99.6073379516602,5.8,99.235861272703,91.0,91.0,1.9987000000000001,99.5955583039344,4355.83056641,34.0,5.0,81.0660975609756,1.69,80.8591838893921,7.487999999999999,10.697,0.943,72.02,0.915,0.246,0.413,0.867,0.248
CAN,Canada,NAC,High income,2010,52558.4200617806,99.1343688964844,5.7,99.1700909228102,89.0,90.0,2.0384,99.5126181540999,5060.88818359,33.6,5.0,81.3221951219512,1.65,81.0120892252937,,10.717,0.954,72.2,0.934,0.23,0.413,0.879,0.233
CAN,Canada,NAC,High income,2011,53681.1084809345,98.5625991821289,5.6,99.1038601959252,87.0,88.0,2.2173,99.4293838454061,5399.98779297,32.7,4.9,81.4826829268293,1.63,81.1031425434213,,10.738,0.922,72.36,0.951,0.253,0.433,0.8809999999999999,0.248
CAN,Canada,NAC,High income,2012,54034.7821680318,99.4907531738281,5.6,99.0365046606561,91.0,89.0,2.3962,99.3455544247407,5518.5703125,33.5,4.8,81.6636585365854,1.63,81.1513483248791,7.415,10.744000000000002,0.948,72.52,0.918,0.29,0.466,0.857,0.2289999999999999
CAN,Canada,NAC,High income,2013,54712.1568593677,99.3867797851562,5.5,98.9690828452765,91.0,90.0,2.4509,99.2616780948354,5460.03173828,33.8,4.8,81.7448780487805,1.61,81.183439957458,7.593999999999999,10.757,0.936,72.68,0.916,0.316,0.406,0.851,0.263
CAN,Canada,NAC,High income,2014,55723.4615652506,99.5252914428711,5.4,98.9015865745503,91.0,90.0,2.4961,99.1777500183005,5209.93164063,33.2,4.7,81.7843902439025,1.61,81.211183161556,7.303999999999999,10.775,0.918,72.84,0.939,0.27,0.442,0.833,0.259
CAN,Canada,NAC,High income,2015,55660.8455840759,99.8602600097656,5.3,98.8340306892804,91.0,89.0,2.5388,99.0937780508687,4658.83789063,33.7,4.6,81.8258536585366,1.6,81.2465670276699,7.412999999999999,10.774,0.939,73.0,0.931,0.253,0.427,0.845,0.286
CAN,Canada,NAC,High income,2016,55606.1329948184,98.5500411987305,5.3,98.7664020547712,91.0,89.0,2.3105,99.0097526693879,4647.14892578,32.7,4.6,81.94,1.59,81.3023011093703,,10.773,0.924,73.2,0.912,0.211,0.385,0.825,0.237
CAN,Canada,NAC,High income,2017,56612.3062191777,98.6322402954102,5.2,98.6987271756663,91.0,90.0,2.6102,98.9256763278337,4894.7734375,33.3,4.5,81.8078048780488,1.55,81.4018945832226,7.415,10.792,0.934,73.4,0.945,0.163,0.362,0.863,0.218
CAN,Canada,NAC,High income,2018,57337.4682870033,98.6617813110352,5.2,98.6309996680104,91.0,90.0,2.411,98.84154412867,5052.90185547,32.5,4.5,81.8036585365854,1.51,81.5500341646653,,10.798,0.923,73.6,0.946,0.106,0.372,0.8240000000000001,0.259
CAN,Canada,NAC,High income,2019,57583.8230739204,97.1875534057617,5.2,98.5631782582907,91.0,90.0,2.418,98.7573247700797,5098.88720703,31.8,4.5,82.1585365853659,1.47,81.7363672047941,,10.8,0.925,73.8,0.912,0.1119999999999999,0.436,0.8220000000000001,0.285
CAN,Canada,NAC,High income,2020,54092.8576890836,96.9089736938477,5.2,98.4952442433058,92.0,90.0,2.415,98.6730086081464,5646.19433594,31.8,4.5,81.53,1.41,81.9509888710566,,10.73,0.931,74.0,0.887,0.1119999999999999,0.434,0.7959999999999999,0.307
CHE,Switzerland,ECS,High income,2005,71414.3495582368,103.919097900391,5.1,99.9999983311842,94.0,87.0,3.74,99.8810375348048,7075.70751953,33.9,4.3,81.2365853658537,1.42,73.4951000915434,,11.05,0.951,,0.919,0.29,0.408,0.821,0.212
CHE,Switzerland,ECS,High income,2006,73901.6149628577,104.123817443848,4.9,100.0,94.0,87.0,3.79,99.8810597647058,7075.70751953,33.9,4.2,81.490243902439,1.44,73.5115823179813,7.473,11.05,0.951,71.54,0.919,0.29,0.408,0.821,0.212
CHE,Switzerland,ECS,High income,2007,76161.5600232116,103.956550598145,4.8,99.9999997540921,94.0,87.0,3.788,99.8810759344812,7075.70751953,34.3,4.1,81.7414634146342,1.46,73.5283795081459,,11.051666666666668,0.9466666666666667,,0.9096666666666666,0.235,0.386,0.8186666666666667,0.20866666666666664
CHE,Switzerland,ECS,High income,2008,77103.7188320632,104.087661743164,4.7,99.9999971629862,95.0,92.0,3.82,99.8810918351395,7075.70751953,33.8,4.0,81.9926829268293,1.48,73.5482927401305,,11.053333333333333,0.9423333333333332,,0.9003333333333333,0.18,0.364,0.8163333333333334,0.20533333333333326
CHE,Switzerland,ECS,High income,2009,74672.9512725807,103.63484954834,4.6,100.0,95.0,92.0,3.836,99.8811142742757,7263.62695313,32.9,4.0,82.0439024390244,1.5,73.5741230920283,7.525,11.055,0.938,72.26,0.8909999999999999,0.125,0.342,0.8140000000000001,0.2019999999999999
CHE,Switzerland,ECS,High income,2010,76308.8064520802,103.392906188965,4.6,99.9999991015242,95.0,92.0,3.808,99.8811300380304,7645.25732422,32.6,3.9,82.2463414634147,1.52,73.6086716419323,,11.063,0.941,,0.9089999999999999,0.12966666666666668,0.33566666666666667,0.8290000000000001,0.19333333333333327
CHE,Switzerland,ECS,High income,2011,76527.3361539945,102.482177734375,4.5,99.9999978036397,96.0,93.0,3.832,99.884002235061,9139.43066406,31.7,3.9,82.6951219512195,1.52,73.65058748615,,11.071,0.944,,0.9269999999999999,0.13433333333333333,0.32933333333333326,0.8440000000000001,0.18466666666666662
CHE,Switzerland,ECS,High income,2012,76570.2378987121,102.130638122559,4.4,100.0,96.0,93.0,3.915,99.8868750975179,8868.98144531,31.6,3.8,82.6975609756098,1.52,73.7522629583622,,11.079,0.947,72.78,0.945,0.139,0.3229999999999999,0.8590000000000001,0.176
CHE,Switzerland,ECS,High income,2013,77084.6656456739,102.437759399414,4.4,100.0,96.0,93.0,4.039,99.8897357144211,9247.28417969,32.5,3.8,82.7975609756098,1.52,74.1121384785551,,11.0885,0.953,,0.947,0.0995,0.30299999999999994,0.841,0.18249999999999994
CHE,Switzerland,ECS,High income,2014,78086.6805249841,102.470817565918,4.3,99.9999983307103,96.0,94.0,4.125,99.8925900927449,9469.6640625,32.5,3.8,83.1975609756098,1.54,74.7402679059582,7.492999999999999,11.098,0.959,73.06,0.949,0.06,0.283,0.823,0.1889999999999999
CHE,Switzerland,ECS,High income,2015,78325.7487417695,102.15592956543,4.3,100.0,96.0,94.0,4.196,99.8954458615596,9200.10058594,32.3,3.7,82.8975609756098,1.54,75.6044960143169,7.572,11.1,0.938,73.2,0.928,0.109,0.21,0.809,0.166
CHE,Switzerland,ECS,High income,2016,78956.0667315042,101.902526855469,4.2,99.9999985540874,96.0,94.0,4.25,99.8982917124867,9201.47460938,33.0,3.7,83.6024390243903,1.54,76.6726675773771,,11.106,0.928,73.5,0.934,0.088,0.302,0.779,0.206
CHE,Switzerland,ECS,High income,2017,79333.7437810881,101.83332824707,4.1,100.0,96.0,95.0,4.297,99.8998756361922,9354.22070313,32.7,3.6,83.5512195121951,1.52,76.6726675773771,7.474,11.115,0.95,73.8,0.925,0.18,0.316,0.774,0.196
CHE,Switzerland,ECS,High income,2018,81371.8944120855,101.837242126465,4.1,99.999997064468,96.0,95.0,4.338,99.8998706855138,9541.07421875,33.1,3.6,83.7536585365854,1.52,76.6726675773771,7.508999999999999,11.134,0.93,74.1,0.926,0.1009999999999999,0.301,0.792,0.192
CHE,Switzerland,ECS,High income,2019,81694.630652314,101.593048095703,4.0,99.9999991347299,96.0,95.0,4.349,99.8998728058584,9609.80273438,34.0,3.5,83.9048780487805,1.48,76.6726675773771,7.694,11.136,0.949,74.4,0.913,0.036,0.294,0.7979999999999999,0.171
CHE,Switzerland,ECS,High income,2020,79270.8713687141,101.731712341309,4.0,100.0,97.0,97.0,4.388,99.8998740977632,10294.578125,33.7,3.5,83.0,1.46,76.6726675773771,7.507999999999999,11.081,0.946,74.7,0.917,-0.064,0.28,0.769,0.193
CHI,Channel Islands,ECS,High income,2005,,,,,,,,,,,,80.1,1.46,31.106756489445,,,,,,,,,
CHI,Channel Islands,ECS,High income,2006,,,,,,,,,,,,80.4,1.47,31.3350770753618,,,,,,,,,
CHI,Channel Islands,ECS,High income,2007,,,,,,,,,,,,80.6,1.53,31.5692415250024,,,,,,,,,
CHI,Channel Islands,ECS,High income,2008,,,,,,,,,,,,80.8,1.56,31.79721921014,,,,,,,,,
CHI,Channel Islands,ECS,High income,2009,,,,,,,,,,,,81.0,1.57,32.0070188116634,,,,,,,,,
CHI,Channel Islands,ECS,High income,2010,,,,,,,,,,,,81.2,1.58,32.1868229080383,,,,,,,,,
CHI,Channel Islands,ECS,High income,2011,,,,,,,,,,,,81.4,1.59,32.326335016388,,,,,,,,,
CHI,Channel Islands,ECS,High income,2012,,,,,,,,,,,,81.3,1.58,32.4414334604748,,,,,,,,,
CHI,Channel Islands,ECS,High income,2013,,,,,,,,,,,,81.5,1.56,32.5432251775809,,,,,,,,,
CHI,Channel Islands,ECS,High income,2014,,,,,,,,,,,,81.6,1.54,32.6275595274837,,,,,,,,,
CHI,Channel Islands,ECS,High income,2015,,,,,,,,,,,,81.4,1.5,32.6907784276403,,,,,,,,,
CHI,Channel Islands,ECS,High income,2016,,,,,,,,,,,,81.2,1.46,32.7426259745361,,,,,,,,,
CHI,Channel Islands,ECS,High income,2017,,,,,,,,,,,,81.0,1.41,32.7853219355631,,,,,,,,,
CHI,Channel Islands,ECS,High income,2018,,,,,,,,,,,,81.1,1.37,32.8125991997971,,,,,,,,,
CHI,Channel Islands,ECS,High income,2019,,,,,,,,,,,,81.2,1.35,32.8235411026876,,,,,,,,,
CHI,Channel Islands,ECS,High income,2020,,,,,,,,,,,,80.9,1.33,32.8247184979451,,,,,,,,,
CHL,Chile,LCN,High income,2005,20923.479756183,105.35050201416,9.1,97.0126905323196,91.0,90.0,0.97,94.8666435594801,495.56002808,47.7,7.7,78.459,1.825,86.7768244484887,,9.85,0.836,,0.7440000000000001,0.168,0.634,0.804,0.348
CHL,Chile,LCN,High income,2006,21973.7382914389,105.66822052002,9.0,97.1279537978578,94.0,91.0,1.031,95.2084736344443,565.8493042,47.7,7.7,78.533,1.798,86.8125123390851,6.063,9.85,0.836,68.66,0.7440000000000001,0.168,0.634,0.804,0.348
CHL,Chile,LCN,High income,2007,22884.2997108846,106.517280578613,8.9,97.2423387378927,96.0,92.0,1.028,95.5487017791555,643.05963135,47.6,7.6,78.652,1.826,86.8445071581285,5.698,9.887,0.815,68.72,0.662,0.244,0.723,0.767,0.342
CHL,Chile,LCN,High income,2008,23515.3473178269,106.873870849609,8.8,97.3561722018665,95.0,96.0,1.031,95.8876613172274,719.07501221,47.5,7.6,78.752,1.85,86.8765769429469,5.789,9.911,0.804,68.78,0.64,0.084,0.741,0.7875,0.33
CHL,Chile,LCN,High income,2009,23019.0299454094,105.763893127441,8.8,97.4691378531682,94.0,93.0,1.022,96.2250417785822,730.63336182,47.4,7.5,78.89,1.855,86.9124897308683,6.494,9.885,0.8320000000000001,68.84,0.747,0.149,0.7340000000000001,0.8079999999999999,0.3
CHL,Chile,LCN,High income,2010,24122.4787924386,103.219367980957,8.7,97.5812457914008,92.0,93.0,1.423,96.5608717645089,861.72436523,47.15,7.5,79.095,1.844,86.9560135592209,,9.931,0.857,68.9,0.7859999999999999,0.108,0.7020000000000001,0.809,0.3
CHL,Chile,LCN,High income,2011,25372.2741480772,103.170486450195,8.6,97.6928032000078,94.0,91.0,1.575,96.895427820741,984.4486084,46.9,7.4,79.236,1.823,87.0109164653326,,9.98,0.8190000000000001,69.04,0.701,0.1119999999999999,0.753,0.804,0.317
CHL,Chile,LCN,High income,2012,26676.8110154019,103.369781494141,8.4,97.8035215361194,90.0,90.0,1.735,97.2284642217627,1070.51293945,46.849999999999994,7.3,79.221,1.798,87.0824943735696,6.599,10.023,0.855,69.18,0.7340000000000001,0.195,0.782,0.815,0.288
CHL,Chile,LCN,High income,2013,27297.8185145366,102.084899902344,8.3,97.9135421057834,91.0,90.0,1.868,97.5601040614425,1171.77038574,46.8,7.1,79.551,1.786,87.1827777654221,6.74,10.053,0.862,69.32,0.737,0.085,0.741,0.8109999999999999,0.285
CHL,Chile,LCN,High income,2014,27511.5610030404,101.930870056152,8.1,98.0228724170245,95.0,97.0,2.016,97.8903546452322,1138.66113281,46.05,6.9,79.714,1.774,87.3133701497978,6.843999999999999,10.059,0.862,69.46,0.733,0.217,0.758,0.8069999999999999,0.276
CHL,Chile,LCN,High income,2015,27817.9584848024,101.712509155273,7.9,98.1315104153015,96.0,96.0,2.138,98.2192140338201,1122.13378906,45.3,6.8,80.008,1.737,87.4653320342387,6.533,10.07,0.8270000000000001,69.6,0.769,0.0409999999999999,0.812,0.8029999999999999,0.3329999999999999
CHL,Chile,LCN,High income,2016,27965.3473526831,101.585189819336,7.7,98.240006839884,95.0,93.0,2.286,98.5469573760897,1167.89306641,45.3,6.7,80.295,1.686,87.6306290578181,6.579,10.074,0.841,69.7,0.652,0.102,0.858,0.8205,0.283
CHL,Chile,LCN,High income,2017,27899.5979777012,101.396278381348,7.6,98.3483784150021,93.0,93.0,2.43,98.8734482786872,1353.69274902,45.3,6.5,80.61,1.563,87.8000295757281,6.32,10.072,0.88,69.8,0.79,-0.02,0.836,0.838,0.291
CHL,Chile,LCN,High income,2018,28499.4064000406,101.538017272949,7.3,98.4565155199366,95.0,93.0,2.569,99.1482997350228,1430.70263672,45.86666666666667,6.3,80.559,1.543,87.9620493753008,6.436,10.097,0.89,69.9,0.789,-0.06,0.816,0.833,0.276
CHL,Chile,LCN,High income,2019,28227.9790507594,101.193206787109,7.0,98.5642151245882,96.0,95.0,2.627,99.2440906332437,1348.99401855,46.43333333333333,6.0,80.324,1.43,88.1273685623538,5.942,10.095,0.8690000000000001,70.0,0.659,-0.103,0.86,0.809,0.337
CHL,Chile,LCN,High income,2020,26258.4038553242,99.7043991088867,6.8,98.671391193466,93.0,91.0,2.798,99.3144814902357,1270.97814941,47.0,5.8,79.349,1.43,88.2953490438375,6.151,10.02,0.888,70.1,0.7809999999999999,0.033,0.812,0.815,0.336
CHN,China,EAS,Upper-middle income,2005,6298.29929808598,105.243812561035,24.0,84.5333851261105,87.0,86.0,1.239,66.007414871417,73.00266266,40.9,19.4,74.085,1.624,42.9899978637695,,8.696,0.747,,0.853,-0.176,,0.809,0.17
CHN,China,EAS,Upper-middle income,2006,7057.11131595304,105.243812561035,21.9,85.3617795517819,93.0,93.0,1.273,68.0323487727096,82.48256683,41.6,17.7,74.404,1.644,44.3430099487305,,8.696,0.747,66.88,0.853,-0.176,,0.809,0.17
CHN,China,EAS,Upper-middle income,2007,8013.78375739131,105.438949584961,20.1,86.1591731490747,93.0,94.0,1.294,70.020980914326,98.5569458,42.3,16.1,74.789,1.666,45.8892440795898,4.863,8.824,0.8109999999999999,67.06,0.853,-0.176,,0.8170000000000001,0.159
CHN,China,EAS,Upper-middle income,2008,8743.7020031299,106.201782226562,18.5,86.9310466925724,97.0,97.0,1.343,71.9796237589,133.83999634,43.0,14.8,74.833,1.701,46.9895057678223,,8.911,0.748,67.24,0.853,-0.092,,0.8170000000000001,0.147
CHN,China,EAS,Upper-middle income,2009,9518.68128351945,105.59065246582,17.1,87.6756600660426,99.0,99.0,1.419,73.906061649452,164.87619019,43.35,13.5,75.317,1.714,48.3417053222656,4.454,8.996,0.7979999999999999,67.42,0.7709999999999999,-0.16,,0.7859999999999999,0.162
CHN,China,EAS,Upper-middle income,2010,10476.1525652407,104.181700271,15.7,88.3938119002149,99.0,99.0,1.46,75.8010481056182,188.87156677,43.7,12.4,75.668,1.687,49.2340270628041,4.6530000000000005,9.092,0.768,67.6,0.805,-0.133,,0.765,0.158
CHN,China,EAS,Upper-middle income,2011,11404.9179835542,103.329573551865,14.6,89.0737896182727,99.0,99.0,1.485,77.6512502388913,239.19824219,42.4,11.4,75.889,1.668,51.8300285339355,5.037,9.179,0.787,67.76,0.8240000000000001,-0.186,,0.82,0.134
CHN,China,EAS,Upper-middle income,2012,12217.9343813101,103.181119624843,13.5,89.7224776817502,99.0,99.0,1.562,79.464667537609,284.69760132,42.2,10.5,76.2,1.798,53.1003112792969,5.095,9.249,0.7879999999999999,67.92,0.8079999999999999,-0.185,,0.821,0.159
CHN,China,EAS,Upper-middle income,2013,13080.8787864744,101.231978727477,12.5,90.3447948783421,99.0,99.0,1.658,81.2468005281191,329.08572388,39.7,9.7,76.452,1.714,54.4900016784668,5.2410000000000005,9.319,0.778,68.08,0.805,-0.158,,0.836,0.142
CHN,China,EAS,Upper-middle income,2014,13968.5187785922,96.8963827081444,11.6,90.9415850511528,99.0,99.0,1.711,82.9984761523817,362.28695679,39.2,8.9,76.714,1.769,55.7502555847168,,9.386,0.82,68.24,0.82325,-0.217,,0.8540000000000001,0.1119999999999999
CHN,China,EAS,Upper-middle income,2015,14857.1088234405,96.340011477005,10.7,91.5125864728114,99.0,99.0,1.797,84.7193121416501,393.09768677,38.6,8.2,76.975,1.67,57.3297843933105,,9.449,0.794,68.4,0.8415,-0.244,,0.809,0.171
CHN,China,EAS,Upper-middle income,2016,15772.8372607502,96.8787921899343,10.0,92.0580332231986,99.0,99.0,1.888,86.4094766918916,398.17489624,38.5,7.6,77.214,1.772,58.8399238586426,,9.51,0.742,68.7,0.85975,-0.228,,0.826,0.146
CHN,China,EAS,Upper-middle income,2017,16758.0463976858,97.5379880463436,9.3,92.577308673558,99.0,99.0,2.003,88.0683084431652,439.94006348,39.1,7.0,77.235,1.795,60.2402687072754,,9.571,0.772,69.0,0.878,-0.175,,0.821,0.214
CHN,China,EAS,Upper-middle income,2018,17807.0490552244,97.8103054615567,8.6,93.068663255545,99.0,99.0,2.122,89.6942189460529,504.10980225,38.5,6.4,77.709,1.539,61.5001983642578,,9.632,0.7879999999999999,69.3,0.895,-0.159,,0.856,0.19
CHN,China,EAS,Upper-middle income,2019,18820.5871645645,97.8174906065295,8.0,93.5326999183951,99.0,99.0,2.255,91.2881339239822,538.99157715,38.2,6.0,77.94,1.496,62.7099151611328,5.144,9.688,0.8220000000000001,69.6,0.927,-0.173,,0.8909999999999999,0.147
CHN,China,EAS,Upper-middle income,2020,19215.1012491012,98.7860625918346,7.5,93.9705270769772,99.0,99.0,2.385,92.8514975328901,582.95092773,37.1,5.5,78.019,1.496,63.5234230266258,5.771,9.702,0.8079999999999999,69.9,0.8909999999999999,-0.103,,0.789,0.245
CIV,Cote d'Ivoire,SSF,Lower-middle income,2005,4032.27570780036,59.5550498962402,121.2,70.6961620276826,77.0,84.0,0.085,23.5549453716697,46.69436264,43.2,80.0,52.432,5.499,45.082298743724,,8.209,0.667,,0.76,-0.153,0.902,0.604,0.186
CIV,Cote d'Ivoire,SSF,Lower-middle income,2006,4049.29028298687,59.5550498962402,117.4,71.0679891332651,77.0,73.0,0.09933333333333334,24.3743169320385,47.08904266,43.2,77.8,52.885,5.448,45.5035131674326,,8.209,0.667,,0.76,-0.153,0.902,0.604,0.186
CIV,Cote d'Ivoire,SSF,Lower-middle income,2007,3999.72054350731,59.4631118774414,113.5,71.4370073419778,76.0,67.0,0.11366666666666667,25.2023258965762,56.15083694,43.2,75.3,53.452,5.403,45.930317338965,,8.209,0.667,,0.76,-0.153,0.902,0.604,0.186
CIV,Cote d'Ivoire,SSF,Lower-middle income,2008,4096.75377364759,62.3004684448242,109.0,71.8031717766337,74.0,63.0,0.128,26.0389018909406,64.67678833,43.2,72.6,54.179,5.357,46.3620274395029,,8.209,0.667,,0.76,-0.153,0.902,0.604,0.186
CIV,Cote d'Ivoire,SSF,Lower-middle income,2009,4151.08431510133,63.0792808532715,105.2,72.1658002425728,81.0,67.0,0.132,26.8833706227341,71.06480408,42.95714285714286,70.5,54.744,5.332,46.7979596502274,4.197,8.209,0.667,45.78,0.76,-0.153,0.902,0.604,0.186
CIV,Cote d'Ivoire,SSF,Lower-middle income,2010,4338.68457800736,68.32172229119145,101.6,72.5255308385242,78.0,64.0,0.136,27.736273942075,70.04605103,42.714285714285715,68.4,55.282,5.292,47.2374301523201,,8.225249999999999,0.6775,,0.75475,-0.1225,0.8492500000000001,0.6387499999999999,0.216
CIV,Cote d'Ivoire,SSF,Lower-middle income,2011,4017.43753814324,73.5641637291114,98.4,72.8823142494903,61.0,49.0,0.14,28.5975387967836,67.97618103,42.471428571428575,66.6,55.972,5.244,47.6797551269623,,8.241499999999998,0.6880000000000001,,0.7495,-0.092,0.7965,0.6735,0.246
CIV,Cote d'Ivoire,SSF,Lower-middle income,2012,4234.21187719492,78.2860585898227,95.3,73.2358134121721,82.0,74.0,0.16466666666666668,29.4667970282772,69.86203003,42.22857142857143,64.5,56.57,5.19,48.1242507553354,,8.25775,0.6985000000000001,,0.7442500000000001,-0.0615,0.7437499999999999,0.70825,0.276
CIV,Cote d'Ivoire,SSF,Lower-middle income,2013,4597.22035890241,80.7498463265361,92.0,73.5860051813631,75.0,70.0,0.18933333333333333,30.3439798658214,67.13149261,41.98571428571429,62.4,57.057,5.135,48.5702332186208,3.739,8.274,0.7090000000000001,47.1,0.7390000000000001,-0.031,0.691,0.743,0.306
CIV,Cote d'Ivoire,SSF,Lower-middle income,2014,4907.61080546543,83.7491033587174,88.6,73.932866465233,73.0,59.0,0.214,31.2290182892459,74.3581543,41.74285714285714,60.3,57.772,5.071,49.0173144557368,3.57,8.334,0.711,47.4,0.7809999999999999,-0.08,0.6709999999999999,0.647,0.291
CIV,Cote d'Ivoire,SSF,Lower-middle income,2015,5110.90021438908,85.262803745883,85.5,74.2789991723986,79.0,67.0,0.20099999999999998,32.1245714539308,58.43181992,41.5,58.4,58.281,4.97,49.4694894689553,4.445,8.392999999999999,0.7040000000000001,47.7,0.8,-0.053,0.7440000000000001,0.664,0.347
CIV,Cote d'Ivoire,SSF,Lower-middle income,2016,5320.88582199186,87.9691851681795,83.0,74.623678155198,87.0,73.0,0.188,33.0299664803717,61.85705566,40.06666666666667,56.9,58.814,4.873,49.929991034032,4.543,8.437000000000001,0.617,48.3,0.769,-0.043,0.757,0.7040000000000001,0.3779999999999999
CIV,Cote d'Ivoire,SSF,Lower-middle income,2017,5556.1547631509,88.2052011132348,80.5,74.9670485097416,83.0,70.0,0.175,33.945429522791,63.77943039,38.63333333333333,55.2,59.315,4.757,50.3977309654344,5.038,8.482999999999999,0.6609999999999999,48.9,0.732,-0.111,0.7709999999999999,0.698,0.357
CIV,Cote d'Ivoire,SSF,Lower-middle income,2018,5670.24199741353,88.210939705148,77.9,75.3089683562102,83.0,74.0,0.16199999999999998,34.8708875943719,65.87952423,37.2,53.5,59.795,4.596,50.8718477756395,,8.523,0.621,49.5,0.713,-0.05,0.7909999999999999,0.682,0.386
CIV,Cote d'Ivoire,SSF,Lower-middle income,2019,5894.92235259103,88.4747670564693,75.3,75.6490184756229,79.0,71.0,0.149,35.8059580233634,68.30471039,37.2,51.8,60.274,4.523,51.3514799771241,5.392,8.564,0.679,50.1,0.736,-0.017,0.799,0.674,0.425
CIV,Cote d'Ivoire,SSF,Lower-middle income,2020,5787.85814696561,88.6266598469541,73.0,75.9870680852305,72.0,63.0,0.153,36.7505613601134,78.97766876,37.2,50.3,60.14,4.461,51.8357660823651,,8.565,0.613,50.7,0.77,0.016,0.777,0.693,0.34
CMR,Cameroon,SSF,Lower-middle income,2005,4199.72270969362,107.316940307617,127.6,59.8676453814021,80.0,68.0,0.061,39.1141100533379,43.10830688,42.8,73.5,54.904,5.421,48.5837852394685,,8.007,0.69,,0.653,-0.009,0.907,0.606,0.271
CMR,Cameroon,SSF,Lower-middle income,2006,4241.51744722821,105.712219238281,124.2,60.6211512430006,81.0,73.0,0.067,39.4959944299355,44.52022934,42.8,71.6,55.301,5.369,49.2044173412861,3.851,8.007,0.69,45.98,0.653,-0.009,0.907,0.606,0.271
CMR,Cameroon,SSF,Lower-middle income,2007,4302.6192630847,107.514030456543,120.8,61.3565272358718,82.0,74.0,0.073,39.8824343932762,50.30911255,42.8,69.9,55.71,5.343,49.7027028593758,4.35,8.027999999999999,0.7170000000000001,46.56,0.644,-0.031,0.91,0.635,0.249
CMR,Cameroon,SSF,Lower-middle income,2008,4300.26640352464,107.606048583984,117.2,62.0739139861275,84.0,80.0,0.07150000000000001,40.2734502147764,54.58909225,43.34285714285714,68.0,56.116,5.294,50.0858325268669,4.292,8.033999999999999,0.6970000000000001,47.14,0.58,-0.069,0.945,0.6,0.312
CMR,Cameroon,SSF,Lower-middle income,2009,4286.57718166156,109.50218963623,113.7,62.7730584341751,80.0,74.0,0.07,40.6687438087427,51.14823914,43.885714285714286,66.3,56.486,5.236,50.4714131335678,4.7410000000000005,8.029,0.7290000000000001,47.72,0.698,-0.017,0.925,0.593,0.25
CMR,Cameroon,SSF,Lower-middle income,2010,4286.58302947378,111.23470536902,109.5,63.4545114882578,84.0,79.0,0.087,41.0686436848584,50.03335571,44.42857142857143,63.9,56.965,5.154,50.8505075371362,4.553999999999999,8.035,0.759,48.3,0.792,0.002,0.875,0.606,0.2739999999999999
CMR,Cameroon,SSF,Lower-middle income,2011,4307.85195558527,110.019145783217,105.2,64.1180510058743,81.0,76.0,0.091,41.47285114669,58.33031845,44.97142857142857,61.8,57.482,5.052,51.2229843034125,4.434,8.048,0.738,48.7,0.8170000000000001,-0.0289999999999999,0.87,0.598,0.272
CMR,Cameroon,SSF,Lower-middle income,2012,4382.11120797355,114.354228488521,100.8,64.7638368158669,79.0,74.0,0.09671428571428571,41.8813685431632,56.96441269,45.51428571428571,59.6,58.17,4.982,51.5887119982861,4.245,8.065,0.743,49.1,0.7659999999999999,-0.032,0.898,0.618,0.284
CMR,Cameroon,SSF,Lower-middle income,2013,4473.57231896434,114.82921453402551,96.5,65.3916897275554,76.0,71.0,0.10242857142857142,42.2938755253473,57.22771454,46.05714285714286,57.3,58.73,4.905,51.9475591877024,4.271,8.09,0.76,49.5,0.794,-0.03,0.867,0.6809999999999999,0.268
CMR,Cameroon,SSF,Lower-middle income,2014,4588.4864949903,115.30420057953,92.4,66.0018143956848,76.0,71.0,0.10814285714285715,42.7103744161323,57.805347444999995,46.6,55.3,59.13,4.844,52.2993944376709,4.24,8.12,0.778,49.9,0.795,-0.071,0.856,0.623,0.216
CMR,Cameroon,SSF,Lower-middle income,2015,4698.66677843587,117.753568320161,88.5,66.594406364624,76.0,71.0,0.11385714285714285,43.1308620153925,58.38298035,46.6,53.3,59.687,4.841,52.6440863142742,5.038,8.149,0.6459999999999999,50.3,0.7909999999999999,0.049,0.868,0.6509999999999999,0.346
CMR,Cameroon,SSF,Lower-middle income,2016,4767.13186148953,117.173043298412,85.1,67.1696687119462,78.0,72.0,0.11957142857142858,43.555339313602,57.99372482,46.6,51.4,60.293,4.842,52.9815033836792,4.816,8.167,0.659,51.1,0.713,-0.003,0.879,0.662,0.367
CMR,Cameroon,SSF,Lower-middle income,2017,4797.97544185544,111.221389894314,81.9,67.7271653530667,74.0,67.0,0.12528571428571428,43.9831129823405,56.7457695,46.6,49.6,60.817,4.804,53.3115142121504,,8.176,0.695,51.9,0.767,-0.0279999999999999,0.8440000000000001,0.632,0.377
CMR,Cameroon,SSF,Lower-middle income,2018,4851.48003949961,104.334202125375,78.9,68.2677705308144,68.0,61.0,0.131,44.4148640176423,58.32909393,46.6,48.0,61.189,4.74,53.6339873660653,5.251,8.19,0.677,52.7,0.816,0.036,0.884,0.642,0.356
CMR,Cameroon,SSF,Lower-middle income,2019,4882.35560028896,106.75480128827,76.6,68.7910816912942,67.0,61.0,0.1145,44.8498829146317,56.79493713,46.6,46.9,61.695,4.651,53.9487914119331,4.937,8.203,0.711,53.5,0.7120000000000001,-0.008,0.8170000000000001,0.629,0.326
CMR,Cameroon,SSF,Lower-middle income,2020,4763.48194388066,106.75480128827,74.4,69.29764588045,68.0,63.0,0.098,45.2885112207418,66.17185211,46.6,45.5,61.674,4.557,54.2557949164174,5.2410000000000005,8.175,0.72,54.3,0.675,0.049,0.8370000000000001,0.63,0.386
COD,"Congo, Dem. Rep.",SSF,Low income,2005,1016.6338907666,83.5494232177734,118.9,37.3204734649606,65.0,61.0,0.088,21.5079480867388,8.55065727,42.1,69.0,54.001,6.526,37.4018738621901,,6.728,0.733,,0.556,-0.022,0.8240000000000001,0.491,0.283
COD,"Congo, Dem. Rep.",SSF,Low income,2006,1036.13329616563,83.5494232177734,118.9,37.2515489023917,65.0,63.0,0.088,21.0891369417888,10.37645721,42.1,69.0,54.498,6.547,37.8024827128113,,6.728,0.733,,0.556,-0.022,0.8240000000000001,0.491,0.283
COD,"Congo, Dem. Rep.",SSF,Low income,2007,1091.54081233234,83.5494232177734,113.8,37.1762282091892,65.0,64.0,0.088,20.6788073735842,11.5629034,42.1,66.2,54.954,6.559,38.201781337298,,6.728,0.733,,0.556,-0.022,0.8240000000000001,0.491,0.283
COD,"Congo, Dem. Rep.",SSF,Low income,2008,1137.84087315488,91.8869476318359,109.2,37.0934309203905,68.0,64.0,0.088,20.2769257473546,15.36659527,42.1,63.7,55.388,6.58,38.5997245210844,,6.728,0.733,,0.556,-0.022,0.8240000000000001,0.491,0.283
COD,"Congo, Dem. Rep.",SSF,Low income,2009,1109.18311674431,91.9076995849609,105.0,37.0040705646358,71.0,65.0,0.088,19.8835866395137,12.75762081,42.1,61.4,55.798,6.591,38.9962670496049,3.984,6.728,0.733,49.34,0.556,-0.022,0.8240000000000001,0.491,0.283
COD,"Congo, Dem. Rep.",SSF,Low income,2010,1166.98306581442,92.0860977172852,101.4,36.9070813122382,70.5,66.0,0.08725,19.4987263873328,12.1423111,42.1,59.5,56.411,6.587,39.391363708294,,6.7625,0.7385,,0.5935,-0.0235,0.8400000000000001,0.554,0.2455
COD,"Congo, Dem. Rep.",SSF,Low income,2011,1124.7720535769,93.5223922729492,98.3,36.8033581567191,70.0,66.0,0.0865,19.1224518584775,11.89942932,42.1,57.9,56.911,6.582,39.7849692825859,4.517,6.797000000000001,0.7440000000000001,50.34,0.631,-0.025,0.856,0.617,0.208
COD,"Congo, Dem. Rep.",SSF,Low income,2012,1182.14074588327,98.2439804077148,95.9,36.691850585446,71.0,69.0,0.08575,18.754668067258,13.20595551,42.1,56.7,57.35,6.559,40.1770385579151,4.638999999999999,6.832000000000001,0.77,50.78,0.557,-0.035,0.807,0.634,0.23
COD,"Congo, Dem. Rep.",SSF,Low income,2013,1342.74156112016,99.9129028320312,94.1,36.5724802578576,71.0,68.0,0.085,18.3953621300218,15.37901688,42.425000000000004,55.8,57.795,6.527,40.5675263197158,4.497,6.88,0.83,51.22,0.48,0.012,0.913,0.589,0.187
COD,"Congo, Dem. Rep.",SSF,Low income,2014,1392.75841334673,103.857719421387,92.7,36.4456556153398,73.0,69.0,0.09783333333333334,18.044594889942,18.22281265,42.75,55.3,58.236,6.483,40.9563873534225,4.414,6.937,0.8220000000000001,51.66,0.556,0.009,0.8140000000000001,0.5589999999999999,0.305
COD,"Congo, Dem. Rep.",SSF,Low income,2015,1433.21579814709,102.056510925293,91.9,36.3108122967194,70.0,65.0,0.11066666666666668,17.7022823048892,18.57252884,43.075,55.1,58.658,6.437,41.3435764444694,3.903,6.971,0.767,52.1,0.574,-0.048,0.866,0.589,0.301
COD,"Congo, Dem. Rep.",SSF,Low income,2016,1388.80163211633,105.200564066569,91.5,36.1678765737664,70.0,63.0,0.1235,17.3684018777428,19.3114109,43.400000000000006,55.1,59.081,6.392,41.7290483782911,,6.962000000000001,0.8640000000000001,52.5,0.637,-0.024,0.875,0.6459999999999999,0.222
COD,"Congo, Dem. Rep.",SSF,Low income,2017,1395.71961761712,108.34461720784499,91.5,36.016305001478,71.0,65.0,0.13633333333333333,17.0428367247806,18.14648819,43.725,55.4,59.495,6.349,42.1127579403217,4.311,6.966,0.67,52.9,0.7040000000000001,0.068,0.809,0.551,0.4039999999999999
COD,"Congo, Dem. Rep.",SSF,Low income,2018,1431.7285269693,111.488670349121,91.7,35.8564891827066,71.0,64.0,0.14916666666666667,16.7256345274003,17.29077148,44.050000000000004,55.8,59.926,6.302,42.4946599159958,,6.966,0.67,,0.7040000000000001,0.068,0.809,0.551,0.4039999999999999
COD,"Congo, Dem. Rep.",SSF,Low income,2019,1394.76461472893,113.6934814453125,92.2,35.6878940308452,73.0,65.0,0.162,16.416662028181,19.20812035,44.375,56.5,60.242,6.253,42.8747090907476,,6.966,0.67,,0.7040000000000001,0.068,0.809,0.551,0.4039999999999999
COD,"Congo, Dem. Rep.",SSF,Low income,2020,1361.02791099008,115.898292541504,92.7,35.5104494105668,70.0,62.0,0.162,16.1158651582213,20.5593071,44.7,57.2,60.428,6.206,43.2528602500115,,6.966,0.67,,0.7040000000000001,0.068,0.809,0.551,0.4039999999999999
COG,"Congo, Rep.",SSF,Lower-middle income,2005,7876.11806658285,105.244941711426,85.7,61.5609564350404,63.0,54.0,0.101,13.5511098859657,30.90304375,47.3,56.1,58.73,4.669,61.310286636126,,8.082,0.555,,0.526,-0.098,0.833,0.573,0.298
COG,"Congo, Rep.",SSF,Lower-middle income,2006,8192.57979719023,106.369476318359,79.5,62.5017877997765,74.0,61.0,0.101,14.0325360521402,35.94208145,47.56666666666666,52.1,59.474,4.651,61.6237792620651,,8.082,0.555,,0.526,-0.098,0.833,0.573,0.298
COG,"Congo, Rep.",SSF,Lower-middle income,2007,7375.82454100145,104.983001708984,73.9,63.4409103501595,73.0,59.0,0.101,14.526041670099,41.96711731,47.83333333333333,48.5,60.05,4.649,61.8502563370293,,8.082,0.555,,0.526,-0.098,0.833,0.573,0.298
COG,"Congo, Rep.",SSF,Lower-middle income,2008,7587.28826163492,103.227241516113,69.2,64.3791200953514,80.0,69.0,0.10433333333333333,15.0320398597223,63.41820908,48.099999999999994,45.5,60.79,4.726,62.0354815675203,3.82,8.082,0.555,52.2,0.526,-0.098,0.833,0.573,0.298
COG,"Congo, Rep.",SSF,Lower-middle income,2009,8138.45033818822,107.301200866699,65.3,65.3159834381157,80.0,63.0,0.10766666666666667,15.5506904084731,48.65313721,48.36666666666667,43.1,61.215,4.808,62.2172294650265,,8.114666666666666,0.5823333333333334,,0.599,-0.10166666666666667,0.833,0.589,0.29466666666666663
COG,"Congo, Rep.",SSF,Lower-middle income,2010,8583.66179834288,109.023651123047,62.4,66.2515975807208,76.0,75.0,0.111,16.0823108780158,54.56225586,48.63333333333333,41.2,61.731,4.851,62.3922871058739,,8.147333333333334,0.6096666666666667,,0.672,-0.10533333333333333,0.833,0.605,0.29133333333333333
COG,"Congo, Rep.",SSF,Lower-middle income,2011,8492.42098392103,108.505096435547,60.0,67.1844431261946,83.0,83.0,0.114,16.6267539486772,59.51348114,48.9,39.7,62.286,4.826,62.5597508130231,4.51,8.18,0.637,54.58,0.745,-0.109,0.833,0.621,0.288
COG,"Congo, Rep.",SSF,Lower-middle income,2012,9079.68656400891,105.514228820801,57.9,68.1146295030684,85.0,80.0,0.1116,17.1843319193312,71.2766571,48.9,38.5,62.662,4.785,62.7187169094345,3.919,8.192,0.622,54.96,0.773,-0.1119999999999999,0.8,0.564,0.3229999999999999
COG,"Congo, Rep.",SSF,Lower-middle income,2013,8798.49382506314,105.514228820801,56.2,69.0417229915666,85.0,80.0,0.1092,17.7552084772419,71.85824585,48.9,37.4,62.969,4.731,62.8682817180686,3.955,8.201,0.68,55.34,0.726,-0.078,0.752,0.61,0.291
COG,"Congo, Rep.",SSF,Lower-middle income,2014,9159.25664414045,105.514228820801,54.5,69.9648050667042,90.0,80.0,0.10679999999999999,18.3393600656814,71.03118896,48.9,36.4,63.349,4.665,63.0075415618859,,8.242,0.6859999999999999,55.72,0.662,-0.11,0.8079999999999999,0.595,0.4
COG,"Congo, Rep.",SSF,Lower-middle income,2015,8977.70681641417,105.514228820801,52.7,70.8834804766701,80.0,80.0,0.10439999999999999,18.9369281667441,57.30290604,48.9,35.3,63.662,4.607,63.135592763847,,8.243,0.642,56.1,0.85,-0.104,0.841,0.606,0.261
COG,"Congo, Rep.",SSF,Lower-middle income,2016,8001.8255194505,105.514228820801,51.0,71.7973477617,71.0,67.0,0.102,19.5480521293593,54.3000145,48.9,34.2,63.911,4.546,63.2515316469123,4.119,8.19,0.615,56.7,0.7859999999999999,-0.072,0.79,0.61,0.304
COG,"Congo, Rep.",SSF,Lower-middle income,2017,7372.77046737599,105.514228820801,49.3,72.7060273572944,69.0,70.0,0.1005,20.1728789551264,52.29982376,48.9,33.2,64.203,4.496,63.3544545340423,4.884,8.146,0.655,57.3,0.778,-0.131,0.763,0.599,0.382
COG,"Congo, Rep.",SSF,Lower-middle income,2018,7029.33651566257,105.514228820801,47.6,72.9020532045187,75.0,75.0,0.099,20.2685707874205,47.310215,48.9,32.2,64.472,4.442,63.4434577481975,5.49,8.136000000000001,0.621,57.9,0.6990000000000001,-0.092,0.738,0.588,0.4479999999999999
COG,"Congo, Rep.",SSF,Lower-middle income,2019,6939.36913397466,105.514228820801,52.2,73.0980812765278,79.0,73.0,0.099,20.3642632516174,58.42106628,48.9,33.2,63.152,4.38,63.5176376123385,5.212999999999999,8.101,0.625,58.5,0.6859999999999999,-0.046,0.741,0.645,0.405
COG,"Congo, Rep.",SSF,Lower-middle income,2020,6350.50913409722,105.514228820801,44.5,73.2936799973637,73.0,68.0,0.099,20.4597460251332,80.09735107,48.9,30.3,64.391,4.329,63.5760904494257,,8.101,0.625,,0.6859999999999999,-0.046,0.741,0.645,0.405
COL,Colombia,LCN,Upper-middle income,2005,11999.2549591305,124.040641784668,21.4,92.4559019256854,93.0,94.0,1.432,79.8764166229858,209.68319702,53.9,18.7,73.156,2.309,76.004938901378,,9.277,0.91,,0.805,-0.015,0.8079999999999999,0.8,0.326
COL,Colombia,LCN,Upper-middle income,2006,12636.6246577724,124.619491577148,20.7,92.7472892906741,93.0,95.0,1.469,80.7659057665672,240.10488892,54.266666666666666,18.2,73.497,2.241,76.1619191918164,6.025,9.277,0.91,65.22,0.805,-0.015,0.8079999999999999,0.8,0.326
COL,Colombia,LCN,Upper-middle income,2007,13318.3033138168,125.468856811523,20.1,93.0332113422634,94.0,95.0,1.511,81.654183644965,309.61691284,54.63333333333333,17.7,73.751,2.195,76.3144038775849,6.138,9.33,0.894,65.34,0.7859999999999999,-0.04,0.86,0.8079999999999999,0.287
COL,Colombia,LCN,Upper-middle income,2008,13591.0609028567,126.483901977539,19.5,93.314014699102,92.0,92.0,1.563,82.5414361223495,379.16812134,55.0,17.2,74.206,2.155,76.4596761810047,6.167999999999999,9.351,0.88,65.46,0.795,-0.042,0.763,0.8029999999999999,0.307
COL,Colombia,LCN,Upper-middle income,2009,13586.7518430982,128.164978027344,18.8,93.5897587496726,92.0,95.0,1.617,83.4276365451397,383.91674805,54.1,16.7,74.531,2.096,76.5964145836792,6.272,9.351,0.8859999999999999,65.58,0.757,-0.055,0.8370000000000001,0.843,0.273
COL,Colombia,LCN,Upper-middle income,2010,14037.0642668639,124.375137329102,18.2,93.860299409895,88.0,88.0,1.666,84.3126146543662,452.44281006,54.4,16.2,74.876,2.01,76.7232975672119,,9.384,0.893,65.7,0.816,-0.05,0.815,0.831,0.265
COL,Colombia,LCN,Upper-middle income,2011,14852.3699513061,121.831283569336,17.6,94.125708214804,85.0,88.0,1.754,85.1963554743704,501.84420776,53.3,15.7,75.18,1.938,76.839003613206,6.464,9.442,0.904,65.92,0.8109999999999999,-0.073,0.847,0.8320000000000001,0.286
COL,Colombia,LCN,Upper-middle income,2012,15279.4790008058,118.63996887207,17.1,94.3863166731145,92.0,94.0,1.814,86.0790424953877,547.00732422,53.6,15.2,75.611,1.899,76.942211203265,6.375,9.471,0.914,66.14,0.828,-0.009,0.868,0.846,0.294
COL,Colombia,LCN,Upper-middle income,2013,15912.2471293239,119.084732055664,16.5,94.6419721075512,91.0,92.0,1.884,86.9605014574524,580.96453857,53.5,14.8,75.834,1.86,77.0315988189922,6.607,9.512,0.901,66.36,0.841,-0.071,0.898,0.851,0.278
COL,Colombia,LCN,Upper-middle income,2014,16480.3631474161,116.080101013184,16.0,94.8927542496252,90.0,91.0,1.96,87.8407302764007,588.29449463,53.6,14.3,75.95,1.822,77.1058449419909,,9.546,0.907,66.58,0.8009999999999999,-0.09,0.887,0.847,0.278
COL,Colombia,LCN,Upper-middle income,2015,16821.3801400631,115.497077941895,15.5,95.1389846235131,91.0,94.0,2.022,88.7199118898909,470.099823,52.0,13.9,76.067,1.771,77.1636280538646,,9.564,0.89,66.8,0.7909999999999999,-0.1,0.843,0.8390000000000001,0.292
COL,Colombia,LCN,Upper-middle income,2016,17003.244366485,115.443153381348,15.0,95.3807152978726,91.0,93.0,2.088,89.5980252896949,448.84588623,51.7,13.5,76.228,1.719,77.2036266362166,,9.571,0.882,67.1,0.835,-0.1,0.898,0.794,0.294
COL,Colombia,LCN,Upper-middle income,2017,16986.0334182842,113.305381774902,14.5,95.6178346039203,92.0,93.0,2.163,90.4749374427322,497.54016113,50.9,13.1,76.418,1.717,77.2245191706503,6.157,9.569,0.909,67.4,0.838,-0.157,0.875,0.8370000000000001,0.299
COL,Colombia,LCN,Upper-middle income,2018,17104.1313545678,111.699180603027,14.0,95.8504284105736,92.0,95.0,2.242,91.3506596764722,526.11828613,51.6,12.7,76.579,1.715,77.2804816598084,5.984,9.579,0.871,67.7,0.851,-0.148,0.855,0.825,0.301
COL,Colombia,LCN,Upper-middle income,2019,17336.7716030551,109.355506896973,13.5,96.0785830726848,94.0,95.0,2.317,92.2252062631808,507.06231689,52.5,12.3,76.793,1.71,77.4595528518377,6.35,9.598,0.873,68.0,0.8220000000000001,-0.172,0.8540000000000001,0.8220000000000001,0.322
COL,Colombia,LCN,Upper-middle income,2020,15861.4999291295,107.083686828613,13.1,96.3025836876793,88.0,90.0,2.394,93.0987394041419,464.41998291,54.4,11.9,74.757,1.694,77.6382533537045,5.709,9.495,0.797,68.3,0.84,-0.085,0.8079999999999999,0.795,0.34
COM,Comoros,SSF,Lower-middle income,2005,3231.72506154387,96.8090896606445,65.8,87.1113174713824,68.0,67.0,0.196,32.2696522597859,67.80059814,45.3,55.1,60.883,5.012,28.016895208368,,7.952000000000001,0.629,,0.508,-0.074,0.838,0.672,0.1669999999999999
COM,Comoros,SSF,Lower-middle income,2006,3111.62570879692,96.8090896606445,63.4,87.0042522799134,69.0,66.0,0.19675,33.75605986205,65.72916412,45.3,53.3,61.229,4.934,28.1143215973031,,7.952000000000001,0.629,,0.508,-0.074,0.838,0.672,0.1669999999999999
COM,Comoros,SSF,Lower-middle income,2007,3074.7346796054,96.8090896606445,61.2,86.8964208746241,75.0,65.0,0.1975,35.2256531986229,69.87202454,45.3,51.7,61.475,4.859,28.2493321448949,,7.952000000000001,0.629,,0.508,-0.074,0.838,0.672,0.1669999999999999
COM,Comoros,SSF,Lower-middle income,2008,3133.75034704474,103.063667297363,59.2,86.7879033627296,81.0,76.0,0.19825,36.6778613088967,73.75498962,45.3,50.2,61.955,4.805,28.4193498063202,,7.952000000000001,0.629,,0.508,-0.074,0.838,0.672,0.1669999999999999
COM,Comoros,SSF,Lower-middle income,2009,3171.6035546392,105.800809780472,57.3,86.6788340551763,83.0,79.0,0.199,38.1124210259684,69.4848938,45.3,48.9,62.302,4.778,28.6217975367563,3.4760000000000004,7.952000000000001,0.629,54.36,0.508,-0.074,0.838,0.672,0.1669999999999999
COM,Comoros,SSF,Lower-middle income,2010,3226.63502045267,108.537952263581,55.6,86.5693640440455,74.0,72.0,0.193,39.5290364231299,69.21523285,45.3,47.6,62.747,4.755,28.8540982913801,3.812,7.965,0.721,54.7,0.529,0.005,0.741,0.728,0.178
COM,Comoros,SSF,Lower-middle income,2011,3293.83407668409,111.27509474669,54.0,86.4595303039768,83.0,79.0,0.187,40.9270162396415,81.19863892,45.3,46.4,63.105,4.722,29.1136750253686,,7.981,0.722,55.02,0.5,-0.075,0.732,0.667,0.173
COM,Comoros,SSF,Lower-middle income,2012,3330.52446059187,113.4292805579345,52.5,86.3494754574658,86.0,85.0,0.181,42.3060704892515,77.10220337,45.3,45.4,63.463,4.652,29.397950693899,3.956,7.987999999999999,0.7190000000000001,55.34,0.534,-0.121,0.6509999999999999,0.612,0.212
COM,Comoros,SSF,Lower-middle income,2013,3406.49918649378,115.583466369179,51.2,86.2393591823008,83.0,82.0,0.2085,43.665877233981,81.81765747,45.3,44.4,63.839,4.572,29.7043482521482,,7.9946666666666655,0.7026666666666668,,0.5383333333333333,-0.0865,0.6748333333333333,0.6346666666666667,0.23283333333333334
COM,Comoros,SSF,Lower-middle income,2014,3403.41291459985,113.579839227082,50.0,86.1291911979684,80.0,80.0,0.236,45.005792347169,84.63935852,45.3,43.6,64.143,4.489,30.0302906552932,,8.001333333333331,0.6863333333333334,,0.5426666666666667,-0.052000000000000005,0.6986666666666667,0.6573333333333333,0.25366666666666665
COM,Comoros,SSF,Lower-middle income,2015,3370.5557232032,111.12632510653434,48.9,86.0191792490847,80.0,81.0,0.26349999999999996,46.3255872493184,61.16300201,43.449999999999996,42.8,64.473,4.42,30.3732008585112,,8.008,0.67,,0.547,-0.017500000000000016,0.7224999999999999,0.6799999999999999,0.2745
COM,Comoros,SSF,Lower-middle income,2016,3411.77123523582,108.67281098598667,47.9,85.9094298430236,75.0,77.0,0.291,47.6248040673008,63.53099442,41.6,42.0,64.792,4.348,30.7305018169792,,8.014666666666665,0.6536666666666667,,0.5513333333333333,0.016999999999999987,0.7463333333333333,0.7026666666666667,0.29533333333333334
COM,Comoros,SSF,Lower-middle income,2017,3472.07858942366,106.219296865439,46.9,85.8000023194019,79.0,75.0,0.288,48.9029223957365,75.01337433,39.75,41.3,65.127,4.278,31.0996559689293,,8.021333333333333,0.6373333333333333,,0.5556666666666668,0.05149999999999999,0.7701666666666667,0.7253333333333334,0.3161666666666667
COM,Comoros,SSF,Lower-middle income,2018,3528.95868167877,107.061915636176,45.8,85.6910036830202,77.0,74.0,0.285,50.159514854681,74.89152527,37.9,40.6,65.401,4.208,31.4073645195839,3.973,8.027999999999999,0.621,57.2,0.56,0.086,0.794,0.748,0.337
COM,Comoros,SSF,Lower-middle income,2019,3522.66866952646,107.061915636176,44.8,85.582654605357,78.0,76.0,0.363,51.3942491790653,78.23674774,36.050000000000004,39.8,65.662,4.138,31.7287584068243,4.609,8.033,0.632,57.5,0.5379999999999999,0.077,0.762,0.736,0.336
COM,Comoros,SSF,Lower-middle income,2020,3447.47274904772,107.061915636176,43.7,85.4750115485724,74.0,75.0,0.441,52.6066035113726,89.67817688,34.2,38.9,65.756,4.071,32.0638072194881,,8.033,0.632,,0.5379999999999999,0.077,0.762,0.736,0.336
CPV,Cabo Verde,SSF,Upper-middle income,2005,5565.76951208069,112.191917419434,28.0,81.0817210123183,95.0,93.0,0.136,48.4726022548582,96.08917999,47.2,23.9,70.936,2.726,57.7977695763157,,,,,,,,,
CPV,Cabo Verde,SSF,Upper-middle income,2006,5941.38218091511,112.301071166992,28.0,81.5021226151102,96.0,94.0,0.136,50.7498010778296,113.13097382,47.2,24.1,71.341,2.555,58.5332660925599,,,,,,,,,
CPV,Cabo Verde,SSF,Upper-middle income,2007,6767.40677380347,110.927947998047,28.1,81.920929167246,98.0,96.0,0.136,53.0093493269466,127.73626709,47.2,24.4,71.487,2.409,59.287606518789,,,,,,,,,
CPV,Cabo Verde,SSF,Upper-middle income,2008,7169.13944155367,109.969436645508,27.9,82.3386902741848,99.0,97.0,0.136,55.2521980462488,127.79390717,46.6,24.5,71.888,2.298,60.0741911239572,,,,,,,,,
CPV,Cabo Verde,SSF,Upper-middle income,2009,6994.5740991365,108.620460510254,27.5,82.754314077093,99.0,97.0,0.136,57.4769284411617,130.23704529,46.0,24.3,72.142,2.246,60.906420177019,,,,,,,,,
CPV,Cabo Verde,SSF,Upper-middle income,2010,7072.12150207342,107.555528675325,26.7,83.1663318440796,99.0,97.0,0.573,59.6818514080991,146.07247925,45.4,23.8,72.507,2.329,61.7974262732302,,,,,,,,,
CPV,Cabo Verde,SSF,Upper-middle income,2011,7325.78441834692,107.478306845395,25.6,83.522244248535,90.0,96.0,0.571,61.8006547143134,157.08999634,44.8,23.0,72.913,2.329,62.7419929036884,,,,,,,,,
CPV,Cabo Verde,SSF,Upper-middle income,2012,7397.82220702474,108.38813689184,24.2,83.8774934810221,94.0,91.0,0.508,63.9530735782999,174.66062927,44.2,21.9,73.315,2.153,63.7260454520996,,,,,,,,,
CPV,Cabo Verde,SSF,Upper-middle income,2013,7440.66242650114,108.020740500689,22.6,84.2318960930689,93.0,91.0,0.601,66.0992428842147,191.1048584,43.6,20.5,73.481,2.067,64.7486207521826,,,,,,,,,
CPV,Cabo Verde,SSF,Upper-middle income,2014,7491.02198228243,107.53603339203,20.9,84.5854646017969,95.0,93.0,0.461,68.2388818808702,193.39482117,43.0,19.1,73.788,2.031,65.8085112712742,,,,,,,,,
CPV,Cabo Verde,SSF,Upper-middle income,2015,7560.13649202469,105.850444928795,19.2,84.9382015962204,93.0,92.0,0.743,70.3717073692285,150.28823853,42.4,17.6,74.096,1.968,66.9045094767116,,,,,,,,,
CPV,Cabo Verde,SSF,Upper-middle income,2016,7881.30336227784,104.433854930994,17.6,85.581322426682,96.0,93.0,0.731,72.496932762021,157.39906311,42.4,16.2,74.35,1.966,68.0354078358316,,,,,,,,,
CPV,Cabo Verde,SSF,Upper-middle income,2017,8234.56000312459,104.154022187951,16.2,86.333068742186,96.0,96.0,0.659,74.6142580571751,174.43547058,42.4,15.1,74.71,1.93,69.1999988159713,,,,,,,,,
CPV,Cabo Verde,SSF,Upper-middle income,2018,8531.12961646549,105.84560911247,15.1,87.0755452684611,98.0,99.0,0.711,76.7237249815456,205.5345459,42.4,14.1,74.84,1.804,70.3970748844677,,,,,,,,,
CPV,Cabo Verde,SSF,Upper-middle income,2019,9111.62993173269,105.208665983159,14.1,87.808568861158,96.0,98.0,0.743,78.8249549430518,211.24963379,42.4,13.2,75.449,1.698,71.6254285086577,,,,,,,,,
CPV,Cabo Verde,SSF,Upper-middle income,2020,7207.86853962048,103.42828248778,13.3,88.5325658069206,93.0,95.0,0.725,80.9181460926349,249.71989441,42.4,12.5,73.818,1.591,72.8838521558784,,,,,,,,,
CRI,Costa Rica,LCN,High income,2005,15711.7451335337,107.09986114502,11.3,96.5413161028421,91.0,89.0,2.053,94.8112740526154,313.48355103,47.5,9.7,78.877,2.038,64.8998632216384,,9.565,0.937,,0.882,0.06,0.7979999999999999,0.868,0.236
CRI,Costa Rica,LCN,High income,2006,16628.3723014013,108.812652587891,11.2,96.8693455688098,89.0,90.0,2.053,95.0158919320253,364.52426147,49.3,9.6,79.049,1.937,66.1703051228767,7.082000000000001,9.565,0.937,69.94,0.882,0.06,0.7979999999999999,0.868,0.236
CRI,Costa Rica,LCN,High income,2007,17752.4161954513,108.192337036133,11.1,97.1812060474922,89.0,90.0,2.102,95.2137195498557,429.41894531,49.3,9.5,79.098,1.954,67.4686406496983,7.432,9.63,0.918,69.88,0.923,0.098,0.82,0.875,0.24
CRI,Costa Rica,LCN,High income,2008,18343.0996854851,109.621971130371,10.9,97.4773794147113,90.0,89.0,2.169,95.4049708043013,518.1114502,48.6,9.4,79.18,1.98,68.7925833934861,6.851,9.662,0.916,69.82,0.912,0.096,0.816,0.8440000000000001,0.233
CRI,Costa Rica,LCN,High income,2009,17941.5019129465,110.964897155762,10.7,97.7577854110193,86.0,81.0,2.228,95.6700736028265,537.06317139,50.6,9.2,79.372,1.953,70.1398469456228,7.615,9.639,0.9,69.76,0.8859999999999999,0.065,0.787,0.8759999999999999,0.217
CRI,Costa Rica,LCN,High income,2010,18670.1678827387,109.92635345459,10.5,98.0009426570817,88.0,83.0,2.317,95.9272885931521,663.69165039,48.0,9.0,79.354,1.827,71.5081448974915,7.271,9.675,0.915,69.7,0.8809999999999999,0.047,0.763,0.8859999999999999,0.221
CRI,Costa Rica,LCN,High income,2011,19264.4566461776,108.691719055176,10.2,98.2283678408566,85.0,83.0,2.384,96.176583273924,753.42633057,48.8,8.8,79.624,1.877,72.8426586679914,7.229,9.705,0.892,69.9,0.926,-0.033,0.8370000000000001,0.8759999999999999,0.2689999999999999
CRI,Costa Rica,LCN,High income,2012,19970.6856013628,107.544090270996,9.8,98.4744866370989,91.0,90.0,2.471,96.4170699422162,788.53100586,48.4,8.5,79.925,1.851,73.3895020668217,7.272,9.74,0.902,70.1,0.929,0.046,0.794,0.897,0.263
CRI,Costa Rica,LCN,High income,2013,20242.2938648319,105.42813873291,9.5,98.7063924008677,95.0,91.0,2.556,96.6492260936329,829.93658447,49.2,8.2,80.189,1.779,73.9431776192863,7.158,9.751,0.902,70.3,0.898,0.018,0.813,0.85,0.278
CRI,Costa Rica,LCN,High income,2014,20735.1927258406,104.007881164551,9.2,98.925021084525,91.0,95.0,2.659,96.8735289807789,836.23120117,48.6,8.0,80.231,1.8,74.4866963181212,7.247000000000001,9.775,0.914,70.5,0.927,0.01,0.7879999999999999,0.8370000000000001,0.29
CRI,Costa Rica,LCN,High income,2015,21265.3176336354,103.75464630127,9.0,99.1313622232054,92.0,93.0,1.806,97.0905446199626,889.3762207,48.4,7.8,80.407,1.797,75.0198195767549,6.854,9.799,0.878,70.7,0.907,-0.059,0.7609999999999999,0.85,0.286
CRI,Costa Rica,LCN,High income,2016,21936.4660575366,104.599922180176,8.9,99.3263015038118,97.0,93.0,1.955,97.3007564187582,884.73028564,48.7,7.7,79.988,1.746,75.5423088085047,7.136,9.83,0.901,70.9,0.873,-0.032,0.7809999999999999,0.8740000000000001,0.281
CRI,Costa Rica,LCN,High income,2017,22633.7648663302,103.215171813965,8.9,99.5106743044316,96.0,96.0,2.101,97.5045870013496,867.76733398,48.3,7.7,79.994,1.714,76.0539254265608,7.225,9.858,0.922,71.1,0.936,-0.076,0.742,0.8740000000000001,0.275
CRI,Costa Rica,LCN,High income,2018,23069.8622241266,105.513519287109,9.0,99.6853095331448,94.0,94.0,2.253,97.7025136559983,917.31018066,48.0,7.8,80.09,1.706,76.5544308439668,7.141,9.874,0.8759999999999999,71.3,0.942,-0.107,0.7809999999999999,0.87,0.326
CRI,Costa Rica,LCN,High income,2019,23496.8294622995,108.828872680664,9.1,99.7975280834127,95.0,95.0,2.376,97.8949564570676,930.43511963,48.2,7.9,80.296,1.6,77.0435864735963,6.997999999999999,9.885,0.906,71.5,0.927,-0.146,0.836,0.848,0.303
CRI,Costa Rica,LCN,High income,2020,22368.1378072638,108.293647766113,9.3,99.8105394546059,97.0,95.0,2.494,98.0823538854413,969.89099121,49.2,8.1,79.725,1.448,77.5211537281257,,9.885,0.906,,0.927,-0.146,0.836,0.848,0.303
CUB,Cuba,LCN,Upper-middle income,2005,,103.219841003418,7.1,92.4685863425789,89.0,98.0,6.268,82.6899916406474,331.50354004,,5.6,77.54,1.486,76.0033319545493,,,0.97,,0.281,,,0.647,0.2769999999999999
CUB,Cuba,LCN,Upper-middle income,2006,,102.976463317871,6.8,92.5950448888063,89.0,96.0,6.339,83.3149183953816,386.8258667,,5.4,77.406,1.402,76.1121531072403,5.417999999999999,,0.97,68.44,0.281,,,0.647,0.2769999999999999
CUB,Cuba,LCN,Upper-middle income,2007,,102.083908081055,6.6,92.7206267884333,93.0,97.0,6.416,83.9411498169061,569.43585205,,5.2,77.55,1.436,76.2356834650585,,,0.97,,0.281,,,0.647,0.2769999999999999
CUB,Cuba,LCN,Upper-middle income,2008,,100.847221374512,6.5,92.8453176917664,95.0,98.0,6.602,84.5686588894511,609.27282715,,5.1,77.589,1.576,76.365461375763,,,0.97,,0.281,,,0.647,0.2769999999999999
CUB,Cuba,LCN,Upper-middle income,2009,,101.11939239502,6.3,92.9690063115847,96.0,99.0,6.63,85.1973567326843,675.53399658,,5.0,77.584,1.678,76.4930251871133,,,0.97,,0.281,,,0.647,0.2769999999999999
CUB,Cuba,LCN,Upper-middle income,2010,,100.716090239417,6.2,93.0918301196751,96.0,99.0,6.772,85.8273291036307,608.5847168,,4.9,77.876,1.673,76.6099132468685,,,0.97,,0.281,,,0.647,0.2769999999999999
CUB,Cuba,LCN,Upper-middle income,2011,,100.29059454433,6.1,93.2137774983012,97.0,99.0,6.957,86.4585513716305,695.81542969,,4.8,78.051,1.734,76.707663902788,,,0.97,,0.281,,,0.647,0.2769999999999999
CUB,Cuba,LCN,Upper-middle income,2012,,100.828907180724,6.1,93.3348598456684,99.0,99.0,7.26,87.0910198102198,601.74957275,,4.8,78.162,1.668,76.7776920066844,,,0.97,,0.281,,,0.647,0.2769999999999999
CUB,Cuba,LCN,Upper-middle income,2013,,100.721599181727,6.0,93.4501274945212,99.0,99.0,7.408,87.7216207113472,712.26629639,,4.8,78.028,1.678,76.81640625,,,0.97,,0.281,,,0.647,0.2769999999999999
CUB,Cuba,LCN,Upper-middle income,2014,,103.056327819824,6.1,93.5636719296171,99.0,99.0,7.582,88.3531363979165,867.69702148,,4.8,77.825,1.655,76.8442459106445,,,0.97,,0.281,,,0.647,0.2769999999999999
CUB,Cuba,LCN,Upper-middle income,2015,,103.193222045898,6.1,93.6769409300078,99.0,99.0,7.803,88.9864920345571,991.08496094,,4.8,77.745,1.685,76.8702850341797,,,0.97,,0.281,,,0.647,0.2769999999999999
CUB,Cuba,LCN,Upper-middle income,2016,,101.075891876156,6.3,93.789720928695,99.0,99.0,8.003,89.6215521812865,990.92346191,,4.9,77.571,1.6,76.9115829467773,,,0.97,,0.281,,,0.647,0.2769999999999999
CUB,Cuba,LCN,Upper-middle income,2017,,100.561631481518,6.4,93.9033102492432,99.0,99.0,8.187,90.2590050806412,987.81030273,,5.1,77.3,1.585,76.9603271484375,,,0.97,,0.281,,,0.647,0.2769999999999999
CUB,Cuba,LCN,Upper-middle income,2018,,100.343380546441,6.6,94.0175439331674,99.0,99.0,8.505,90.8986460916429,981.90283203,,5.2,77.426,1.607,77.0156326293945,,,0.97,,0.281,,,0.647,0.2769999999999999
CUB,Cuba,LCN,Upper-middle income,2019,,100.80254602678,6.9,94.1321684364764,99.0,99.0,8.677,91.5402228633008,1023.39715576,,5.4,77.413,1.54,77.0728225708008,,,0.97,,0.281,,,0.647,0.2769999999999999
CUB,Cuba,LCN,Upper-middle income,2020,,101.317432743321,7.2,94.3125042863125,99.0,98.0,9.291,92.1835753798285,1199.35327148,,5.7,77.407,1.489,77.1080322265625,,,0.97,,0.281,,,0.647,0.2769999999999999
CUW,Curacao,LCN,High income,2005,33651.5045829526,175.821576412943,,99.714468079286,,,,98.6410287352173,,,,73.873,2.037,91.1746923604573,,,,,,,,,
CUW,Curacao,LCN,High income,2006,33334.8567825808,175.821576412943,,99.714468079286,,,,98.707034163965,,,,73.978,2.1,91.1926129138527,,,,,,,,,
CUW,Curacao,LCN,High income,2007,33490.2551592184,175.821576412943,,99.714468079286,,,,98.7730395927127,,,,74.137,2.0,91.2080919767428,,,,,,,,,
CUW,Curacao,LCN,High income,2008,33795.131116557,175.821576412943,,99.714468079286,,,,98.8390450214604,,,,74.314,2.2,91.2220545596735,,,,,,,,,
CUW,Curacao,LCN,High income,2009,33397.3973952737,175.821576412943,,99.714468079286,,,,98.9050504502081,,,,74.485,2.1,91.2354256731905,,,,,,,,,
CUW,Curacao,LCN,High income,2010,33004.5542873273,175.821576412943,,99.714468079286,,,,98.9710558789558,,,,75.117,2.2,91.2491303278397,,,,,,,,,
CUW,Curacao,LCN,High income,2011,32704.3558692872,175.821576412943,,99.8158357151148,,,,99.0370613077035,,,,75.576,2.1,91.2639416184104,,,,,,,,,
CUW,Curacao,LCN,High income,2012,32320.8770365245,175.821576412943,,99.9172033509436,,,,99.1030667364512,,,,75.96,2.2,91.2791300612311,,,,,,,,,
CUW,Curacao,LCN,High income,2013,31753.384548357,175.821576412943,,100.0,,,,99.1690721651989,,,,76.239,2.1,91.2938785868797,,,,,,,,,
CUW,Curacao,LCN,High income,2014,31128.6473361746,166.89719081009142,,100.0,,,,99.1690721651989,,,,76.384,2.0,91.3082030810948,,,,,,,,,
CUW,Curacao,LCN,High income,2015,30861.3207651786,157.97280520723984,,100.0,,,,99.1690721651989,,,,76.482,1.9,91.3220471649755,,,,,,,,,
CUW,Curacao,LCN,High income,2016,30209.7882553609,149.04841960438827,,100.0,,,,99.1690721651989,,,,76.322,1.7,91.3353544596205,,,,,,,,,
CUW,Curacao,LCN,High income,2017,29729.1013639498,140.1240340015367,,100.0,,,,99.1690721651989,,,,76.423,1.5,91.3480685861287,,,,,,,,,
CUW,Curacao,LCN,High income,2018,29256.8157865286,131.19964839868513,,100.0,,,,99.1690721651989,,,,76.493,1.7,91.3601331655991,,,,,,,,,
CUW,Curacao,LCN,High income,2019,28659.6559014065,122.27526279583357,,100.0,,,,99.1690721651989,,,,76.492,1.6,91.3714918191305,,,,,,,,,
CUW,Curacao,LCN,High income,2020,23669.7711519128,113.350877192982,,100.0,,,,99.1690721651989,,,,76.501,1.4,91.3820881678218,,,,,,,,,
CYM,Cayman Islands,LCN,High income,2005,89380.1507450505,95.6598815917969,,96.139263803681,,,,83.9378304447852,,,,74.863,1.665,100.0,,,,,,,,,
CYM,Cayman Islands,LCN,High income,2006,89380.1507450505,99.5684661865234,,96.1015337423313,,,,83.8037938650307,,,,75.0,1.665,100.0,,,,,,,,,
CYM,Cayman Islands,LCN,High income,2007,89380.1507450505,103.577423095703,,96.0638036809816,,,,83.669757285276,,,,75.152,1.681,100.0,,,,,,,,,
CYM,Cayman Islands,LCN,High income,2008,89380.1507450505,102.496566772461,,96.0260736196319,,,,83.5357207055214,,,,75.386,1.703,100.0,,,,,,,,,
CYM,Cayman Islands,LCN,High income,2009,80631.8442229627,102.96815881310533,,95.9883435582822,,,,83.518925,,,,75.671,1.723,100.0,,,,,,,,,
CYM,Cayman Islands,LCN,High income,2010,76294.7650038522,103.43975085374966,,95.9506134969325,,,,83.5017524539877,,,,76.069,1.694,100.0,,,,,,,,,
CYM,Cayman Islands,LCN,High income,2011,75094.8312990407,103.911342894394,,95.9128834355828,,,,83.4842030674846,,,,76.562,1.637,100.0,,,,,,,,,
CYM,Cayman Islands,LCN,High income,2012,73982.6781335848,103.277848911652,,95.8751533742332,,,,83.4662768404908,,,,77.121,1.531,100.0,,,,,,,,,
CYM,Cayman Islands,LCN,High income,2013,72988.7063433775,98.6759930052461,,95.8374233128834,,,,83.4479737730061,,,,77.652,1.445,100.0,,,,,,,,,
CYM,Cayman Islands,LCN,High income,2014,73051.811230324,97.355872579395,,95.7996932515338,,,,83.4292938650307,,,,77.865,1.334,100.0,,,,,,,,,
CYM,Cayman Islands,LCN,High income,2015,73315.3845299162,96.0357521535439,,95.7619631901841,,,,83.4102371165644,,,,78.119,1.269,100.0,,,,,,,,,
CYM,Cayman Islands,LCN,High income,2016,73941.8592413192,94.71563172769281,,95.7242331288344,,,,83.3908035276073,,,,78.367,1.231,100.0,,,,,,,,,
CYM,Cayman Islands,LCN,High income,2017,74599.6799559357,93.39551130184171,,95.6865030674847,,,,83.3709930981595,,,,78.615,1.222,100.0,,,,,,,,,
CYM,Cayman Islands,LCN,High income,2018,76124.5505976249,92.0753908759906,,95.648773006135,,,,83.3508058282208,,,,78.835,1.277,100.0,,,,,,,,,
CYM,Cayman Islands,LCN,High income,2019,77476.8409913609,94.3210930828352,,95.6110429447853,,,,83.3302417177914,,,,79.052,1.508,100.0,,,,,,,,,
CYM,Cayman Islands,LCN,High income,2020,72183.1359045895,97.6523799267715,,95.5733128834356,,,,83.3093007668711,,,,79.23,1.554,100.0,,,,,,,,,
CYP,Cyprus,ECS,High income,2005,41362.09375,99.8711776733398,4.7,99.8665320571823,98.0,86.0,1.881,99.6007951565338,1366.01708984,30.3,4.1,79.198,1.479,68.4340674211981,,10.566,0.878,,0.836,0.018,0.8009999999999999,0.746,0.253
CYP,Cyprus,ECS,High income,2006,42595.203125,100.887046813965,4.4,99.8586266149932,97.0,87.0,1.822,99.5942003777619,1474.02062988,31.1,3.8,79.456,1.509,68.2534151682801,6.238,10.566,0.878,71.44,0.836,0.018,0.8009999999999999,0.746,0.253
CYP,Cyprus,ECS,High income,2007,43823.76171875,100.688270568848,4.1,99.8506916800731,97.0,87.0,1.974,99.5874947603584,1694.27185059,31.1,3.5,79.798,1.449,68.0604154001212,,10.563333333333334,0.856,,0.8156666666666667,0.03,0.8009999999999999,0.746,0.2783333333333333
CYP,Cyprus,ECS,High income,2008,44295.62890625,101.213508605957,3.8,99.8427359254953,97.0,87.0,2.007,99.5806869469341,2155.24658203,31.7,3.2,79.906,1.479,67.8666261318649,,10.560666666666666,0.8340000000000001,,0.7953333333333333,0.042,0.8009999999999999,0.746,0.3036666666666666
CYP,Cyprus,ECS,High income,2009,42253.38671875,102.179481506348,3.5,99.8347516446659,99.0,87.0,2.046,99.57376515883,2105.4777832,32.1,3.0,80.375,1.475,67.6836053786548,,10.558,0.812,72.16,0.775,0.054,0.8009999999999999,0.746,0.3289999999999999
CYP,Cyprus,ECS,High income,2010,42102.28125,101.624328613281,3.2,99.8267504796292,99.0,87.0,2.127,99.5667445489434,2045.2923584,31.5,2.7,80.632,1.434,67.5229111556342,,10.550999999999998,0.8220000000000001,72.4,0.755,0.073,0.833,0.7859999999999999,0.296
CYP,Cyprus,ECS,High income,2011,41212.6875,101.200538635254,3.0,99.8187291029918,99.0,87.0,2.206,99.5596171415889,2114.66894531,32.6,2.6,80.855,1.36,67.3979892758544,,10.53,0.8440000000000001,72.54,0.745,0.18,0.841,0.763,0.272
CYP,Cyprus,ECS,High income,2012,39190.22265625,100.175346374512,2.8,99.8106809810866,99.0,86.0,2.236,99.5523804913216,1899.37255859,34.3,2.4,81.128,1.382,67.3010289148738,6.181,10.479,0.767,72.68,0.725,0.098,0.871,0.755,0.369
CYP,Cyprus,ECS,High income,2013,36650.5703125,99.9297714233398,2.7,99.8025995652533,99.0,86.0,2.326,99.5451371787791,1923.03869629,37.0,2.3,81.317,1.304,67.2102333625375,,10.414,0.7440000000000001,72.82,0.6559999999999999,0.102,0.867,0.748,0.42
CYP,Cyprus,ECS,High income,2014,36104.90234375,98.8685607910156,2.6,99.7944906652545,99.0,86.0,2.396,99.5378944664201,1869.46398926,35.6,2.2,81.337,1.312,67.1230558819804,,10.406,0.77,72.96,0.715,0.06,0.868,0.737,0.397
CYP,Cyprus,ECS,High income,2015,37258.5,99.0203475952148,2.5,99.7863671756961,97.0,90.0,2.498,99.5306978983581,1570.54638672,34.0,2.1,81.464,1.323,67.0402477918073,,10.445,0.77,73.1,0.628,0.114,0.893,0.747,0.3829999999999999
CYP,Cyprus,ECS,High income,2016,39500.8515625,98.9118804931641,2.5,99.7782153871909,97.0,90.0,2.594,99.5235457103291,1619.91918945,32.9,2.1,81.534,1.357,66.9625604106231,,10.505999999999998,0.7859999999999999,73.3,0.7559999999999999,-0.03,0.898,0.742,0.336
CYP,Cyprus,ECS,High income,2017,41417.98828125,99.4003524780273,2.6,99.7700560798569,97.0,90.0,2.651,99.5164756897262,1742.67626953,31.4,2.2,81.543,1.323,66.8907450570326,,10.539,0.8190000000000001,73.5,0.812,0.043,0.851,0.784,0.301
CYP,Cyprus,ECS,High income,2018,43510.03125,100.864112854004,2.7,99.7618820715217,99.0,90.0,2.789,99.5094911557165,1987.69470215,32.7,2.3,81.556,1.319,66.8255530496405,6.276,10.567,0.826,73.7,0.794,-0.022,0.848,0.75,0.298
CYP,Cyprus,ECS,High income,2019,45454.17578125,102.16837310791,3.0,99.7537103444436,96.0,86.0,2.928,99.5026390696851,2059.45019531,31.2,2.5,81.454,1.33,66.7677357070518,6.1370000000000005,10.585,0.7759999999999999,73.9,0.74,-0.008,0.865,0.763,0.29
CYP,Cyprus,ECS,High income,2020,43402.359375,102.275482177734,3.3,99.7455373868703,96.0,86.0,3.197,99.4959339092573,2443.37207031,31.7,2.7,81.23,1.361,66.7180443478713,6.26,10.585,0.8059999999999999,74.1,0.763,-0.008,0.816,0.759,0.284
CZE,Czechia,ECS,High income,2005,35535.7479961511,106.737777709961,4.1,98.1234653444269,97.0,97.0,3.539,99.0460417932649,852.65246582,26.9,3.3,75.9243902439025,1.29,73.6375545423198,6.439,10.324000000000002,0.919,67.0,0.865,-0.063,0.901,0.723,0.258
CZE,Czechia,ECS,High income,2006,37786.8781740905,104.372779846191,4.1,98.1616913225965,98.0,97.0,3.551,99.0460417932649,942.11804199,26.7,3.3,76.5243902439024,1.34,73.578883191735,,10.380500000000001,0.9095,,0.8320000000000001,-0.063,0.9145000000000001,0.7295,0.26749999999999996
CZE,Czechia,ECS,High income,2007,39629.0061324728,103.382110595703,3.9,98.1999097628059,99.0,98.0,3.561,99.0460417932649,1110.17663574,26.0,3.2,76.7243902439025,1.45,73.5219493596925,,10.437,0.9,67.44,0.799,-0.063,0.928,0.736,0.2769999999999999
CZE,Czechia,ECS,High income,2008,40328.3426630095,102.214767456055,3.7,98.2381464447503,99.0,97.0,3.558,99.0513031802799,1449.33679199,26.3,3.0,76.9756097560976,1.51,73.4655517409377,,10.431,0.9113333333333333,,0.7923333333333333,-0.056,0.9273333333333333,0.7043333333333333,0.26599999999999996
CZE,Czechia,ECS,High income,2009,38175.1422773334,101.478927612305,3.5,98.2763785982176,99.0,98.0,3.584,99.0567489826448,1442.24279785,26.2,2.9,77.0780487804878,1.51,73.4084890302159,,10.425,0.9226666666666667,,0.7856666666666667,-0.049,0.9266666666666667,0.6726666666666666,0.25499999999999995
CZE,Czechia,ECS,High income,2010,39097.3886218756,101.036407470703,3.4,98.314633387884,99.0,98.0,3.599,99.0623856130317,1509.44726563,26.6,2.7,77.4243902439025,1.51,73.3495599222723,,10.419,0.934,68.1,0.779,-0.042,0.926,0.6409999999999999,0.244
CZE,Czechia,ECS,High income,2011,39708.1626280195,100.081001281738,3.3,98.352878485221,99.0,98.0,3.637,99.0682046251775,1649.15905762,26.4,2.6,77.8731707317073,1.43,73.2878338394746,6.331,10.435,0.914,68.24,0.787,-0.106,0.95,0.601,0.253
CZE,Czechia,ECS,High income,2012,39347.0492956846,99.3585815429688,3.2,98.3922881866856,99.0,98.0,3.676,99.0741157391505,1509.77526855,26.1,2.6,78.0756097560976,1.45,73.2249239592898,6.334,10.425999999999998,0.912,68.38,0.74,-0.154,0.957,0.609,0.257
CZE,Czechia,ECS,High income,2013,39317.5535692377,98.7804794311523,3.1,98.5339609286439,98.0,99.0,3.689,99.0797791585542,1508.79907227,26.5,2.5,78.1756097560976,1.46,73.1622186934979,6.698,10.42,0.888,68.52,0.726,-0.156,0.916,0.72,0.253
CZE,Czechia,ECS,High income,2014,40158.0164275735,97.6821594238281,3.1,98.7302061350028,97.0,99.0,3.9345,99.0755485007891,1512.59326172,25.9,2.5,78.8243902439024,1.53,73.0995921041469,6.484,10.446,0.878,68.66,0.8,-0.168,0.897,0.6779999999999999,0.235
CZE,Czechia,ECS,High income,2015,42066.5759800801,96.9615478515625,3.2,98.7304761661286,97.0,99.0,3.9516,99.0751703935412,1308.8013916,25.9,2.6,78.5780487804878,1.57,73.0370442874355,6.608,10.496,0.911,68.8,0.8079999999999999,-0.146,0.8859999999999999,0.7509999999999999,0.206
CZE,Czechia,ECS,High income,2016,43069.4659744727,96.9097595214844,3.2,98.7307511669182,96.0,98.0,4.0194,99.0747972565215,1374.9005127,25.4,2.6,79.0268292682927,1.63,72.9745753395623,6.736000000000001,10.518,0.931,69.3,0.85,-0.1969999999999999,0.9,0.7559999999999999,0.201
CZE,Czechia,ECS,High income,2017,45177.5226053634,97.2324905395508,3.2,98.7310570576695,96.0,97.0,4.0676,99.0743713886289,1516.75012207,24.9,2.6,78.9780487804878,1.69,72.9121853567256,6.79,10.558,0.901,69.8,0.8320000000000001,-0.177,0.867,0.7390000000000001,0.2269999999999999
CZE,Czechia,ECS,High income,2018,46301.082036029,98.2727584838867,3.1,98.7313948988611,97.0,96.0,4.069,99.073893834029,1750.81188965,25.0,2.5,79.0292682926829,1.71,72.8498744351241,7.034,10.583,0.929,70.3,0.79,-0.292,0.851,0.7140000000000001,0.178
CZE,Czechia,ECS,High income,2019,47763.6165520254,99.2833023071289,3.0,98.731767831264,97.0,92.0,4.112,99.0733677168251,1805.44030762,25.3,2.4,79.2292682926829,1.71,72.7876426709563,,10.5565,0.9465,,0.8480000000000001,-0.2095,0.8674999999999999,0.7730000000000001,0.23399999999999999
CZE,Czechia,ECS,High income,2020,45119.9387309139,99.7845306396484,2.9,98.7321788477487,97.0,94.0,4.153,99.0728030542538,2106.28027344,26.2,2.4,78.2268292682927,1.74,72.7254901604208,6.897,10.53,0.964,71.3,0.906,-0.127,0.884,0.8320000000000001,0.29
DEU,Germany,ECS,High income,2005,51264.8193748941,103.440620422363,4.7,100.0,96.0,96.0,3.413,99.2211744184797,3544.56616211,31.6,3.9,78.9317073170732,1.34,80.1745168510383,6.62,10.689,0.963,70.2,0.847,0.1669999999999999,0.7809999999999999,0.7759999999999999,0.1969999999999999
DEU,Germany,ECS,High income,2006,53307.1623767517,104.262641906738,4.6,99.9999996366367,96.0,96.0,3.465,99.2217727206521,3681.3659668,31.0,3.8,79.1317073170732,1.33,80.1960996098884,,10.724,0.9445,,0.824,0.1669999999999999,0.7865,0.754,0.21399999999999997
DEU,Germany,ECS,High income,2007,54920.6589299724,104.793502807617,4.5,99.9999987891849,96.0,97.0,3.528,99.2223722833519,4162.6875,31.2,3.7,79.5341463414634,1.37,80.2198636634402,6.417000000000001,10.759,0.926,70.48,0.8009999999999999,0.1669999999999999,0.792,0.732,0.231
DEU,Germany,ECS,High income,2008,55513.7558858315,105.103981018066,4.4,100.0,96.0,97.0,3.584,99.2229706553604,4647.31005859,30.6,3.6,79.7365853658537,1.38,80.2459549084581,6.522,10.77,0.923,70.62,0.7659999999999999,0.14699999999999996,0.758,0.787,0.22
DEU,Germany,ECS,High income,2009,52568.797424995,104.816513061523,4.3,100.0,96.0,97.0,3.662,99.2235594374559,4655.171875,30.4,3.5,79.8365853658537,1.36,80.2745192417062,,10.714,0.935,70.76,0.8440000000000001,0.127,0.69,0.792,0.206
DEU,Germany,ECS,High income,2010,54826.255453315,104.337593078613,4.2,99.9999997873648,96.0,97.0,3.757,99.2241473116782,4592.07128906,30.2,3.5,79.9878048780488,1.39,80.305702559949,6.725,10.755999999999998,0.939,70.9,0.843,0.095,0.688,0.794,0.182
DEU,Germany,ECS,High income,2011,57950.9589729677,104.415718078613,4.1,100.0,95.0,97.0,3.849,99.2247340689137,5016.23583984,30.4,3.4,80.4365853658537,1.39,80.3405762928198,,10.813,0.947,70.98,0.906,0.033,0.677,0.794,0.165
DEU,Germany,ECS,High income,2012,58110.3768512245,104.140548706055,4.0,99.9999983586453,95.0,97.0,3.922,99.2247613890783,4744.87011719,30.9,3.4,80.5390243902439,1.41,80.393447520218,6.702000000000001,10.816,0.926,71.06,0.904,0.071,0.679,0.804,0.17
DEU,Germany,ECS,High income,2013,58182.0766176953,103.638671875,4.0,100.0,93.0,97.0,4.015,99.2247932083091,5080.62402344,31.4,3.3,80.490243902439,1.42,80.4732318400362,,10.817,0.931,71.14,0.894,0.024,0.5660000000000001,0.743,0.205
DEU,Germany,ECS,High income,2014,59203.2340879963,102.62181854248,4.0,100.0,93.0,97.0,4.088,99.2248234415877,5287.34423828,30.8,3.3,81.090243902439,1.47,80.57574023743,,10.835,0.938,71.22,0.899,0.088,0.474,0.785,0.188
DEU,Germany,ECS,High income,2015,59668.9890355282,102.702461242676,3.9,100.0,93.0,97.0,4.12,99.2248544718085,4605.59033203,31.4,3.3,80.6414634146341,1.5,80.6974371632814,7.037000000000001,10.844,0.926,71.3,0.889,0.178,0.412,0.765,0.203
DEU,Germany,ECS,High income,2016,60504.5857417161,101.406066894531,3.9,99.9999994713636,91.0,97.0,4.166,99.224925403148,4723.32421875,31.3,3.3,80.990243902439,1.6,80.8347870684725,6.874,10.858,0.906,71.6,0.871,0.148,0.446,0.738,0.187
DEU,Germany,ECS,High income,2017,61965.4342904965,101.738708496094,3.8,100.0,91.0,97.0,4.226,99.2250385348841,5039.35302734,31.3,3.2,80.9926829268293,1.57,80.9842544038853,7.074,10.878,0.892,71.9,0.841,0.145,0.414,0.737,0.196
DEU,Germany,ECS,High income,2018,62481.1183971045,102.645378112793,3.8,100.0,91.0,97.0,4.287,99.2251947749957,5473.55712891,31.9,3.2,80.8926829268293,1.57,81.1423036204018,,10.89,0.92,72.2,0.877,0.034,0.496,0.78,0.243
DEU,Germany,ECS,High income,2019,62949.8932511855,102.547470092773,3.7,99.9999994577197,91.0,97.0,4.373,99.2253839958428,5447.31787109,32.2,3.1,81.2926829268293,1.54,81.3053991689039,,10.893,0.8859999999999999,72.5,0.885,0.057,0.462,0.7509999999999999,0.226
DEU,Germany,ECS,High income,2020,60299.5767710809,101.996658325195,3.7,99.9999988416059,91.0,97.0,4.443,99.2256156866511,5906.80615234,32.5,3.1,81.0414634146342,1.53,81.4700055002738,,10.833,0.905,72.8,0.8640000000000001,-0.06,0.424,0.76,0.206
DJI,Djibouti,MEA,Lower-middle income,2005,4469.07409933135,,86.9,75.3947621757465,71.0,65.0,0.167,45.4139101542283,45.12551498,45.1,72.7,58.548,4.035,71.3061450044404,,8.111,0.69,,0.773,0.129,0.5760000000000001,0.755,0.12
DJI,Djibouti,MEA,Lower-middle income,2006,4469.07409933135,,84.6,75.6105690415926,72.0,67.0,0.216,46.9402321181691,53.26344299,45.1,71.1,58.962,3.899,71.0245352095823,,8.111,0.69,,0.773,0.129,0.5760000000000001,0.755,0.12
DJI,Djibouti,MEA,Lower-middle income,2007,4469.07409933135,,82.3,75.8259576941353,88.0,74.0,0.214125,48.4620248883816,55.18254471,45.1,69.5,59.362,3.756,70.8118125191918,,8.111,0.69,,0.773,0.129,0.5760000000000001,0.755,0.12
DJI,Djibouti,MEA,Lower-middle income,2008,4469.07409933135,,79.9,76.0409140930528,89.0,73.0,0.21225,49.9792625492526,55.90976715,45.1,67.8,59.815,3.621,70.6793730584341,5.009,8.111,0.69,53.26,0.773,0.129,0.5760000000000001,0.755,0.12
DJI,Djibouti,MEA,Lower-middle income,2009,4469.07409933135,,77.7,76.2551640290106,89.0,84.0,0.210375,51.4914501079009,56.92132568,45.1,66.2,60.351,3.521,70.6383251554484,4.906000000000001,7.927,0.901,53.78,0.649,0.005,0.634,0.662,0.2319999999999999
DJI,Djibouti,MEA,Lower-middle income,2010,4469.07409933135,,75.5,76.4718213203658,88.0,85.0,0.20850000000000002,53.0040688366127,55.7044487,45.1,64.6,60.743,3.431,70.6486554782903,5.006,7.812,0.767,54.3,0.764,-0.0579999999999999,0.597,0.6205,0.20649999999999996
DJI,Djibouti,MEA,Lower-middle income,2011,4469.07409933135,,73.4,76.6907534448216,87.0,84.0,0.206625,54.5173591170882,61.89852524,45.1,63.1,61.337,3.341,70.6776532458676,4.369,7.88,0.633,54.7,0.746,-0.057,0.519,0.579,0.181
DJI,Djibouti,MEA,Lower-middle income,2012,4469.07409933135,,71.3,76.9115444598486,81.0,83.0,0.20475000000000002,56.031031232703,64.8536911,45.1,61.5,61.719,3.255,70.7266311335377,,7.88,0.633,,0.746,-0.057,0.519,0.579,0.181
DJI,Djibouti,MEA,Lower-middle income,2013,4469.07409933135,,69.2,77.1343417786065,82.0,80.0,0.202875,57.545815952446,60.57233047,44.1,59.8,62.116,3.187,70.7969331287484,,7.88,0.633,,0.746,-0.057,0.519,0.579,0.181
DJI,Djibouti,MEA,Lower-middle income,2014,4705.04926772184,,67.2,77.3584793969034,78.0,71.0,0.201,59.060863750812,65.53726196,43.475,58.2,62.427,3.116,70.8899032189478,,7.88,0.633,,0.746,-0.057,0.519,0.579,0.181
DJI,Djibouti,MEA,Lower-middle income,2015,4961.8681860592,,65.2,77.5846153985274,84.0,74.0,0.201,60.5779617075524,79.54257965,42.85,56.6,62.833,3.041,71.0068853915837,,7.88,0.633,,0.746,-0.057,0.519,0.579,0.181
DJI,Djibouti,MEA,Lower-middle income,2016,5226.50026106607,,63.2,77.8118431649469,68.0,75.0,0.201,62.0957006266769,68.82745361,42.225,55.0,63.335,2.969,71.1492236341041,,7.88,0.633,,0.746,-0.057,0.519,0.579,0.181
DJI,Djibouti,MEA,Lower-middle income,2017,5421.95649149613,,61.2,78.0402986467674,76.0,81.0,0.201,63.6147917367826,64.94396973,41.6,53.3,63.71,2.916,71.318261933957,,7.88,0.633,,0.746,-0.057,0.519,0.579,0.181
DJI,Djibouti,MEA,Lower-middle income,2018,5590.50426604853,,59.4,78.2698510281145,84.0,86.0,0.201,65.1354027813767,68.79101563,41.6,51.8,64.105,2.858,71.5153442785902,,7.88,0.633,,0.746,-0.057,0.519,0.579,0.181
DJI,Djibouti,MEA,Lower-middle income,2019,5809.30455041341,,57.5,78.500379190124,85.0,83.0,0.201,66.6577106028334,68.4744873,41.6,50.2,64.381,2.798,71.7418146554518,,7.88,0.633,,0.746,-0.057,0.519,0.579,0.181
DJI,Djibouti,MEA,Lower-middle income,2020,5791.47767679877,,55.7,78.7317549952208,70.0,62.0,0.201,66.7421157146302,66.53086853,41.6,48.7,64.2,2.745,71.9990170519895,,7.88,0.633,,0.746,-0.057,0.519,0.579,0.181
DMA,Dominica,LCN,Upper-middle income,2005,15080.5206040984,104.067459106445,21.6,94.8722688677582,98.0,98.0,1.168,70.3209774811161,263.66098022,,19.0,72.016,1.998,66.2400724917823,,,,,,,,,
DMA,Dominica,LCN,Upper-middle income,2006,15727.7053232323,102.460342407227,22.2,94.9920765320284,95.0,97.0,1.168,71.5766584059883,271.24331665,,19.6,72.007,2.074,66.5451738755145,,,,,,,,,
DMA,Dominica,LCN,Upper-middle income,2007,16560.5179009944,103.040061950684,22.8,95.1109272137674,96.0,96.0,1.168,72.8323393308606,293.30905151,,20.3,71.901,2.022,66.877081776731,,,,,,,,,
DMA,Dominica,LCN,Upper-middle income,2008,17738.0405685048,103.257247924805,23.5,95.2288638936291,96.0,99.0,1.168,74.0880202557328,336.0015564,,21.0,71.945,1.968,67.232264436023,,,,,,,,,
DMA,Dominica,LCN,Upper-middle income,2009,17534.0339616963,104.64022064209,24.2,95.3458592055333,99.0,99.0,1.168,75.3437011806051,354.04888916,,21.7,71.835,1.918,67.6071900939817,,,,,,,,,
DMA,Dominica,LCN,Upper-middle income,2010,17516.7879573152,105.756985055231,24.9,95.4619169199444,98.0,99.0,1.168,76.5993821054773,369.75668335,,22.4,71.68,1.887,67.9983269911984,,,,,,,,,
DMA,Dominica,LCN,Upper-middle income,2011,17475.0411061698,107.474907554147,25.7,95.5770987585217,98.0,99.0,1.168,77.8550630303496,387.11709595,,23.2,71.517,1.861,68.3978165602727,,,,,,,,,
DMA,Dominica,LCN,Upper-middle income,2012,17431.1288003063,108.432130011989,26.5,95.6914288767891,97.0,99.0,1.168,79.1107439552219,407.42053223,,24.1,71.391,1.827,68.754609337094,,,,,,,,,
DMA,Dominica,LCN,Upper-middle income,2013,17282.6368040368,109.373698097486,27.4,95.8049070233585,97.0,93.0,1.168,80.3664248800941,382.10519409,,24.9,71.228,1.778,69.119704197722,,,,,,,,,
DMA,Dominica,LCN,Upper-middle income,2014,17520.8546265613,103.483055406132,28.3,95.9175225784431,97.0,94.0,1.168,80.3664248800941,389.05343628,,25.8,71.189,1.713,69.4907847110252,,,,,,,,,
DMA,Dominica,LCN,Upper-middle income,2015,16920.9126555668,103.668965517241,29.2,96.0292697173861,98.0,96.0,1.168,80.3664248800941,396.23742676,,26.8,69.968,1.648,69.8679153463528,,,,,,,,,
DMA,Dominica,LCN,Upper-middle income,2016,17364.0773046793,102.005850396991,30.2,96.1401644767525,99.0,96.0,1.168,80.3664248800941,424.15756226,,27.8,71.189,1.581,70.2511605730541,,,,,,,,,
DMA,Dominica,LCN,Upper-middle income,2017,16314.2295558891,109.576427255985,31.1,96.2501691726005,91.0,77.0,1.168,80.3664248800941,415.87072754,,28.7,,1.54,70.6405848604787,,,,,,,,,
DMA,Dominica,LCN,Upper-middle income,2018,16877.1244880642,97.3663705781518,32.1,96.3592925117814,94.0,84.0,1.158,80.3664248800941,503.34179688,,29.7,71.378,1.517,71.0362526779762,,,,,,,,,
DMA,Dominica,LCN,Upper-middle income,2019,17619.4335416769,97.5702715578847,33.0,96.4675351456684,99.0,92.0,1.158,80.3664248800941,465.63766479,,30.6,71.305,1.504,71.4382284948964,,,,,,,,,
DMA,Dominica,LCN,Upper-middle income,2020,14919.5307686719,99.3255179058937,33.8,96.574889313875,96.0,92.0,1.158,80.3664248800941,452.65899658,,31.4,71.269,1.495,71.846576780589,,,,,,,,,
DNK,Denmark,ECS,High income,2005,60798.1351548444,98.2105865478516,4.8,99.9999987386533,93.0,95.0,3.335,99.597236324295,4436.07421875,25.2,4.1,77.8439024390244,1.8,86.0059706832865,8.019,10.851,0.972,69.6,0.971,0.24,0.237,0.86,0.154
DNK,Denmark,ECS,High income,2006,62911.3931382937,99.3460388183594,4.6,100.0,93.0,90.0,3.424,99.5972374048181,4770.13720703,25.9,3.9,78.0951219512195,1.85,86.2501288149818,,10.870999999999999,0.963,,0.9515,0.24,0.22149999999999997,0.844,0.17399999999999993
DNK,Denmark,ECS,High income,2007,63251.3169416725,100.0,4.5,99.9999976665951,87.0,89.0,3.458,99.5972334856175,5453.83837891,26.2,3.8,78.1951219512195,1.84,86.4251464366349,,10.890999999999998,0.954,69.92,0.932,0.24,0.206,0.828,0.1939999999999999
DNK,Denmark,ECS,High income,2008,62618.4499382451,99.660270690918,4.3,99.9999973602883,88.0,87.0,3.579,99.5972323943496,6117.69677734,25.2,3.7,78.4463414634146,1.89,86.583137512207,7.971,10.88,0.954,70.08,0.97,0.272,0.248,0.757,0.163
DNK,Denmark,ECS,High income,2009,59185.9677505533,100.002456665039,4.2,99.9999973124597,89.0,84.0,3.651,99.5972316699416,6208.48486328,26.7,3.6,78.5975609756098,1.84,86.7617653139929,7.683,10.824000000000002,0.939,70.24,0.949,0.264,0.206,0.7490000000000001,0.2339999999999999
DNK,Denmark,ECS,High income,2010,59856.3490860003,100.18155670166,4.1,99.9999962682703,90.0,85.0,3.726,99.5972300585554,6156.68554688,27.2,3.5,79.1,1.87,86.8652420043945,,10.839,0.975,70.4,0.944,0.242,0.175,0.785,0.155
DNK,Denmark,ECS,High income,2011,60391.7799332206,101.197456359863,4.1,99.9999977912366,91.0,87.0,3.789,99.5972309188778,6426.39990234,27.3,3.5,79.8,1.75,87.1567653955846,7.787999999999999,10.848,0.962,70.62,0.935,0.298,0.22,0.769,0.175
DNK,Denmark,ECS,High income,2012,60161.7010660256,101.51065826416,4.1,100.0,94.0,90.0,3.837,99.5972365782487,6155.76367188,27.8,3.5,80.0512195121951,1.73,87.2336196899414,7.52,10.845999999999998,0.951,70.84,0.933,0.139,0.187,0.774,0.209
DNK,Denmark,ECS,High income,2013,60745.7784800252,101.299331665039,4.1,99.9999990521906,94.0,89.0,3.849,99.5972308171769,6320.08447266,28.5,3.5,80.3,1.67,87.5436524760432,7.588999999999999,10.851,0.965,71.06,0.92,0.215,0.17,0.862,0.195
DNK,Denmark,ECS,High income,2014,61210.9490922919,101.176940917969,4.1,100.0,94.0,90.0,3.877,99.5972357033725,6447.92382813,28.4,3.5,80.7,1.69,87.6823985731907,7.507999999999999,10.862,0.956,71.28,0.942,0.118,0.237,0.8320000000000001,0.233
DNK,Denmark,ECS,High income,2015,62059.1285991721,100.882141113281,4.1,100.0,93.0,91.0,3.93,99.5972338246899,5508.53369141,28.2,3.5,80.7024390243902,1.71,87.7254056577329,7.513999999999999,10.878,0.96,71.5,0.941,0.222,0.191,0.8290000000000001,0.218
DNK,Denmark,ECS,High income,2016,63468.9888246814,101.041496276855,4.0,99.9999998039442,94.0,94.0,3.999,99.5972301475052,5603.75830078,28.2,3.5,80.8536585365854,1.79,87.6999969482422,7.558,10.903,0.954,71.8,0.948,0.138,0.21,0.836,0.208
DNK,Denmark,ECS,High income,2017,64989.4459872347,100.778030395508,3.9,100.0,98.0,97.0,4.109,99.5972303913109,5817.42529297,28.7,3.4,81.1024390243903,1.75,88.0161943799509,7.593999999999999,10.916,0.952,72.1,0.955,0.155,0.181,0.8240000000000001,0.206
DNK,Denmark,ECS,High income,2018,65870.8302554341,100.749008178711,3.9,100.0,97.0,95.0,4.196,99.5972321137483,6219.12988281,28.2,3.4,80.9536585365854,1.73,88.1059762310689,7.649,10.935,0.958,72.4,0.935,0.018,0.151,0.821,0.206
DNK,Denmark,ECS,High income,2019,66758.6323346131,100.551002502441,3.8,99.9999975731289,97.0,96.0,4.251,99.5972264992143,6049.93408203,27.7,3.3,81.4512195121951,1.7,88.2096490810669,,10.954,0.958,72.7,0.963,0.02,0.174,0.862,0.181
DNK,Denmark,ECS,High income,2020,65379.3066120995,100.459587097168,3.7,100.0,97.0,94.0,4.377,99.5972310070963,6520.65771484,27.5,3.3,81.6024390243903,1.68,88.2394485473632,7.515,10.91,0.947,73.0,0.938,0.052,0.214,0.818,0.2269999999999999
DOM,Dominican Republic,LCN,Upper-middle income,2005,12022.5080544053,108.274391174316,35.6,92.9442462304413,87.0,79.0,1.085,79.5457900352117,168.85827637,50.0,31.0,71.043,2.574,72.4865154265802,,9.314,0.919,,0.858,0.038,0.755,0.748,0.2739999999999999
DOM,Dominican Republic,LCN,Upper-middle income,2006,12961.9183632133,103.604438781738,35.6,93.3208356941648,89.0,80.0,1.085,80.1598054522456,161.94844055,52.0,30.8,71.054,2.508,72.4865154265802,5.088,9.314,0.919,62.68,0.858,0.038,0.755,0.748,0.2739999999999999
DOM,Dominican Republic,LCN,Upper-middle income,2007,13754.9212674095,113.676666259766,35.3,93.6801822070971,85.0,80.0,1.085,80.7688357715562,190.14048767,48.9,30.6,71.097,2.51,72.4865154265802,5.081,9.372,0.848,62.96,0.8859999999999999,-0.008,0.772,0.767,0.26
DOM,Dominican Republic,LCN,Upper-middle income,2008,14030.1411084465,109.525123596191,35.1,94.0226829898878,82.0,80.0,1.085,81.3729094599305,229.29747009,48.1,30.5,71.331,2.546,72.4865154265802,4.842,9.391,0.85,63.24,0.848,-0.045,0.728,0.732,0.3289999999999999
DOM,Dominican Republic,LCN,Upper-middle income,2009,13992.4103270189,111.815872192383,34.9,94.3479459728681,82.0,81.0,1.2256666666666667,81.9711115493229,237.11128235,48.9,30.5,71.587,2.574,73.5894974865426,,9.388,0.878,63.52,0.863,-0.053,0.8059999999999999,0.785,0.28
DOM,Dominican Republic,LCN,Upper-middle income,2010,14975.0010126958,110.497961182388,34.9,94.6571919447174,88.0,81.0,1.3663333333333332,82.5643436966814,270.03961182,47.3,30.5,72.039,2.556,74.1642773174177,4.735,9.456,0.86,63.8,0.8240000000000001,-0.075,0.78,0.787,0.282
DOM,Dominican Republic,LCN,Upper-middle income,2011,15258.0858148503,110.200677757395,34.8,94.9411577041221,84.0,82.0,1.507,83.1400170777366,293.95123291,47.7,30.6,72.496,2.527,74.2440389501301,5.397,9.475,0.872,64.02,0.848,0.0139999999999999,0.7879999999999999,0.809,0.3
DOM,Dominican Republic,LCN,Upper-middle income,2012,15487.2776356321,108.469020139424,34.8,95.2053026765105,85.0,82.0,1.4954285714285713,83.7029811065399,304.23754883,46.1,30.6,72.817,2.497,74.2398679969568,4.753,9.489,0.879,64.24,0.84,-0.062,0.727,0.797,0.297
DOM,Dominican Republic,LCN,Upper-middle income,2013,16054.7677297656,109.528244906823,34.8,95.4569183357095,83.0,77.0,1.4838571428571428,84.2618165680841,302.28512573,47.7,30.8,73.038,2.474,74.2251359951216,5.016,9.525,0.878,64.46,0.889,0.021,0.752,0.7929999999999999,0.295
DOM,Dominican Republic,LCN,Upper-middle income,2014,16993.587444403,108.064549120947,34.9,95.6965659361733,91.0,82.0,1.4722857142857142,84.8168092520689,312.44223022,44.3,30.9,73.145,2.451,74.1931533822153,5.3870000000000005,9.582,0.8909999999999999,64.68,0.905,-0.02,0.76,0.7979999999999999,0.3
DOM,Dominican Republic,LCN,Upper-middle income,2015,17973.1870256815,112.013491719354,34.9,95.9246900261845,85.0,84.0,1.4607142857142856,85.3681191078801,322.04864502,45.2,31.0,72.982,2.43,74.1372305958285,5.062,9.637,0.893,64.9,0.856,-0.065,0.755,0.7140000000000001,0.295
DOM,Dominican Republic,LCN,Upper-middle income,2016,18968.9752386179,110.70487684674,34.9,96.1415849688893,87.0,79.0,1.449142857142857,85.9156708340948,328.36526489,45.7,31.2,72.889,2.41,74.0506780735522,,9.691,0.895,65.2,0.873,-0.08,0.737,0.76,0.278
DOM,Dominican Republic,LCN,Upper-middle income,2017,19501.8743054078,108.019439917331,34.9,96.3474703370499,84.0,80.0,1.4375714285714285,86.4591843551148,329.54168701,42.2,31.2,73.37,2.398,73.926806252977,,9.725,0.894,65.5,0.855,-0.121,0.76,0.7390000000000001,0.275
DOM,Dominican Republic,LCN,Upper-middle income,2018,20662.848586153,105.858397882856,34.7,96.5419932414165,87.0,85.0,1.426,86.9970340675961,332.47702026,43.7,31.1,73.555,2.397,73.7589255716938,,9.782,0.862,65.8,0.867,-0.15,0.762,0.745,0.291
DOM,Dominican Republic,LCN,Upper-middle income,2019,21451.286441995,112.333610534668,34.4,96.7258902380545,89.0,90.0,1.431,87.5294360450425,357.44137573,41.9,30.9,73.112,2.366,73.5403464672933,6.004,9.821,0.884,66.1,0.877,-0.123,0.746,0.784,0.264
DOM,Dominican Republic,LCN,Upper-middle income,2020,19545.4099552943,105.925242398247,34.4,96.8998955257888,82.0,76.0,1.948,88.0566185078015,354.25689697,39.6,30.4,72.636,2.329,73.2643793773663,,9.802,0.8059999999999999,66.4,0.835,-0.128,0.636,0.7340000000000001,0.314
DZA,Algeria,MEA,Upper-middle income,2005,13738.495644436,112.398590087891,33.9,89.8507731580286,88.0,83.0,1.026,85.8122570569518,100.83694458,27.6,29.0,72.836,2.562,63.6598541890144,,9.287,0.81,,0.593,-0.205,0.618,0.55,0.255
DZA,Algeria,MEA,Upper-middle income,2006,13920.6940553701,112.077087402344,32.5,90.0150202695134,95.0,91.0,1.1105,86.0591336531477,116.7750473,27.6,27.9,73.116,2.628,64.4154348614309,,9.287,0.81,,0.593,-0.205,0.618,0.55,0.255
DZA,Algeria,MEA,Upper-middle income,2007,14114.6745192683,112.334480285645,31.2,90.1767439508853,95.0,92.0,1.195,86.2994372254318,150.86651611,27.6,26.9,73.346,2.704,65.1690763324461,,9.287,0.81,,0.593,-0.205,0.618,0.55,0.255
DZA,Algeria,MEA,Upper-middle income,2008,14206.7767147039,110.910949707031,30.1,90.3361987493803,93.0,88.0,1.2643333333333333,86.5335634120034,206.37207031,27.6,25.9,73.618,2.785,65.901485871159,,9.287,0.81,,0.593,-0.205,0.618,0.55,0.255
DZA,Algeria,MEA,Upper-middle income,2009,14104.42817214,113.491889953613,29.0,90.4918619672067,95.0,92.0,1.3336666666666668,86.7594833299859,207.20181274,27.6,25.1,73.871,2.825,66.5097384559521,,9.287,0.81,,0.593,-0.205,0.618,0.55,0.255
DZA,Algeria,MEA,Upper-middle income,2010,14496.4211312996,113.807026512965,28.1,90.6443416237761,95.0,95.0,1.403,86.9781345697396,227.95396423,27.6,24.4,74.144,2.875,67.1235057867459,5.464,9.287,0.81,64.5,0.593,-0.205,0.618,0.55,0.255
DZA,Algeria,MEA,Upper-middle income,2011,14641.9640935685,112.733764527322,27.3,90.7933523397582,95.0,95.0,1.4723333333333333,87.1892375603954,285.5020752,27.6,23.8,74.383,2.899,67.7344007507578,5.317,9.297,0.81,64.66,0.53,-0.181,0.638,0.55,0.255
DZA,Algeria,MEA,Upper-middle income,2012,14697.5396133853,112.067747390185,26.6,90.9547062510195,95.0,95.0,1.5416666666666665,87.0935387595053,340.09176636,27.6,23.2,74.609,2.996,68.3421258553675,5.605,9.311,0.8390000000000001,64.82,0.5870000000000001,-0.172,0.69,0.604,0.23
DZA,Algeria,MEA,Upper-middle income,2013,14778.1914257233,112.336630248486,25.9,91.1128578356774,95.0,95.0,1.611,86.9868785430175,337.57348633,27.6,22.7,74.809,2.997,68.9463836079277,,9.323,0.8285,,0.557,-0.17099999999999996,0.692,0.615,0.20350000000000001
DZA,Algeria,MEA,Upper-middle income,2014,15073.7629403565,111.144837219297,25.4,91.268060653484,95.0,95.0,1.6803333333333332,86.8698473645812,366.58615112,27.6,22.3,74.992,3.084,69.5468765157615,6.355,9.335,0.818,65.14,0.527,-0.16999999999999996,0.694,0.626,0.177
DZA,Algeria,MEA,Upper-middle income,2015,15239.5171456469,109.584787441309,24.9,91.4201507009501,95.0,95.0,1.7496666666666667,86.7425206516531,296.76834106,27.6,21.9,75.159,3.091,70.1433070861612,,9.348500000000001,0.7835000000000001,,0.497,-0.16899999999999993,0.696,0.6435,0.277
DZA,Algeria,MEA,Upper-middle income,2016,15511.6858768094,109.072307418092,24.5,91.56940001457,91.0,94.0,1.819,86.6054840366106,265.53491211,27.6,21.6,75.31,3.091,70.7353778263851,,9.362,0.7490000000000001,65.5,0.467,-0.16799999999999993,0.698,0.6609999999999999,0.377
DZA,Algeria,MEA,Upper-middle income,2017,15427.6641894713,108.062271942986,24.0,91.715636706346,91.0,88.0,1.7635,86.4588236326811,270.93231201,27.6,21.3,75.431,3.09,71.3227912436551,,9.354,0.807,65.7,0.437,-0.1669999999999999,0.7,0.642,0.289
DZA,Algeria,MEA,Upper-middle income,2018,15343.4261222434,107.095121871029,23.7,91.859120820781,91.0,80.0,1.708,86.3030907782839,271.53808594,27.6,21.0,75.555,3.019,71.905249845153,5.043,9.348,0.799,65.9,0.583,-0.146,0.759,0.591,0.293
DZA,Algeria,MEA,Upper-middle income,2019,15199.1989965639,106.067513980116,23.3,91.9998016191508,88.0,80.0,0.973,86.1385037232471,242.07049561,27.6,20.7,75.682,2.997,72.4824561380175,,9.337,0.8029999999999999,66.1,0.385,-0.146,0.741,0.585,0.215
DZA,Algeria,MEA,Upper-middle income,2020,14194.1557479619,108.531941210547,22.9,92.1378242692677,84.0,80.0,0.973,85.9654731245039,211.07240295,27.6,20.4,73.257,2.94,73.0541126293395,,9.337,0.8029999999999999,,0.385,-0.146,0.741,0.585,0.215
ECU,Ecuador,LCN,Upper-middle income,2005,10660.2046228939,107.851249694824,23.6,87.1657190162046,92.0,93.0,0.902,76.2586729736281,170.44190979,53.1,19.5,73.909,2.8,62.0068704145716,,9.186,0.91,,0.6709999999999999,-0.091,0.901,0.825,0.357
ECU,Ecuador,LCN,Upper-middle income,2006,10933.4897470283,108.028701782227,22.7,87.4804800870579,96.0,97.0,0.895,77.060905576886,192.55101013,52.3,18.8,74.01,2.753,62.2099988435587,,9.186,0.91,66.08,0.6709999999999999,-0.091,0.901,0.825,0.357
ECU,Ecuador,LCN,Upper-middle income,2007,10952.8226853948,109.574661254883,21.8,87.792208365322,96.0,98.0,0.978,77.862718659502,193.33273315,53.4,18.1,74.226,2.704,62.3887552077227,,9.191,0.8390000000000001,66.26,0.67,-0.063,0.83,0.833,0.286
ECU,Ecuador,LCN,Upper-middle income,2008,11474.5257023541,107.735610961914,20.9,88.1005318614763,96.0,98.0,1.096,78.663760639549,231.62229919,49.8,17.4,74.709,2.688,62.5395521004212,,9.236,0.8290000000000001,66.44,0.64,-0.094,0.8009999999999999,0.843,0.283
ECU,Ecuador,LCN,Upper-middle income,2009,11403.5277978831,112.422248840332,20.0,88.4054817977882,94.0,97.0,1.216,79.4640520853321,244.5753479,48.5,16.7,74.901,2.678,62.6588021150118,,9.225,0.779,66.62,0.737,-0.108,0.774,0.84,0.256
ECU,Ecuador,LCN,Upper-middle income,2010,11665.6978598204,108.529831519835,19.1,88.7072879977884,91.0,95.0,1.283,80.2637776434408,287.00466919,48.8,16.0,75.188,2.615,62.7405258611644,5.837999999999999,9.244,0.8390000000000001,66.8,0.723,-0.063,0.8059999999999999,0.826,0.22
ECU,Ecuador,LCN,Upper-middle income,2011,12449.0785549218,108.222664680389,18.2,88.9995700135052,88.0,94.0,1.382,81.0578095261347,340.40786743,45.9,15.3,75.179,2.605,62.7949053547691,5.795,9.304,0.818,66.96,0.7879999999999999,-0.155,0.7020000000000001,0.862,0.271
ECU,Ecuador,LCN,Upper-middle income,2012,12961.0267423765,105.657930195512,17.4,89.2843795348701,87.0,96.0,1.561,81.8481545734272,387.54577637,46.1,14.6,75.486,2.509,62.8408732819135,5.961,9.344,0.785,67.12,0.825,-0.084,0.73,0.847,0.3329999999999999
ECU,Ecuador,LCN,Upper-middle income,2013,13689.1520460125,104.495253899633,16.6,89.5662908642962,87.0,97.0,1.645,82.6385639070942,414.12683105,46.9,14.0,75.832,2.362,62.8837286624122,6.019,9.377,0.8009999999999999,67.28,0.787,-0.191,0.6459999999999999,0.851,0.267
ECU,Ecuador,LCN,Upper-middle income,2014,14064.7992246727,105.59687272731,15.9,89.8451330944318,83.0,85.0,1.684,83.4289010855999,433.41845703,45.0,13.4,76.141,2.274,62.9232432195799,5.946000000000001,9.399,0.831,67.44,0.7190000000000001,-0.1669999999999999,0.6609999999999999,0.8590000000000001,0.306
ECU,Ecuador,LCN,Upper-middle income,2015,13881.5700738105,101.055189173942,15.3,90.1212871773867,78.0,84.0,1.806,84.2194382578739,464.22186279,46.0,12.9,76.222,2.209,62.959188676731,5.964,9.384,0.856,67.6,0.8009999999999999,-0.114,0.6659999999999999,0.851,0.3229999999999999
ECU,Ecuador,LCN,Upper-middle income,2016,13586.5160772568,98.960813930118,14.8,90.3944152289936,83.0,86.0,2.055,85.0099232884518,449.03869629,45.0,12.5,76.094,2.122,62.9913367571804,6.115,9.355,0.8420000000000001,67.9,0.846,-0.015,0.774,0.846,0.365
ECU,Ecuador,LCN,Upper-middle income,2017,14179.1537503305,98.1861872199016,14.4,90.6647128570391,85.0,81.0,2.225,85.8004886348106,469.04544067,44.7,12.2,76.22,2.128,63.0194591842425,5.84,9.36,0.8490000000000001,68.2,0.879,-0.1669999999999999,0.7340000000000001,0.8290000000000001,0.314
ECU,Ecuador,LCN,Upper-middle income,2018,14083.5069982304,98.8828234359272,14.1,90.9348761697738,85.0,83.0,2.341,86.5928399282026,493.82693481,45.4,11.9,77.248,2.111,63.0433276812321,6.127999999999999,9.355,0.851,68.5,0.8690000000000001,-0.099,0.831,0.8759999999999999,0.3279999999999999
ECU,Ecuador,LCN,Upper-middle income,2019,13870.4895118068,98.3159782205083,13.8,91.2046901615957,85.0,83.0,2.32,87.3866333551063,484.54037476,45.7,11.7,77.286,2.035,63.0627139714638,5.809,9.339,0.8079999999999999,68.8,0.83,-0.115,0.8390000000000001,0.8109999999999999,0.374
ECU,Ecuador,LCN,Upper-middle income,2020,12440.3263747814,98.1163823787708,13.6,91.4742997917839,70.0,81.0,2.313,88.1817507856303,470.20355225,47.3,11.5,72.004,1.967,63.0773897782521,5.354,9.244,0.804,69.1,0.8290000000000001,-0.157,0.855,0.79,0.416
EGY,"Egypt, Arab Rep.",MEA,Lower-middle income,2005,10700.6090372525,89.0111618041992,37.0,98.6402827769204,98.0,98.0,0.73,93.0452392877341,59.4683876,31.1,32.3,68.355,3.254,42.9569271409488,5.167999999999999,9.036,0.848,59.7,0.8170000000000001,-0.121,0.914,0.735,0.346
EGY,"Egypt, Arab Rep.",MEA,Lower-middle income,2006,11211.8320228671,90.0128402709961,35.6,98.5698644772866,98.0,98.0,0.73,93.2594315118991,66.32707214,31.1,31.1,68.493,3.223,42.9729991680104,,9.0855,0.7669999999999999,,0.7130000000000001,-0.121,0.914,0.7,0.3505
EGY,"Egypt, Arab Rep.",MEA,Lower-middle income,2007,11782.0060717026,90.5241470336914,34.2,98.4988899601912,98.0,97.0,0.73,93.4714314337652,73.29454041,31.1,30.1,68.627,3.237,42.9729666344509,5.541,9.135,0.6859999999999999,59.82,0.609,-0.121,0.914,0.665,0.355
EGY,"Egypt, Arab Rep.",MEA,Lower-middle income,2008,12391.5847624938,90.86689758300781,32.8,98.4275413352809,97.0,92.0,0.73,93.6821208332209,90.15769958,31.1,29.0,68.761,3.238,42.9608989120873,4.632,9.186,0.738,59.88,0.61,-0.087,0.914,0.6829999999999999,0.301
EGY,"Egypt, Arab Rep.",MEA,Lower-middle income,2009,12728.0814587564,91.2096481323242,31.6,98.3562103479717,97.0,95.0,0.73,93.8929162055799,98.90396881,30.65,28.1,68.915,3.259,42.9383470624904,5.066,9.213,0.7440000000000001,59.94,0.611,-0.1,0.8009999999999999,0.642,0.3389999999999999
EGY,"Egypt, Arab Rep.",MEA,Lower-middle income,2010,13128.9878334831,90.9477588784227,30.5,98.2848591599105,97.0,96.0,0.73,94.1037046412727,105.07817841,30.2,27.2,69.078,3.296,42.9057175520154,4.669,9.244,0.769,60.0,0.486,-0.076,0.826,0.5670000000000001,0.276
EGY,"Egypt, Arab Rep.",MEA,Lower-middle income,2011,13082.4263680239,87.469737936967,29.5,98.2135282519016,96.0,96.0,0.73,94.3145999279775,116.22949219,29.25,26.4,69.232,3.311,42.8634168470177,4.174,9.24,0.753,60.16,0.59,-0.151,0.8590000000000001,0.529,0.353
EGY,"Egypt, Arab Rep.",MEA,Lower-middle income,2012,13076.8052394876,91.8601632814812,28.6,98.1415728406932,93.0,93.0,0.73,94.5236904418701,139.81625366,28.3,25.7,69.464,3.4,42.8118514138525,4.204,9.24,0.737,60.32,0.452,-0.138,0.88,0.527,0.3979999999999999
EGY,"Egypt, Arab Rep.",MEA,Lower-middle income,2013,13058.0748238237,91.5819650596849,27.8,98.0695998327114,97.0,96.0,0.73,94.7328979128496,139.67245483,29.46666666666667,25.1,69.632,3.49,42.7514277188751,3.559,9.239,0.675,60.48,0.474,-0.141,0.913,0.551,0.483
EGY,"Egypt, Arab Rep.",MEA,Lower-middle income,2014,13136.3656298099,89.1874065189482,27.1,97.9975794064633,94.0,93.0,0.73,94.9421220877045,155.06480408,30.633333333333333,24.5,69.911,3.49,42.6825522284408,4.885,9.245,0.619,60.64,0.578,-0.126,0.7490000000000001,0.5429999999999999,0.327
EGY,"Egypt, Arab Rep.",MEA,Lower-middle income,2015,13425.9119599492,89.65022764012404,26.5,97.9255148711552,93.0,92.0,0.763,95.1514018679127,170.25532532,31.8,24.1,70.135,3.5,42.6056314089048,,9.266,0.73,60.8,0.659,-0.089,0.684,0.61,0.344
EGY,"Egypt, Arab Rep.",MEA,Lower-middle income,2016,13727.3201600816,90.1130487612999,26.0,97.8534422131452,95.0,95.0,0.763,95.3608044893643,142.61845398,31.65,23.7,70.437,3.35,42.5210717266225,4.557,9.287,0.809,61.1,0.6559999999999999,-0.141,0.818,0.611,0.37
EGY,"Egypt, Arab Rep.",MEA,Lower-middle income,2017,14018.3605934411,90.6515125272044,25.6,97.7818611616948,94.0,94.0,0.743,95.5716159808707,106.00288391,31.5,23.4,70.709,3.31,42.4486008687179,3.929,9.307,0.638,61.4,0.593,-0.152,0.818,0.539,0.414
EGY,"Egypt, Arab Rep.",MEA,Lower-middle income,2018,14488.2094340261,92.6909066089532,25.2,97.710814412432,95.0,94.0,0.716,95.7838228519798,118.01481628,31.7,23.1,70.974,3.02,42.4577177449969,4.005,9.338,0.759,61.7,0.682,-0.215,0.818,0.492,0.285
EGY,"Egypt, Arab Rep.",MEA,Lower-middle income,2019,15026.568243683,94.2500854039165,24.8,97.6403544846485,95.0,95.0,0.697,95.9974521361916,142.69670105,31.9,22.9,71.213,2.87,42.4812027332648,4.328,9.373,0.772,62.0,0.774,-0.1989999999999999,0.818,0.517,0.313
EGY,"Egypt, Arab Rep.",MEA,Lower-middle income,2020,15309.2359881835,95.6433012164233,24.4,97.5705329201433,94.0,94.0,0.671,96.21249765428,148.35269165,31.9,22.6,69.79,2.85,42.5181534630674,4.472,9.383,0.6729999999999999,62.3,0.77,-0.1119999999999999,0.818,0.599,0.442
ERI,Eritrea,SSF,Low income,2005,,103.574653625488,67.5,48.4844074537935,96.0,95.0,0.046,9.96153520031783,21.92651939,,43.2,60.628,4.934,35.1022033691406,,,,,,,,,
ERI,Eritrea,SSF,Low income,2006,,97.0371780395508,64.7,48.8594940483832,94.0,94.0,0.05,10.2644175982683,23.77408791,,42.0,61.457,4.881,35.2525177001953,,,,,,,,,
ERI,Eritrea,SSF,Low income,2007,,87.2029037475586,62.0,49.2469532106027,95.0,92.0,0.045,10.5550786241031,19.62666321,,40.8,61.998,4.812,35.3820953369141,,,,,,,,,
ERI,Eritrea,SSF,Low income,2008,,81.1434326171875,59.6,49.6487034568778,95.0,91.0,0.045,10.8337740406528,21.55065727,,39.7,62.422,4.737,35.4897117614746,,,,,,,,,
ERI,Eritrea,SSF,Low income,2009,,77.9211807250977,57.3,49.8103238748975,95.0,93.0,0.044,11.0220414202395,24.35102463,,38.5,63.203,4.656,35.5742034912109,,,,,,,,,
ERI,Eritrea,SSF,Low income,2010,,73.636848449707,55.2,49.9773816653656,95.0,95.0,0.044,11.2019452505005,26.00652122,,37.5,63.665,4.571,35.6346549987793,,,,,,,,,
ERI,Eritrea,SSF,Low income,2011,,79.17431640625,53.3,50.1505293513249,94.0,96.0,0.045,11.3735403344941,35.55129623,,36.4,64.231,4.486,35.6706275939941,,,,,,,,,
ERI,Eritrea,SSF,Low income,2012,,82.6438980102539,51.4,50.3291745608518,94.0,98.0,0.05,11.5365173088441,27.78689003,,35.4,64.697,4.407,35.6824264526367,,,,,,,,,
ERI,Eritrea,SSF,Low income,2013,,92.6765518188477,49.7,50.7051288039864,94.0,94.0,0.056,11.6362700094956,31.64078712,,34.4,65.005,4.335,35.6713333129883,,,,,,,,,
ERI,Eritrea,SSF,Low income,2014,,83.275146484375,48.1,51.0835644393148,94.0,90.0,0.066,11.7366810070379,32.93448257,,33.4,65.517,4.273,35.639720916748,,,,,,,,,
ERI,Eritrea,SSF,Low income,2015,,82.3669509887695,46.4,51.4650919722432,95.0,97.0,0.068,11.8379124928254,29.22208977,,32.4,65.909,4.217,35.591007232666,,,,,,,,,
ERI,Eritrea,SSF,Low income,2016,,80.35821151733396,44.7,51.8497177620962,95.0,95.0,0.072,11.9399660140866,26.00592422,,31.3,66.242,4.164,35.5254287719727,,,,,,,,,
ERI,Eritrea,SSF,Low income,2017,,78.3494720458984,43.3,51.8497177620962,95.0,93.0,0.071,11.9399660140866,25.10270691,,30.5,66.612,4.112,35.4427146911621,,,,,,,,,
ERI,Eritrea,SSF,Low income,2018,,78.7916488647461,41.9,51.8497177620962,95.0,93.0,0.088,11.9399660140866,26.68201256,,29.6,66.979,4.056,35.3451042175293,,,,,,,,,
ERI,Eritrea,SSF,Low income,2019,,78.7916488647461,40.5,51.8497177620962,95.0,93.0,0.077,11.9399660140866,28.42930794,,28.7,67.306,3.997,35.2352333068848,,,,,,,,,
ERI,Eritrea,SSF,Low income,2020,,78.7916488647461,39.1,51.8497177620962,95.0,93.0,0.088,11.9399660140866,27.66697884,,27.8,66.98,3.933,35.116138458252,,,,,,,,,
ESP,Spain,ECS,High income,2005,43570.7652574033,104.357879638672,4.7,100.0,96.0,97.0,3.521,99.8416133982387,2074.33081055,32.4,3.8,80.1707317073171,1.33,77.2206801920294,,10.546,0.961,71.5,0.782,-0.093,0.777,0.7759999999999999,0.241
ESP,Spain,ECS,High income,2006,44572.6815459931,103.610877990723,4.5,100.0,98.0,97.0,3.601,99.8487382179383,2256.68066406,33.5,3.7,80.8219512195122,1.36,77.4968648783202,,10.5665,0.959,,0.782,-0.093,0.7805,0.7695,0.2525
ESP,Spain,ECS,High income,2007,45301.2843416374,103.025680541992,4.4,100.0,96.0,97.0,3.538,99.8558830962321,2625.55664063,34.1,3.6,80.8731707317073,1.38,77.7738937890987,,10.587,0.957,72.06,0.782,-0.093,0.784,0.763,0.264
ESP,Spain,ECS,High income,2008,44926.348951812,102.449981689453,4.2,100.0,97.0,98.0,3.523,99.8630455498867,3019.7578125,34.2,3.4,81.1756097560976,1.45,78.0421438998777,,10.579,0.948,72.34,0.8340000000000001,-0.15,0.6829999999999999,0.772,0.26
ESP,Spain,ECS,High income,2009,42852.220888454,102.095718383789,4.0,99.999999329905,96.0,98.0,3.577,99.8702292600301,2962.48266602,34.9,3.3,81.4756097560976,1.38,78.2919921861701,6.199,10.532,0.929,72.62,0.7490000000000001,-0.127,0.7979999999999999,0.752,0.336
ESP,Spain,ECS,High income,2010,42695.5274189933,101.211227416992,3.8,99.9999972813307,97.0,95.0,3.737,99.8774338307554,2816.84350586,35.2,3.2,81.6268292682927,1.37,78.5138156234888,6.188,10.529000000000002,0.95,72.9,0.7959999999999999,-0.138,0.84,0.7240000000000001,0.322
ESP,Spain,ECS,High income,2011,42271.8346788238,100.813041687012,3.7,99.9999999335079,97.0,97.0,3.814,99.8846622975312,2938.18041992,35.7,3.0,82.4756097560976,1.34,78.695397956495,,10.518,0.944,73.02,0.8190000000000001,-0.122,0.846,0.737,0.356
ESP,Spain,ECS,High income,2012,41034.0481566356,100.473442077637,3.6,99.9861677203853,96.0,97.0,3.804,99.8919111266773,2620.84204102,35.4,2.9,82.4268292682927,1.32,78.8455680301618,,10.487,0.937,73.14,0.755,-0.059,0.8440000000000001,0.7490000000000001,0.366
ESP,Spain,ECS,High income,2013,40594.914008768,103.246879577637,3.5,99.9566408362607,96.0,95.0,3.791,99.8991712740444,2664.48339844,36.2,2.9,83.0780487804878,1.27,78.9858086902112,,10.476,0.929,73.26,0.759,-0.1009999999999999,0.916,0.696,0.372
ESP,Spain,ECS,High income,2014,41339.4111169417,102.77628326416,3.4,99.926942900271,97.0,96.0,3.781,99.9060955227569,2716.5793457,36.1,2.8,83.2292682926829,1.32,79.1196713833488,,10.492,0.948,73.38,0.738,-0.0279999999999999,0.8540000000000001,0.716,0.335
ESP,Spain,ECS,High income,2015,43053.761430314,102.487281799316,3.3,99.9267194862736,97.0,96.0,3.826,99.9124654207722,2383.85302734,36.2,2.7,82.8317073170732,1.33,79.2454892743023,,10.531,0.956,73.5,0.732,-0.072,0.8220000000000001,0.732,0.285
ESP,Spain,ECS,High income,2016,44274.6676149922,102.526252746582,3.3,99.9265065763433,97.0,97.0,3.803,99.9188850913844,2378.13598633,35.8,2.7,83.3292682926829,1.33,79.3615955277997,6.319,10.56,0.942,73.8,0.768,-0.048,0.8190000000000001,0.653,0.301
ESP,Spain,ECS,High income,2017,45446.2508575695,102.921058654785,3.2,99.9262777210373,95.0,98.0,3.854,99.9198350404292,2564.55834961,34.7,2.7,83.2829268292683,1.31,79.4663233085683,6.23,10.586,0.903,74.1,0.7559999999999999,-0.032,0.7909999999999999,0.625,0.302
ESP,Spain,ECS,High income,2018,46325.2099441141,103.118812561035,3.2,99.9260612803023,96.0,98.0,3.996,99.9195992102324,2784.16308594,34.7,2.7,83.4317073170732,1.26,79.5580057813361,,10.605,0.91,74.4,0.722,-0.075,0.777,0.659,0.357
ESP,Spain,ECS,High income,2019,46896.4171141424,103.661293029785,3.2,99.9258322377834,95.0,98.0,4.376,99.9193505376925,2756.62109375,34.3,2.6,83.8317073170732,1.23,79.6349761108307,,10.618,0.949,74.7,0.778,-0.049,0.73,0.6629999999999999,0.316
ESP,Spain,ECS,High income,2020,41553.4477945675,103.884178161621,3.2,99.9256069689441,94.0,96.0,4.546,99.9191055578582,2942.41943359,34.9,2.6,82.2317073170732,1.18,79.6955674617799,,10.488,0.935,75.0,0.7829999999999999,-0.121,0.73,0.6859999999999999,0.317
EST,Estonia,ECS,High income,2005,30161.1996133966,103.570648193359,7.1,98.1836064927541,96.0,96.0,3.142,99.5838417211126,549.63024902,33.4,5.6,72.5682926829268,1.52,67.5080523578799,,10.27,0.91,,0.7490000000000001,-0.264,0.797,0.655,0.215
EST,Estonia,ECS,High income,2006,33301.4945486206,102.761779785156,6.5,98.3297821115906,95.0,96.0,3.182,99.522563231891,627.18377686,33.7,5.1,72.6914634146341,1.58,67.5557177507269,5.371,10.27,0.91,64.86,0.7490000000000001,-0.264,0.797,0.655,0.215
EST,Estonia,ECS,High income,2007,35986.5161332684,101.679817199707,5.9,98.4769162327614,95.0,96.0,3.26,99.4613971184116,866.49945068,31.2,4.7,72.8146341463415,1.69,67.6097866365576,,10.347,0.8959999999999999,65.32,0.7120000000000001,-0.246,0.743,0.6659999999999999,0.176
EST,Estonia,ECS,High income,2008,34233.7643806167,100.795516967773,5.4,98.6250163424299,95.0,95.0,3.342,99.4003505685032,1082.15478516,31.9,4.3,73.7707317073171,1.72,67.6696980194394,5.452000000000001,10.298,0.904,65.78,0.642,-0.217,0.6629999999999999,0.597,0.218
EST,Estonia,ECS,High income,2009,29281.6798284656,100.181121826172,5.0,98.7740812931391,95.0,95.0,3.281,99.3394223505559,1006.50708008,31.4,3.9,74.8243902439024,1.7,67.7348909034398,5.138,10.144,0.8740000000000001,66.24,0.611,-0.23,0.7929999999999999,0.598,0.243
EST,Estonia,ECS,High income,2010,30067.501040775,99.5972671508789,4.6,98.924086764246,94.0,95.0,3.244,99.2786089293532,966.19024658,32.0,3.6,75.4292682926829,1.72,67.8048042926262,,10.196,0.8915000000000001,,0.673,-0.199,0.74,0.6244999999999999,0.22399999999999998
EST,Estonia,ECS,High income,2011,32453.1008476709,99.042839050293,4.2,99.075060117403,93.0,94.0,3.294,99.2179098220074,1061.1628418,32.5,3.3,76.2292682926829,1.61,67.8775556334506,5.487,10.248,0.909,66.96,0.735,-0.168,0.687,0.6509999999999999,0.205
EST,Estonia,ECS,High income,2012,33765.4302075072,98.3196105957031,3.9,99.2291464773041,94.0,94.0,3.284,99.1574914721091,1058.71960449,32.9,3.0,76.3268292682927,1.56,67.9629593320316,5.364,10.282,0.889,67.22,0.6970000000000001,-0.192,0.7929999999999999,0.647,0.1989999999999999
EST,Estonia,ECS,High income,2013,34481.0148921506,97.6795196533203,3.6,99.3847877447218,94.0,94.0,3.335,99.0971593772044,1194.86206055,35.1,2.8,77.1414634146341,1.52,68.0923458296768,5.367000000000001,10.299,0.901,67.48,0.754,-0.201,0.726,0.7020000000000001,0.1989999999999999
EST,Estonia,ECS,High income,2014,35720.3025335234,97.5922622680664,3.4,99.5393104564203,93.0,93.0,3.361,99.0367024476379,1287.76123047,34.6,2.6,77.0341463414634,1.54,68.2668382808032,,10.331,0.917,67.74,0.773,-0.153,0.652,0.68,0.203
EST,Estonia,ECS,High income,2015,36353.0580520449,97.1191482543945,3.2,99.6927225302901,93.0,93.0,3.417,99.0355098457434,1156.20275879,32.7,2.4,77.590243902439,1.58,68.4796609690553,5.629,10.348,0.918,68.0,0.815,-0.1639999999999999,0.569,0.723,0.183
EST,Estonia,ECS,High income,2016,37466.5561839318,97.2923431396484,3.0,99.8450343236061,93.0,93.0,3.457,99.0342292897259,1226.0859375,31.2,2.3,77.6414634146342,1.6,68.724038178078,5.65,10.374,0.938,68.2,0.843,-0.149,0.639,0.726,0.177
EST,Estonia,ECS,High income,2017,39529.785973279,97.2500534057617,2.8,99.9257062109249,93.0,93.0,3.468,99.0328460543917,1350.12646484,30.4,2.2,78.0926829268293,1.59,68.9931941915158,5.938,10.429,0.936,68.4,0.862,-0.1009999999999999,0.6679999999999999,0.805,0.16
EST,Estonia,ECS,High income,2018,40849.8473475564,97.4559478759766,2.7,99.9485371012832,92.0,87.0,3.483,99.0313545119292,1553.43347168,30.3,2.0,78.2439024390244,1.67,69.2803532930133,6.091,10.472,0.933,68.6,0.8859999999999999,-0.141,0.621,0.795,0.163
EST,Estonia,ECS,High income,2019,42215.0343835811,98.1577224731445,2.5,99.9714771406741,91.0,88.0,3.469,99.0297517072032,1599.3503418,30.8,1.9,78.6463414634147,1.66,69.5787397662154,6.035,10.511,0.934,68.8,0.887,-0.096,0.5760000000000001,0.804,0.156
EST,Estonia,ECS,High income,2020,40916.7194113327,98.3466720581055,2.4,99.9945255363523,91.0,91.0,3.479,99.0280228246995,1789.03417969,30.7,1.8,78.5951219512195,1.58,69.8815778947665,6.452999999999999,10.459,0.958,69.0,0.954,-0.0819999999999999,0.3979999999999999,0.807,0.188
ETH,Ethiopia,SSF,Low income,2005,952.115666282409,74.5096893310547,108.3,26.3576124690887,43.0,40.0,0.031,4.31725101635963,6.4820013,33.2,74.4,54.364,6.194,15.982967376709,,7.271,0.659,,0.7759999999999999,-0.044,0.75,0.6679999999999999,0.1369999999999999
ETH,Ethiopia,SSF,Low income,2006,1024.72911937532,79.2329330444336,102.4,27.8655119170134,46.0,44.0,0.026,4.60119614731006,8.42413712,33.2,70.9,55.402,6.047,16.2148475646973,,7.271,0.659,,0.7759999999999999,-0.044,0.75,0.6679999999999999,0.1369999999999999
ETH,Ethiopia,SSF,Low income,2007,1109.14330259683,85.4697265625,96.9,29.3784617293428,50.0,49.0,0.022,4.88681883136837,11.63210678,33.2,67.7,56.566,5.887,16.0948330261902,,7.271,0.659,,0.7759999999999999,-0.044,0.75,0.6679999999999999,0.1369999999999999
ETH,Ethiopia,SSF,Low income,2008,1193.74728331296,91.4530181884766,91.8,30.9869711535733,54.0,54.0,0.024,5.196915075959,13.03863621,33.2,64.7,57.733,5.695,16.7936706542969,,7.271,0.659,,0.7759999999999999,-0.044,0.75,0.6679999999999999,0.1369999999999999
ETH,Ethiopia,SSF,Low income,2009,1262.46398000981,90.3419418334961,87.1,32.5882446657978,58.0,59.0,0.025,5.50779854946485,15.1445961,33.2,61.8,58.715,5.488,17.1511001586914,,7.271,0.659,,0.7759999999999999,-0.044,0.75,0.6679999999999999,0.1369999999999999
ETH,Ethiopia,SSF,Low income,2010,1381.19044650715,88.511037030714,82.7,34.1836897406234,61.0,64.0,0.025,5.82002469888892,16.17102051,33.2,59.2,59.709,5.282,17.4937839508057,,7.271,0.659,,0.7759999999999999,-0.044,0.75,0.6679999999999999,0.1369999999999999
ETH,Ethiopia,SSF,Low income,2011,1492.53396469943,90.6282577514648,78.6,35.7718966203647,65.0,68.0,0.025,6.13343630352376,14.62286568,33.56,56.8,60.595,5.08,17.863790512085,,7.271,0.659,,0.7759999999999999,-0.044,0.75,0.6679999999999999,0.1369999999999999
ETH,Ethiopia,SSF,Low income,2012,1576.76875733933,89.9253221073517,74.8,37.3536456061453,61.0,62.0,0.025,6.44846430368166,20.00217628,33.92,54.4,61.443,4.887,18.2061367034912,4.561,7.271,0.659,55.2,0.7759999999999999,-0.044,0.75,0.6679999999999999,0.1369999999999999
ETH,Ethiopia,SSF,Low income,2013,1696.86515588665,91.5199555568215,71.2,38.9189287309583,59.0,55.0,0.025,6.76236331987807,19.26698494,34.28,52.2,62.161,4.708,18.615514755249,,7.343,0.602,55.8,0.7070000000000001,-0.008,0.75,0.643,0.213
ETH,Ethiopia,SSF,Low income,2014,1821.39161772403,93.1145890062913,67.7,40.4770660365689,61.0,54.0,0.025,7.07793835749952,21.6064415,34.64,50.0,62.927,4.605,19.0262870788574,4.507,7.412999999999999,0.64,56.4,0.6940000000000001,0.08,0.7020000000000001,0.738,0.303
ETH,Ethiopia,SSF,Low income,2015,1957.41454184551,94.0857534729235,64.4,42.0272706430081,62.0,56.0,0.025,7.39517563066231,23.21817207,35.0,47.9,63.592,4.529,19.451566696167,4.573,7.484,0.626,57.0,0.8029999999999999,0.113,0.5670000000000001,0.7140000000000001,0.237
ETH,Ethiopia,SSF,Low income,2016,2084.84055616471,97.65487247288425,61.3,43.569746379878,64.0,57.0,0.025,7.71437321783047,24.34373283,35.0,45.9,64.162,4.473,19.8763618469238,4.298,7.547000000000001,0.7190000000000001,57.5,0.7440000000000001,0.038,0.703,0.727,0.254
ETH,Ethiopia,SSF,Low income,2017,2222.82824478259,101.223991472845,58.4,45.1032760984933,65.0,59.0,0.025,8.0353579200927,24.18239403,35.0,44.0,64.766,4.401,20.3084850311279,4.18,7.612,0.7340000000000001,58.0,0.7170000000000001,0.001,0.757,0.609,0.304
ETH,Ethiopia,SSF,Low income,2018,2311.16511656359,105.03938465769667,55.8,46.6289667749081,62.0,54.0,0.025,8.35875920842316,23.5205574,35.0,42.3,65.257,4.371,20.7838096618652,,7.651,0.74,58.5,0.74,0.039,0.799,0.66,0.272
ETH,Ethiopia,SSF,Low income,2019,2437.97046047967,108.85477784254833,53.6,48.1464763368745,61.0,56.0,0.025,8.68474048756754,25.93511963,35.0,40.8,65.741,4.347,21.2486705780029,4.1,7.705,0.748,59.0,0.754,0.053,0.732,0.631,0.283
ETH,Ethiopia,SSF,Low income,2020,2516.54907638899,112.6701710274,51.5,49.6550451612317,62.0,57.0,0.025,9.01330021395482,28.28001595,35.0,39.4,65.969,4.274,21.6260051727295,4.549,7.711,0.823,59.5,0.769,0.188,0.784,0.669,0.252
FIN,Finland,ECS,High income,2005,52744.048034135,99.7841110229492,3.7,99.9999971053546,97.0,97.0,3.674,99.4481380769585,3236.85839844,27.6,3.0,78.8170731707317,1.8,68.5140529517604,,10.745,0.965,,0.969,-0.005,0.132,0.722,0.172
FIN,Finland,ECS,High income,2006,54653.981203281,99.7659530639648,3.6,100.0,97.0,97.0,3.691,99.4481326778555,3414.94140625,28.0,2.9,79.2146341463415,1.84,68.7588279849327,7.672000000000001,10.745,0.965,69.76,0.969,-0.005,0.132,0.722,0.172
FIN,Finland,ECS,High income,2007,57313.2916474478,99.6621475219727,3.5,99.9999969532681,99.0,98.0,3.729,99.4481210814901,3918.64453125,28.3,2.8,79.2634146341464,1.83,69.0200377316963,,10.770499999999998,0.958,,0.9515,0.011499999999999948,0.1745,0.7475,0.15799999999999997
FIN,Finland,ECS,High income,2008,57494.585352886,99.7198715209961,3.3,99.9999979690853,99.0,97.0,3.742,99.4481136953925,4486.33789063,27.8,2.7,79.5682926829268,1.85,69.2943672196361,,10.796,0.951,70.08,0.934,0.0279999999999999,0.217,0.773,0.144
FIN,Finland,ECS,High income,2009,52599.1487066911,99.664192199707,3.2,99.9999991951693,99.0,98.0,3.775,99.4481065796544,4349.89501953,27.5,2.6,79.719512195122,1.86,69.546259966947,,10.765,0.9430000000000001,,0.925,0.05949999999999995,0.315,0.8025,0.17299999999999993
FIN,Finland,ECS,High income,2010,54017.9458623339,99.6880569458008,3.0,100.0,99.0,98.0,3.44,99.4480868055649,4251.52880859,27.7,2.4,79.8707317073171,1.87,69.7855798796947,7.393,10.734000000000002,0.935,70.4,0.916,0.091,0.413,0.8320000000000001,0.2019999999999999
FIN,Finland,ECS,High income,2011,55053.3906850323,99.7851867675781,2.9,100.0,99.0,97.0,3.543,99.4480530393252,4717.5078125,27.6,2.3,80.4707317073171,1.83,70.0583261874252,,10.754,0.938,70.64,0.936,0.1009999999999999,0.32,0.773,0.205
FIN,Finland,ECS,High income,2012,53957.6680986279,99.7071228027344,2.8,99.9999978985936,99.0,97.0,3.556,99.4480121860374,4573.19726563,27.1,2.2,80.6268292682927,1.8,70.3661363168712,,10.735,0.928,70.88,0.921,-0.001,0.361,0.7959999999999999,0.2019999999999999
FIN,Finland,ECS,High income,2013,53183.4286685126,99.6918487548828,2.6,99.9999962385025,98.0,97.0,3.386,99.4479919012629,4892.03369141,27.2,2.1,80.9756097560976,1.75,70.6742118159277,7.445,10.722,0.941,71.12,0.919,0.04,0.306,0.769,0.195
FIN,Finland,ECS,High income,2014,52710.7334867778,99.6617202758789,2.6,99.9999970318793,98.0,96.0,3.448,99.447989639906,4922.4296875,26.8,2.1,81.1804878048781,1.71,70.9879168940753,7.385,10.714,0.952,71.36,0.933,-0.001,0.265,0.784,0.1989999999999999
FIN,Finland,ECS,High income,2015,52782.4873926277,99.5672302246094,2.5,100.0,97.0,95.0,3.421,99.4479924994101,4128.20751953,27.1,2.0,81.4804878048781,1.65,71.3054930040604,7.447999999999999,10.716,0.948,71.6,0.93,0.111,0.223,0.7509999999999999,0.191
FIN,Finland,ECS,High income,2016,53984.6316254715,99.5080413818359,2.4,99.9999998933781,92.0,95.0,3.42,99.4479863794358,4108.73974609,27.1,2.0,81.4292682926829,1.57,71.6158383428171,7.66,10.74,0.954,71.7,0.948,-0.027,0.25,0.797,0.182
FIN,Finland,ECS,High income,2017,55637.2262781223,99.4682083129883,2.4,100.0,89.0,94.0,3.437,99.4479844608387,4235.75488281,27.4,1.9,81.6317073170732,1.49,71.9563038312956,7.787999999999999,10.768,0.964,71.8,0.962,-0.002,0.192,0.787,0.176
FIN,Finland,ECS,High income,2018,56226.337241343,99.7032012939453,2.4,99.999999309504,91.0,96.0,3.463,99.4479792179027,4521.27636719,27.3,1.9,81.7341463414634,1.41,72.3423467740343,,10.783,0.962,71.9,0.938,-0.127,0.1989999999999999,0.782,0.182
FIN,Finland,ECS,High income,2019,56922.4873163103,99.5557479858398,2.4,99.9999972852429,91.0,96.0,3.566,99.4479732107755,4459.9296875,27.7,1.9,81.9829268292683,1.35,72.7431214358314,7.78,10.792,0.937,72.0,0.948,-0.052,0.195,0.755,0.181
FIN,Finland,ECS,High income,2020,55424.8574989208,99.8175811767578,2.4,99.9999988873824,89.0,95.0,3.61,99.4479703400958,4736.21435547,27.1,1.9,81.9317073170732,1.37,73.0849439791673,7.888999999999999,10.75,0.962,72.1,0.962,-0.1159999999999999,0.1639999999999999,0.7440000000000001,0.193
FJI,Fiji,EAS,Upper-middle income,2005,9745.58143908405,98.807487487793,23.3,94.9370413957201,96.0,90.0,0.373,89.5944358182032,120.21074677,40.4,17.3,65.983,2.917,49.8421361321385,,,,,,,,,
FJI,Fiji,EAS,Upper-middle income,2006,9837.08586688962,98.807487487793,23.5,94.9596519780134,98.0,92.0,0.373,89.9493490621546,126.38617706,40.4,17.4,66.126,2.905,50.2294752725468,,,,,,,,,
FJI,Fiji,EAS,Upper-middle income,2007,9672.29020465987,93.939826965332,23.5,94.9825498641787,99.0,94.0,0.373,90.2946156798111,140.30192566,40.4,17.4,66.161,2.872,50.6494569776975,,,,,,,,,
FJI,Fiji,EAS,Upper-middle income,2008,9711.96604105756,93.6200714111328,23.2,95.0125415500904,99.0,95.0,0.373,90.6391439703364,134.50354004,40.4,17.3,66.32,2.819,51.0979752573339,,,,,,,,,
FJI,Fiji,EAS,Upper-middle income,2009,9536.81722352305,93.1077728271484,22.8,95.0445350823456,99.0,95.0,0.41,90.9745036563402,121.05646515,39.66,17.0,66.347,2.76,51.5628013169579,,,,,,,,,
FJI,Fiji,EAS,Upper-middle income,2010,9784.30360030575,93.60462951660155,22.2,95.076983731919,99.0,96.0,0.5,91.2985247970932,127.65603638,38.92,16.6,66.778,2.696,52.0415147785104,,,,,,,,,
FJI,Fiji,EAS,Upper-middle income,2011,10020.6957548052,94.1014862060547,21.6,95.1097406179506,99.0,96.0,0.59,91.6111034972406,140.93704224,38.18,16.2,66.88,2.631,52.5335449475105,,,,,,,,,
FJI,Fiji,EAS,Upper-middle income,2012,10140.693585539,95.1824417114258,21.0,95.1429478152795,99.0,98.0,0.6799999999999999,91.9124427859318,153.56562805,37.440000000000005,15.9,65.812,2.612,53.0383211294771,,,,,,,,,
FJI,Fiji,EAS,Upper-middle income,2013,10604.1559055372,96.6247792169561,20.7,95.1763187725966,99.0,94.0,0.77,92.2023735585411,158.51806641,36.7,15.7,66.545,2.604,53.5552726299291,,,,,,,,,
FJI,Fiji,EAS,Upper-middle income,2014,11183.3135250834,96.8942906526928,20.6,95.2100729129394,99.0,99.0,0.7915,92.4811636292608,178.31169128,35.7,15.8,66.581,2.591,54.0838287543856,,,,,,,,,
FJI,Fiji,EAS,Upper-middle income,2015,11674.0633676202,99.3576818152788,20.9,95.2442012588905,99.0,98.0,0.813,92.7488640903171,169.47518921,34.7,16.1,66.48,2.567,54.6234188083653,,,,,,,,,
FJI,Fiji,EAS,Upper-middle income,2016,11951.9196738327,100.256688986124,21.6,95.278634976057,95.0,97.0,0.813,93.0055113848616,175.91635132,33.7,16.8,66.657,2.518,55.1734720973874,,,,,,,,,
FJI,Fiji,EAS,Upper-middle income,2017,12597.327485488,102.960840496657,22.7,95.3133024356782,91.0,99.0,0.813,93.2511716546291,185.69645691,32.7,17.7,67.06,2.461,55.7408343449609,,,,,,,,,
FJI,Fiji,EAS,Upper-middle income,2018,13100.095939444,106.223152022315,24.2,95.3482691825769,94.0,95.0,0.813,93.4859578759574,249.86022949,31.7,19.0,66.965,2.419,56.2328347385698,,,,,,,,,
FJI,Fiji,EAS,Upper-middle income,2019,13056.3310937089,114.912590026855,25.7,95.3833163293103,97.0,94.0,0.813,93.7099433236184,254.83047485,30.7,20.3,67.009,2.385,56.70989552257,,,,,,,,,
FJI,Fiji,EAS,Upper-middle income,2020,10812.0355014178,112.553329467773,27.2,95.4183568880338,97.0,92.0,0.813,93.6215609537076,256.25967407,30.7,21.6,66.924,2.357,57.186684691874,,,,,,,,,
FRA,France,ECS,High income,2005,48257.4650937971,104.636489868164,4.5,99.9999971982773,98.0,87.0,3.413,98.6592218035867,3575.02514648,29.8,3.3,80.1634146341463,1.94,77.4363315105438,7.093,10.642,0.94,71.3,0.895,-0.031,0.688,0.769,0.225
FRA,France,ECS,High income,2006,49223.247197008,104.278846740723,4.5,99.9999982498947,99.0,89.0,3.406,98.6584766292502,3811.55175781,29.7,3.3,80.8121951219512,2.0,77.3467240068648,6.582999999999999,10.659,0.944,71.48,0.789,-0.031,0.6990000000000001,0.777,0.289
FRA,France,ECS,High income,2007,50157.7837477634,103.85977935791,4.4,99.9999991615937,99.0,90.0,3.388,98.6577403586305,4312.31054688,32.4,3.2,81.1121951219512,1.98,77.2457976606157,,10.6665,0.9395,,0.8109999999999999,-0.031,0.684,0.7615000000000001,0.28500000000000003
FRA,France,ECS,High income,2008,50068.2969141379,103.622146606445,4.4,99.9999991289051,99.0,89.0,3.385,98.6569940968678,4807.37451172,33.0,3.2,81.2146341463415,2.01,77.1561901569367,7.007999999999999,10.674,0.935,71.84,0.833,-0.031,0.669,0.746,0.281
FRA,France,ECS,High income,2009,48404.9657826363,103.041137695312,4.3,99.9999982791976,98.0,89.0,3.339,98.6562410005115,4737.578125,32.7,3.1,81.4146341463415,2.0,77.1005391809676,,10.639,0.918,72.02,0.7979999999999999,-0.0819999999999999,0.654,0.763,0.303
FRA,France,ECS,High income,2010,49130.422942344,102.761512756348,4.2,99.9999989035929,99.0,89.0,3.345,98.6554802968933,4593.66308594,33.7,3.1,81.6634146341463,2.03,77.0962844808803,6.797999999999999,10.654000000000002,0.943,72.2,0.85,-0.104,0.623,0.79,0.261
FRA,France,ECS,High income,2011,50085.6829779109,102.691101074219,4.2,99.9999974748476,99.0,89.0,3.124,98.654714524901,4936.95605469,33.3,3.1,82.1146341463415,2.01,77.1182717387509,6.959,10.671,0.921,72.4,0.903,-0.102,0.627,0.7809999999999999,0.281
FRA,France,ECS,High income,2012,49935.6269081617,102.523162841797,4.1,100.0,99.0,91.0,3.139,98.653944875706,4659.92431641,33.1,3.1,81.9682926829268,2.01,77.1669464919916,,10.669,0.937,72.6,0.841,-0.149,0.608,0.754,0.253
FRA,France,ECS,High income,2013,50066.5304324783,102.276443481445,4.1,100.0,88.0,90.0,3.156,98.6531677411089,4884.71582031,32.5,3.1,82.219512195122,1.99,77.2440721470918,6.667000000000001,10.669,0.908,72.8,0.878,-0.125,0.6990000000000001,0.8,0.205
FRA,France,ECS,High income,2014,50326.567863089,101.280349731445,4.1,99.999997234513,92.0,91.0,3.169,98.6523819620194,5007.29736328,32.3,3.1,82.719512195122,2.0,77.3524296788613,6.4670000000000005,10.674,0.878,73.0,0.8029999999999999,-0.118,0.6559999999999999,0.8109999999999999,0.216
FRA,France,ECS,High income,2015,50682.8953586333,101.989639282227,4.2,99.9999999037222,96.0,91.0,3.184,98.651596087179,4226.62646484,32.7,3.2,82.3219512195122,1.96,77.7610919150066,6.358,10.682,0.8959999999999999,73.2,0.8170000000000001,-0.139,0.6409999999999999,0.7859999999999999,0.215
FRA,France,ECS,High income,2016,50984.075297832,102.260429382324,4.2,100.0,95.0,90.0,3.2,98.6508068148027,4289.34716797,31.9,3.2,82.5731707317073,1.92,78.5999114705779,6.475,10.69,0.885,73.4,0.787,-0.091,0.623,0.773,0.27
FRA,France,ECS,High income,2017,51895.5662985838,102.417221069336,4.2,100.0,95.0,90.0,3.217,98.6500120942252,4436.63720703,31.6,3.3,82.5756097560976,1.89,78.6467804026368,,10.711,0.931,73.6,0.8340000000000001,-0.123,0.601,0.762,0.242
FRA,France,ECS,High income,2018,52560.9536243841,102.464408874512,4.2,99.9999999523043,95.0,91.0,3.214,98.6492124319546,4692.99511719,32.4,3.3,82.6756097560976,1.87,78.6714432536599,,10.727,0.921,73.8,0.816,-0.138,0.5820000000000001,0.767,0.282
FRA,France,ECS,High income,2019,53448.5548849943,102.447647094727,4.2,100.0,95.0,92.0,3.243,98.6484147946355,4519.98583984,31.2,3.3,82.8268292682927,1.86,78.6890784549356,6.69,10.74,0.958,74.0,0.8270000000000001,-0.133,0.568,0.735,0.25
FRA,France,ECS,High income,2020,49311.333409639,102.651626586914,4.2,100.0,96.0,94.0,3.252,98.6476102264443,4760.08251953,30.7,3.3,82.1756097560976,1.82,78.7119131765249,6.714,10.643,0.947,74.2,0.823,-0.1689999999999999,0.565,0.732,0.231
FRO,Faroe Islands,ECS,High income,2005,54263.326408917,,,100.0,,,,90.8834757181354,,,,79.4453463414634,2.6115,36.3320579528809,,,,,,,,,
FRO,Faroe Islands,ECS,High income,2006,54263.326408917,,,100.0,,,,90.8834757181354,,,,79.6898609756098,2.4764,36.4584197998047,,,,,,,,,
FRO,Faroe Islands,ECS,High income,2007,54263.326408917,,,100.0,,,,90.8834757181354,,,,79.9238243902439,2.5395,36.2929878234863,,,,,,,,,
FRO,Faroe Islands,ECS,High income,2008,54263.326408917,,,100.0,,,,90.8834757181354,,,,80.1460804878049,2.5294,36.4679222106934,,,,,,,,,
FRO,Faroe Islands,ECS,High income,2009,51534.6010087672,,,100.0,,,,90.8834757181354,,,,80.3695317073171,2.3435,36.8888092041016,,,,,,,,,
FRO,Faroe Islands,ECS,High income,2010,51480.252003895,,,100.0,,,,90.8834757181354,,,,80.604956097561,2.5033,37.2536926269531,,,,,,,,,
FRO,Faroe Islands,ECS,High income,2011,53441.4369353384,,,100.0,,,,90.8834757181354,,,,80.8518097560976,2.2832,37.2975959777832,,,,,,,,,
FRO,Faroe Islands,ECS,High income,2012,57524.5150997874,,,100.0,,,,90.8834757181354,,,,81.1060951219512,2.5311,37.3244972229004,,,,,,,,,
FRO,Faroe Islands,ECS,High income,2013,60950.0309827571,,,100.0,,,,90.8834757181354,,,,81.356643902439,2.5099,37.7414817810059,,,,,,,,,
FRO,Faroe Islands,ECS,High income,2014,64019.4156670638,,,100.0,,,,90.8834757181354,,,,81.5912048780488,2.5485,37.9093894958496,,,,,,,,,
FRO,Faroe Islands,ECS,High income,2015,64010.1614022331,,,100.0,,,,90.8834757181354,,,,81.7995975609756,2.411,38.1431503295898,,,,,,,,,
FRO,Faroe Islands,ECS,High income,2016,64156.3241575516,,,100.0,,,,90.8834757181354,,,,81.962112195122,2.6078,38.3200225830078,,,,,,,,,
FRO,Faroe Islands,ECS,High income,2017,65461.9113301074,,,100.0,,,,90.8834757181354,,,,82.1062926829268,2.4684,38.3324699401855,,,,,,,,,
FRO,Faroe Islands,ECS,High income,2018,66192.0494379671,,,100.0,,,,90.8834757181354,,,,82.2486024390244,2.5015,38.4058837890625,,,,,,,,,
FRO,Faroe Islands,ECS,High income,2019,68136.6617957112,,,100.0,,,,90.8834757181354,,,,82.3912829268293,2.4187,38.3945655822754,,,,,,,,,
FRO,Faroe Islands,ECS,High income,2020,66037.9361506945,,,100.0,,,,90.8834757181354,,,,82.5341926829268,2.3301,38.6689987182617,,,,,,,,,
FSM,"Micronesia, Fed. Sts.",EAS,Upper-middle income,2005,3710.19849742597,95.0318576353091,35.9,91.1951753562302,94.0,96.0,0.557,45.4876394243693,397.91644287,42.4,31.6,64.906,3.595,22.3299999237061,,,,,,,,,
FSM,"Micronesia, Fed. Sts.",EAS,Upper-middle income,2006,3717.65782403635,95.0318576353091,35.9,91.0757916103303,67.0,83.0,0.5673333333333334,49.5754813600361,245.42320251,42.1125,31.6,64.859,3.514,22.3275140420008,,,,,,,,,
FSM,"Micronesia, Fed. Sts.",EAS,Upper-middle income,2007,3684.20209326281,95.0318576353091,35.6,90.9564078644304,79.0,92.0,0.5776666666666667,53.6633232957029,258.64785767,41.825,31.5,64.844,3.439,22.3208324539882,,,,,,,,,
FSM,"Micronesia, Fed. Sts.",EAS,Upper-middle income,2008,3622.04886559734,95.0318576353091,35.3,90.8370241185305,85.0,86.0,0.588,57.7511652313697,289.50195313,41.5375,31.3,64.849,3.368,22.3111192453232,,,,,,,,,
FSM,"Micronesia, Fed. Sts.",EAS,Upper-middle income,2009,3702.36131622048,95.0318576353091,34.8,90.7176403726307,91.0,86.0,0.1942,61.8390071670365,325.56570435,41.25,30.9,64.865,3.313,22.2995385016606,,,,,,,,,
FSM,"Micronesia, Fed. Sts.",EAS,Upper-middle income,2010,3780.25132792653,95.0318576353091,34.1,90.5982566267308,85.0,80.0,0.3518,65.9268491027033,361.96511841,40.9625,30.3,64.892,3.271,22.2903529875138,,,,,,,,,
FSM,"Micronesia, Fed. Sts.",EAS,Upper-middle income,2011,3917.44641481482,95.0318576353091,33.4,90.4788728808309,84.0,92.0,0.5094,70.0146910383701,378.15283203,40.675,29.8,64.969,3.223,22.2914664135472,,,,,,,,,
FSM,"Micronesia, Fed. Sts.",EAS,Upper-middle income,2012,3847.14743528337,95.0318576353091,32.6,90.359489134931,81.0,91.0,0.667,74.1025329740369,372.10220337,40.3875,29.0,65.08,3.18,22.2942568788425,,,,,,,,,
FSM,"Micronesia, Fed. Sts.",EAS,Upper-middle income,2013,3696.74550378941,95.0318576353091,31.6,90.2401053890312,81.0,91.0,0.6805714285714286,78.1903749097037,354.82269287,40.1,28.2,65.179,3.133,22.2986323961146,,,,,,,,,
FSM,"Micronesia, Fed. Sts.",EAS,Upper-middle income,2014,3592.81901389543,97.3142040069009,30.7,90.1207216431313,77.0,83.0,0.6941428571428572,82.2782168453705,345.01589966,40.1,27.4,65.294,3.091,22.3046193122479,,,,,,,,,
FSM,"Micronesia, Fed. Sts.",EAS,Upper-middle income,2015,3739.35968767448,93.5670535707402,29.8,90.0013378972314,72.0,74.0,0.7077142857142857,86.3660587810373,362.27624512,40.1,26.7,65.306,3.049,22.3122336099411,,,,,,,,,
FSM,"Micronesia, Fed. Sts.",EAS,Upper-middle income,2016,3774.03193396948,94.0772018432617,28.9,89.8819541513315,69.0,70.0,0.7212857142857143,90.4539007167041,399.77108765,40.1,25.9,65.576,3.001,22.3214896137555,,,,,,,,,
FSM,"Micronesia, Fed. Sts.",EAS,Upper-middle income,2017,3838.04534289261,94.2192600897319,28.1,89.8819541513315,73.0,76.0,0.7348571428571429,90.4539007167041,409.11758423,40.1,25.2,65.761,2.957,22.332401189542,,,,,,,,,
FSM,"Micronesia, Fed. Sts.",EAS,Upper-middle income,2018,3838.64054793262,96.2881950207594,27.3,89.8819541513315,75.0,73.0,0.7484285714285714,90.4539007167041,428.00738525,40.1,24.5,65.943,2.922,22.3449820355433,,,,,,,,,
FSM,"Micronesia, Fed. Sts.",EAS,Upper-middle income,2019,3965.05377269396,94.3598499009745,26.4,89.8819541513315,78.0,78.0,0.762,90.4539007167041,425.28103638,40.1,23.7,66.196,2.883,22.359245777081,,,,,,,,,
FSM,"Micronesia, Fed. Sts.",EAS,Upper-middle income,2020,3861.29319570301,87.4240454357085,25.6,89.8819541513315,83.0,79.0,0.974,90.4539007167041,403.03540039,40.1,23.0,65.878,2.852,22.3752060036598,,,,,,,,,
GAB,Gabon,SSF,Upper-middle income,2005,20385.2899909124,129.775996342797,63.6,82.4519182271315,45.0,55.0,0.34,32.6738741656831,188.91426086,42.2,44.3,62.978,4.21,83.4326746392243,,9.608,0.653,,0.772,-0.211,0.851,0.591,0.264
GAB,Gabon,SSF,Upper-middle income,2006,19224.1268658387,129.775996342797,61.8,82.8900757983957,45.0,55.0,0.34,33.9024749587278,211.9914093,41.85,43.2,63.259,4.17,84.0852434737431,,9.608,0.653,,0.772,-0.211,0.851,0.591,0.264
GAB,Gabon,SSF,Upper-middle income,2007,19751.876221581,129.775996342797,59.7,83.3155701870669,81.0,62.0,0.34,35.1495484187274,246.78276062,41.5,41.9,63.619,4.142,84.6900183387136,,9.608,0.653,,0.772,-0.211,0.851,0.591,0.264
GAB,Gabon,SSF,Upper-middle income,2008,18493.0921102783,129.775996342797,57.6,83.7295160274396,82.0,67.0,0.34,36.4153101145998,275.89450073,41.150000000000006,40.8,64.011,4.118,85.2437672472316,,9.608,0.653,,0.772,-0.211,0.851,0.591,0.264
GAB,Gabon,SSF,Upper-middle income,2009,17911.1458491118,129.775996342797,55.6,84.1307212542328,76.0,63.0,0.34,37.6987238584805,277.62945557,40.800000000000004,40.0,64.361,4.138,85.7432582123932,,9.608,0.653,,0.772,-0.211,0.851,0.591,0.264
GAB,Gabon,SSF,Upper-middle income,2010,18530.5760935497,129.775996342797,53.4,84.5207296199844,67.0,62.0,0.34,39.0002582968992,206.87702942,40.45,38.8,64.715,4.153,86.1852592472945,,9.608,0.653,,0.772,-0.211,0.851,0.591,0.264
GAB,Gabon,SSF,Upper-middle income,2011,19153.0878200945,129.775996342797,51.3,84.899267815442,75.0,72.0,0.34,40.3193752929904,261.37597656,40.1,37.5,65.102,4.151,86.5665383650315,4.255,9.608,0.653,55.48,0.772,-0.211,0.851,0.591,0.264
GAB,Gabon,SSF,Upper-middle income,2012,19450.402706679,126.07544725960011,49.4,85.2673947991113,82.0,71.0,0.34,41.6563306484328,225.07722473,39.75,36.4,65.438,4.086,86.8838635787001,3.972,9.621,0.736,56.16,0.5660000000000001,-0.195,0.81,0.47,0.266
GAB,Gabon,SSF,Upper-middle income,2013,19836.455485141,122.37489817640324,47.3,85.6239250935099,79.0,70.0,0.34,43.0100058976352,261.29452515,39.4,35.3,65.751,4.019,87.1482480671637,3.8,9.638,0.733,56.84,0.682,-0.1965,0.78,0.51,0.287
GAB,Gabon,SSF,Upper-middle income,2014,20008.9899778716,118.67434909320636,45.8,85.9658863110068,70.0,61.0,0.34,44.3780097930999,233.05368042,39.05,34.7,66.07,3.953,87.6236017962969,3.918,9.644,0.8290000000000001,57.52,0.607,-0.198,0.782,0.539,0.293
GAB,Gabon,SSF,Upper-middle income,2015,20147.7116201795,114.97380001000948,44.4,86.2930339752905,80.0,68.0,0.34,45.7595556064781,187.27270508,38.7,33.7,66.336,3.921,88.085308383892,,9.649,0.7559999999999999,58.2,0.6709999999999999,-0.1939999999999999,0.867,0.626,0.372
GAB,Gabon,SSF,Upper-middle income,2016,19988.1755963186,111.27325092681261,42.7,86.606465035897,75.0,64.0,0.34,47.1547496987424,207.50273132,38.35,32.6,66.583,3.921,88.5445883406178,,9.639,0.78,58.7,0.6990000000000001,-0.204,0.8170000000000001,0.64,0.432
GAB,Gabon,SSF,Upper-middle income,2017,19555.707882916,107.57270184361575,41.4,86.9072462361888,75.0,63.0,0.653,48.5637395217699,192.47543335,38.0,32.0,66.816,3.913,89.0009733256896,4.782,9.616,0.807,59.2,0.652,-0.228,0.868,0.634,0.446
GAB,Gabon,SSF,Upper-middle income,2018,19225.5982574678,103.87215276041887,39.9,87.1959828592503,70.0,59.0,0.618,49.9863984455825,209.28697205,38.0,31.1,67.043,3.908,89.4539949981866,4.783,9.599,0.785,59.7,0.7190000000000001,-0.1969999999999999,0.823,0.6409999999999999,0.418
GAB,Gabon,SSF,Upper-middle income,2019,19491.4067631396,100.171603677222,38.5,87.472846570073,70.0,62.0,0.603,51.4223011158649,205.99945068,38.0,30.1,67.337,3.884,89.9031850170394,4.914,9.607,0.763,60.2,0.736,-0.203,0.846,0.693,0.413
GAB,Gabon,SSF,Upper-middle income,2020,18681.4840738546,100.171603677222,36.8,87.7393004139279,63.0,53.0,0.586,52.8720170958258,227.2480011,38.0,28.8,67.073,3.831,90.3480750410147,,9.607,0.763,,0.736,-0.203,0.846,0.693,0.413
GBR,United Kingdom,ECS,High income,2005,48304.6753205932,105.804710388184,6.0,99.9999990459371,91.0,82.0,2.4,99.1244438943876,3528.16162109,35.5,5.1,79.0487804878049,1.76,80.4455938127627,6.984,10.663,0.979,69.9,0.922,0.336,0.3979999999999999,0.8640000000000001,0.262
GBR,United Kingdom,ECS,High income,2006,49000.9535382241,104.354072570801,5.9,99.9999963913423,92.0,85.0,2.45,99.1231962812761,3802.56347656,35.9,5.0,79.2487804878049,1.82,80.5464353583991,,10.681000000000001,0.9744999999999999,,0.88,0.336,0.44799999999999995,0.8230000000000001,0.2515
GBR,United Kingdom,ECS,High income,2007,50045.9163092519,103.104919433594,5.8,99.9999991747697,92.0,86.0,2.481,99.1219715621849,4415.51220703,34.4,4.9,79.4487804878049,1.86,80.6483331957387,6.8020000000000005,10.699000000000002,0.97,70.46,0.838,0.336,0.498,0.782,0.241
GBR,United Kingdom,ECS,High income,2008,49629.0498697349,105.741943359375,5.6,100.0,92.0,86.0,2.559,99.120754731585,4280.36083984,35.4,4.8,79.6,1.91,80.7547673906116,6.986000000000001,10.689,0.954,70.74,0.759,0.331,0.5479999999999999,0.8190000000000001,0.218
GBR,United Kingdom,ECS,High income,2009,46995.5449961945,105.421241760254,5.4,100.0,93.0,86.0,2.642,99.1195549793574,3813.02758789,35.1,4.6,80.0512195121951,1.89,80.8692180088478,6.907,10.638,0.964,71.02,0.816,0.341,0.5589999999999999,0.846,0.231
GBR,United Kingdom,ECS,High income,2010,47682.6525150443,105.673240661621,5.2,100.0,94.0,89.0,2.645,99.1183667076519,3876.33911133,33.7,4.4,80.4024390243902,1.92,80.995165116277,,10.649,0.955,71.3,0.841,0.4029999999999999,0.5870000000000001,0.863,0.176
GBR,United Kingdom,ECS,High income,2011,47714.2894262827,105.026260375977,5.0,100.0,95.0,90.0,2.682,99.1171899348744,4123.70019531,33.2,4.3,80.9512195121951,1.91,81.1359685592627,,10.657,0.949,71.38,0.9,0.336,0.4379999999999999,0.8440000000000001,0.174
GBR,United Kingdom,ECS,High income,2012,48099.6594401942,105.805061340332,4.8,99.9999990594779,95.0,92.0,2.69,99.1160182938712,4204.08300781,33.1,4.1,80.9048780487805,1.92,81.2905667759508,6.881,10.664,0.935,71.46,0.889,0.371,0.425,0.8440000000000001,0.184
GBR,United Kingdom,ECS,High income,2013,48600.5100807266,105.356399536133,4.6,100.0,95.0,93.0,2.702,99.1148585484301,4340.16992188,32.7,4.0,81.0048780487805,1.83,81.4573768694887,6.917999999999999,10.679,0.937,71.54,0.905,0.346,0.568,0.7759999999999999,0.252
GBR,United Kingdom,ECS,High income,2014,49763.17387988,100.012603759766,4.5,100.0,95.0,93.0,2.738,99.1137061018797,4733.37060547,33.1,3.9,81.3048780487805,1.81,81.6355750750722,6.757999999999999,10.697,0.91,71.62,0.857,0.355,0.484,0.794,0.251
GBR,United Kingdom,ECS,High income,2015,50462.8329992477,100.21656036377,4.5,100.0,95.0,93.0,2.767,99.1125609623652,4470.09228516,33.3,3.9,80.9560975609756,1.8,81.8243772295647,6.515,10.712,0.936,71.7,0.833,0.3,0.456,0.7979999999999999,0.2189999999999999
GBR,United Kingdom,ECS,High income,2016,51168.2925796814,100.397789001465,4.4,99.9999991226354,94.0,92.0,2.773,99.1114197755495,4043.35253906,33.1,3.8,81.1560975609756,1.79,82.0229991698295,6.824,10.724,0.954,71.9,0.821,0.25,0.4579999999999999,0.7759999999999999,0.23
GBR,United Kingdom,ECS,High income,2017,52429.1275538988,100.803619384766,4.4,99.9999980808565,94.0,92.0,2.802,99.1102920996894,3938.65234375,32.6,3.8,81.2560975609756,1.74,82.23065673273,7.103,10.736,0.937,72.1,0.813,0.291,0.419,0.759,0.21
GBR,United Kingdom,ECS,High income,2018,52983.039541197,101.355537414551,4.4,99.9999994148157,94.0,92.0,2.828,99.1091755535877,4233.62988281,33.7,3.8,81.2560975609756,1.68,82.4465657551295,7.233,10.743,0.928,72.3,0.838,0.226,0.4039999999999999,0.7829999999999999,0.228
GBR,United Kingdom,ECS,High income,2019,53374.0927628482,101.944190979004,4.4,100.0,93.0,91.0,2.932,99.1080626668205,4260.03222656,32.8,3.8,81.3691219512195,1.632,82.6699420738913,7.157,10.751,0.943,72.5,0.8540000000000001,0.271,0.485,0.775,0.251
GBR,United Kingdom,ECS,High income,2020,47930.5490378931,102.265762329102,4.4,100.0,93.0,91.0,3.028,99.1069628063769,4865.97802734,32.7,3.9,80.331756097561,1.571,82.9000015258789,6.797999999999999,10.626,0.929,72.7,0.885,0.203,0.49,0.758,0.225
GEO,Georgia,ECS,Upper-middle income,2005,8485.58670534953,109.41764831543,23.3,94.7414845988638,82.0,90.0,3.991,78.5154686105649,132.22496033,37.4,19.1,70.689,1.583,53.0036280624359,,8.993,0.647,,0.5529999999999999,-0.267,0.752,0.433,0.2689999999999999
GEO,Georgia,ECS,Upper-middle income,2006,9337.98906420101,109.272163391113,21.0,94.8835839201569,88.0,96.0,4.055,79.1671925516486,152.0617218,36.9,17.3,70.983,1.617,53.3593916521584,,8.993,0.647,65.12,0.5529999999999999,-0.267,0.752,0.433,0.2689999999999999
GEO,Georgia,ECS,Upper-middle income,2007,10567.2747164758,110.829132080078,19.0,95.0243626038677,98.0,97.0,4.099,79.817561698029,195.9908905,38.1,15.6,70.985,1.697,53.7706073945741,3.707,9.117,0.5479999999999999,65.04,0.4639999999999999,-0.267,0.6970000000000001,0.427,0.236
GEO,Georgia,ECS,Upper-middle income,2008,10856.1031328003,109.99112701416,17.1,95.1637450762018,92.0,97.0,4.205,80.4663116596926,281.84671021,38.5,14.1,70.949,1.832,54.2232719833673,,9.144,0.608,64.96,0.614,-0.2239999999999999,0.498,0.441,0.262
GEO,Georgia,ECS,Upper-middle income,2009,10553.0896395853,108.244682312012,15.5,95.3017390158594,88.0,83.0,4.438,81.1134334337122,270.2170105,38.2,12.9,71.058,1.993,54.7033821122222,3.801,9.116,0.544,64.88,0.495,-0.233,0.535,0.492,0.242
GEO,Georgia,ECS,Upper-middle income,2010,11294.3685917112,107.155245895564,14.2,95.4384260318316,92.0,94.0,4.679,81.7591448045186,287.75900269,39.5,11.8,71.732,1.973,55.1969344748228,4.102,9.184,0.54,64.8,0.5579999999999999,-0.248,0.46,0.502,0.243
GEO,Georgia,ECS,Upper-middle income,2011,12288.6828861156,107.761952206271,13.1,95.5737249468986,94.0,91.0,4.747,82.4031867443918,315.29684448,39.6,10.9,72.485,1.915,55.6899257648533,4.203,9.263,0.503,64.86,0.632,-0.255,0.353,0.515,0.247
GEO,Georgia,ECS,Upper-middle income,2012,13193.9596974054,109.651399821348,12.2,95.7077336027359,92.0,93.0,4.75,83.0457915125519,349.90432739,39.0,10.2,72.672,1.929,56.1683526759979,4.254,9.332,0.5329999999999999,64.92,0.659,-0.2689999999999999,0.321,0.5589999999999999,0.25
GEO,Georgia,ECS,Upper-middle income,2013,13913.0018245661,110.575228390453,11.5,95.8402895547886,93.0,97.0,4.799,83.6864716943759,368.16253662,38.6,9.6,73.025,1.993,56.6182119019407,,9.371,0.5589999999999999,64.98,0.722,-0.254,0.349,0.595,0.2
GEO,Georgia,ECS,Upper-middle income,2014,14475.3135356035,109.976680992118,11.0,95.9715499431682,91.0,92.0,5.081,84.3256691388097,392.86099243,37.6,9.2,73.105,2.18,57.0237612994258,,9.414,0.5579999999999999,65.04,0.72,-0.233,0.416,0.57,0.204
GEO,Georgia,ECS,Upper-middle income,2015,14936.8434116647,107.800106850779,10.6,96.1014497266011,94.0,96.0,5.313,84.963148689816,347.71783447,36.5,8.9,73.241,2.214,57.3803800455672,4.122,9.442,0.517,65.1,0.64,-0.205,0.502,0.547,0.233
GEO,Georgia,ECS,Upper-middle income,2016,15442.9564358054,104.042509897438,10.2,96.2306438542473,92.0,93.0,6.351,85.6008234007507,369.51849365,36.6,8.7,73.136,2.228,57.6984032005062,4.448,9.47,0.5329999999999999,64.9,0.606,-0.249,0.561,0.564,0.223
GEO,Georgia,ECS,Upper-middle income,2017,16237.6242230275,102.937767734127,10.0,96.3588824042299,91.0,95.0,6.478,86.2379416213095,377.92520142,37.9,8.5,73.435,2.136,57.9996827205757,,9.517,0.59,64.7,0.821,-0.244,0.59,0.581,0.21
GEO,Georgia,ECS,Upper-middle income,2018,17228.6790847503,100.786840229187,9.8,96.4862775476087,93.0,98.0,7.51,86.8748222310992,365.91583252,36.4,8.3,73.985,2.093,58.3038181862576,4.659,9.565,0.617,64.5,0.775,-0.233,0.755,0.573,0.244
GEO,Georgia,ECS,Upper-middle income,2019,18186.8816465807,101.236423646202,9.6,96.6127357061039,94.0,99.0,7.452,87.5111601190334,339.86679077,35.9,8.2,74.165,2.021,58.6304091780343,4.892,9.617,0.675,64.3,0.8109999999999999,-0.26,0.647,0.604,0.244
GEO,Georgia,ECS,Upper-middle income,2020,17031.1440283426,100.779530049426,9.4,96.7382823190877,88.0,91.0,5.121,88.1470373073336,389.42260742,34.5,8.0,73.509,1.976,58.9990552763878,5.122999999999999,9.569,0.718,64.1,0.764,-0.221,0.583,0.611,0.295
GHA,Ghana,SSF,Lower-middle income,2005,3721.30785741996,91.2332763671875,82.0,70.3428380680709,84.0,83.0,0.07,9.68014854216275,38.51657486,42.8,53.4,59.638,4.496,47.4528437795757,,8.073,0.728,,0.8490000000000001,0.213,0.8140000000000001,0.6709999999999999,0.198
GHA,Ghana,SSF,Lower-middle income,2006,3857.86154847605,91.2332763671875,79.1,71.3651562013802,84.0,85.0,0.07,10.6928566524772,49.34616852,42.74285714285714,52.1,59.975,4.399,48.1388926229785,4.535,8.073,0.728,52.34,0.8490000000000001,0.213,0.8140000000000001,0.6709999999999999,0.198
GHA,Ghana,SSF,Lower-middle income,2007,3923.12567803728,95.9956512451172,76.2,72.3892820833539,94.0,95.0,0.07,11.7231535267872,57.34096527,42.68571428571428,50.7,60.282,4.288,48.8125122665918,5.22,8.09,0.73,52.78,0.8909999999999999,0.138,0.7709999999999999,0.6859999999999999,0.217
GHA,Ghana,SSF,Lower-middle income,2008,4174.78124103364,100.841491699219,73.1,73.4152138090769,93.0,86.0,0.077,12.7707576406742,63.45487595,42.628571428571426,49.2,60.578,4.217,49.4708679942306,4.965,8.152000000000001,0.622,53.22,0.838,0.12,0.863,0.7170000000000001,0.172
GHA,Ghana,SSF,Lower-middle income,2009,4269.16005861557,99.0773620605469,69.8,74.4422077321147,94.0,93.0,0.082,13.8350497335121,62.44382095,42.57142857142857,47.5,60.928,4.179,50.1111250897099,4.198,8.174,0.633,53.66,0.757,0.005,0.89,0.774,0.198
GHA,Ghana,SSF,Lower-middle income,2010,4495.68916584106,99.2452201843262,66.5,75.471267939183,94.0,93.0,0.091,14.9161840108112,80.6833725,42.51428571428571,45.8,61.297,4.181,50.7296926788704,4.606,8.225,0.7390000000000001,54.1,0.8909999999999999,0.074,0.875,0.7829999999999999,0.184
GHA,Ghana,SSF,Lower-middle income,2011,5005.36732498187,99.4130783081055,63.3,76.5016404793149,91.0,91.0,0.095,16.0135300837222,91.70959473,42.457142857142856,44.0,61.617,4.177,51.3304086646488,5.608,8.332,0.7240000000000001,54.48,0.852,0.011,0.79,0.7440000000000001,0.209
GHA,Ghana,SSF,Lower-middle income,2012,5339.71321903045,102.068698169955,60.3,77.5330954898138,92.0,89.0,0.093,17.126673080362,81.96895599,42.4,42.3,61.995,4.154,51.9197918381031,5.057,8.397,0.685,54.86,0.679,0.04,0.898,0.76,0.152
GHA,Ghana,SSF,Lower-middle income,2013,5593.77481886917,101.089456129828,57.5,78.565152693679,90.0,89.0,0.1,18.2550635017005,105.34784698,42.675,40.7,62.397,4.114,52.4985794475913,,8.445,0.6759999999999999,55.24,0.794,-0.065,0.88,0.691,0.211
GHA,Ghana,SSF,Lower-middle income,2014,5619.07233511591,99.5600865756332,54.9,79.5978353673804,98.0,92.0,0.108,19.3983890713711,78.46701813,42.95,39.3,62.832,4.029,53.0663398797148,3.86,8.45,0.6509999999999999,55.62,0.677,0.001,0.913,0.696,0.28
GHA,Ghana,SSF,Lower-middle income,2015,5607.36635657413,103.213138177351,52.5,80.631160872114,89.0,89.0,0.114,20.556338766229,78.21643066,43.225,37.9,63.175,3.982,53.6226415210752,,8.449,0.687,56.0,0.852,-0.038,0.945,0.69,0.265
GHA,Ghana,SSF,Lower-middle income,2016,5666.07795334591,101.751107525308,50.3,81.6651456164371,93.0,89.0,0.123,21.7286047018582,64.86400604,43.5,36.6,63.522,3.873,54.167052758274,,8.46,0.647,56.4,0.7509999999999999,0.09,0.894,0.6679999999999999,0.305
GHA,Ghana,SSF,Lower-middle income,2017,5993.63085211077,100.478896703055,48.2,82.6995725023601,99.0,95.0,0.089,22.9147548943672,54.10602188,43.5,35.4,63.829,3.715,54.6991419779128,5.481,8.517000000000001,0.669,56.8,0.7829999999999999,0.079,0.8390000000000001,0.703,0.248
GHA,Ghana,SSF,Lower-middle income,2018,6234.51208201488,98.6813906905268,46.1,83.7344677926836,97.0,92.0,0.144,24.1144852694417,53.37788773,43.5,34.1,64.138,3.65,55.218477566593,5.004,8.555,0.7609999999999999,57.2,0.8170000000000001,0.062,0.846,0.747,0.25
GHA,Ghana,SSF,Lower-middle income,2019,6508.24652305901,99.8750321985622,44.1,84.7696150287459,97.0,92.0,0.104,25.327363008811,71.14958191,43.5,32.9,64.455,3.593,55.7246279109161,4.967,8.596,0.746,57.6,0.787,0.1159999999999999,0.857,0.682,0.27
GHA,Ghana,SSF,Lower-middle income,2020,6412.68541762469,98.4048952723908,42.2,85.8052795210658,94.0,88.0,0.166,26.5532224510153,97.37677765,43.5,31.7,64.309,3.541,56.2171613974837,5.319,8.59,0.643,58.0,0.8240000000000001,0.2,0.847,0.713,0.253
GIB,Gibraltar,ECS,High income,2005,,149.906631469727,,100.0,,,,100.0,,,,80.991,1.754,100.0,,,,,,,,,
GIB,Gibraltar,ECS,High income,2006,,149.906631469727,,100.0,,,,100.0,,,,81.103,1.802,100.0,,,,,,,,,
GIB,Gibraltar,ECS,High income,2007,,149.906631469727,,100.0,,,,100.0,,,,81.269,1.852,100.0,,,,,,,,,
GIB,Gibraltar,ECS,High income,2008,,149.906631469727,,100.0,,,,100.0,,,,81.541,1.903,100.0,,,,,,,,,
GIB,Gibraltar,ECS,High income,2009,,149.380447387695,,100.0,,,,100.0,,,,81.807,1.926,100.0,,,,,,,,,
GIB,Gibraltar,ECS,High income,2010,,144.78089359371586,,100.0,,,,100.0,,,,82.08,1.954,100.0,,,,,,,,,
GIB,Gibraltar,ECS,High income,2011,,140.18133979973672,,100.0,,,,100.0,,,,82.333,1.974,100.0,,,,,,,,,
GIB,Gibraltar,ECS,High income,2012,,135.58178600575758,,100.0,,,,100.0,,,,82.527,1.999,100.0,,,,,,,,,
GIB,Gibraltar,ECS,High income,2013,,130.98223221177844,,100.0,,,,100.0,,,,82.586,2.099,100.0,,,,,,,,,
GIB,Gibraltar,ECS,High income,2014,,126.3826784177993,,100.0,,,,100.0,,,,82.644,2.084,100.0,,,,,,,,,
GIB,Gibraltar,ECS,High income,2015,,121.78312462382014,,100.0,,,,100.0,,,,82.668,2.074,100.0,,,,,,,,,
GIB,Gibraltar,ECS,High income,2016,,117.183570829841,,100.0,,,,100.0,,,,82.741,1.94,100.0,,,,,,,,,
GIB,Gibraltar,ECS,High income,2017,,118.478260869565,,100.0,,,,100.0,,,,82.858,1.93,100.0,,,,,,,,,
GIB,Gibraltar,ECS,High income,2018,,115.40164987490701,,100.0,,,,100.0,,,,83.028,1.921,100.0,,,,,,,,,
GIB,Gibraltar,ECS,High income,2019,,112.325038880249,,100.0,,,,100.0,,,,83.183,1.912,100.0,,,,,,,,,
GIB,Gibraltar,ECS,High income,2020,,108.720271800679,,100.0,,,,100.0,,,,83.07,1.907,100.0,,,,,,,,,
GIN,Guinea,SSF,Lower-middle income,2005,2501.22160456279,77.486198425293,137.0,53.4890999882019,59.0,51.0,0.102,13.0950354311112,19.66388702,39.4,81.7,54.422,5.727,32.3962712159907,,7.567,0.598,,0.797,0.0409999999999999,0.743,0.701,0.26
GIN,Guinea,SSF,Lower-middle income,2006,2478.61319510726,79.18359375,133.1,54.2315783654935,57.0,51.0,0.10855555555555554,14.0026334670864,16.15967941,39.4,79.6,54.875,5.704,32.6868093037822,,7.567,0.598,,0.797,0.0409999999999999,0.743,0.701,0.26
GIN,Guinea,SSF,Lower-middle income,2007,2587.0048887648,81.362548828125,129.7,54.972295205421,63.0,57.0,0.11511111111111111,14.9294878110963,22.64143372,39.4,77.9,55.233,5.664,32.9740386596386,,7.567,0.598,,0.797,0.0409999999999999,0.743,0.701,0.26
GIN,Guinea,SSF,Lower-middle income,2008,2629.5397474637,82.7527465820312,126.9,55.7112370863101,60.0,55.0,0.12166666666666666,15.8756067639013,22.97397041,38.26,76.6,55.703,5.596,33.2571261188022,,7.567,0.598,,0.797,0.0409999999999999,0.743,0.701,0.26
GIN,Guinea,SSF,Lower-middle income,2009,2537.30645758746,82.9110794067383,124.4,56.4483990709895,57.0,53.0,0.1282222222222222,16.8410008400224,23.71565628,37.12,75.4,56.052,5.528,33.5352385165154,,7.567,0.598,,0.797,0.0409999999999999,0.743,0.701,0.26
GIN,Guinea,SSF,Lower-middle income,2010,2594.83050344245,85.6168670654297,122.2,57.184097462228,64.0,58.0,0.13477777777777777,17.8258882415396,22.59741783,35.980000000000004,74.4,56.431,5.435,33.8075426880206,,7.567,0.598,,0.797,0.0409999999999999,0.743,0.701,0.26
GIN,Guinea,SSF,Lower-middle income,2011,2673.40873029955,89.3744888305664,120.3,58.360314361898,63.0,62.0,0.14133333333333334,18.8300745161128,24.12806129,34.84,73.6,56.778,5.337,34.0732054685603,4.045,7.567,0.598,50.22,0.797,0.0409999999999999,0.743,0.701,0.26
GIN,Guinea,SSF,Lower-middle income,2012,2762.90350938513,91.4924621582031,118.4,59.5458989237514,59.0,58.0,0.1478888888888889,19.8535699723585,23.70012856,33.7,72.9,57.117,5.232,34.3313936933767,3.652,7.603,0.542,50.44,0.6459999999999999,0.001,0.794,0.677,0.285
GIN,Guinea,SSF,Lower-middle income,2013,2802.56007024474,93.5301284790039,116.6,60.7407932771769,56.0,55.0,0.15444444444444444,20.8963805102335,25.90467834,33.016666666666666,72.1,57.459,5.151,34.5812741977122,3.902,7.619,0.5670000000000001,50.66,0.693,0.091,0.815,0.6,0.348
GIN,Guinea,SSF,Lower-middle income,2014,2834.96634347846,95.1517791748047,115.4,61.9449533966477,52.0,51.0,0.161,21.958517184142,36.63517761,32.333333333333336,72.0,57.581,5.07,34.8177920826682,3.412,7.632000000000001,0.638,50.88,0.684,0.006,0.705,0.629,0.351
GIN,Guinea,SSF,Lower-middle income,2015,2869.85157178732,94.13251876831055,113.7,63.1625705426145,48.0,47.0,0.083,23.0429534538905,43.41540527,31.650000000000002,71.2,57.899,5.002,35.0373191833496,3.505,7.645,0.579,51.1,0.6659999999999999,0.0069999999999999,0.762,0.667,0.268
GIN,Guinea,SSF,Lower-middle income,2016,3099.78874189372,93.1132583618164,111.4,64.3935453016882,47.0,48.0,0.081,24.1498387012441,38.42609406,30.96666666666667,69.9,58.49,4.915,35.3100280761719,3.603,7.721,0.675,52.2,0.726,-0.0559999999999999,0.8029999999999999,0.687,0.374
GIN,Guinea,SSF,Lower-middle income,2017,3332.76576150531,94.9535732269288,109.5,65.6377593870016,49.0,48.0,0.15000000000000002,25.2793165342665,32.63646317,30.283333333333335,69.0,58.715,4.793,35.5827331542969,,7.792000000000001,0.634,53.3,0.738,0.038,0.75,0.7040000000000001,0.422
GIN,Guinea,SSF,Lower-middle income,2018,3455.64512638662,96.7938880920412,107.5,66.8950995450723,51.0,49.0,0.219,26.4315341873572,34.88978195,29.6,68.1,59.043,4.669,35.8554382324219,5.252000000000001,7.822999999999999,0.63,54.4,0.731,0.092,0.778,0.7440000000000001,0.44
GIN,Guinea,SSF,Lower-middle income,2019,3557.46233883145,98.6342029571536,105.4,68.1651301407792,53.0,50.0,0.219,27.6063983510435,42.16910172,29.6,67.0,59.379,4.576,36.1281547546387,4.768,7.849,0.655,55.5,0.691,0.0969999999999999,0.7559999999999999,0.685,0.473
GIN,Guinea,SSF,Lower-middle income,2020,3630.99330577677,100.474517822266,102.9,69.4483664321703,54.0,50.0,0.219,28.8045342946628,41.1027565,29.6,65.7,59.35,4.489,36.4802208060551,,7.849,0.655,,0.691,0.0969999999999999,0.7559999999999999,0.685,0.473
GMB,"Gambia, The",SSF,Low income,2005,2653.64239155191,72.1908874511719,90.7,75.2482865822258,95.0,91.0,0.1,46.5783414763304,33.2039566,43.6,61.5,59.11,5.708,52.3582132660613,,7.637,0.6970000000000001,,0.812,0.111,0.5720000000000001,0.838,0.2769999999999999
GMB,"Gambia, The",SSF,Low income,2006,2564.68653970519,71.4759674072266,86.8,75.9220098738399,95.0,89.0,0.102,46.4862604097152,33.41355896,43.6,59.4,59.667,5.736,53.1603285370566,,7.637,0.6970000000000001,,0.812,0.111,0.5720000000000001,0.838,0.2769999999999999
GMB,"Gambia, The",SSF,Low income,2007,2567.15728802982,73.9508819580078,83.0,76.5934928458813,95.0,88.0,0.09,46.4185276331036,35.91078568,43.6,57.3,60.001,5.685,53.9196109423854,,7.637,0.6970000000000001,,0.812,0.111,0.5720000000000001,0.838,0.2769999999999999
GMB,"Gambia, The",SSF,Low income,2008,2649.61119865306,73.5566177368164,79.4,77.2629006181607,96.0,92.0,0.096,46.3744960730948,40.0297699,43.6,55.3,60.473,5.625,54.6431233516671,,7.637,0.6970000000000001,,0.812,0.111,0.5720000000000001,0.838,0.2769999999999999
GMB,"Gambia, The",SSF,Low income,2009,2745.32540574768,73.4096527099609,76.0,77.9295055109151,98.0,96.0,0.096,46.3534874804285,34.59326172,43.6,53.4,60.735,5.574,55.3379286345209,,7.637,0.6970000000000001,,0.812,0.111,0.5720000000000001,0.838,0.2769999999999999
GMB,"Gambia, The",SSF,Low income,2010,2824.21259222517,73.4599827384096,72.7,78.5938369652341,97.0,92.0,0.096,46.3547731022519,32.99832535,43.6,51.5,61.167,5.558,56.0110896605662,,7.637,0.6970000000000001,,0.812,0.111,0.5720000000000001,0.838,0.2769999999999999
GMB,"Gambia, The",SSF,Low income,2011,2519.83983255672,72.1906633471926,69.7,79.2555392487377,96.0,91.0,0.096,46.3775424677641,31.05148888,42.06,49.8,61.561,5.542,56.6696692994225,,7.637,0.6970000000000001,,0.812,0.111,0.5720000000000001,0.838,0.2769999999999999
GMB,"Gambia, The",SSF,Low income,2012,2574.93509664061,75.4592652374635,66.8,79.9149385065975,98.0,95.0,0.096,46.4212058311807,29.56409264,40.52,48.1,61.9,5.519,57.3207304207091,,7.637,0.6970000000000001,,0.812,0.111,0.5720000000000001,0.838,0.2769999999999999
GMB,"Gambia, The",SSF,Low income,2013,2572.44728941685,77.5318910077468,64.0,80.571196875671,97.0,96.0,0.096,46.4844347761008,25.59075928,38.980000000000004,46.5,62.252,5.392,57.970305611505,,7.637,0.6970000000000001,,0.812,0.111,0.5720000000000001,0.838,0.2769999999999999
GMB,"Gambia, The",SSF,Low income,2014,2465.10971144823,80.6712752410406,61.4,81.2241792597438,96.0,96.0,0.096,46.5660263360159,17.33743477,37.44,45.0,62.576,5.197,58.6141799655551,,7.637,0.6970000000000001,,0.812,0.111,0.5720000000000001,0.838,0.2769999999999999
GMB,"Gambia, The",SSF,Low income,2015,2495.95741601525,83.6767800021667,58.9,81.8737511504613,97.0,97.0,0.096,46.6646737011035,19.67725563,35.9,43.5,62.971,5.003,59.2458499408388,,7.637,0.6970000000000001,,0.812,0.111,0.5720000000000001,0.838,0.2769999999999999
GMB,"Gambia, The",SSF,Low income,2016,2478.46055756999,85.4968152866242,56.6,82.5196405722502,95.0,97.0,0.0975,46.7787647028692,20.77086067,36.48,42.1,63.386,4.809,59.8652472486563,,7.637,0.6970000000000001,,0.812,0.111,0.5720000000000001,0.838,0.2769999999999999
GMB,"Gambia, The",SSF,Low income,2017,2533.18683710276,88.6915742090233,54.3,83.1620559265773,92.0,90.0,0.099,46.9072182092037,21.55331612,37.059999999999995,40.7,63.708,4.614,60.471712657237,,7.637,0.6970000000000001,54.7,0.812,0.111,0.5720000000000001,0.838,0.2769999999999999
GMB,"Gambia, The",SSF,Low income,2018,2651.43281455826,91.4803276676529,52.3,83.8008881364874,93.0,91.0,0.124,47.0485303132535,22.17474365,37.64,39.4,64.034,4.42,61.0645869348107,4.922,7.671,0.685,55.0,0.7190000000000001,0.44,0.691,0.804,0.379
GMB,"Gambia, The",SSF,Low income,2019,2750.82132179634,95.0965771907399,50.4,84.4361946965619,88.0,85.0,0.077,47.2014093425827,23.21861267,38.22,38.2,64.427,4.33,61.643210849607,5.164,7.699,0.6940000000000001,55.3,0.677,0.41,0.7979999999999999,0.773,0.401
GMB,"Gambia, The",SSF,Low income,2020,2702.31919474482,96.8827026600674,48.6,85.0680326919843,85.0,82.0,0.078,47.3645750957407,28.9169693,38.8,37.0,64.418,4.248,62.2069251698555,,7.699,0.6940000000000001,,0.677,0.41,0.7979999999999999,0.773,0.401
GNB,Guinea-Bissau,SSF,Low income,2005,2060.66663299612,114.700538635254,145.3,57.3083913147458,68.0,76.0,0.052,8.8783527585904,20.99864388,50.6,85.1,52.949,5.46,38.3801443659997,,,,,,,,,
GNB,Guinea-Bissau,SSF,Low income,2006,2065.2122797791,119.655990600586,139.1,57.6886837795946,71.0,74.0,0.052,9.9897316228944,22.77665329,50.6,81.7,54.089,5.406,38.6871193165452,,,,,,,,,
GNB,Guinea-Bissau,SSF,Low income,2007,2065.98983875944,118.101188659668,132.8,58.0535126816811,74.0,73.0,0.052,11.1161885061566,25.56799126,50.6,78.2,54.87,5.365,39.0030975009025,,,,,,,,,
GNB,Guinea-Bissau,SSF,Low income,2008,2105.67394178792,116.54638671875,126.5,58.4031554952598,77.0,71.0,0.052,12.2580921089513,34.26661301,50.6,74.7,55.3,5.266,39.3320535671181,,,,,,,,,
GNB,Guinea-Bissau,SSF,Low income,2009,2103.05813454823,114.991584777832,120.2,58.7369930495235,80.0,69.0,0.081,13.4152955008386,26.88874054,50.6,71.2,56.297,5.176,39.6716434222135,,,,,,,,,
GNB,Guinea-Bissau,SSF,Low income,2010,2164.26823755351,113.436782836914,114.3,59.0561288356576,83.0,76.0,0.07150000000000001,14.5887141664203,29.23748016,50.6,67.9,56.999,5.111,40.0095596313477,,,,,,,,,
GNB,Guinea-Bissau,SSF,Low income,2011,2278.54751544448,113.436782836914,108.6,59.3599409743787,86.0,83.0,0.062,15.7782187068147,44.72909927,48.625,64.6,57.663,5.067,40.4391136169434,,,,,,,,,
GNB,Guinea-Bissau,SSF,Low income,2012,2180.74338832775,113.436782836914,103.6,59.6486446194462,87.0,81.0,0.096,16.9842205721111,37.75499725,46.65,61.8,58.27,5.003,40.8686027526855,,,,,,,,,
GNB,Guinea-Bissau,SSF,Low income,2013,2192.5927863603,113.436782836914,99.1,59.9219185208316,87.0,81.0,0.13,18.2067554736928,46.05934143,44.675,59.3,58.879,4.93,41.2976379394531,,,,,,,,,
GNB,Guinea-Bissau,SSF,Low income,2014,2156.33643676255,113.436782836914,95.2,60.179969051587,86.0,81.0,0.164,19.4462525723006,64.99989319,42.7,57.1,59.476,4.79,41.7271995544434,,,,,,,,,
GNB,Guinea-Bissau,SSF,Low income,2015,2230.52993109779,113.436782836914,91.6,60.4227287706109,86.0,80.0,0.198,20.7029543822311,52.45866776,40.724999999999994,55.2,60.071,4.661,42.1568145751953,,,,,,,,,
GNB,Guinea-Bissau,SSF,Low income,2016,2293.37861360238,113.436782836914,88.2,60.6498938301808,85.0,80.0,0.1,21.9768833616634,56.60805511,38.75,53.4,60.619,4.519,42.586109161377,,,,,,,,,
GNB,Guinea-Bissau,SSF,Low income,2017,2342.56110535416,113.436782836914,85.1,60.8614249962045,79.0,66.0,0.2005,23.2682682564985,54.8225174,36.775,51.7,61.148,4.347,43.0155792236328,,,,,,,,,
GNB,Guinea-Bissau,SSF,Low income,2018,2373.64935653455,113.436782836914,82.2,61.0574978262041,82.0,79.0,0.301,24.5775735612132,58.87445068,34.8,50.1,61.652,4.241,43.4449081420898,,,,,,,,,
GNB,Guinea-Bissau,SSF,Low income,2019,2442.25868377476,113.436782836914,79.5,61.2378280860905,78.0,79.0,0.246,25.9048078160921,53.98390961,34.8,48.6,62.161,4.153,43.8745574951172,,,,,,,,,
GNB,Guinea-Bissau,SSF,Low income,2020,2456.01139053324,113.436782836914,76.7,61.4023709076856,74.0,72.0,0.191,27.2502045881432,67.88795471,34.8,47.2,61.343,4.075,44.3038330078125,,,,,,,,,
GNQ,Equatorial Guinea,SSF,Upper-middle income,2005,31302.957953874,57.2042198181152,132.3,55.1317186570274,44.0,47.0,0.325,59.5483734842498,122.75533295,,90.7,55.766,5.559,42.2814597171299,,,,,,,,,
GNQ,Equatorial Guinea,SSF,Upper-middle income,2006,32251.7680082519,57.2042198181152,127.4,56.1005801258044,46.0,47.0,0.325,60.4443395996533,143.95661926,,87.2,56.354,5.498,43.9301279685204,,,,,,,,,
GNQ,Equatorial Guinea,SSF,Upper-middle income,2007,35540.4477563657,57.2042198181152,122.6,57.1185705825994,48.0,46.0,0.325,61.3207811186255,179.49963379,,83.6,56.857,5.433,45.8574549546013,,,,,,,,,
GNQ,Equatorial Guinea,SSF,Upper-middle income,2008,39994.6159790647,57.2042198181152,118.0,58.1837958068374,50.0,45.0,0.325,62.1777142751886,225.50572205,,80.3,57.384,5.363,48.0444899085658,,,,,,,,,
GNQ,Equatorial Guinea,SSF,Upper-middle income,2009,38706.6052512135,56.3207702636719,113.5,59.2917944417375,52.0,45.0,0.325,63.0143173257129,248.9617157,,77.1,57.881,5.288,50.4722820636069,,,,,,,,,
GNQ,Equatorial Guinea,SSF,Upper-middle income,2010,33668.8740654852,56.0219993591309,109.4,60.441364332898,54.0,44.0,0.325,63.831192420274,237.85783386,,74.3,58.344,5.209,53.1218806529176,,,,,,,,,
GNQ,Equatorial Guinea,SSF,Upper-middle income,2011,34341.9342607505,54.6865997314453,105.6,61.629611207728,54.0,46.0,0.325,64.6283695926991,265.38485718,,71.7,58.827,5.126,55.9743349096911,,,,,,,,,
GNQ,Equatorial Guinea,SSF,Upper-middle income,2012,35711.4919273537,54.9725494384766,102.0,62.8538908142975,54.0,49.0,0.325,65.4060732402599,280.90136719,,69.3,59.301,5.04,59.0106940671203,,,,,,,,,
GNQ,Equatorial Guinea,SSF,Upper-middle income,2013,32894.3693189101,52.49791590372723,98.6,63.6715161073668,53.0,51.0,0.325,66.0469451872043,286.33657837,,67.1,59.784,4.952,62.2120073583984,,,,,,,,,
GNQ,Equatorial Guinea,SSF,Upper-middle income,2014,31765.8997056851,50.02328236897787,95.3,63.9264757487076,53.0,53.0,0.325,66.1151129596268,290.53604126,,65.0,60.228,4.863,65.5593240167184,,,,,,,,,
GNQ,Equatorial Guinea,SSF,Upper-middle income,2015,27797.7942803179,47.5486488342285,92.1,64.1785994681849,40.0,50.0,0.325,66.1825230692518,222.81713867,,62.9,60.635,4.774,68.951270615355,,,,,,,,,
GNQ,Equatorial Guinea,SSF,Upper-middle income,2016,24435.0645564801,47.5486488342285,89.0,64.4255163889263,53.0,53.0,0.325,66.2485390317556,221.49227905,,60.9,61.081,4.686,69.253269853051,,,,,,,,,
GNQ,Equatorial Guinea,SSF,Upper-middle income,2017,22250.4389230263,47.5486488342285,86.1,64.6658128879178,56.0,52.0,0.325,66.3127866671561,223.4354248,,59.1,61.481,4.599,69.5516019132985,,,,,,,,,
GNQ,Equatorial Guinea,SSF,Upper-middle income,2018,20165.4795550607,47.5486488342285,83.2,64.6658128879178,59.0,52.0,0.325,66.3127866671561,240.49389648,,57.2,61.915,4.513,69.8396623666175,,,,,,,,,
GNQ,Equatorial Guinea,SSF,Upper-middle income,2019,18446.5916579681,47.5486488342285,80.7,64.6658128879178,62.0,51.0,0.325,66.3127866671561,223.14128113,,55.7,62.297,4.429,70.1175419547293,,,,,,,,,
GNQ,Equatorial Guinea,SSF,Upper-middle income,2020,17089.153726379,47.5486488342285,77.9,64.6658128879178,64.0,50.0,0.325,66.3127866671561,213.59317017,,53.9,62.141,4.346,70.3853314193247,,,,,,,,,
GRC,Greece,ECS,High income,2005,38146.962971083,99.719970703125,4.6,99.8425963346564,96.0,96.0,5.059,98.2367240021803,1935.26757813,34.6,3.9,79.2390243902439,1.34,74.2617376694311,6.006,10.462,0.8370000000000001,70.5,0.7340000000000001,-0.19,0.861,0.6920000000000001,0.264
GRC,Greece,ECS,High income,2006,40483.1569225337,99.1430435180664,4.3,99.8587352408423,98.0,98.0,5.41,98.3069816511148,2052.87548828,35.1,3.7,79.4390243902439,1.4,74.717750055608,,10.5025,0.8225,,0.6545000000000001,-0.19,0.853,0.7150000000000001,0.243
GRC,Greece,ECS,High income,2007,41796.2336918303,98.7613906860352,4.1,99.8745141024935,99.0,99.0,5.632,98.37623995926,2426.75952148,34.0,3.5,79.4390243902439,1.41,75.1753473512439,6.647,10.543,0.8079999999999999,70.9,0.575,-0.19,0.845,0.738,0.222
GRC,Greece,ECS,High income,2008,41709.3877420312,99.16394042968753,4.0,99.8899457131774,99.0,99.0,5.71,98.444518449364,2840.50854492,33.6,3.4,79.9390243902439,1.5,75.615079456679,,10.517,0.8005,,0.5089999999999999,-0.2415,0.9019999999999999,0.6935,0.238
GRC,Greece,ECS,High income,2009,39886.2135496664,99.56649017333987,4.0,99.9050216033919,99.0,99.0,5.791,98.5117822479045,2809.05957031,33.6,3.3,80.1878048780488,1.5,76.0174962722535,6.039,10.491,0.7929999999999999,71.3,0.4429999999999999,-0.293,0.959,0.649,0.254
GRC,Greece,ECS,High income,2010,37566.7483686263,99.9690399169922,3.9,99.9197604571835,99.0,99.0,5.756,98.5780776451811,2564.36987305,34.1,3.3,80.3878048780488,1.48,76.3631476983077,5.84,10.433,0.868,71.5,0.484,-0.303,0.954,0.634,0.292
GRC,Greece,ECS,High income,2011,33906.4917435676,99.5001678466797,4.0,99.9341628584541,99.0,99.0,5.774,98.6434297836442,2338.91577148,34.8,3.4,80.7317073170732,1.4,76.6352609929407,5.372000000000001,10.339,0.852,71.56,0.528,-0.316,0.941,0.591,0.3229999999999999
GRC,Greece,ECS,High income,2012,31250.2268565956,99.5018005371094,4.0,99.948239360805,99.0,99.0,5.778,98.7078706841622,1948.24816895,36.3,3.4,80.6341463414634,1.34,76.8679797449322,5.096,10.268,0.812,71.62,0.373,-0.305,0.959,0.581,0.352
GRC,Greece,ECS,High income,2013,30762.4432227813,98.7325210571289,4.1,99.9619883950245,99.0,99.0,5.811,98.7713762312749,1832.02954102,36.1,3.5,81.2853658536585,1.29,77.0951999650171,4.72,10.243,0.687,71.68,0.426,-0.272,0.941,0.6890000000000001,0.482
GRC,Greece,ECS,High income,2014,31213.3765120298,97.959342956543,4.2,99.97541718672,99.0,97.0,5.867,98.8339628930007,1700.4942627,35.8,3.6,81.3853658536585,1.3,77.3130486275866,4.756,10.257,0.8320000000000001,71.74,0.369,-0.288,0.93,0.695,0.385
GRC,Greece,ECS,High income,2015,31347.976574604,99.8291091918945,4.3,99.988523105293,99.0,97.0,5.902,98.8956496305224,1481.41967773,36.0,3.6,81.0365853658537,1.33,77.5194426317545,5.622999999999999,10.259,0.835,71.8,0.532,-0.272,0.8240000000000001,0.74,0.2769999999999999
GRC,Greece,ECS,High income,2016,31468.6198471099,99.3706512451172,4.3,99.9999968642708,99.0,97.0,6.122,98.9564489293753,1513.25939941,35.0,3.6,81.3878048780488,1.38,77.7122988766348,5.303,10.261,0.8029999999999999,72.0,0.482,-0.26,0.898,0.701,0.336
GRC,Greece,ECS,High income,2017,31995.4108838386,98.8267135620117,4.3,99.9999973482552,99.0,97.0,6.067,98.9831881851134,1509.78442383,34.4,3.6,81.2878048780488,1.35,77.8895342613411,5.148,10.278,0.753,72.2,0.4379999999999999,-0.29,0.872,0.603,0.3329999999999999
GRC,Greece,ECS,High income,2018,32722.3310444029,97.8011016845703,4.2,100.0,99.0,97.0,6.105,98.9867526034177,1603.07788086,32.9,3.6,81.7878048780488,1.35,78.0490656849874,5.409,10.299,0.794,72.4,0.564,-0.335,0.86,0.6659999999999999,0.255
GRC,Greece,ECS,High income,2019,33502.7506488997,97.6437683105469,4.1,99.999997048057,99.0,97.0,6.163,98.9902600193741,1569.02844238,33.1,3.5,81.6390243902439,1.34,78.1888100466875,5.952000000000001,10.319,0.8909999999999999,72.6,0.614,-0.289,0.848,0.6679999999999999,0.236
GRC,Greece,ECS,High income,2020,30487.1129331045,97.2831726074219,4.1,99.9999990325072,99.0,97.0,6.186,98.9937448356397,1674.78417969,33.6,3.4,81.2878048780488,1.39,78.3066842455552,5.787999999999999,10.215,0.779,72.8,0.565,-0.241,0.764,0.684,0.322
GRD,Grenada,LCN,Upper-middle income,2005,14211.8426569264,101.044807434082,14.8,94.4692126571641,99.0,99.0,0.627,91.1213404409914,326.09225464,43.8,12.9,,2.242,35.9158260786725,,,,,,,,,
GRD,Grenada,LCN,Upper-middle income,2006,13594.355159621,101.044807434082,14.9,94.7015276267326,91.0,98.0,0.627,91.6276197917204,324.32067871,43.8,13.0,,2.195,35.9119653795374,,,,,,,,,
GRD,Grenada,LCN,Upper-middle income,2007,14376.2824512778,101.044807434082,14.9,94.9338425963011,96.0,98.0,0.6929090909090909,92.1327210300046,359.53503418,43.8,13.1,,2.154,35.9062498793276,,,,,,,,,
GRD,Grenada,LCN,Upper-middle income,2008,14463.560012123,105.570350646973,15.1,95.1661575658695,99.0,99.0,0.7588181818181818,92.6366441558442,401.15072632,43.8,13.3,74.374,2.116,35.8983157156326,,,,,,,,,
GRD,Grenada,LCN,Upper-middle income,2009,13463.580293958,111.271469116211,15.4,95.398472535438,99.0,98.0,0.8247272727272728,93.1393891692389,376.68447876,43.8,13.6,74.567,2.078,35.8877990260417,,,,,,,,,
GRD,Grenada,LCN,Upper-middle income,2010,13354.9085012616,110.229927062988,15.7,95.6307875050065,97.0,95.0,0.8906363636363637,93.6409560701888,374.46508789,43.8,13.9,74.731,2.038,35.8743359481443,,,,,,,,,
GRD,Grenada,LCN,Upper-middle income,2011,13397.8500405513,109.883287807301,16.0,95.8631024745749,95.0,95.0,0.9565454545454546,93.5480727629389,403.17129517,43.8,14.2,74.861,2.006,35.8601091092326,,,,,,,,,
GRD,Grenada,LCN,Upper-middle income,2012,13161.3955324377,109.8619017930295,16.4,95.9713888869245,97.0,94.0,1.0224545454545455,93.4551894556889,413.02658081,43.8,14.6,74.961,1.967,35.8652755773132,,,,,,,,,
GRD,Grenada,LCN,Upper-middle income,2013,13386.3189064112,109.840515778758,16.8,95.6286504435547,97.0,94.0,1.0883636363636364,93.362306148439,417.74581909,43.8,15.0,75.022,1.913,35.8792242623778,,,,,,,,,
GRD,Grenada,LCN,Upper-middle income,2014,14287.9538720088,108.844735077129,17.2,95.6286504435547,97.0,94.0,1.1542727272727273,93.269422841189,381.22598267,43.8,15.4,75.045,1.799,35.9014624346562,,,,,,,,,
GRD,Grenada,LCN,Upper-middle income,2015,15136.6966673773,111.623080116231,17.5,95.6286504435547,92.0,99.0,1.2201818181818183,93.176539533939,404.00680542,43.8,15.7,75.037,1.715,35.9319491111708,,,,,,,,,
GRD,Grenada,LCN,Upper-middle income,2016,15640.8274503805,108.662712097168,17.8,95.6286504435547,96.0,95.0,1.2860909090909092,93.0836562266891,409.27841187,43.8,16.1,75.01,1.616,35.9706014181883,,,,,,,,,
GRD,Grenada,LCN,Upper-middle income,2017,16291.4894625979,110.180032733224,18.1,95.6286504435547,96.0,85.0,1.352,92.9907729194391,454.07266235,43.8,16.3,74.977,1.438,36.0173296416579,,,,,,,,,
GRD,Grenada,LCN,Upper-middle income,2018,16964.852001696,107.786483839373,18.3,95.6286504435547,95.0,84.0,1.383,92.8978896121892,462.2394104,43.8,16.6,74.957,1.53,36.0720421424532,,,,,,,,,
GRD,Grenada,LCN,Upper-middle income,2019,17036.9151689715,107.786483839373,18.5,95.6286504435547,94.0,94.0,1.383,92.8050063049392,515.94726563,43.8,16.8,74.971,1.542,36.1346465679904,,,,,,,,,
GRD,Grenada,LCN,Upper-middle income,2020,14647.7451384876,107.786483839373,18.6,95.6286504435547,94.0,83.0,1.383,92.7121229976892,475.83853149,43.8,17.0,75.019,1.532,36.1346465679904,,,,,,,,,
GRL,Greenland,ECS,High income,2005,52189.001485462,,,100.0,,,,62.5,,,,67.3051219512195,2.326,82.6899108886719,,,,,,,,,
GRL,Greenland,ECS,High income,2006,55243.7102798786,,,100.0,,,,62.5,,,,67.8180487804878,2.28,82.8471984863281,,,,,,,,,
GRL,Greenland,ECS,High income,2007,56763.2387284359,,,100.0,,,,62.5,,,,68.2739024390244,2.223,83.2039566040039,,,,,,,,,
GRL,Greenland,ECS,High income,2008,60506.1946272328,,,100.0,,,,62.5,,,,68.5660975609756,2.249,83.621826171875,,,,,,,,,
GRL,Greenland,ECS,High income,2009,61035.5672997071,,,100.0,,,,62.5,,,,69.0321951219512,2.344,83.8556137084961,,,,,,,,,
GRL,Greenland,ECS,High income,2010,61863.2826915137,,,100.0,,,,62.5,,,,69.349756097561,2.184,84.2784881591797,,,,,,,,,
GRL,Greenland,ECS,High income,2011,61170.9203658321,,,100.0,,,,62.5,,,,69.6146341463415,2.097,84.5286026000977,,,,,,,,,
GRL,Greenland,ECS,High income,2012,62111.1033086807,,,100.0,,,,62.5,,,,69.959512195122,2.006,84.8864593505859,,,,,,,,,
GRL,Greenland,ECS,High income,2013,61659.6415225985,,,100.0,,,,62.5,,,,70.2917073170732,2.069,85.3725891113281,,,,,,,,,
GRL,Greenland,ECS,High income,2014,64799.3056628017,,,100.0,,,,62.5,,,,70.5082926829268,1.987,85.6772384643555,,,,,,,,,
GRL,Greenland,ECS,High income,2015,63364.0536061164,,,100.0,,,,62.5,,,,70.909756097561,2.116,86.046257019043,,,,,,,,,
GRL,Greenland,ECS,High income,2016,66245.7294730698,,,100.0,,,,62.5,,,,71.1990243902439,2.066,86.2261047363281,,,,,,,,,
GRL,Greenland,ECS,High income,2017,66297.1790691281,,,100.0,,,,62.5,,,,71.2563414634146,2.125,86.3915557861328,,,,,,,,,
GRL,Greenland,ECS,High income,2018,66887.6779268926,,,100.0,,,,62.5,,,,71.3609756097561,2.024,86.72509765625,,,,,,,,,
GRL,Greenland,ECS,High income,2019,68534.9419039133,,,100.0,,,,62.5,,,,71.4092682926829,2.115,87.0217895507812,,,,,,,,,
GRL,Greenland,ECS,High income,2020,68533.7339902964,,,100.0,,,,62.5,,,,71.2858536585366,2.109,87.2840881978115,,,,,,,,,
GTM,Guatemala,LCN,Upper-middle income,2005,9099.7275067528,109.972137451172,42.4,88.8001402609139,87.0,93.0,0.91,63.3959543094237,132.41906738,54.5,33.9,68.167,3.974,48.0557951573834,,8.85,0.83,,0.6629999999999999,0.172,0.706,0.818,0.287
GTM,Guatemala,LCN,Upper-middle income,2006,9386.00549814138,111.043182373047,40.7,89.0482040016156,89.0,95.0,0.91,63.8233780145297,149.04266357,54.5,32.7,68.79,3.845,48.7676356188334,,8.85,0.83,60.74,0.6629999999999999,0.172,0.706,0.818,0.287
GTM,Guatemala,LCN,Upper-middle income,2007,9772.80992048501,111.587127685547,39.1,89.294002198525,85.0,86.0,0.91,64.2408036159459,158.89395142,53.725,31.5,69.299,3.716,49.4565105053665,6.33,8.891,0.866,61.08,0.628,0.136,0.81,0.8190000000000001,0.2239999999999999
GTM,Guatemala,LCN,Upper-middle income,2008,9889.57668418909,112.624313354492,37.5,89.5375290731545,95.0,96.0,0.91,64.6483174313352,175.67254639,52.95,30.3,69.493,3.571,50.1165894513633,6.414,8.904,0.866,61.42,0.63,0.206,0.7959999999999999,0.8340000000000001,0.2339999999999999
GTM,Guatemala,LCN,Upper-middle income,2009,9740.71387674159,118.536636352539,36.0,89.7784165579284,92.0,92.0,0.91,65.0451401830532,169.37559509,52.175,29.2,69.676,3.465,50.7420420912045,6.452000000000001,8.891,0.8340000000000001,61.76,0.643,0.1969999999999999,0.755,0.8290000000000001,0.24
GTM,Guatemala,LCN,Upper-middle income,2010,9825.022234198,117.27329338311,34.5,90.0171691678666,94.0,93.0,0.8320000000000001,65.4325572317079,175.31318665,51.4,28.0,69.885,3.375,51.3270380592706,6.29,8.901,0.8590000000000001,62.1,0.696,0.166,0.795,0.85,0.236
GTM,Guatemala,LCN,Upper-middle income,2011,10032.0932829709,116.099510743236,33.1,90.2534246699844,88.0,89.0,0.754,65.8097996494068,191.24732971,50.625,27.0,70.321,3.292,51.8657469899423,5.742999999999999,8.923,0.768,62.46,0.763,0.009,0.863,0.8440000000000001,0.289
GTM,Guatemala,LCN,Upper-middle income,2012,10126.8330566224,111.646252383001,31.8,90.4874258264266,96.0,93.0,0.6759999999999999,66.1775447968584,200.84880066,49.849999999999994,26.0,70.722,3.219,52.3523385176,5.856,8.935,0.802,62.82,0.865,0.02,0.821,0.863,0.349
GTM,Guatemala,LCN,Upper-middle income,2013,10297.8392994827,107.864590547525,30.4,90.7203833166752,96.0,91.0,0.598,66.5388660847847,198.79296875,49.074999999999996,24.9,70.878,3.151,52.7809822766245,5.985,8.953,0.83,63.18,0.884,0.045,0.8170000000000001,0.867,0.3329999999999999
GTM,Guatemala,LCN,Upper-middle income,2014,10553.563988977,105.231154037687,29.2,90.9521869085608,74.0,85.0,0.52,66.8936926813794,217.23764038,48.3,24.0,70.942,3.088,53.1458479013964,6.5360000000000005,8.98,0.8340000000000001,63.54,0.843,0.108,0.804,0.835,0.305
GTM,Guatemala,LCN,Upper-middle income,2015,10785.9583125957,103.756960177093,28.1,91.1829418884206,70.0,79.0,0.44199999999999995,67.2424899275787,233.8447876,48.3,23.1,70.915,3.029,53.4411050262961,6.465,9.003,0.823,63.9,0.8690000000000001,0.051,0.8220000000000001,0.851,0.311
GTM,Guatemala,LCN,Upper-middle income,2016,10872.5938902469,101.352012012457,27.0,91.4122081124135,83.0,89.0,0.364,67.5843983621211,246.4538269,48.3,22.3,71.215,2.973,53.6609232857043,6.359,9.013,0.8109999999999999,64.2,0.863,0.011,0.812,0.846,0.321
GTM,Guatemala,LCN,Upper-middle income,2017,11005.4592851719,101.387446797743,26.1,91.6400944159348,91.0,94.0,0.286,67.9199018955355,265.36593628,48.3,21.6,71.583,2.857,53.7994723140017,6.325,9.026,0.826,64.5,0.915,-0.059,0.8,0.846,0.308
GTM,Guatemala,LCN,Upper-middle income,2018,11192.3719192725,102.983138102239,25.1,91.8664742343096,85.0,89.0,0.363,68.2489426363097,265.81820679,48.3,20.8,71.496,2.743,53.845962303542,6.627000000000001,9.042,0.841,64.8,0.91,-0.01,0.765,0.871,0.262
GTM,Guatemala,LCN,Upper-middle income,2019,11466.3764932197,101.979363381256,24.3,92.0910526006257,88.0,90.0,0.822,68.5709973645284,278.59024048,48.3,20.2,71.639,2.593,54.1882267267974,6.2620000000000005,9.064,0.774,65.1,0.901,-0.062,0.773,0.8590000000000001,0.311
GTM,Guatemala,LCN,Upper-middle income,2020,11097.1503902986,101.500290013425,23.5,92.3138179561227,90.0,89.0,1.281,68.8862996420965,289.21640015,48.3,19.5,69.971,2.47,54.5483167911628,,9.064,0.774,,0.901,-0.062,0.773,0.8590000000000001,0.311
GUM,Guam,EAS,High income,2005,,,,99.4862233389232,,,,89.292406405394,,,,76.427,2.638,94.0673223633488,,,,,,,,,
GUM,Guam,EAS,High income,2006,,,,99.4887573422771,,,,89.3561812726507,,,,76.477,2.807,94.0673223633488,,,,,,,,,
GUM,Guam,EAS,High income,2007,,,,99.4912913456311,,,,89.4199561399073,,,,76.397,2.905,94.0673223633488,,,,,,,,,
GUM,Guam,EAS,High income,2008,,,,99.493825348985,,,,89.483731007164,,,,76.233,2.905,94.0673223633488,,,,,,,,,
GUM,Guam,EAS,High income,2009,,,,99.4963593523389,,,,89.5475058744206,,,,76.141,2.891,94.0673223633488,,,,,,,,,
GUM,Guam,EAS,High income,2010,,,,99.4988933556928,,,,89.6112807416772,,,,76.095,2.973,94.0765173267308,,,,,,,,,
GUM,Guam,EAS,High income,2011,,,,99.5014273590467,,,,89.6750556089339,,,,76.153,2.876,94.0771054436498,,,,,,,,,
GUM,Guam,EAS,High income,2012,,,,99.5039613624007,,,,89.7388304761905,,,,76.237,3.117,94.0777276704115,,,,,,,,,
GUM,Guam,EAS,High income,2013,,,,99.5064953657546,,,,89.8026053434471,,,,76.361,2.883,94.0782751403862,,,,,,,,,
GUM,Guam,EAS,High income,2014,,,,99.5090293691085,,,,89.8663802107038,,,,76.423,2.946,94.0787476782557,,,,,,,,,
GUM,Guam,EAS,High income,2015,,,,99.5115633724624,,,,89.9301550779604,,,,76.444,2.933,94.079145108702,,,,,,,,,
GUM,Guam,EAS,High income,2016,,,,99.5140973758164,,,,89.993929945217,,,,76.449,3.171,94.079467256407,,,,,,,,,
GUM,Guam,EAS,High income,2017,,,,99.5166313791703,,,,90.0577048124737,,,,76.463,3.088,94.0797139460527,,,,,,,,,
GUM,Guam,EAS,High income,2018,,,,99.5191653825242,,,,90.1214796797303,,,,76.561,2.995,94.079885002321,,,,,,,,,
GUM,Guam,EAS,High income,2019,,,,99.5216993858781,,,,90.1852545469869,,,,76.645,2.938,94.0799802498939,,,,,,,,,
GUM,Guam,EAS,High income,2020,,,,99.5242333892321,,,,90.2490294142436,,,,,2.895,94.0804991087801,,,,,,,,,
GUY,Guyana,LCN,High income,2005,8256.52519071138,101.88932800293,41.6,90.6866289837536,93.0,92.0,0.214,80.2648830646045,85.35713959,,37.3,64.392,2.648,26.4592185137368,,8.773,0.8490000000000001,,0.6940000000000001,0.11,0.836,0.768,0.296
GUY,Guyana,LCN,High income,2006,8702.33133494001,100.2972793579103,40.7,90.9599679575981,93.0,94.0,0.214,80.8939339660195,98.34314728,,36.6,64.848,2.659,26.4592185137368,,8.773,0.8490000000000001,,0.6940000000000001,0.11,0.836,0.768,0.296
GUY,Guyana,LCN,High income,2007,9354.08017716534,98.7052307128906,39.9,91.2357144942571,94.0,96.0,0.214,81.525359867427,125.79258728,,35.9,65.462,2.681,26.4592185137368,5.992999999999999,8.773,0.8490000000000001,57.26,0.6940000000000001,0.11,0.836,0.768,0.296
GUY,Guyana,LCN,High income,2008,9546.70875949436,100.129516601562,39.1,91.5138620553584,93.0,95.0,0.214,82.1591535902208,138.70043945,,35.3,65.721,2.697,26.4592185137368,,8.773,0.8490000000000001,,0.6940000000000001,0.11,0.836,0.768,0.296
GUY,Guyana,LCN,High income,2009,9924.52660770631,97.6101226806641,38.3,91.7944367446406,98.0,97.0,0.214,82.7953517398292,150.21723938,,34.6,66.03,2.694,26.4592185137368,,8.773,0.8490000000000001,,0.6940000000000001,0.11,0.836,0.768,0.296
GUY,Guyana,LCN,High income,2010,10374.3947557656,100.620507153069,37.6,92.0773787759255,95.0,95.0,0.687,83.4338869756963,162.70393372,,34.0,66.204,2.684,26.4592185137368,,8.773,0.8490000000000001,,0.6940000000000001,0.11,0.836,0.768,0.296
GUY,Guyana,LCN,High income,2011,10958.8598838438,104.945060789465,36.8,92.362661216299,93.0,98.0,0.824875,84.0747338507827,186.11392212,,33.4,66.469,2.694,26.3999996185303,,8.773,0.8490000000000001,,0.6940000000000001,0.11,0.836,0.768,0.296
GUY,Guyana,LCN,High income,2012,11534.9985588659,105.236896620854,36.0,92.6609284046395,97.0,99.0,0.96275,84.731495888913,201.88832092,,32.8,66.443,2.701,26.3999996185303,,8.773,0.8490000000000001,,0.6940000000000001,0.11,0.836,0.768,0.296
GUY,Guyana,LCN,High income,2013,11896.9069854942,102.73722268879578,35.2,92.959244646232,98.0,99.0,1.100625,85.3889557997963,211.2910614,,32.1,66.71,2.711,26.4003891353669,,8.773,0.8490000000000001,,0.6940000000000001,0.11,0.836,0.768,0.296
GUY,Guyana,LCN,High income,2014,12030.0529344045,100.23754875673757,34.3,93.2581213076168,98.0,99.0,1.2385000000000002,86.0478440775297,216.03759766,,31.3,67.334,2.695,26.4018152016157,,8.773,0.8490000000000001,,0.6940000000000001,0.11,0.836,0.768,0.296
GUY,Guyana,LCN,High income,2015,12040.08253302,97.73787482467935,33.3,93.5573147268912,95.0,99.0,1.376375,86.7079635217248,226.89404297,,30.4,67.719,2.667,26.4043918297579,,8.773,0.8490000000000001,,0.6940000000000001,0.11,0.836,0.768,0.296
GUY,Guyana,LCN,High income,2016,12420.4724727603,95.23820089262115,32.4,93.8566725487211,97.0,99.0,1.51425,87.3692388758564,235.91662598,,29.6,68.069,2.634,26.4080892882899,,8.773,0.8490000000000001,,0.6940000000000001,0.11,0.836,0.768,0.296
GUY,Guyana,LCN,High income,2017,12801.6408529346,92.73852696056294,31.4,94.1560114941811,97.0,99.0,1.652125,88.0315709882197,266.86364746,,28.8,68.543,2.593,26.412905546573,,8.773,0.8490000000000001,,0.6940000000000001,0.11,0.836,0.768,0.296
GUY,Guyana,LCN,High income,2018,12980.3576003177,90.23885302850472,30.5,94.4550659757955,95.0,98.0,1.79,88.6946981126402,296.66903687,,27.9,68.829,2.553,26.4188378517884,,8.773,0.8490000000000001,,0.6940000000000001,0.11,0.836,0.768,0.296
GUY,Guyana,LCN,High income,2019,13402.4219472757,87.7391790964465,29.6,94.7537064552483,99.0,98.0,1.5885,89.3586157172433,314.0977478,,27.1,69.067,2.521,26.4258834773058,,8.773,0.8490000000000001,,0.6940000000000001,0.11,0.836,0.768,0.296
GUY,Guyana,LCN,High income,2020,19234.1301977637,96.3569272771871,28.6,95.0516966520853,99.0,98.0,1.387,90.0231335168154,364.20135498,,26.3,67.751,2.521,26.4340397353676,,8.773,0.8490000000000001,,0.6940000000000001,0.11,0.836,0.768,0.296
HKG,"Hong Kong SAR, China",EAS,High income,2005,47938.8533561286,100.73030090332,,99.1996818925276,,,,97.1454086656819,,,,81.6090243902439,0.959,100.0,,10.746,0.812,,0.91,0.156,0.356,0.723,0.236
HKG,"Hong Kong SAR, China",EAS,High income,2006,50981.7296233058,101.055946350098,,99.2582169804035,,,,97.0237752338749,,,,82.3848780487805,0.984,100.0,5.511,10.746,0.812,,0.91,0.156,0.356,0.723,0.236
HKG,"Hong Kong SAR, China",EAS,High income,2007,53813.022139769,100.729278564453,,99.3167520682794,,,,96.9021418020679,,,,82.3668292682927,1.028,100.0,,10.781,0.8260000000000001,,0.916,0.22599999999999998,0.31499999999999995,0.7210000000000001,0.2365
HKG,"Hong Kong SAR, China",EAS,High income,2008,54630.3299120222,102.480163574219,,99.3752871561554,,,,96.7805083702609,,,,82.3404878048781,1.064,100.0,,10.816,0.84,,0.922,0.296,0.2739999999999999,0.7190000000000001,0.237
HKG,"Hong Kong SAR, China",EAS,High income,2009,53172.2884268262,104.338989257812,,99.4338222440313,,,,96.6588749384539,,,,82.7751219512195,1.055,100.0,5.397,10.788,0.835,,0.918,0.308,0.272,0.762,0.21
HKG,"Hong Kong SAR, China",EAS,High income,2010,56355.409086809,105.429219600726,,99.4923573319072,,,,96.5372415066469,,,,82.9575609756098,1.127,100.0,5.643,10.847,0.857,,0.89,0.332,0.256,0.71,0.183
HKG,"Hong Kong SAR, China",EAS,High income,2011,58672.8050185719,104.602752580544,,99.5508924197831,,,,96.4156080748399,,,,83.4119512195122,1.204,100.0,5.474,10.887,0.846,,0.894,0.235,0.245,0.7340000000000001,0.196
HKG,"Hong Kong SAR, China",EAS,High income,2012,59015.3179560955,107.340572556762,,99.609427507659,,,,96.293974643033,,,,83.450243902439,1.285,100.0,,10.893,0.826,,0.88,0.222,0.38,0.715,0.183
HKG,"Hong Kong SAR, China",EAS,High income,2013,60601.6109212886,106.884666666667,,99.667962595535,,,,96.172341211226,,,,83.8312195121951,1.125,100.0,,10.9165,0.8300000000000001,,0.8614999999999999,0.22299999999999995,0.40149999999999997,0.6995,0.213
HKG,"Hong Kong SAR, China",EAS,High income,2014,61839.8044187474,105.045690213869,,99.7264976834109,,,,96.050707779419,,,,83.9356097560976,1.235,100.0,,10.94,0.8340000000000001,,0.843,0.2239999999999999,0.423,0.684,0.243
HKG,"Hong Kong SAR, China",EAS,High income,2015,62779.7552386246,105.131520708188,,99.7850327712868,,,,95.929074347612,,,,84.2526829268293,1.196,100.0,,10.955,0.8330000000000001,,0.8215,0.16199999999999995,0.4129999999999999,0.674,0.22799999999999998
HKG,"Hong Kong SAR, China",EAS,High income,2016,63749.4285013369,104.741013824885,,99.8435678591627,,,,95.807440915805,,,,84.2114634146342,1.205,100.0,5.497999999999999,10.97,0.8320000000000001,,0.8,0.1,0.4029999999999999,0.664,0.213
HKG,"Hong Kong SAR, China",EAS,High income,2017,65662.8543379575,104.80790960452,,99.9021029470387,,,,95.685807483998,,,,84.6956097560976,1.128,100.0,,11.0,0.831,,0.831,0.14,0.416,0.64,0.201
HKG,"Hong Kong SAR, China",EAS,High income,2018,66993.9592604441,103.430995475113,,99.9606380349146,,,,95.564174052191,,,,84.869756097561,1.08,100.0,,11.0,0.8434999999999999,,0.7789999999999999,0.10350000000000001,0.424,0.6194999999999999,0.27949999999999997
HKG,"Hong Kong SAR, China",EAS,High income,2019,65388.3366418212,102.202607278653,,100.0,,,,95.442540620384,,,,85.1558536585366,1.064,100.0,5.659,11.0,0.856,,0.727,0.067,0.432,0.599,0.358
HKG,"Hong Kong SAR, China",EAS,High income,2020,61328.5367014193,105.128762541806,,100.0,,,,95.320907188577,,,,85.4963414634146,0.883,100.0,5.295,11.0,0.813,,0.705,0.067,0.38,0.609,0.21
HND,Honduras,LCN,Lower-middle income,2005,5056.67544412551,102.47428894043,29.8,88.133961090874,98.0,96.0,0.358,69.5815268362271,97.86359406,59.5,24.1,69.198,3.577,48.1703884178554,,8.462,0.933,,0.65,0.089,0.8440000000000001,0.858,0.155
HND,Honduras,LCN,Lower-middle income,2006,5263.15029099578,105.866416931152,28.6,88.5903297607965,95.0,95.0,0.345,70.5856087424602,112.11707306,57.5,23.2,69.364,3.449,48.7790074235564,5.397,8.462,0.933,64.54,0.65,0.089,0.8440000000000001,0.858,0.155
HND,Honduras,LCN,Lower-middle income,2007,5461.90151889031,100.833831787109,27.4,89.0405738660816,94.0,94.0,0.33199999999999996,71.583847847539,127.55919647,55.8,22.3,69.539,3.351,49.3994250214704,5.097,8.5,0.8190000000000001,64.78,0.6759999999999999,0.23,0.826,0.759,0.1989999999999999
HND,Honduras,LCN,Lower-middle income,2008,5566.70639487722,101.453086853027,26.4,89.4848766199091,93.0,93.0,0.31899999999999995,72.5764555085287,149.05706787,55.5,21.5,69.657,3.26,50.0312316063593,5.42,8.52,0.828,65.02,0.687,0.223,0.863,0.789,0.206
HND,Honduras,LCN,Lower-middle income,2009,5313.75573967791,99.5311126708984,25.4,89.922767090749,97.0,98.0,0.306,73.5629624673739,160.23144531,51.3,20.8,69.823,3.173,50.6740175729851,6.033,8.474,0.8240000000000001,65.26,0.6609999999999999,0.119,0.857,0.8029999999999999,0.261
HND,Honduras,LCN,Lower-middle income,2010,5396.07227927744,99.4327616233952,24.4,90.3547424812176,97.0,98.0,0.293,74.5439099298489,165.19970703,53.1,20.1,69.77,3.078,51.3273733161098,5.8660000000000005,8.49,0.8029999999999999,65.5,0.6459999999999999,0.105,0.82,0.797,0.26
HND,Honduras,LCN,Lower-middle income,2011,5488.43371596332,97.6766786028118,23.5,90.7803603583435,97.0,97.0,0.3423333333333333,75.5188630035409,182.3137207,52.6,19.4,70.116,2.998,51.9908892304951,4.961,8.508,0.7659999999999999,65.72,0.7829999999999999,0.095,0.884,0.816,0.307
HND,Honduras,LCN,Lower-middle income,2012,5600.6077605497,94.1871653490279,22.7,91.2001031419735,98.0,97.0,0.39166666666666666,76.4883396029045,184.04154968,53.4,18.8,70.46,2.927,52.6641557109031,4.602,8.53,0.779,65.94,0.7,-0.003,0.871,0.847,0.294
HND,Honduras,LCN,Lower-middle income,2013,5644.13384802045,90.5529233749786,21.9,91.6134052389382,99.0,97.0,0.44099999999999995,77.4517887754502,176.421875,50.0,18.2,70.765,2.855,53.356379133253,4.713,8.54,0.792,66.16,0.698,-0.027,0.868,0.8170000000000001,0.283
HND,Honduras,LCN,Lower-middle income,2014,5705.16246265484,89.4033670410587,21.1,92.0207347407906,99.0,97.0,0.4903333333333333,78.409710520334,172.52818298,49.9,17.6,71.032,2.793,53.8768089124249,5.056,8.552,0.79,66.38,0.696,0.015,0.8340000000000001,0.82,0.299
HND,Honduras,LCN,Lower-middle income,2015,5812.5348879105,89.2421539364839,20.3,92.421451159935,98.0,98.0,0.5396666666666666,79.3614899844159,169.97198486,49.2,17.0,71.323,2.746,54.3828473751434,,8.572000000000001,0.772,66.6,0.534,-0.0969999999999999,0.848,0.863,0.311
HND,Honduras,LCN,Lower-middle income,2016,5926.49025534228,88.6465188864987,19.6,92.8158871236421,95.0,98.0,0.589,80.3074947960451,177.8835144,49.8,16.5,71.615,2.704,54.8868414578857,5.648,8.593,0.774,66.8,0.85,0.08,0.7929999999999999,0.8320000000000001,0.297
HND,Honduras,LCN,Lower-middle income,2017,6099.60734919414,87.1120951772099,18.9,93.203968706641,90.0,98.0,0.304,81.2476858869062,169.07194519,49.4,15.9,71.805,2.663,55.3877322339915,6.02,8.624,0.843,67.0,0.898,0.072,0.7829999999999999,0.8420000000000001,0.248
HND,Honduras,LCN,Lower-middle income,2018,6219.27973775059,86.23828988804789,18.2,93.5856465079255,91.0,91.0,0.36566666666666664,82.1820517802878,178.1494751,48.9,15.4,72.001,2.645,55.8852577716247,5.908,8.642999999999999,0.8270000000000001,67.2,0.872,0.099,0.804,0.872,0.287
HND,Honduras,LCN,Lower-middle income,2019,6264.01884276715,85.3644845988859,17.7,93.9610018338129,88.0,91.0,0.42733333333333334,83.1107110257034,183.75006104,48.2,14.9,72.124,2.611,56.3791561389766,5.93,8.652999999999999,0.797,67.4,0.846,0.063,0.815,0.85,0.2789999999999999
HND,Honduras,LCN,Lower-middle income,2020,5603.26398377777,83.6552990388855,17.1,94.3301083793908,88.0,91.0,0.489,84.0337747326909,212.7419281,48.2,14.5,70.864,2.577,56.8691654042685,,8.652999999999999,0.797,,0.846,0.063,0.815,0.85,0.2789999999999999
HRV,Croatia,ECS,High income,2005,27641.1374713864,100.140830993652,6.7,99.4989155320278,96.0,96.0,2.573,97.6362088912943,726.6114502,33.7,5.8,75.2446341463415,1.5,55.5307217475444,,10.162,0.91,,0.662,-0.092,0.934,0.586,0.337
HRV,Croatia,ECS,High income,2006,29035.6749841445,99.3845520019531,6.4,99.4989155320278,96.0,95.0,2.607,97.4186224972522,815.39093018,33.7,5.5,75.8368292682927,1.47,55.4685969711483,,10.162,0.91,,0.662,-0.092,0.934,0.586,0.337
HRV,Croatia,ECS,High income,2007,30508.3061279124,98.8661270141602,6.2,99.4989155320278,96.0,96.0,2.734,97.201764016731,1040.44995117,33.7,5.3,75.7056097560976,1.48,55.4077128728613,5.821000000000001,10.162,0.91,67.12,0.662,-0.092,0.934,0.586,0.337
HRV,Croatia,ECS,High income,2008,31113.555007687,97.9028015136719,5.9,99.4989155320278,96.0,96.0,2.735,96.9856368305825,1258.09594727,33.7,5.0,75.9121951219512,1.47,55.3530687812969,,10.133,0.8855,,0.6054999999999999,-0.1815,0.946,0.6114999999999999,0.3045
HRV,Croatia,ECS,High income,2009,29024.6640551953,97.974609375,5.7,99.4989155320278,96.0,95.0,2.741,96.7702400027243,1187.34326172,32.6,4.8,76.1682926829268,1.5,55.3096640250682,,10.104,0.861,67.64,0.5489999999999999,-0.271,0.958,0.637,0.272
HRV,Croatia,ECS,High income,2010,28701.8754573033,98.0708236694336,5.5,99.6004621496266,97.0,96.0,2.861,96.555570839204,1126.81970215,32.4,4.7,76.4756097560976,1.46,55.2824979327886,5.596,10.091,0.7959999999999999,67.9,0.564,-0.237,0.973,0.607,0.259
HRV,Croatia,ECS,High income,2011,28769.0229490882,98.0935974121094,5.3,99.7012086254188,96.0,96.0,2.918,96.3415946710198,1134.88916016,32.3,4.5,76.7756097560976,1.41,55.2773793281248,5.385,10.091,0.79,68.0,0.517,-0.198,0.977,0.598,0.273
HRV,Croatia,ECS,High income,2012,28259.1638073948,98.7156372070312,5.2,99.8012216684385,96.0,95.0,2.999,96.1289814804925,1034.02124023,32.5,4.4,77.1682926829268,1.52,55.3042888624873,,10.072,0.7759999999999999,68.1,0.542,-0.242,0.924,0.622,0.271
HRV,Croatia,ECS,High income,2013,28397.9820661555,98.5737533569336,5.1,99.9003820151375,96.0,94.0,3.042,95.9178030204647,894.07080078,32.0,4.3,77.5707317073171,1.46,55.3659479687433,5.885,10.069,0.7509999999999999,68.2,0.627,-0.204,0.936,0.59,0.285
HRV,Croatia,ECS,High income,2014,28456.3353756076,98.908317565918,5.0,99.9005681639486,95.0,94.0,3.153,95.7081981742449,915.2689209,32.1,4.2,77.7243902439024,1.46,55.4591834926844,,10.072,0.6459999999999999,68.3,0.519,0.132,0.918,0.596,0.286
HRV,Croatia,ECS,High income,2015,29466.4506365792,99.4907684326172,4.9,99.9007659561635,94.0,93.0,3.21,95.7190097005678,803.41619873,31.1,4.2,77.2756097560976,1.41,55.5812594509004,5.205,10.104,0.768,68.4,0.6940000000000001,-0.096,0.8490000000000001,0.609,0.294
HRV,Croatia,ECS,High income,2016,30820.8050421355,98.7909393310547,4.9,99.9009796453255,93.0,90.0,3.265,95.7305312019132,851.92492676,30.9,4.1,77.9219512195122,1.43,55.7294398599808,5.417000000000001,10.146,0.7979999999999999,69.0,0.672,-0.065,0.884,0.614,0.337
HRV,Croatia,ECS,High income,2017,32348.5888556174,99.2321090698242,4.8,99.9012135113564,93.0,89.0,3.404,95.7427708106791,919.22418213,30.4,4.1,77.7268292682927,1.42,55.9009887365155,5.343,10.189,0.77,69.6,0.716,-0.104,0.892,0.655,0.316
HRV,Croatia,ECS,High income,2018,33729.5455811943,98.8812103271484,4.8,99.9014519632488,93.0,93.0,3.497,95.7545423447665,1045.14904785,29.7,4.1,77.919512195122,1.47,56.093170097094,,10.224,0.91,70.2,0.691,-0.151,0.925,0.5820000000000001,0.29
HRV,Croatia,ECS,High income,2019,35122.7966231008,99.0015106201172,4.7,99.9017118309549,94.0,93.0,3.59,95.7669528953151,1063.54443359,28.9,4.0,78.2243902439024,1.47,56.303247958306,5.626,10.258,0.936,70.8,0.7390000000000001,-0.1369999999999999,0.932,0.551,0.2689999999999999
HRV,Croatia,ECS,High income,2020,32493.4017010055,99.4886703491211,4.7,99.9019753269295,94.0,91.0,3.606,95.7800263365526,1123.37963867,29.5,4.0,77.5243902439024,1.48,56.5284863367411,6.507999999999999,10.166,0.923,71.4,0.8370000000000001,-0.063,0.961,0.551,0.286
HTI,Haiti,LCN,Lower-middle income,2005,3144.56353969437,183.989440244666,88.4,59.8048339456041,60.0,53.0,0.14,22.5049412936123,25.25854683,41.1,61.8,60.318,3.835,42.5791771857318,,7.407,0.6940000000000001,,0.449,0.401,0.8540000000000001,0.613,0.332
HTI,Haiti,LCN,Lower-middle income,2006,3146.2634386786,183.989440244666,86.2,60.624746654321,61.0,55.0,0.14,23.0018363162708,29.11877251,41.1,60.4,60.74,3.761,43.2846444920296,,7.407,0.6940000000000001,48.46,0.449,0.401,0.8540000000000001,0.613,0.332
HTI,Haiti,LCN,Lower-middle income,2007,3239.25745989841,183.989440244666,84.1,61.4285173392054,63.0,57.0,0.14,23.4895119944276,37.59618378,41.1,59.1,61.09,3.687,43.9866171992907,,7.412000000000001,0.6865000000000001,,0.457,0.331,0.8330000000000001,0.6105,0.29400000000000004
HTI,Haiti,LCN,Lower-middle income,2008,3270.41272369326,183.989440244666,82.2,62.2174731426429,64.0,59.0,0.14,23.9682677015387,40.445961,41.1,58.0,61.28,3.621,44.6847359532184,3.846,7.417000000000001,0.679,40.38,0.465,0.261,0.812,0.608,0.256
HTI,Haiti,LCN,Lower-middle income,2009,3406.29486715549,183.989440244666,80.2,62.9888052938028,65.0,62.0,0.14,24.4367113848506,41.39894867,41.1,56.8,61.694,3.565,45.3786413995138,,7.400499999999999,0.6165,,0.41900000000000004,0.2385,0.8300000000000001,0.5815,0.27449999999999997
HTI,Haiti,LCN,Lower-middle income,2010,3176.50949040109,183.989440244666,78.35,63.7442876328599,67.0,63.0,0.14,24.8953249600046,55.73518753,41.1,79.3,,3.497,46.0679741838751,3.766,7.383999999999999,0.5539999999999999,32.3,0.373,0.216,0.848,0.555,0.293
HTI,Haiti,LCN,Lower-middle income,2011,3300.87444105175,183.989440244666,76.5,64.4832332548174,68.0,65.0,0.14,25.3435874681096,77.12206268,41.1,54.4,61.581,3.431,46.7523749519985,4.845,7.422999999999999,0.5670000000000001,36.86,0.413,0.243,0.682,0.625,0.245
HTI,Haiti,LCN,Lower-middle income,2012,3266.43832519352,183.989440244666,74.6,65.2057837814604,66.0,66.0,0.187,25.7813149858061,75.08546448,41.1,53.2,62.273,3.321,47.4314843495779,,7.437,0.7490000000000001,41.42,0.482,0.289,0.7170000000000001,0.593,0.284
HTI,Haiti,LCN,Lower-middle income,2013,3356.8373216264,183.989440244666,72.8,65.9105551526185,65.0,68.0,0.234,26.2077250672239,59.38277435,41.1,52.0,62.624,3.221,48.1049430223048,,7.463999999999999,0.648,45.98,0.61,0.289,0.669,0.5379999999999999,0.327
HTI,Haiti,LCN,Lower-middle income,2014,3403.57496642947,183.989440244666,70.9,66.5988959372951,63.0,69.0,0.1605,26.6231188972666,65.10858917,41.1,50.9,62.969,3.164,48.7723916158687,,7.477,0.5539999999999999,50.54,0.509,0.285,0.708,0.593,0.327
HTI,Haiti,LCN,Lower-middle income,2015,3402.0283988016,183.989440244666,69.1,67.2702221922087,64.0,69.0,0.087,27.0270378862153,68.50547791,41.1,49.7,63.224,3.11,49.4334707759572,3.57,7.476,0.564,55.1,0.3979999999999999,0.306,0.777,0.619,0.3329999999999999
HTI,Haiti,LCN,Lower-middle income,2016,3415.58218112308,183.989440244666,67.2,67.9200663191655,59.0,67.0,0.13733333333333334,27.4175706296699,60.06819153,41.1,48.5,63.325,3.054,50.087821148256,3.352,7.477,0.584,55.3,0.304,0.291,0.8390000000000001,0.5529999999999999,0.367
HTI,Haiti,LCN,Lower-middle income,2017,3453.97142164659,183.989440244666,65.3,68.5471165461434,60.0,65.0,0.18766666666666665,27.7940822522494,53.80579758,41.1,47.2,63.832,2.985,50.735083378449,3.824,7.475,0.647,55.5,0.484,0.381,0.647,0.573,0.322
HTI,Haiti,LCN,Lower-middle income,2018,3465.25480573601,183.989440244666,63.4,69.1522570020031,57.0,70.0,0.238,28.1567904087872,62.30102539,41.1,46.0,64.077,2.924,51.374898112219,3.615,7.477,0.5379999999999999,55.7,0.591,0.422,0.72,0.584,0.359
HTI,Haiti,LCN,Lower-middle income,2019,3361.75328894114,183.989440244666,61.5,69.7360086923955,54.0,74.0,0.238,28.5057820115222,49.32995987,41.1,44.7,64.328,2.862,52.0069059952475,,7.477,0.5379999999999999,,0.591,0.422,0.72,0.584,0.359
HTI,Haiti,LCN,Lower-middle income,2020,3210.53609854862,183.989440244666,59.8,70.4880763209359,58.0,74.0,0.238,28.6576196940519,52.2158699,41.1,43.6,63.773,2.804,52.6307476732151,,7.477,0.5379999999999999,,0.591,0.422,0.72,0.584,0.359
HUN,Hungary,ECS,High income,2005,27765.7886146197,100.982482910156,7.5,95.4573933854111,99.0,99.0,2.787,98.029143037033,895.20330811,34.7,6.4,72.6487804878049,1.31,66.1261367797852,5.194,10.108,0.93,64.6,0.6970000000000001,-0.161,0.903,0.675,0.29
HUN,Hungary,ECS,High income,2006,28903.0475407078,101.501808166504,7.2,95.7715235232241,99.0,99.0,3.042,98.0248277713699,893.20300293,28.3,6.1,73.0975609756098,1.34,67.0155868530273,,10.130500000000001,0.9305000000000001,,0.6174999999999999,-0.161,0.899,0.688,0.26
HUN,Hungary,ECS,High income,2007,29044.0669021254,101.520332336426,6.8,96.0814951789226,99.0,99.0,2.809,98.0205413460237,1003.25805664,27.9,5.8,73.1512195121951,1.32,67.0041656494141,4.954,10.153,0.931,65.0,0.5379999999999999,-0.161,0.895,0.701,0.23
HUN,Hungary,ECS,High income,2008,29384.0070385818,101.747993469238,6.5,96.3873549222455,99.0,99.0,3.097,98.0162854643745,1117.20227051,27.5,5.5,73.7024390243903,1.35,68.0976986078883,,10.125,0.916,,0.5009999999999999,-0.14300000000000002,0.905,0.6825,0.229
HUN,Hungary,ECS,High income,2009,27445.959458479,100.920570373535,6.2,96.6891082048051,99.0,99.0,3.027,98.0120750590408,943.68774414,27.0,5.3,73.9048780487805,1.32,68.4592590332031,4.895,10.097,0.901,65.4,0.4639999999999999,-0.125,0.915,0.664,0.228
HUN,Hungary,ECS,High income,2010,27801.833816111,100.467422485352,6.0,96.9842340521877,99.0,99.0,2.875,98.0084003041022,983.11083984,29.4,5.1,74.2073170731707,1.25,69.5305480957031,4.725,10.106,0.8959999999999999,65.6,0.514,-0.145,0.983,0.6559999999999999,0.235
HUN,Hungary,ECS,High income,2011,28415.1173442897,100.100288391113,5.9,97.2758562444965,99.0,99.0,2.966,98.0047619310782,1063.43237305,29.2,5.0,74.8585365853659,1.23,69.4779934082031,4.918,10.127,0.894,65.76,0.631,-0.089,0.94,0.642,0.305
HUN,Hungary,ECS,High income,2012,28179.656464434,101.069969177246,5.7,97.5597402653732,99.0,99.0,3.09,98.0021500731039,961.1383667,30.8,4.8,75.0634146341463,1.34,69.5772326660156,4.683,10.117,0.906,65.92,0.569,-0.136,0.93,0.652,0.315
HUN,Hungary,ECS,High income,2013,28891.0217544976,100.73802947998,5.6,97.8398540702921,99.0,99.0,3.21,97.9999085136149,991.98742676,31.5,4.7,75.5658536585366,1.36,69.9277636266638,4.914,10.14,0.877,66.08,0.674,-0.113,0.912,0.706,0.307
HUN,Hungary,ECS,High income,2014,30264.9492302161,101.617790222168,5.3,98.1178998940875,99.0,99.0,3.325,97.9976794505183,1008.92950439,30.9,4.5,75.7634146341463,1.45,70.3071053512008,5.181,10.183,0.845,66.24,0.494,-0.15,0.855,0.6509999999999999,0.238
HUN,Hungary,ECS,High income,2015,31485.5675425634,101.536590576172,5.1,98.3938802461663,99.0,99.0,3.098,97.9954541400148,874.04138184,30.4,4.2,75.5682926829269,1.46,70.4847717285156,5.343999999999999,10.223,0.8590000000000001,66.4,0.5579999999999999,-0.198,0.908,0.7070000000000001,0.245
HUN,Hungary,ECS,High income,2016,32378.9674983075,100.159217834473,4.7,98.6679484290121,99.0,99.0,3.212,97.9931789584607,918.94506836,30.3,4.0,76.0634146341464,1.55,70.4733810424805,5.449,10.248,0.9,66.8,0.5539999999999999,-0.187,0.924,0.6659999999999999,0.243
HUN,Hungary,ECS,High income,2017,33828.714942571,99.7975769042969,4.5,98.9400107789492,99.0,99.0,3.326,97.9908758837113,990.90808105,30.6,3.7,75.8170731707317,1.56,70.4542541503906,,10.293,0.877,67.2,0.6609999999999999,-0.139,0.8859999999999999,0.735,0.181
HUN,Hungary,ECS,High income,2018,35798.0412754022,98.3147735595703,4.3,99.2100381980227,99.0,99.0,3.384,97.9885191913956,1087.64611816,30.6,3.6,76.0658536585366,1.57,70.4711761474609,5.936,10.344,0.941,67.6,0.693,-0.243,0.911,0.6759999999999999,0.201
HUN,Hungary,ECS,High income,2019,37662.67681014,98.4033508300781,4.1,99.4779522735121,99.0,99.0,3.494,97.9861309569959,1062.15869141,30.6,3.4,76.3195121951219,1.58,70.4565277099609,,10.393,0.947,68.0,0.7979999999999999,-0.195,0.884,0.743,0.18
HUN,Hungary,ECS,High income,2020,36119.5211735652,99.1123809814453,4.0,99.7437164369776,99.0,99.0,3.14,97.9837062795673,1182.54138184,30.6,3.4,75.419512195122,1.61,70.2917327880859,6.037999999999999,10.335,0.943,68.4,0.7709999999999999,-0.12,0.836,0.735,0.24
IDN,Indonesia,EAS,Upper-middle income,2005,7140.8545640704,109.01708984375,40.7,80.6739527502828,72.0,77.0,0.259,51.4837806650068,34.09753036,29.9,33.3,67.531,2.452,46.2373757571669,,8.85,0.7709999999999999,,0.713,0.347,0.915,0.825,0.266
IDN,Indonesia,EAS,Upper-middle income,2006,7434.48785352221,107.672538757324,38.9,81.6230405666446,72.0,79.0,0.259,53.5018961119134,44.3965683,31.5,31.9,67.664,2.457,47.0017588692457,4.947,8.85,0.7709999999999999,59.84,0.713,0.347,0.915,0.825,0.266
IDN,Indonesia,EAS,Upper-middle income,2007,7802.46406905954,110.421722412109,37.2,82.5614830626383,73.0,76.0,0.259,55.5300293728108,55.99677658,33.2,30.6,67.914,2.476,47.7432993585496,5.101,8.898,0.7040000000000001,59.98,0.603,0.311,0.96,0.812,0.242
IDN,Indonesia,EAS,Upper-middle income,2008,8165.06155116624,109.333679199219,35.6,83.4896329573105,77.0,76.0,0.259,57.5678736084239,59.24273682,32.6,29.4,68.085,2.44,48.4644736032029,4.815,8.943,0.675,60.12,0.596,0.1639999999999999,0.968,0.774,0.239
IDN,Indonesia,EAS,Upper-middle income,2009,8435.4557468629,110.992286682129,34.1,84.3913253324257,78.0,74.0,0.259,59.6133891473514,62.4021759,33.4,28.2,68.267,2.442,49.16775798133,5.472,8.975,0.779,60.26,0.784,0.191,0.911,0.865,0.193
IDN,Indonesia,EAS,Upper-middle income,2010,8848.22473702066,113.010775075983,32.6,85.1661850718562,81.0,78.0,0.239,61.6611213279716,85.55950165,34.6,27.0,68.364,2.462,49.8521375148888,5.457000000000001,9.022,0.816,60.4,0.7,0.4479999999999999,0.954,0.8370000000000001,0.218
IDN,Indonesia,EAS,Upper-middle income,2011,9274.96955181702,114.684137554242,31.2,85.6378136701144,81.0,80.0,0.218,63.6913657210041,107.00540161,37.9,25.9,68.629,2.515,50.4830017089844,,9.069,0.825,60.62,0.878,0.4379999999999999,0.962,0.8640000000000001,0.273
IDN,Indonesia,EAS,Upper-middle income,2012,9708.61182531081,115.201069565404,29.9,86.0745858271754,87.0,82.0,0.197,65.7302519834107,105.85425568,37.1,24.9,68.862,2.514,51.1593933105469,5.367999999999999,9.114,0.8340000000000001,60.84,0.77,0.354,0.962,0.897,0.2289999999999999
IDN,Indonesia,EAS,Upper-middle income,2013,10121.8141535043,111.656675108204,28.6,86.4972383225177,92.0,87.0,0.22133333333333335,67.7766235595933,102.33824921,38.9,23.9,69.064,2.441,51.8307495117188,5.292000000000001,9.155,0.794,61.06,0.7809999999999999,0.376,0.973,0.893,0.249
IDN,Indonesia,EAS,Upper-middle income,2014,10504.3869411088,109.659608599994,27.3,86.9065589204206,88.0,86.0,0.24566666666666667,69.8304612551161,102.00482178,38.8,22.9,69.292,2.393,52.5002136230469,,9.19,0.905,61.28,0.7190000000000001,0.408,0.97,0.852,0.242
IDN,Indonesia,EAS,Upper-middle income,2015,10893.6621142169,107.983525766989,26.1,87.3023728948535,84.0,87.0,0.27,71.8904398574445,96.15701294,38.2,21.9,69.52,2.346,53.1720771789551,5.043,9.225,0.809,61.5,0.779,0.471,0.946,0.8759999999999999,0.2739999999999999
IDN,Indonesia,EAS,Upper-middle income,2016,11319.6634287738,105.922391949136,25.0,87.6849895715078,84.0,88.0,0.3215,73.9559310852412,106.40021515,36.9,21.0,69.733,2.311,53.812557220459,5.136,9.262,0.792,61.7,0.83,0.5,0.89,0.833,0.342
IDN,Indonesia,EAS,Upper-middle income,2017,11772.5743296107,104.382521256166,23.8,88.0541295680055,85.0,90.0,0.373,76.0256805835892,110.32610321,36.4,20.1,69.953,2.253,54.4541015625,5.098,9.3,0.7959999999999999,61.9,0.865,0.488,0.9,0.863,0.319
IDN,Indonesia,EAS,Upper-middle income,2018,12262.2310300771,103.299542869882,22.8,88.410420237217,85.0,89.0,0.421,78.0995418857349,110.71585846,36.3,19.3,70.08,2.219,55.0956840515137,5.34,9.339,0.809,62.1,0.879,0.512,0.868,0.8640000000000001,0.296
IDN,Indonesia,EAS,Upper-middle income,2019,12757.7850854842,101.264685825869,21.8,88.7538936468124,85.0,88.0,0.462,80.1767467592482,118.22380829,35.4,18.5,70.349,2.205,55.7382049560547,5.347,9.377,0.802,62.3,0.866,0.555,0.861,0.877,0.302
IDN,Indonesia,EAS,Upper-middle income,2020,12388.5449268131,100.951933675872,20.8,89.0851606060889,77.0,76.0,0.62,82.2571090356155,131.8225708,35.3,17.7,68.817,2.189,56.2785287648768,,9.377,0.802,,0.866,0.555,0.861,0.877,0.302
IMN,Isle of Man,ECS,High income,2005,,,,98.6560556451613,,,1.449,100.0,,,,77.453,1.863,51.4683663096054,,,,,,,,,
IMN,Isle of Man,ECS,High income,2006,,,,98.6560556451613,,,1.449,100.0,,,,77.971,1.905,51.4683663096054,,,,,,,,,
IMN,Isle of Man,ECS,High income,2007,,,,98.6560556451613,,,1.449,100.0,,,,78.451,1.927,51.4683663096054,,,,,,,,,
IMN,Isle of Man,ECS,High income,2008,,,,98.6560556451613,,,1.449,100.0,,,,78.899,1.941,51.4683663096054,,,,,,,,,
IMN,Isle of Man,ECS,High income,2009,,,,98.6560556451613,,,1.449,100.0,,,,79.303,1.937,51.7305375428215,,,,,,,,,
IMN,Isle of Man,ECS,High income,2010,,,,98.6560556451613,,,1.449,100.0,,,,79.613,1.928,51.9396170300917,,,,,,,,,
IMN,Isle of Man,ECS,High income,2011,,,,98.6560556451613,,,1.449,100.0,,,,79.836,1.903,52.0246324097527,,,,,,,,,
IMN,Isle of Man,ECS,High income,2012,,,,98.6560556451613,,,1.449,100.0,,,,80.007,1.864,52.0555317322629,,,,,,,,,
IMN,Isle of Man,ECS,High income,2013,,,,98.6560556451613,,,1.449,100.0,,,,80.12,1.824,52.0804107092926,,,,,,,,,
IMN,Isle of Man,ECS,High income,2014,,,,98.7924774193548,,,1.449,100.0,,,,80.199,1.79,52.0997913403899,,,,,,,,,
IMN,Isle of Man,ECS,High income,2015,,,,98.9288991935484,,,1.449,100.0,,,,80.267,1.748,52.1164840474526,,,,,,,,,
IMN,Isle of Man,ECS,High income,2016,,,,99.0653209677419,,,1.449,100.0,,,,80.391,1.713,52.1331532169475,,,,,,,,,
IMN,Isle of Man,ECS,High income,2017,,,,99.2017427419355,,,1.449,100.0,,,,80.506,1.674,52.1498415744309,,,,,,,,,
IMN,Isle of Man,ECS,High income,2018,,,,99.338164516129,,,1.449,100.0,,,,80.614,1.636,52.1651893864538,,,,,,,,,
IMN,Isle of Man,ECS,High income,2019,,,,99.4745862903226,,,1.449,100.0,,,,80.74,1.606,52.1789898247578,,,,,,,,,
IMN,Isle of Man,ECS,High income,2020,,,,99.6110080645161,,,1.449,100.0,,,,80.591,1.585,52.1909519786866,,,,,,,,,
IND,India,SAS,Lower-middle income,2005,3770.39653173829,113.330406188965,74.3,82.8660018054267,65.0,68.0,0.715,28.2988919138167,27.49770737,27.8,56.5,64.939,2.958,29.0945497159107,,8.145,0.7070000000000001,,0.774,-0.051,0.855,0.687,0.1989999999999999
IND,India,SAS,Lower-middle income,2006,4011.08647585805,113.330406188965,71.0,83.5615500374212,65.0,69.0,0.715,31.1102746501892,29.37600899,27.8,54.5,65.373,2.867,29.4309857146804,5.348,8.145,0.7070000000000001,55.72,0.774,-0.051,0.855,0.687,0.1989999999999999
IND,India,SAS,Lower-middle income,2007,4253.82139046739,113.330406188965,67.8,84.2553439378038,64.0,70.0,0.715,33.9383850862219,35.63138962,27.8,52.5,65.803,2.775,29.7810426848684,5.027,8.204,0.569,56.14,0.7290000000000001,-0.051,0.862,0.6679999999999999,0.253
IND,India,SAS,Lower-middle income,2008,4322.48378983546,113.827751159668,64.5,84.9473094624581,70.0,72.0,0.715,36.7829765979312,37.65440369,27.8,50.5,66.247,2.711,30.1438485921815,5.146,8.22,0.684,56.56,0.7559999999999999,-0.072,0.8909999999999999,0.674,0.259
IND,India,SAS,Lower-middle income,2009,4595.37990753812,112.490791320801,61.2,85.6371461321776,74.0,78.0,0.715,39.6431708126058,38.05965042,27.8,48.4,66.7,2.674,30.5185314023263,4.522,8.281,0.653,56.98,0.679,-0.026,0.895,0.7709999999999999,0.301
IND,India,SAS,Lower-middle income,2010,4913.87639723705,112.218696594238,58.1,86.3249166723471,79.0,82.0,0.715,42.5191116694177,44.79586029,28.3,46.3,67.162,2.598,30.9042190810094,,8.349,0.605,57.4,0.7829999999999999,0.0579999999999999,0.863,0.6970000000000001,0.267
IND,India,SAS,Lower-middle income,2011,5098.67458775444,109.707902683748,55.0,87.0106732998892,82.0,84.0,0.715,45.4108795020998,48.18242264,28.8,44.2,67.623,2.532,31.2746502853309,4.635,8.387,0.5529999999999999,57.7,0.838,-0.038,0.908,0.648,0.2319999999999999
IND,India,SAS,Lower-middle income,2012,5303.50197767655,112.384407043457,52.0,87.6951918936397,82.0,83.0,0.715,48.3205923569019,48.45263672,28.8,42.2,68.076,2.47,31.5898935604399,4.72,8.427999999999999,0.511,58.0,0.609,0.067,0.83,0.629,0.295
IND,India,SAS,Lower-middle income,2013,5567.49439418718,106.095840129942,49.1,88.3781430142448,83.0,83.0,0.715,51.2472926178236,55.46933746,28.8,40.1,68.499,2.399,31.9096789235237,4.428,8.478,0.5529999999999999,58.3,0.74,0.084,0.8320000000000001,0.68,0.33
IND,India,SAS,Lower-middle income,2014,5905.10618204633,103.55659949185,46.4,89.0593975763785,85.0,85.0,0.715,54.1905506719672,56.3490181,28.8,38.2,68.932,2.293,32.2288233408821,4.424,8.538,0.621,58.6,0.809,-0.026,0.8320000000000001,0.711,0.285
IND,India,SAS,Lower-middle income,2015,6301.67346968236,104.221831829753,43.7,89.7387066732488,87.0,87.0,0.723,57.1496392627885,58.12401581,28.8,36.3,69.326,2.289,32.5472990022299,,8.604,0.61,58.9,0.777,-0.005,0.7759999999999999,0.701,0.322
IND,India,SAS,Lower-middle income,2016,6741.14883185347,103.742722477923,41.3,90.4158282525921,88.0,88.0,0.748,60.1238284933312,59.72652817,28.8,34.6,69.709,2.284,32.8650780972823,4.178999999999999,8.673,0.614,59.3,0.82,0.046,0.765,0.695,0.346
IND,India,SAS,Lower-middle income,2017,7116.03659185396,101.886981326278,39.0,91.0905825625786,89.0,90.0,0.766,63.1125583715917,56.66844559,28.8,32.9,70.068,2.193,33.1821328157539,4.046,8.73,0.607,59.7,0.8859999999999999,-0.042,0.7809999999999999,0.682,0.318
IND,India,SAS,Lower-middle income,2018,7492.62576755145,101.097955349788,36.9,91.7626505318817,90.0,93.0,0.84,66.1148742165368,57.46551132,28.8,31.3,70.415,2.184,33.4984353473598,,8.779,0.638,60.1,0.89,0.085,0.805,0.657,0.357
IND,India,SAS,Lower-middle income,2019,7702.17634811957,99.5039235046054,34.9,92.4317828217009,91.0,95.0,0.889,69.1300220717047,60.6913681,28.8,29.8,70.746,2.12,33.8139578818147,3.249,8.818,0.561,60.5,0.8759999999999999,0.1119999999999999,0.752,0.648,0.466
IND,India,SAS,Lower-middle income,2020,7186.86447099679,101.291254076896,33.0,93.0977309081783,85.0,89.0,0.723,72.0482326780192,63.83099747,28.8,28.3,70.156,2.047,34.1286726088333,,8.703,0.617,60.9,0.906,0.075,0.78,0.752,0.3829999999999999
IRL,Ireland,ECS,High income,2005,63579.7134384122,103.077850341797,5.2,96.743244411118,90.0,86.0,3.531,89.944799688173,3938.19116211,33.8,4.4,78.9439024390244,1.86,60.4882988006461,,10.972,0.967,,0.943,0.242,0.473,0.878,0.209
IRL,Ireland,ECS,High income,2006,64975.4086496251,102.999237060547,4.8,96.7628104274409,91.0,86.0,3.631,89.9326745170445,4147.1328125,32.7,4.1,79.2414634146342,1.91,60.7703677431593,7.144,10.972,0.967,70.14,0.943,0.242,0.473,0.878,0.209
IRL,Ireland,ECS,High income,2007,66475.8410142999,103.308532714844,4.6,96.7827341812859,92.0,87.0,3.838,89.923319628906,4858.64501953,31.9,3.9,79.6414634146341,2.01,61.0601979374234,,10.9505,0.975,,0.9185,0.28200000000000003,0.48,0.8765000000000001,0.1785
IRL,Ireland,ECS,High income,2008,62213.6453256462,102.475601196289,4.4,96.8025424077574,93.0,89.0,3.952,89.9138931088148,5638.77929688,30.9,3.8,80.0951219512195,2.06,61.3581903884996,7.568,10.929,0.983,70.82,0.894,0.322,0.487,0.875,0.148
IRL,Ireland,ECS,High income,2009,58446.726333492,102.795967102051,4.3,96.822240012762,94.0,90.0,4.004,89.9043585226446,5502.88769531,32.7,3.7,80.190243902439,2.06,61.6421022728798,7.046,10.866,0.959,71.16,0.835,0.315,0.58,0.862,0.233
IRL,Ireland,ECS,High income,2010,59107.4220740498,103.235488891602,4.2,96.8418255162662,94.0,90.0,4.128,89.8947557932751,5133.45507813,32.3,3.6,80.7439024390244,2.05,61.8910689348512,7.257000000000001,10.879,0.973,71.5,0.856,0.348,0.618,0.8759999999999999,0.201
IRL,Ireland,ECS,High income,2011,59797.0537343463,103.378677368164,4.1,96.8612904708571,95.0,92.0,4.104,89.8850354586049,5538.00195313,32.9,3.5,80.7463414634146,2.03,62.0872735820277,7.007000000000001,10.878,0.977,71.6,0.952,0.3829999999999999,0.59,0.865,0.19
IRL,Ireland,ECS,High income,2012,59303.0319813561,102.118339538574,4.0,96.8806445019551,95.0,92.0,3.949,89.8752066389218,5187.27197266,33.2,3.4,80.8463414634146,1.98,62.2529318511038,6.965,10.876,0.962,71.7,0.902,0.302,0.573,0.835,0.237
IRL,Ireland,ECS,High income,2013,60285.2376140094,101.958343505859,3.9,96.8998874189889,96.0,93.0,3.927,89.8653106033212,5295.52050781,33.5,3.3,80.9487804878049,1.93,62.4047157756118,,10.884,0.955,71.8,0.884,0.331,0.5579999999999999,0.8140000000000001,0.245
IRL,Ireland,ECS,High income,2014,65463.1952541564,101.542236328125,3.8,96.9190141649512,96.0,93.0,3.012,89.8553013523079,5309.90380859,31.9,3.3,81.3487804878049,1.89,62.535401730577,7.018,10.959,0.968,71.9,0.922,0.264,0.406,0.784,0.2289999999999999
IRL,Ireland,ECS,High income,2015,80815.6415277345,101.184638977051,3.7,96.9380364717099,95.0,93.0,3.119,89.8452309062707,4575.84912109,31.8,3.2,81.4536585365854,1.85,62.6392123492764,6.83,11.174,0.953,72.0,0.892,0.233,0.409,0.799,0.225
IRL,Ireland,ECS,High income,2016,80760.0974145688,101.341491699219,3.6,96.9569278147002,95.0,92.0,3.193,89.8349918949082,4746.93701172,32.8,3.1,81.6536585365854,1.81,62.7229399123734,7.041,11.199000000000002,0.958,72.1,0.875,0.174,0.3989999999999999,0.809,0.211
IRL,Ireland,ECS,High income,2017,87731.7897045734,100.508880615234,3.5,96.9755821286774,95.0,92.0,3.256,89.8240697617023,5023.51123047,31.4,3.0,82.1560975609756,1.76,62.9035196521232,7.06,11.265999999999998,0.943,72.2,0.905,0.216,0.337,0.833,0.213
IRL,Ireland,ECS,High income,2018,93115.8393498329,100.399070739746,3.4,96.9939522473037,94.0,92.0,3.276,89.812337262782,5494.98632813,30.6,3.0,82.2048780487805,1.74,63.0844503476779,6.962000000000001,11.332,0.938,72.3,0.861,0.144,0.362,0.8109999999999999,0.213
IRL,Ireland,ECS,High income,2019,96205.7961557005,100.025863647461,3.4,97.0120539231566,94.0,91.0,3.317,89.7998496161213,5454.31152344,30.3,3.0,82.7024390243903,1.69,63.2737009154127,7.255,11.371,0.944,72.4,0.892,0.074,0.373,0.807,0.223
IRL,Ireland,ECS,High income,2020,101793.447525871,99.8793487548828,3.5,97.0298506240387,94.0,92.0,3.458,89.7865313699403,6073.10546875,29.2,3.1,82.4560975609756,1.6,63.4713366724915,7.035,11.323,0.96,72.5,0.882,0.0139999999999999,0.356,0.797,0.246
IRN,"Iran, Islamic Rep.",MEA,Upper-middle income,2005,13935.7743087596,105.198722839355,26.5,95.18249701116,95.0,94.0,0.861,81.8685049537412,169.8145752,43.6,23.4,72.446,1.756,67.8708801269531,5.308,9.393,0.7659999999999999,62.0,0.6509999999999999,0.0559999999999999,0.636,0.608,0.456
IRN,"Iran, Islamic Rep.",MEA,Upper-middle income,2006,14320.6568534545,102.88353729248,24.7,95.3633556923125,98.0,99.0,0.515,82.5614052358839,192.07597351,43.225,22.0,72.895,1.755,68.3101850492144,,9.445,0.742,,0.5919999999999999,0.0559999999999999,0.754,0.617,0.4085
IRN,"Iran, Islamic Rep.",MEA,Upper-middle income,2007,15237.4237850549,99.7476577758789,23.1,95.5354863995331,99.0,97.0,0.629375,83.2321134946783,237.51042175,42.85,20.6,73.299,1.748,68.806189933608,5.336,9.497,0.718,62.76,0.5329999999999999,0.0559999999999999,0.872,0.626,0.361
IRN,"Iran, Islamic Rep.",MEA,Upper-middle income,2008,15091.2506521463,99.2127914428711,21.7,95.7014734925872,99.0,98.0,0.74375,83.8869750183033,288.85775757,42.475,19.3,73.683,1.743,69.3790072996746,5.129,9.489,0.633,63.14,0.601,0.052,0.868,0.624,0.345
IRN,"Iran, Islamic Rep.",MEA,Upper-middle income,2009,15055.1494647199,99.2889633178711,20.4,95.8635415645059,99.0,99.0,0.858125,84.5313775424274,354.25738525,42.1,18.2,74.041,1.74,69.99007683587,,9.508333333333335,0.616,,0.6666666666666666,0.10133333333333333,0.8003333333333333,0.6086666666666667,0.3496666666666666
IRN,"Iran, Islamic Rep.",MEA,Upper-middle income,2010,15729.9131707266,98.408576965332,19.3,96.0218281862273,99.0,99.0,0.9724999999999999,85.16566965163,424.60494995,38.400000000000006,17.3,74.39,1.749,70.6092626774386,,9.527666666666667,0.5990000000000001,,0.7323333333333333,0.15066666666666667,0.7326666666666667,0.5933333333333333,0.35433333333333333
IRN,"Iran, Islamic Rep.",MEA,Upper-middle income,2011,15947.766097961,99.0494384765625,18.3,96.1763033647874,99.0,99.0,1.086875,85.7898043501208,505.33276367,34.7,16.5,74.721,1.792,71.204050944517,4.768,9.547,0.5820000000000001,64.14,0.7979999999999999,0.2,0.665,0.578,0.359
IRN,"Iran, Islamic Rep.",MEA,Upper-middle income,2012,15159.2948206531,99.128791809082,17.5,96.3261590816988,99.0,98.0,1.20125,86.4018915038268,500.21826172,34.4,15.7,75.039,1.851,71.7633634041294,4.609,9.458,0.6,64.38,0.764,0.20800000000000002,0.6779999999999999,0.609,0.525
IRN,"Iran, Islamic Rep.",MEA,Upper-middle income,2013,14734.740588719,111.42115020752,16.8,96.4718242177424,98.0,98.0,1.3156249999999998,87.0030127281938,412.02786255,34.0,15.1,75.349,1.913,72.3030873515412,5.14,9.443,0.664,64.62,0.73,0.216,0.685,0.659,0.552
IRN,"Iran, Islamic Rep.",MEA,Upper-middle income,2014,15262.8515760903,103.500160217285,16.1,96.6141058316375,99.0,99.0,1.43,87.5950808163193,395.027771,34.8,14.5,75.635,1.975,72.8324070385223,,9.476,0.644,64.86,0.767,0.241,0.64,0.618,0.512
IRN,"Iran, Islamic Rep.",MEA,Upper-middle income,2015,14841.9048340737,104.115409851074,15.5,96.7529192600073,98.0,99.0,1.095,88.1779155269033,423.28967285,35.3,14.0,75.907,2.017,73.3561403575949,4.75,9.449,0.5720000000000001,65.1,0.78,0.176,0.6990000000000001,0.645,0.52
IRN,"Iran, Islamic Rep.",MEA,Upper-middle income,2016,15920.3718021202,105.821022033691,14.9,96.8883841344681,99.0,99.0,1.083,88.7518172769829,433.9196167,35.9,13.5,76.155,2.054,73.8796100096595,4.6530000000000005,9.561,0.5660000000000001,65.4,0.773,0.186,0.713,0.687,0.526
IRN,"Iran, Islamic Rep.",MEA,Upper-middle income,2017,16167.9677224227,105.369766235352,14.4,97.0204377787878,99.0,99.0,1.071,89.3166613162414,457.22549438,36.7,13.0,76.396,2.023,74.4011840820312,4.717,9.584,0.7140000000000001,65.7,0.731,0.218,0.715,0.6940000000000001,0.439
IRN,"Iran, Islamic Rep.",MEA,Upper-middle income,2018,15364.8049052614,105.4108047485355,13.9,97.1490246044491,99.0,99.0,1.505,89.6988576017474,244.21661377,37.4,12.6,76.621,1.919,74.8034286499023,4.2780000000000005,9.584,0.674,66.0,0.603,0.218,0.703,0.5529999999999999,0.493
IRN,"Iran, Islamic Rep.",MEA,Upper-middle income,2019,14841.0751514998,105.451843261719,13.4,97.2741844991019,99.0,99.0,1.505,90.0210887632991,223.64257813,36.5,12.1,76.855,1.766,75.2038879394531,,9.584,0.698,66.3,0.623,0.218,0.728,0.6,0.449
IRN,"Iran, Islamic Rep.",MEA,Upper-middle income,2020,15381.5845437266,104.680130004883,13.0,97.3960598410528,99.0,99.0,1.505,90.2667726388145,184.90914917,35.8,11.8,74.141,1.7,75.5986404418945,4.865,9.584,0.757,66.6,0.6,0.218,0.71,0.5820000000000001,0.47
IRQ,Iraq,MEA,Upper-middle income,2005,10078.4437646814,104.57022857666,39.7,85.293291593962,65.0,69.0,0.66,74.4450745683206,53.0551796,28.6,35.0,64.899,4.446,68.391425621866,,9.063,0.7440000000000001,,0.386,-0.061,0.91,0.525,0.4479999999999999
IRQ,Iraq,MEA,Upper-middle income,2006,10568.9137652953,104.57022857666,38.8,86.1815126073683,59.0,62.0,0.5940000000000001,76.1219593481463,56.76464462,28.6,34.3,64.029,4.459,68.5590667282222,,9.063,0.7440000000000001,,0.386,-0.061,0.91,0.525,0.4479999999999999
IRQ,Iraq,MEA,Upper-middle income,2007,10853.8161022286,104.57022857666,37.7,87.0697453969481,57.0,64.0,0.528,77.8117345436879,100.59433746,28.75,33.5,64.428,4.404,68.716475540845,,9.063,0.7440000000000001,,0.386,-0.061,0.91,0.525,0.4479999999999999
IRQ,Iraq,MEA,Upper-middle income,2008,11511.9387643638,104.57022857666,36.7,87.9576753839558,69.0,75.0,0.5640000000000001,79.5141852850981,139.28845215,28.900000000000002,32.7,66.465,4.373,68.8569818968574,4.59,9.063,0.7440000000000001,58.32,0.386,-0.061,0.91,0.525,0.4479999999999999
IRQ,Iraq,MEA,Upper-middle income,2009,11470.5178061728,104.57022857666,35.6,88.8450464865989,78.0,81.0,0.6,81.2291181152915,140.1234436,29.05,31.8,67.834,4.378,68.9742328505284,4.775,9.076,0.862,58.96,0.431,-0.1989999999999999,0.8540000000000001,0.523,0.4039999999999999
IRQ,Iraq,MEA,Upper-middle income,2010,11816.8410150233,104.57022857666,34.5,89.747680341053,74.0,75.0,0.636,82.9658498255287,144.54083252,29.2,30.9,68.092,4.457,69.0582953378474,5.065,9.112,0.8540000000000001,59.6,0.419,-0.125,0.8590000000000001,0.542,0.431
IRQ,Iraq,MEA,Upper-middle income,2011,12267.5848940645,104.57022857666,33.4,90.6562235048523,81.0,80.0,0.68275,84.7190691046442,161.89790344,29.35,30.0,68.435,4.588,69.1252233869916,,9.152,0.7509999999999999,59.36,0.347,-0.07,0.78,0.488,0.557
IRQ,Iraq,MEA,Upper-middle income,2012,13357.0143882323,104.57022857666,32.4,91.5604108838011,72.0,74.0,0.7295,86.4826460447995,174.48312378,29.5,29.2,68.827,4.544,69.2222213745117,4.66,9.246,0.73,59.12,0.315,-0.02,0.789,0.423,0.449
IRQ,Iraq,MEA,Upper-middle income,2013,13712.931714296,104.57022857666,31.3,92.4602847156941,73.0,73.0,0.77625,88.2564846708838,186.78742981,29.5,28.3,69.047,4.441,69.444450378418,4.725,9.28,0.728,58.88,0.4804999999999999,-0.05,0.71,0.49849999999999994,0.5539999999999999
IRQ,Iraq,MEA,Upper-middle income,2014,13536.8227681399,104.57022857666,30.3,93.3560179358349,73.0,70.0,0.823,90.0405629244154,178.98071289,29.5,27.5,69.679,4.31,69.6666641235352,,9.25,0.725,58.64,0.6459999999999999,-0.001,0.726,0.574,0.564
IRQ,Iraq,MEA,Upper-middle income,2015,13516.0271989173,104.57022857666,29.3,94.2475935647608,68.0,71.0,0.718,91.8347515135487,149.07951355,29.5,26.6,69.977,4.08,69.920524597168,,9.241,0.684,58.4,0.599,0.019,0.762,0.49,0.581
IRQ,Iraq,MEA,Upper-middle income,2016,15016.0920644557,104.57022857666,28.4,95.1361722839903,71.0,79.0,0.707,93.6396641233782,199.88560486,29.5,25.9,68.683,3.843,69.9123778259643,4.413,9.354,0.7190000000000001,59.0,0.6659999999999999,-0.052,0.799,0.489,0.57
IRQ,Iraq,MEA,Upper-middle income,2017,14417.6306896454,104.57022857666,27.5,96.0213104286067,81.0,81.0,0.8,95.4549205220896,197.23654175,29.5,25.1,69.788,3.64,69.8944511190753,4.462,9.303,0.695,59.6,0.628,0.0,0.757,0.505,0.591
IRQ,Iraq,MEA,Upper-middle income,2018,14456.2357053191,104.57022857666,26.5,96.902402599518,86.0,85.0,0.676,96.9997458760796,232.86825562,29.5,24.3,71.116,3.547,69.8765148865842,4.886,9.274,0.764,60.2,0.598,-0.068,0.887,0.605,0.482
IRQ,Iraq,MEA,Upper-middle income,2019,14910.225032382,104.57022857666,25.7,97.7787837240263,84.0,86.0,0.881,97.864851810422,241.73873901,29.5,23.5,71.245,3.48,69.8683395385742,,9.2205,0.736,,0.649,-0.044500000000000005,0.8680000000000001,0.6245,0.507
IRQ,Iraq,MEA,Upper-middle income,2020,12827.6345392293,104.57022857666,24.9,98.3599044196543,74.0,93.0,0.923,98.4932660483814,248.04725647,29.5,22.8,69.651,3.48,69.8683166503906,,9.167,0.708,61.4,0.7,-0.021,0.8490000000000001,0.644,0.532
ISL,Iceland,ECS,High income,2005,58549.1358862183,99.1848678588867,3.1,99.9999985914996,95.0,90.0,3.612,98.7917259201809,5079.68945313,29.0,2.4,81.5024390243902,2.05,92.377441015064,,10.861,0.977,,0.885,0.272,0.708,0.88,0.153
ISL,Iceland,ECS,High income,2006,60434.3837931128,98.8979187011719,2.9,100.0,97.0,95.0,3.603,98.7901467233098,4918.23339844,30.2,2.3,81.1585365853659,2.08,92.1949009038813,,10.861,0.977,,0.885,0.272,0.708,0.88,0.153
ISL,Iceland,ECS,High income,2007,64075.3098188208,98.5585098266602,2.8,100.0,97.0,95.0,3.612,98.7886019021965,5803.81152344,29.5,2.2,81.4536585365854,2.09,92.3614571703229,,10.861,0.977,,0.885,0.272,0.708,0.88,0.153
ISL,Iceland,ECS,High income,2008,63963.7601392225,98.4482421875,2.8,100.0,98.0,96.0,3.641,98.7870790817422,4749.68408203,31.8,2.1,81.609756097561,2.15,93.0646442174216,,10.861,0.977,72.32,0.885,0.272,0.708,0.88,0.153
ISL,Iceland,ECS,High income,2009,58441.2719673968,98.4017105102539,2.7,99.9999992481043,96.0,92.0,3.647,98.7855707233906,3622.97827148,28.7,2.1,81.7512195121951,2.23,93.4441340553707,,10.84,0.9775,,0.89,0.26425,0.72075,0.885,0.154
ISL,Iceland,ECS,High income,2010,57225.1024282006,98.8301391601562,2.7,100.0,96.0,93.0,3.589,98.7847535507852,3614.03833008,26.2,2.0,81.8975609756097,2.2,93.4588348107886,,10.818999999999999,0.978,,0.895,0.2565,0.7335,0.89,0.155
ISL,Iceland,ECS,High income,2011,57837.8604599413,98.7551574707031,2.6,100.0,95.0,94.0,3.504,98.7845859292734,3937.31591797,26.8,2.0,82.3585365853659,2.02,93.41106112427,,10.798,0.9784999999999999,,0.9,0.24875,0.74625,0.895,0.156
ISL,Iceland,ECS,High income,2012,58203.6379459536,98.8329925537109,2.6,99.99999944643696,89.0,90.0,3.56,98.7844113664715,3784.38378906,26.8,2.0,82.9170731707317,2.04,93.514892578125,7.591,10.777,0.979,72.76,0.905,0.241,0.759,0.9,0.157
ISL,Iceland,ECS,High income,2013,59729.5439775397,98.7876205444336,2.6,99.9999988928739,91.0,91.0,3.606,98.7839858955201,4095.67626953,25.4,2.0,82.0609756097561,1.93,93.6166725158692,7.501,10.809,0.967,72.84,0.923,0.306,0.713,0.87,0.156
ISL,Iceland,ECS,High income,2014,60199.1994872756,98.7708206176758,2.6,99.9999979873113,90.0,90.0,3.643,98.7835434602545,4522.90576172,27.8,2.0,82.8609756097561,1.93,93.6196716315805,,10.831499999999998,0.9735,,0.9315,0.3035,0.6759999999999999,0.8595,0.16799999999999998
ISL,Iceland,ECS,High income,2015,61820.3618857662,98.6862182617188,2.6,100.0,92.0,93.0,3.773,98.7831179489898,4303.84179688,26.8,2.0,82.4682926829268,1.8,93.727919768566,7.497999999999999,10.854,0.98,73.0,0.94,0.301,0.639,0.8490000000000001,0.18
ISL,Iceland,ECS,High income,2016,64759.2275423229,98.9531784057617,2.6,100.0,91.0,91.0,3.85,98.7826661232675,5053.51757813,27.2,2.0,82.2048780487805,1.74,93.7822647094726,7.51,10.904000000000002,0.985,73.0,0.952,0.281,0.7190000000000001,0.8740000000000001,0.158
ISL,Iceland,ECS,High income,2017,65462.5033306299,98.8624114990234,2.7,100.0,89.0,92.0,3.872,98.7821726872398,5992.05322266,26.1,2.0,82.6609756097561,1.71,93.7718982310092,7.476,10.925,0.967,73.0,0.939,0.246,0.727,0.895,0.148
ISL,Iceland,ECS,High income,2018,66703.0219398003,98.88671875,2.7,99.9999985193856,91.0,93.0,3.891,98.7816461491977,6280.03857422,26.6,2.1,82.8609756097561,1.71,93.8526667025487,,10.928,0.9744999999999999,,0.949,0.21733333333333332,0.7130000000000001,0.8654999999999999,0.16299999999999998
ISL,Iceland,ECS,High income,2019,65994.9860038103,98.8134307861328,2.8,99.9999970387712,93.0,93.0,3.892,98.7811009775607,5912.00976563,26.8,2.1,83.1634146341463,1.74,93.9770847416131,7.532999999999999,10.931,0.982,73.0,0.959,0.18866666666666668,0.6990000000000001,0.836,0.178
ISL,Iceland,ECS,High income,2020,60617.143268851,98.5561218261719,2.8,99.9999970387712,93.0,93.0,3.892,98.7805419679259,5692.89111328,26.8,2.1,83.0634146341463,1.72,94.1367102874722,7.575,10.824000000000002,0.983,73.0,0.949,0.16,0.644,0.863,0.172
ISR,Israel,MEA,High income,2005,33491.9913996395,97.4764099121094,5.6,99.999996277042,93.0,94.0,3.626,99.999996277042,1509.10583496,42.3,4.5,80.1512195121951,2.84,91.6384296279033,,10.389,0.927,,0.8170000000000001,0.2189999999999999,0.905,0.696,0.308
ISR,Israel,MEA,High income,2006,34744.8675092298,97.3902893066406,5.3,99.9999970677578,95.0,96.0,3.593,99.9999970677578,1555.56396484,41.6,4.3,80.5536585365854,2.88,91.6825760364229,7.172999999999999,10.389,0.927,71.12,0.8170000000000001,0.2189999999999999,0.905,0.696,0.308
ISR,Israel,MEA,High income,2007,36288.0655118571,98.17578125,5.1,99.9999967389264,95.0,97.0,3.558,99.9999967389264,1769.92504883,41.1,4.1,80.5048780487805,2.9,91.713639843393,6.841,10.428,0.868,71.44,0.6829999999999999,0.2189999999999999,0.868,0.696,0.32
ISR,Israel,MEA,High income,2008,36795.4799112424,97.2980575561523,4.9,99.9999990692997,94.0,98.0,3.52,99.9999990692997,2126.11132813,41.6,3.9,80.9512195121951,2.96,91.7292868898136,,10.44,0.8590000000000001,71.76,0.6629999999999999,0.139,0.898,0.71,0.349
ISR,Israel,MEA,High income,2009,36364.7843182661,97.4821395874023,4.7,99.9999967272176,96.0,97.0,3.526,99.9999967272176,2034.45812988,42.6,3.8,81.4048780487805,2.96,91.7319738585748,7.353,10.425,0.937,72.08,0.593,0.172,0.923,0.695,0.327
ISR,Israel,MEA,High income,2010,37686.3420833543,99.982536315918,4.6,100.0,95.0,96.0,3.515,100.0,2237.90795898,42.6,3.7,81.6024390243903,3.03,91.7316426703946,7.359,10.461,0.882,72.4,0.561,0.15,0.902,0.679,0.362
ISR,Israel,MEA,High income,2011,39036.0247356871,99.3588409423828,4.4,100.0,94.0,97.0,3.52,99.9956552135569,2442.29052734,41.5,3.5,81.6560975609756,2.98,91.7304024673781,7.433,10.489,0.893,72.46,0.722,0.141,0.8909999999999999,0.738,0.384
ISR,Israel,MEA,High income,2012,39245.5078117687,100.082717895508,4.3,100.0,94.0,96.0,3.503,99.9884608340089,2405.1809082,41.3,3.4,81.7048780487805,3.05,91.7276502819515,7.111000000000001,10.493,0.903,72.52,0.6809999999999999,0.153,0.862,0.665,0.319
ISR,Israel,MEA,High income,2013,40095.4756773092,99.2992935180664,4.1,99.9999987902256,96.0,98.0,3.472,99.9813907693021,2673.3371582,39.9,3.3,82.0560975609756,3.03,91.7227831465406,,10.515,0.909,72.58,0.7390000000000001,0.15,0.8490000000000001,0.698,0.409
ISR,Israel,MEA,High income,2014,40795.6290927281,99.1835784912109,4.0,99.9999994311655,95.0,97.0,3.442,99.9744595332157,2804.23144531,39.8,3.2,82.1536585365854,3.08,91.7151980935716,7.401,10.533,0.889,72.64,0.7070000000000001,0.094,0.818,0.604,0.271
ISR,Israel,MEA,High income,2015,40889.5989080834,99.77294921875,3.9,100.0,95.0,98.0,3.431,99.9676711051809,2645.78857422,39.7,3.1,82.0512195121951,3.09,91.7042921554705,,10.536,0.8640000000000001,72.7,0.753,0.108,0.789,0.6970000000000001,0.256
ISR,Israel,MEA,High income,2016,41914.5802977706,99.1769638061523,3.8,100.0,94.0,97.0,3.422,99.9610220718726,2783.82495117,39.0,3.1,82.4073170731707,3.11,91.6894623646632,7.159,10.555,0.89,72.9,0.772,0.153,0.804,0.629,0.263
ISR,Israel,MEA,High income,2017,42895.585129847,99.3655319213867,3.7,99.9999992350347,98.0,98.0,3.43,99.9545287961214,3074.44604492,38.2,3.0,82.5512195121951,3.11,91.6701057535759,7.331,10.57,0.916,73.1,0.768,0.145,0.7929999999999999,0.674,0.276
ISR,Israel,MEA,High income,2018,43782.6526491689,98.9501571655273,3.7,100.0,98.0,98.0,3.477,99.9481963561794,3199.41625977,38.6,2.9,82.8024390243903,3.09,91.6456193546346,6.9270000000000005,10.585,0.91,73.3,0.725,0.055,0.77,0.6629999999999999,0.282
ISR,Israel,MEA,High income,2019,44492.1226967084,98.6528015136719,3.6,100.0,98.0,99.0,3.521,99.9420208696373,3335.24511719,38.3,2.9,82.8048780487805,3.01,91.6154002002652,,10.601,0.946,73.5,0.8340000000000001,0.085,0.743,0.635,0.266
ISR,Israel,MEA,High income,2020,42926.5415418584,98.5226974487305,3.5,99.9999976530211,98.0,99.0,3.567,99.9360127624406,3616.50219727,37.8,2.8,82.6487804878049,2.9,91.5788453228939,7.195,10.538,0.959,73.7,0.831,0.085,0.748,0.621,0.243
ITA,Italy,ECS,High income,2005,51585.6445807938,103.975212097168,4.5,99.6856218693615,95.0,87.0,3.687,99.8858236930033,2669.72802734,33.8,3.8,80.7829268292683,1.33,67.5897169318419,6.854,10.703,0.928,71.9,0.802,0.113,0.944,0.679,0.295
ITA,Italy,ECS,High income,2006,52304.2402949819,103.77815246582,4.3,99.7113343365538,96.0,88.0,3.685,99.8858036076723,2821.77392578,33.7,3.7,81.2829268292683,1.37,67.6812550714834,,10.715,0.92,,0.7430000000000001,0.113,0.933,0.6975,0.299
ITA,Italy,ECS,High income,2007,52747.1905476807,103.754417419434,4.2,99.7370468037462,97.0,90.0,3.752,99.8857799717069,3077.41381836,32.9,3.6,81.4341463414634,1.39,67.7857771296669,6.574,10.727,0.912,72.26,0.684,0.113,0.922,0.716,0.303
ITA,Italy,ECS,High income,2008,51806.3906176391,102.942947387695,4.1,99.7627592709386,96.0,90.0,3.74,99.8857542871757,3483.39086914,33.8,3.5,81.4853658536585,1.44,67.9071958431441,6.78,10.711,0.88,72.44,0.5429999999999999,0.049,0.946,0.637,0.268
ITA,Italy,ECS,High income,2009,48774.3916833748,101.482978820801,4.1,99.788471738131,96.0,90.0,3.739,99.8857309646722,3314.15844727,33.8,3.4,81.6365853658537,1.44,68.0494239486665,,10.652,0.88,72.62,0.701,-0.005499999999999998,0.89,0.775,0.2789999999999999
ITA,Italy,ECS,High income,2010,49301.6959141674,100.804321289062,4.0,99.8141842053233,96.0,91.0,3.763,99.8857106015763,3190.72045898,34.7,3.4,82.0365853658537,1.44,68.2163741829857,6.354,10.666,0.872,72.8,0.738,-0.06,0.921,0.596,0.236
ITA,Italy,ECS,High income,2011,49473.0149235634,100.302833557129,3.9,99.8398966725157,96.0,90.0,3.835,99.8856821171754,3358.95654297,35.1,3.3,82.1878048780488,1.42,68.4015073889511,6.057,10.671,0.913,72.84,0.568,-0.018,0.933,0.6579999999999999,0.266
ITA,Italy,ECS,High income,2012,47795.9579360541,100.028991699219,3.8,99.8656091397081,97.0,90.0,3.81,99.8856332979671,3071.00048828,35.2,3.2,82.2390243902439,1.42,68.7608794235259,5.839,10.638,0.8690000000000001,72.88,0.57,0.113,0.908,0.67,0.3879999999999999
ITA,Italy,ECS,High income,2013,46833.3615309303,101.111892700195,3.7,99.8913216069004,96.0,90.0,3.873,99.8855778298286,3139.87939453,34.9,3.1,82.690243902439,1.39,69.3073989916076,6.009,10.608,0.916,72.92,0.499,-0.102,0.943,0.779,0.357
ITA,Italy,ECS,High income,2014,46825.6511245062,100.752258300781,3.6,99.9170340740928,95.0,87.0,3.888,99.8855182584591,3190.46777344,34.7,3.1,83.090243902439,1.38,69.5807638614879,6.027,10.599,0.898,72.96,0.624,-0.065,0.92,0.716,0.356
ITA,Italy,ECS,High income,2015,47311.8255262709,100.37190246582,3.5,99.9170340740928,93.0,85.0,3.848,99.8854583535856,2707.43310547,35.4,3.0,82.5439024390244,1.36,69.6100006103516,5.848,10.608,0.909,73.0,0.575,-0.064,0.913,0.6920000000000001,0.3289999999999999
ITA,Italy,ECS,High income,2016,47987.8379581014,99.8127670288086,3.4,99.9170340740928,94.0,87.0,3.963,99.885399852308,2735.27783203,35.2,2.9,83.2439024390244,1.36,69.5969232525286,5.955,10.622,0.927,73.2,0.624,-0.081,0.903,0.685,0.3389999999999999
ITA,Italy,ECS,High income,2017,48849.2183534756,102.803092956543,3.3,99.9170340740928,95.0,92.0,3.999,99.8853414231028,2851.28686523,35.9,2.8,82.9463414634147,1.34,69.5180784259382,6.199,10.64,0.92,73.4,0.633,-0.035,0.867,0.6609999999999999,0.3229999999999999
ITA,Italy,ECS,High income,2018,49355.8751913504,102.894989013672,3.2,99.9170340740928,95.0,93.0,3.987,99.8852799137261,3031.46459961,35.2,2.7,83.3463414634146,1.31,69.4800033569336,6.517,10.65,0.913,73.6,0.65,-0.021,0.888,0.649,0.4029999999999999
ITA,Italy,ECS,High income,2019,49690.6298505274,102.959373474121,3.1,99.9170340740928,96.0,94.0,4.024,99.8852225421869,2908.83154297,34.6,2.6,83.4975609756098,1.27,69.5050010681153,6.445,10.655,0.838,73.8,0.7090000000000001,-0.0819999999999999,0.866,0.631,0.3279999999999999
ITA,Italy,ECS,High income,2020,45505.0688708956,102.636672973633,3.0,99.9170340740928,94.0,92.0,3.97,99.8851578267552,3058.90014648,35.2,2.5,82.1951219512195,1.24,69.5187492370606,6.488,10.563,0.89,74.0,0.718,-0.15,0.8440000000000001,0.67,0.311
JAM,Jamaica,LCN,Upper-middle income,2005,10278.6834382546,93.7356567382812,19.1,93.495904810275,99.0,84.0,0.405,81.5952850004995,243.57797241,35.3,17.3,71.493,2.148,52.7685237926234,,9.225,0.909,,0.738,-0.004,0.946,0.7879999999999999,0.201
JAM,Jamaica,LCN,Upper-middle income,2006,10522.2367459591,93.95757293701169,19.1,93.3551724042309,94.0,87.0,0.405,82.123305250613,243.38668823,35.3,17.3,71.395,2.089,52.9707359336549,6.207999999999999,9.225,0.909,64.9,0.738,-0.004,0.946,0.7879999999999999,0.201
JAM,Jamaica,LCN,Upper-middle income,2007,10622.4442829007,94.1794891357422,19.1,93.0501887643258,91.0,76.0,0.405,82.6517047080876,292.00213623,35.3,17.4,71.405,2.023,53.1703742191887,,9.2128,0.8982,,0.7495999999999999,-0.016,0.9386,0.7976,0.2082
JAM,Jamaica,LCN,Upper-middle income,2008,10490.4686134498,98.6940078735352,19.1,92.7426284619668,90.0,88.0,0.405,83.180409388657,334.75042725,35.3,17.4,71.502,1.953,53.3674108497524,,9.2006,0.8874,,0.7612,-0.028,0.9312,0.8071999999999999,0.2154
JAM,Jamaica,LCN,Upper-middle income,2009,9992.97699539021,100.603439331055,19.1,92.4323342637375,90.0,88.0,0.3945,83.7094853462441,282.09719849,35.3,17.4,71.717,1.879,53.5618180258738,,9.1884,0.8766,,0.7727999999999999,-0.04000000000000001,0.9238,0.8168,0.2226
JAM,Jamaica,LCN,Upper-middle income,2010,9805.90172806302,97.1699421507251,19.0,92.1193970721849,94.0,89.0,0.384,84.2388789441069,309.86782837,35.3,17.4,71.979,1.799,53.7535679480806,,9.1762,0.8658,,0.7844,-0.052000000000000005,0.9164,0.8263999999999999,0.2298
JAM,Jamaica,LCN,Upper-middle income,2011,9932.48380946963,97.673273504187,19.0,91.8039421170674,92.0,88.0,0.3735,84.768570999696,341.33453369,35.3,17.3,72.245,1.717,53.956586109128,5.374,9.164,0.855,66.22,0.7959999999999999,-0.064,0.909,0.836,0.237
JAM,Jamaica,LCN,Upper-middle income,2012,9829.03510015044,97.340224725271,18.9,91.4871976831064,96.0,93.0,0.363,85.2981420323076,330.38525391,35.3,17.3,72.405,1.648,54.2478817703732,,9.157499999999999,0.86,,0.7945,-0.0425,0.92,0.785,0.27449999999999997
JAM,Jamaica,LCN,Upper-middle income,2013,9839.96506606095,95.0332335110657,18.9,91.1691636119073,93.0,94.0,0.48,85.8275297136537,322.03283691,35.3,17.3,72.435,1.591,54.548819811983,5.709,9.151,0.865,66.46,0.7929999999999999,-0.021,0.931,0.7340000000000001,0.312
JAM,Jamaica,LCN,Upper-middle income,2014,9872.15913752129,93.9670022450334,18.8,90.8497325388071,92.0,92.0,0.391,86.3566821660583,312.77233887,35.3,17.2,72.357,1.544,54.8660395670395,5.311,9.152,0.8740000000000001,66.58,0.809,-0.001,0.861,0.737,0.31
JAM,Jamaica,LCN,Upper-middle income,2015,9931.89875715182,92.1031527692369,18.7,90.5287295922396,91.0,91.0,0.428,86.8855879242963,334.89901733,35.3,17.2,72.214,1.508,55.1995248014924,,9.157666666666666,0.8870000000000001,,0.8263333333333334,-0.044000000000000004,0.8683333333333333,0.7476666666666667,0.2876666666666667
JAM,Jamaica,LCN,Upper-middle income,2016,10179.2536486158,93.1394980981879,18.7,90.2061439128139,99.0,95.0,0.471,87.4141682686662,330.15463257,35.3,17.1,72.052,1.464,55.549259277615,,9.163333333333334,0.9,,0.8436666666666667,-0.08700000000000001,0.8756666666666667,0.7583333333333333,0.2653333333333333
JAM,Jamaica,LCN,Upper-middle income,2017,10391.0378224678,91.3626103171547,18.7,89.8818112105781,93.0,95.0,0.5095000000000001,87.9424102965954,367.35095215,35.3,17.2,71.879,1.428,55.9152267548307,,9.169,0.913,67.1,0.861,-0.13,0.883,0.769,0.243
JAM,Jamaica,LCN,Upper-middle income,2018,10636.0929784551,94.9112697345669,18.7,89.5557220251637,97.0,89.0,0.548,88.4702342742167,381.47775269,35.3,17.2,71.606,1.4,56.297410990325,,9.1775,0.8955,,0.8759999999999999,-0.13349999999999995,0.884,0.7605,0.219
JAM,Jamaica,LCN,Upper-middle income,2019,10816.3720391154,93.2289962768555,18.8,89.2277179456112,96.0,94.0,0.548,88.997622645007,390.79431152,35.3,17.2,71.532,1.39,56.6957957395074,6.309,9.186,0.878,67.5,0.8909999999999999,-0.1369999999999999,0.885,0.752,0.195
JAM,Jamaica,LCN,Upper-middle income,2020,9891.96932961548,90.9494400024414,18.7,88.8977273219084,96.0,93.0,0.548,89.5245308476169,364.76513672,35.3,17.2,71.452,1.383,57.1103647563627,,9.186,0.878,,0.8909999999999999,-0.1369999999999999,0.885,0.752,0.195
JOR,Jordan,MEA,Upper-middle income,2005,10684.9424228538,96.5220336914062,22.0,98.5494288674571,95.0,95.0,2.141,98.4169700805217,208.03627014,33.9,19.6,72.977,3.653,78.412126230667,6.295,9.246,0.92,63.5,0.6459999999999999,-0.1119999999999999,0.67,0.696,0.24
JOR,Jordan,MEA,Upper-middle income,2006,10834.8737267915,95.7085113525391,21.3,98.6120434709162,98.0,99.0,2.136,98.308206099878,208.03627014,33.9,19.0,73.225,3.711,78.755612573541,,9.2835,0.8805000000000001,,0.6459999999999999,-0.1119999999999999,0.667,0.6895,0.24
JOR,Jordan,MEA,Upper-middle income,2007,11034.2922176813,93.8907775878906,20.7,98.6711635910559,98.0,95.0,2.238,98.2009358550483,208.03627014,33.25,18.5,73.407,3.797,79.3358270749644,5.598,9.321,0.841,63.98,0.6459999999999999,-0.1119999999999999,0.664,0.6829999999999999,0.24
JOR,Jordan,MEA,Upper-middle income,2008,11555.728825835,91.7442932128906,20.1,98.7270120484555,97.0,95.0,2.085,98.09501501556,275.17532349,32.6,18.0,73.563,3.876,80.1290966207551,4.93,9.343,0.7659999999999999,64.22,0.7084999999999999,-0.127,0.7090000000000001,0.669,0.331
JOR,Jordan,MEA,Upper-middle income,2009,11888.6617212582,90.7174098449741,19.5,98.7796045730845,98.0,95.0,2.055,97.9902274488182,316.92221069,33.150000000000006,17.5,73.707,3.841,81.1117480967305,6.0,9.347,0.899,64.46,0.7709999999999999,-0.075,0.7390000000000001,0.645,0.265
JOR,Jordan,MEA,Upper-middle income,2010,11942.572010796,89.6905264770576,18.9,98.8292687560561,98.0,98.0,2.222,97.8864815715208,303.8081665,33.7,17.0,73.797,3.78,82.2601083887084,5.57,9.317,0.918,64.7,0.7879999999999999,-0.046,0.7390000000000001,0.643,0.3429999999999999
JOR,Jordan,MEA,Upper-middle income,2011,11988.4963110815,90.3732005628315,18.4,98.8761377842126,98.0,98.0,2.2613333333333334,97.7836292183144,321.59057617,33.7,16.6,73.929,3.69,83.5505043825064,5.539,9.289,0.878,65.0,0.76,-0.143,0.7390000000000001,0.612,0.26
JOR,Jordan,MEA,Upper-middle income,2012,12104.1217423938,90.9311831042006,17.9,98.9204228747465,98.0,98.0,2.3006666666666664,97.6815546659463,325.97836304,33.7,16.2,74.087,3.568,84.9592629639423,5.132000000000001,9.261,0.8290000000000001,65.3,0.693,-0.16,0.7390000000000001,0.565,0.345
JOR,Jordan,MEA,Upper-middle income,2013,11804.1225335126,93.7163727553549,17.4,98.9622049918779,98.0,97.0,2.34,97.5800917869947,308.94308472,33.7,15.8,74.282,3.449,86.4627110188335,5.172000000000001,9.237,0.84,65.6,0.6920000000000001,-0.1169999999999999,0.7390000000000001,0.684,0.286
JOR,Jordan,MEA,Upper-middle income,2014,11086.6905487513,97.6110112655065,17.0,99.0017546060361,98.0,98.0,2.236,97.4791874276905,302.14120483,33.7,15.4,74.606,3.302,88.0371754329978,5.332999999999999,9.222,0.816,65.9,0.7290000000000001,-0.104,0.7390000000000001,0.66,0.313
JOR,Jordan,MEA,Upper-middle income,2015,10469.6306302225,98.01915545656055,16.5,99.0291191427992,99.0,94.0,2.726,97.3716594756962,301.63067627,33.7,15.0,75.06,3.141,89.8881391939133,5.405,9.207,0.83,66.2,0.767,-0.046,0.7390000000000001,0.69,0.305
JOR,Jordan,MEA,Upper-middle income,2016,10197.5044990617,98.4272996476146,16.1,99.0560992908943,98.0,96.0,2.474,97.2644408764445,278.13378906,33.7,14.7,75.55,3.072,90.56272794707,5.271,9.197,0.82,66.4,0.7709999999999999,-0.038,0.7390000000000001,0.6409999999999999,0.312
JOR,Jordan,MEA,Upper-middle income,2017,10220.492781193,98.5589481924953,15.7,99.0826264544025,99.0,93.0,2.222,97.1574792984054,289.04656982,33.7,14.3,76.071,2.994,90.8764609714428,4.808,9.194,0.815,66.6,0.7659999999999999,-0.152,0.7390000000000001,0.628,0.392
JOR,Jordan,MEA,Upper-middle income,2018,10183.0248366235,98.8939228109343,15.3,99.1124406003234,96.0,92.0,2.3705,97.0507514777426,289.47106934,33.7,14.0,76.491,2.923,91.2008859099729,4.638999999999999,9.196,0.8,66.8,0.762,-0.186,0.7390000000000001,0.628,0.392
JOR,Jordan,MEA,Upper-middle income,2019,10168.3588523537,98.8603333083425,14.9,99.1420002561378,89.0,87.0,2.519,96.9442655127058,294.92785645,33.7,13.7,76.865,2.855,91.515966492507,4.453,9.201,0.7929999999999999,67.0,0.726,-0.165,0.7390000000000001,0.628,0.392
JOR,Jordan,MEA,Upper-middle income,2020,9872.3094512325,98.960533668868,14.5,99.1712730302314,77.0,87.0,2.519,96.8379669917401,303.4822998,33.7,13.3,75.583,2.791,91.8216722992319,4.093999999999999,9.15,0.7090000000000001,67.2,0.779,-0.15,0.7390000000000001,0.628,0.392
JPN,Japan,EAS,High income,2005,41740.352036905,100.464469909668,3.7,98.5545378078553,98.0,98.0,2.082,99.9864208357503,2892.60473633,34.6,2.7,81.9551219512195,1.26,88.2701404492656,,10.529000000000002,0.928,73.2,0.868,-0.09,0.6990000000000001,0.7390000000000001,0.153
JPN,Japan,EAS,High income,2006,42358.9337348253,100.464469909668,3.6,98.5894617056158,98.0,97.0,2.082,99.9841518665394,2763.53344727,34.6,2.7,82.3219512195122,1.32,88.2701404492656,,10.543500000000002,0.933,,0.832,-0.09,0.754,0.7350000000000001,0.18
JPN,Japan,EAS,High income,2007,43041.5697058021,100.464469909668,3.5,98.6243856033764,98.0,96.0,2.114,99.9818828973285,2781.49365234,34.6,2.6,82.5070731707317,1.34,88.2701404492656,6.238,10.558,0.938,73.44,0.7959999999999999,-0.09,0.809,0.731,0.207
JPN,Japan,EAS,High income,2008,42518.8423408417,100.464469909668,3.4,98.659309501137,98.0,95.0,2.146,99.9796139281177,3223.29101563,34.6,2.5,82.5875609756098,1.37,89.2921563808851,5.9110000000000005,10.546,0.887,73.56,0.772,-0.135,0.816,0.78,0.191
JPN,Japan,EAS,High income,2009,39999.9464203408,100.464469909668,3.4,98.6942333988975,97.0,94.0,2.1790000000000003,99.9773449589068,3696.58422852,33.0,2.5,82.9314634146342,1.37,90.1131158718189,5.845,10.491,0.888,73.68,0.73,-0.21,0.74,0.785,0.1689999999999999
JPN,Japan,EAS,High income,2010,41647.0458542008,100.464469909668,3.3,98.7291572966581,97.0,94.0,2.212,99.9750759896959,4071.80200195,31.5,2.4,82.8426829268293,1.39,90.6228586840649,,10.532,0.902,73.8,0.772,-0.14,0.77,0.8270000000000001,0.188
JPN,Japan,EAS,High income,2011,41640.6608721251,100.464469909668,3.3,98.7640811944187,97.0,94.0,2.2475,99.972807020485,5103.34326172,33.0,2.3,82.5912195121951,1.39,90.8631654434251,6.263,10.532,0.917,73.98,0.8140000000000001,-0.052,0.7340000000000001,0.7759999999999999,0.181
JPN,Japan,EAS,High income,2012,42394.9433175064,100.464469909668,3.1,98.7990050921792,97.0,96.0,2.283,99.9705380512742,5232.36279297,32.5,2.2,83.0960975609756,1.41,91.0265277326652,5.968,10.549,0.905,74.16,0.753,-0.0995,0.6920000000000001,0.777,0.171
JPN,Japan,EAS,High income,2013,43304.1181931426,100.464469909668,3.0,98.8339289899398,96.0,95.0,2.3185000000000002,99.9682690820633,4356.15527344,31.5,2.2,83.3319512195122,1.43,91.1516595654317,5.959,10.57,0.924,74.34,0.821,-0.147,0.65,0.794,0.175
JPN,Japan,EAS,High income,2014,43754.438013293,100.945281982422,2.9,98.8688528877004,96.0,98.0,2.354,99.9660001128524,4121.21142578,31.3,2.1,83.5878048780488,1.42,91.2548945132333,5.922999999999999,10.575,0.9,74.52,0.838,-0.139,0.617,0.742,0.1889999999999999
JPN,Japan,EAS,High income,2015,44589.3032854003,101.250503540039,2.8,98.9037767854609,96.0,96.0,2.3885,99.9637311436416,3754.18115234,30.7,2.0,83.7939024390244,1.45,91.3532644103625,5.88,10.588,0.923,74.7,0.8320000000000001,-0.155,0.654,0.768,0.176
JPN,Japan,EAS,High income,2016,44926.6202909525,101.551628112793,2.7,98.9387006832215,99.0,96.0,2.423,99.9614621744307,4194.22802734,31.8,2.0,83.9848780487805,1.44,91.4541254852142,,10.595,0.9,74.8,0.836,-0.062,0.698,0.76,0.192
JPN,Japan,EAS,High income,2017,45693.3776080987,101.437026977539,2.6,98.973624580982,99.0,97.0,2.4539999999999997,99.9591932052198,4135.24316406,31.8,1.9,84.099756097561,1.43,91.5498419685883,5.9110000000000005,10.618,0.882,74.9,0.8490000000000001,-0.206,0.659,0.74,0.176
JPN,Japan,EAS,High income,2018,46133.0225978718,101.828887939453,2.5,99.0085484787426,98.0,97.0,2.485,99.9569242360089,4265.77929688,32.9,1.9,84.2109756097561,1.42,91.6377318609728,,10.623,0.8859999999999999,75.0,0.773,-0.261,0.687,0.703,0.185
JPN,Japan,EAS,High income,2019,46055.3498672487,101.936538696289,2.5,99.0434723765032,98.0,96.0,2.5385,99.9546552667981,4431.29980469,33.0,1.8,84.3563414634146,1.36,91.7164207898107,5.908,10.632,0.878,75.1,0.8059999999999999,-0.255,0.617,0.743,0.1939999999999999
JPN,Japan,EAS,High income,2020,44212.5503415724,101.801902770996,2.4,99.0783962742638,96.0,98.0,2.592,99.9523862975872,4581.60986328,32.3,1.8,84.56,1.33,91.7809926267889,6.117999999999999,10.58,0.887,75.2,0.8059999999999999,-0.259,0.609,0.742,0.186
KAZ,Kazakhstan,ECS,Upper-middle income,2005,20565.5294470866,100.948692321777,31.0,91.9118915154506,98.0,99.0,3.476,97.0648490891514,139.57885742,30.2,25.9,65.356,2.274,54.6481873472392,,9.804,0.872,,0.731,-0.2739999999999999,0.865,0.669,0.185
KAZ,Kazakhstan,ECS,Upper-middle income,2006,22574.3429577665,99.8527221679688,28.9,92.2735462006636,99.0,99.0,3.572,97.1271155183214,170.9365387,30.2,24.1,65.722,2.38,54.4137278108953,5.476,9.804,0.872,58.2,0.731,-0.2739999999999999,0.865,0.669,0.185
KAZ,Kazakhstan,ECS,Upper-middle income,2007,24351.3464102542,99.7916412353516,26.8,92.6340928968716,93.0,99.0,3.53,97.1892688223895,174.33786011,30.1,22.3,66.18,2.49,54.2346203341799,5.718999999999999,9.878,0.861,58.7,0.8059999999999999,-0.246,0.865,0.6509999999999999,0.179
KAZ,Kazakhstan,ECS,Upper-middle income,2008,24895.6645683245,101.085159301758,24.7,92.9935442795373,99.0,99.0,3.588,97.2513208704644,245.79397583,28.5,20.4,66.759,2.616,54.1287736358813,5.886,9.898,0.8390000000000001,59.2,0.727,-0.221,0.899,0.675,0.16
KAZ,Kazakhstan,ECS,Upper-middle income,2009,24901.3527260084,99.4884185791016,22.5,93.3518871209981,98.0,99.0,3.65,97.3132617625394,240.99569702,28.2,18.5,67.46,2.58,54.1167144748885,5.382999999999999,9.884,0.893,59.7,0.856,-0.249,0.845,0.679,0.129
KAZ,Kazakhstan,ECS,Upper-middle income,2010,26374.8407672795,98.6651271682671,20.4,93.7090293283348,99.0,99.0,3.791,97.3751082146427,240.6149292,28.0,16.7,68.257,2.61,54.2054127497102,,9.94,0.904,60.2,0.785,-0.215,0.823,0.6920000000000001,0.149
KAZ,Kazakhstan,ECS,Upper-middle income,2011,27946.1603432944,98.200290536057,18.3,94.0651716304314,99.0,99.0,3.815,97.4368392211239,293.73300171,28.0,14.9,69.108,2.605,54.3996086425518,5.736000000000001,9.997,0.905,60.72,0.878,-0.235,0.802,0.695,0.154
KAZ,Kazakhstan,ECS,Upper-middle income,2012,28881.2417563728,95.6735941529056,16.3,94.4202016510081,99.0,96.0,3.786,97.4984582188857,365.04208374,28.2,13.3,69.939,2.64,54.69208192838,5.759,10.03,0.892,61.24,0.84,-0.171,0.877,0.74,0.184
KAZ,Kazakhstan,ECS,Upper-middle income,2013,30177.4887221736,94.8001054814475,14.5,94.7741258840317,98.0,99.0,3.832,97.5599727804689,358.91342163,27.1,11.7,70.719,2.67,55.0779764821252,5.835,10.074,0.889,61.76,0.782,-0.2289999999999999,0.82,0.674,0.1639999999999999
KAZ,Kazakhstan,ECS,Upper-middle income,2014,30986.4379168995,94.6582153565871,13.0,95.1268706638543,95.0,99.0,3.865,97.6213968243494,369.68508911,27.0,10.5,71.415,2.76,55.5524361787178,5.97,10.101,0.795,62.28,0.799,0.004,0.805,0.718,0.1689999999999999
KAZ,Kazakhstan,ECS,Upper-middle income,2015,30893.7594851041,95.0759557064159,11.9,95.4785790078555,98.0,99.0,3.726,97.6826966507758,310.01428223,26.8,9.5,72.024,2.755,56.1106048930882,5.95,10.098,0.931,62.8,0.74,-0.037,0.7140000000000001,0.73,0.174
KAZ,Kazakhstan,ECS,Upper-middle income,2016,30758.3227260598,95.5584446566675,11.0,95.7465813403663,98.5,99.0,3.707,97.7438938717997,255.84049988,27.2,8.8,72.549,2.795,56.7476265001667,5.534,10.095,0.928,63.4,0.7829999999999999,-0.036,0.7020000000000001,0.7020000000000001,0.155
KAZ,Kazakhstan,ECS,Upper-middle income,2017,31524.4416339794,97.3418813354746,10.5,95.9970182861121,99.0,99.0,3.6,97.8049933636929,272.98272705,27.5,8.4,72.996,2.745,57.4586448748837,5.882000000000001,10.121,0.914,64.0,0.745,-0.035,0.755,0.757,0.171
KAZ,Kazakhstan,ECS,Upper-middle income,2018,32330.2274546567,97.418791535514,10.3,96.3060818845049,98.0,99.0,3.531,97.8553422711483,266.92147827,27.8,8.2,73.369,2.845,58.2388038921695,6.007999999999999,10.148,0.937,64.6,0.84,-0.098,0.8240000000000001,0.693,0.162
KAZ,Kazakhstan,ECS,Upper-middle income,2019,33298.2123695035,99.0552309326299,10.2,96.6144824644743,97.0,99.0,3.62,97.9051562762041,263.61331177,28.0,8.1,73.658,2.89,59.0832474269546,6.272,10.179,0.951,65.2,0.852,-0.055,0.708,0.787,0.139
KAZ,Kazakhstan,ECS,Upper-middle income,2020,32011.5491499004,98.9588592775913,10.1,96.9217657494766,97.0,93.0,3.663,97.9463161907176,329.57086182,28.7,8.0,71.195,3.13,59.9871193541692,6.167999999999999,10.135,0.966,65.8,0.872,-0.0559999999999999,0.6609999999999999,0.684,0.15
KEN,Kenya,SSF,Lower-middle income,2005,3844.73557120578,103.62956237793,71.2,49.6872335728162,76.0,69.0,0.169,27.1932269454509,30.9943428,46.4,49.5,58.51,4.801,30.4153861196239,,8.039,0.909,,0.616,-0.02,0.86,0.705,0.198
KEN,Kenya,SSF,Lower-middle income,2006,3970.73349887685,101.201988220215,66.8,50.5448296064454,80.0,77.0,0.169,27.9138955031129,40.3040123,45.839999999999996,47.0,59.059,4.754,30.4153861196239,4.223,8.039,0.909,50.22,0.616,-0.02,0.86,0.705,0.198
KEN,Kenya,SSF,Lower-middle income,2007,4116.45094720856,107.582710266113,62.9,51.3998249048434,81.0,80.0,0.169,28.6350439627237,49.44605255,45.28,45.0,59.407,4.718,30.4153861196239,4.5760000000000005,8.078,0.841,51.54,0.75,0.054,0.799,0.725,0.162
KEN,Kenya,SSF,Lower-middle income,2008,4002.88364073792,107.076469421387,58.0,52.2521176288935,88.0,90.0,0.169,29.3565994040011,54.35681915,44.72,42.6,59.955,4.66,31.4230276259143,,8.052,0.8270000000000001,52.86,0.62,-0.012,0.909,0.772,0.149
KEN,Kenya,SSF,Lower-middle income,2009,4012.19428382397,107.945739746094,55.2,53.100725539255,88.0,88.0,0.171,30.0784132028819,55.455616,44.16,42.1,60.483,4.567,31.8603086707305,4.27,8.057,0.789,54.18,0.584,0.1,0.913,0.772,0.183
KEN,Kenya,SSF,Lower-middle income,2010,4211.52462957784,109.10456872421467,53.1,53.9464421270489,90.0,86.0,0.171,30.8004947681643,58.8164711,43.599999999999994,41.5,60.915,4.446,31.8713287706458,4.256,8.111,0.805,55.5,0.635,0.019,0.918,0.8190000000000001,0.123
KEN,Kenya,SSF,Lower-middle income,2011,4307.10611556858,110.26339770233534,51.7,54.7912792060119,96.0,87.0,0.177,31.5229174481557,57.02286911,43.04,41.0,61.283,4.284,31.8673949025409,4.405,8.142999999999999,0.846,56.06,0.7090000000000001,0.022,0.923,0.76,0.228
KEN,Kenya,SSF,Lower-middle income,2012,4387.93790075409,111.422226680456,50.7,55.6346101711392,94.0,93.0,0.184,32.2455260120869,64.48231506,42.48,41.1,61.537,4.116,31.8558130142761,4.547,8.161,0.831,56.62,0.628,0.066,0.911,0.7070000000000001,0.1939999999999999
KEN,Kenya,SSF,Lower-middle income,2013,4443.371215682,109.2817233866145,49.4,56.4770636530803,87.0,94.0,0.193,32.9682462912978,67.59809875,41.919999999999995,40.7,61.729,3.955,31.8324454433988,3.795,8.192,0.825,57.18,0.708,0.212,0.861,0.765,0.161
KEN,Kenya,SSF,Lower-middle income,2014,4558.55155266374,107.141220092773,48.3,57.3176013376785,92.0,95.0,0.199,33.6908976254492,72.84589386,41.36,40.0,61.99,3.843,31.7931545274563,4.905,8.219,0.765,57.74,0.8190000000000001,0.172,0.8490000000000001,0.8140000000000001,0.221
KEN,Kenya,SSF,Lower-middle income,2015,4679.62182831938,104.780090332031,46.8,58.1564256572864,89.0,96.0,0.18925,34.4133695043635,70.94755554,40.8,38.9,62.279,3.766,31.7338026039958,4.3580000000000005,8.249,0.777,58.3,0.7929999999999999,0.221,0.853,0.7020000000000001,0.172
KEN,Kenya,SSF,Lower-middle income,2016,4770.31046388086,104.114852905273,45.5,58.9933330324144,88.0,93.0,0.1795,35.1355349703251,73.88768005,39.879999999999995,38.4,62.526,3.689,31.6502520105647,,8.282,0.706,58.9,0.7490000000000001,0.298,0.828,0.743,0.226
KEN,Kenya,SSF,Lower-middle income,2017,4846.86210851932,101.957891317521,44.7,59.82810250315,81.0,84.0,0.16975,35.857250498731,66.46552277,38.96,38.2,62.725,3.609,31.5383650847102,4.476,8.306000000000001,0.715,59.5,0.853,0.2339999999999999,0.8540000000000001,0.7879999999999999,0.23
KEN,Kenya,SSF,Lower-middle income,2018,5017.66784674664,99.770420205161,43.7,60.6609028100369,91.0,92.0,0.16,36.5783889502292,75.27681732,38.04,37.5,62.825,3.536,31.3940041639796,4.656000000000001,8.344,0.7070000000000001,60.1,0.821,0.291,0.8440000000000001,0.759,0.237
KEN,Kenya,SSF,Lower-middle income,2019,5171.71264279257,95.8623344036139,42.7,61.4907638599362,93.0,92.0,0.16,37.298797647533,85.64528656,37.120000000000005,37.0,62.939,3.433,31.1895566421135,,8.373,0.6759999999999999,60.7,0.818,0.31,0.794,0.7509999999999999,0.251
KEN,Kenya,SSF,Lower-middle income,2020,5057.40115537429,91.9542486020668,42.1,62.318211896262,93.0,89.0,0.16,38.018340896347,86.5921936,36.2,36.5,61.596,3.364,31.2063494632616,4.547,8.365,0.674,61.3,0.7020000000000001,0.26,0.8370000000000001,0.733,0.297
KGZ,Kyrgyz Republic,ECS,Lower-middle income,2005,4156.95849230116,95.2993011474609,39.2,83.4769470367777,98.0,99.0,2.02,93.6560226009521,34.93693161,32.6,33.9,67.9560975609756,2.5,35.3030968124082,,8.185,0.8440000000000001,,0.6779999999999999,-0.14,0.879,0.655,0.159
KGZ,Kyrgyz Republic,ECS,Lower-middle income,2006,4240.17017797554,96.6627578735352,37.6,84.0832799038686,92.0,97.0,1.958,93.9520874390933,44.5950737,37.4,32.6,67.6951219512195,2.7,35.2997926803498,4.641,8.185,0.8440000000000001,59.98,0.6779999999999999,-0.14,0.879,0.655,0.159
KGZ,Kyrgyz Republic,ECS,Lower-middle income,2007,4558.71267894172,95.5742263793945,35.9,84.6887403319872,94.0,99.0,1.886,94.2485169694254,49.61043167,33.9,31.1,67.8951219512195,2.7,35.2954926466692,4.698,8.258,0.833,60.26,0.684,-0.091,0.929,0.655,0.13
KGZ,Kyrgyz Republic,ECS,Lower-middle income,2008,4894.9427801376,96.2590179443359,33.8,85.2935211424602,95.0,99.0,1.892,94.5452869474658,62.77722549,31.5,29.3,68.4512195121951,2.8,35.2897130588983,4.737,8.329,0.792,60.54,0.7190000000000001,-0.1,0.923,0.623,0.147
KGZ,Kyrgyz Republic,ECS,Lower-middle income,2009,4969.96132720374,97.0543823242188,31.6,85.8977915351228,95.0,99.0,1.88,94.8423723936302,59.93972397,29.9,27.4,69.1024390243903,2.9,35.2815523593591,5.069,8.345,0.855,60.82,0.6990000000000001,-0.14,0.8959999999999999,0.607,0.165
KGZ,Kyrgyz Republic,ECS,Lower-middle income,2010,4876.47964886483,98.1180547707839,29.5,86.5050830438754,96.0,99.0,1.871,95.1391384215873,60.67642975,30.1,25.6,69.3,3.1,35.267768240398,4.996,8.329,0.885,61.1,0.72,-0.072,0.926,0.65,0.123
KGZ,Kyrgyz Republic,ECS,Lower-middle income,2011,5092.85165751678,97.7979618076575,27.6,87.1151364127598,96.0,97.0,1.897,95.435495439877,78.73632813,27.8,23.9,69.6024390243903,3.1,35.2466507961984,4.921,8.374,0.8909999999999999,61.52,0.748,-0.155,0.932,0.6809999999999999,0.151
KGZ,Kyrgyz Republic,ECS,Lower-middle income,2012,4993.39431683528,98.702532107947,26.0,87.7276670753468,96.0,98.0,1.878,95.7313479681621,98.66984558,27.4,22.6,70.0024390243902,3.2,35.218916221918,,8.357000000000001,0.856,61.94,0.703,-0.079,0.892,0.691,0.182
KGZ,Kyrgyz Republic,ECS,Lower-middle income,2013,5418.54061993935,98.5657231831631,24.7,88.3419389786488,97.0,99.0,1.87,96.0266897957502,103.59209442,28.8,21.5,70.2024390243902,3.1,35.1850529225105,,8.441,0.851,62.36,0.755,-0.085,0.9,0.722,0.135
KGZ,Kyrgyz Republic,ECS,Lower-middle income,2014,5513.7544695252,98.8074237078529,23.5,88.9576674918841,96.0,96.0,1.837,96.3214166857355,93.15830994,26.8,20.5,70.4024390243902,3.2,35.1455493029297,5.252000000000001,8.46,0.898,62.78,0.736,0.355,0.897,0.725,0.185
KGZ,Kyrgyz Republic,ECS,Lower-middle income,2015,5600.2143342846,98.0889255070076,22.3,89.5744309454191,97.0,99.0,1.846,96.6154706740523,79.54891205,29.0,19.4,70.6512195121951,3.2,35.1008937681291,4.905,8.477,0.857,63.2,0.813,0.2,0.858,0.767,0.173
KGZ,Kyrgyz Republic,ECS,Lower-middle income,2016,5715.01041179003,99.7782949950732,21.1,90.1919244806244,96.0,97.0,1.853,96.9087481057027,71.52179718,26.8,18.4,70.9512195121951,3.1,35.0515747230627,,8.5,0.914,63.5,0.8140000000000001,0.0559999999999999,0.917,0.778,0.126
KGZ,Kyrgyz Republic,ECS,Lower-middle income,2017,5861.22200040503,100.800957688671,20.0,90.8095804433615,92.0,95.0,1.835,97.2012105005547,76.60479736,27.3,17.4,71.2,3.0,34.9980805726839,5.63,8.526,0.883,63.8,0.8590000000000001,0.143,0.8740000000000001,0.755,0.16
KGZ,Kyrgyz Republic,ECS,Lower-middle income,2018,5951.82876758606,99.826455114381,19.0,91.4270880471421,94.0,96.0,1.787,97.4927558595168,65.34625244,27.7,16.6,71.4,3.3,34.9408997219466,5.297000000000001,8.543,0.898,64.1,0.945,0.267,0.907,0.763,0.203
KGZ,Kyrgyz Republic,ECS,Lower-middle income,2019,6087.60193826927,98.9384768920384,18.3,92.0438993396,95.0,96.0,1.759,97.7833519513512,61.39657974,29.7,16.0,71.6,3.3,34.8805205758044,5.685,8.567,0.877,64.4,0.92,-0.002,0.885,0.7659999999999999,0.207
KGZ,Kyrgyz Republic,ECS,Lower-middle income,2020,5537.79547319377,96.2103354796137,17.8,92.5873159897583,95.0,92.0,1.692,98.017628465842,61.25272751,29.0,15.6,71.8,3.1,34.8174315392111,6.25,8.503,0.902,64.7,0.935,0.103,0.931,0.8029999999999999,0.258
KHM,Cambodia,EAS,Lower-middle income,2005,2781.89028895255,129.551315307617,64.4,59.676559152063,91.0,79.0,0.241,22.4997083184805,32.33660507,,53.8,64.113,2.971,19.0922720052225,,7.746,0.7929999999999999,,0.914,0.255,0.8290000000000001,0.7190000000000001,0.341
KHM,Cambodia,EAS,Lower-middle income,2006,3041.10471220153,128.404861450195,59.3,61.028548229185,91.0,78.0,0.241,25.5284652809793,32.84370041,,49.8,64.886,2.971,19.2299832388976,3.569,7.746,0.7929999999999999,55.3,0.914,0.255,0.8290000000000001,0.7190000000000001,0.341
KHM,Cambodia,EAS,Lower-middle income,2007,3308.15747246544,127.717086791992,54.9,62.3624172696977,91.0,79.0,0.241,28.5752843908418,32.39221573,,46.3,65.549,2.971,19.4035705019128,4.156000000000001,7.829,0.675,56.1,0.914,0.1159999999999999,0.879,0.7290000000000001,0.32
KHM,Cambodia,EAS,Lower-middle income,2008,3501.9257021932,124.066017150879,50.8,63.6884209485264,91.0,89.0,0.241,31.6569911125652,48.62422562,,43.1,66.147,2.971,19.6574509865325,4.462,7.879,0.619,56.9,0.914,0.045,0.888,0.7390000000000001,0.335
KHM,Cambodia,EAS,Lower-middle income,2009,3587.60889588362,123.781600952148,47.0,65.049262160306,94.0,92.0,0.235,34.8431292661324,55.25073624,,40.0,66.747,2.971,20.1979728726519,,7.865,0.818,57.7,0.937,0.152,0.965,0.7959999999999999,0.188
KHM,Cambodia,EAS,Lower-middle income,2010,3711.53750580157,123.357803344727,43.5,66.3891055650022,90.0,90.0,0.227,38.0399288332331,53.58575439,,37.2,67.311,2.859,21.1232251168762,4.141,7.907,0.6970000000000001,58.5,0.94,0.35,0.8959999999999999,0.774,0.422
KHM,Cambodia,EAS,Lower-middle income,2011,3921.97911563308,118.762440557356,40.3,67.7079968252659,91.0,88.0,0.224,41.2469119068715,65.3871994,,34.5,67.869,2.782,22.3824788531276,4.1610000000000005,7.96,0.716,58.88,0.927,0.418,0.775,0.799,0.308
KHM,Cambodia,EAS,Lower-middle income,2012,4159.16354123446,115.41843697639,37.2,69.0059822259685,90.0,84.0,0.163,44.4635910579506,68.90019989,,32.1,68.371,2.751,23.9411047582349,3.899,8.014,0.606,59.26,0.956,0.247,0.89,0.82,0.352
KHM,Cambodia,EAS,Lower-middle income,2013,4419.3988680186,115.808136523857,34.5,70.2828703284751,86.0,79.0,0.14,47.6891050739855,65.39577484,,29.8,68.755,2.742,25.7644735090271,,8.068,0.6509999999999999,59.64,0.941,0.1639999999999999,0.812,0.792,0.44
KHM,Cambodia,EAS,Lower-middle income,2014,4702.73061823207,108.942219609284,32.0,71.539204338713,90.0,83.0,0.167,50.9237116921206,63.1011467,,27.8,69.117,2.734,27.8179557823331,3.883,8.121,0.693,60.02,0.938,0.239,0.843,0.7829999999999999,0.482
KHM,Cambodia,EAS,Lower-middle income,2015,4968.57276699143,103.759672683505,29.6,72.7747960661074,91.0,85.0,0.15,54.1665197831593,70.23264313,,25.8,69.398,2.729,30.0669222549819,4.162,8.173,0.7290000000000001,60.4,0.956,0.21,0.825,0.813,0.3989999999999999
KHM,Cambodia,EAS,Lower-middle income,2016,5283.72964943779,101.734266788056,27.5,73.9897142664689,91.0,85.0,0.197,57.417022532982,75.22520447,,24.1,69.635,2.725,32.4767436038024,4.461,8.225,0.746,60.8,0.958,0.076,0.84,0.8390000000000001,0.3979999999999999
KHM,Cambodia,EAS,Lower-middle income,2017,5632.03125629342,100.69503505776,25.6,75.1838204777674,90.0,85.0,0.195,60.6744151428492,77.97311401,,22.5,69.842,2.719,35.0127905056235,4.586,8.276,0.765,61.2,0.964,0.088,0.821,0.799,0.408
KHM,Cambodia,EAS,Lower-middle income,2018,6050.59088262205,99.6739108443274,24.1,76.3583989017941,89.0,86.0,0.211,63.9398472470947,91.59080505,,21.2,69.993,2.724,37.6404336372742,,8.333,0.795,61.6,0.958,0.036,0.8245,0.845,0.414
KHM,Cambodia,EAS,Lower-middle income,2019,6448.88455952805,100.480819545412,22.8,77.5132246974306,88.0,87.0,0.211,67.2122392007629,112.5851059,,20.1,70.127,2.725,39.5830241256026,4.998,8.387,0.759,62.0,0.957,0.013,0.828,0.8440000000000001,0.39
KHM,Cambodia,EAS,Lower-middle income,2020,6128.78243783335,107.021018981934,21.8,78.6484857238686,86.0,83.0,0.211,70.4910427870757,106.79976654,,19.2,70.059,2.699,39.832658030922,4.377,8.362,0.7240000000000001,62.4,0.963,0.052,0.863,0.878,0.39
KIR,Kiribati,EAS,Lower-middle income,2005,2184.06094408808,109.628982543945,60.1,61.3552527879544,79.0,85.0,0.24,34.163338666221,131.88641357,37.0,44.5,65.517,3.76,43.5443274444527,,,,,,,,,
KIR,Kiribati,EAS,Lower-middle income,2006,2264.4516846113,107.576568603516,59.7,62.5045689065929,86.0,61.0,0.24,35.2022104813693,126.86061859,37.0,44.1,65.601,3.815,43.7349826427011,,,,,,,,,
KIR,Kiribati,EAS,Lower-middle income,2007,2286.73943693111,104.204116821289,59.2,63.7644097380592,94.0,93.0,0.24,36.3306938222446,148.0586853,36.292307692307695,43.6,65.677,3.865,44.6212141757087,,,,,,,,,
KIR,Kiribati,EAS,Lower-middle income,2008,2172.63601744656,105.912109375,58.7,64.9939842741725,82.0,72.0,0.24,37.1173607941238,190.33927917,35.58461538461538,43.2,65.746,3.899,45.9461325515373,,,,,,,,,
KIR,Kiribati,EAS,Lower-middle income,2009,2138.23987425041,102.407890319824,58.2,66.1469251372886,86.0,82.0,0.3085,37.8765617583736,167.97206116,34.87692307692308,42.7,65.808,3.905,47.3510238975116,,,,,,,,,
KIR,Kiribati,EAS,Lower-middle income,2010,2119.91176706204,103.7498852729088,57.7,67.1728362624079,91.0,89.0,0.377,38.6081785659638,133.15927124,34.16923076923077,42.3,65.859,3.898,48.4603839564718,,,,,,,,,
KIR,Kiribati,EAS,Lower-middle income,2011,2150.65854434166,105.0918802259936,57.5,68.18756629104,99.0,90.0,0.136,39.3118291707544,141.5138092,33.46153846153846,42.0,65.896,3.878,49.1228169536795,,,,,,,,,
KIR,Kiribati,EAS,Lower-middle income,2012,2242.30105765006,106.4338751790784,57.4,69.1908876881434,94.0,91.0,0.1645,39.9871295227772,146.6194458,32.753846153846155,41.9,65.908,3.768,49.5800786695548,,,,,,,,,
KIR,Kiribati,EAS,Lower-middle income,2013,2382.67559474112,107.7758701321632,57.7,70.1813879382686,95.0,91.0,0.193,40.6328916636928,154.34346008,32.04615384615385,42.0,65.898,3.643,49.9687043258795,,,,,,,,,
KIR,Kiribati,EAS,Lower-middle income,2014,2381.65349253168,109.117865085248,58.0,71.1597633531566,75.0,88.0,0.193,41.2494292871662,155.38656616,31.338461538461537,42.2,65.869,3.521,50.3909308922385,,,,,,,,,
KIR,Kiribati,EAS,Lower-middle income,2015,2616.17635911711,105.430103966625,58.6,72.1255004626904,78.0,84.0,0.193,41.8362047246118,118.3345871,30.630769230769232,42.6,65.831,3.438,50.9541970402064,,,,,,,,,
KIR,Kiribati,EAS,Lower-middle income,2016,2762.28741039854,108.727858293076,59.1,73.0741373998847,81.0,80.0,0.193,42.3903837205277,157.72897339,29.923076923076923,42.9,65.799,3.375,51.7710553002321,,,,,,,,,
KIR,Kiribati,EAS,Lower-middle income,2017,2822.02092296284,103.304250974568,59.6,74.0045165430556,90.0,81.0,0.193,42.9115121446096,179.57881165,29.215384615384615,43.2,65.787,3.339,52.9734697275451,,,,,,,,,
KIR,Kiribati,EAS,Lower-middle income,2018,2875.41766341166,104.108568201184,59.6,74.9172098884573,95.0,84.0,0.193,43.4001999878848,208.73831177,28.50769230769231,43.2,65.807,3.318,54.5004023142497,,,,,,,,,
KIR,Kiribati,EAS,Lower-middle income,2019,2926.59366475855,104.9128854278,59.1,75.8122291109265,97.0,94.0,0.193,43.8567170359075,177.93025208,27.8,42.9,65.866,3.29,56.2846727145489,,,,,,,,,
KIR,Kiribati,EAS,Lower-middle income,2020,2839.17274622563,105.717202654416,58.3,76.6890512985404,92.0,82.0,0.193,44.2810965836604,239.24353027,27.8,42.3,,3.254,58.4123714112748,,,,,,,,,
KNA,St. Kitts and Nevis,LCN,High income,2005,22612.7126559455,109.709739685059,19.7,98.5121864058409,99.0,99.0,2.909,89.7211445864751,556.97229004,,16.8,71.151,1.931,31.9804975781124,,,,,,,,,
KNA,St. Kitts and Nevis,LCN,High income,2006,23258.9842253211,109.071315765381,19.2,98.5246448716616,99.0,99.0,2.909,90.3752008277517,689.44549561,,16.4,71.356,1.902,31.8364279281447,,,,,,,,,
KNA,St. Kitts and Nevis,LCN,High income,2007,23330.0442404195,108.432891845703,18.9,98.5371033374823,99.0,99.0,2.909,91.0292570690285,707.96960449,,16.2,71.437,1.871,31.6967077874804,,,,,,,,,
KNA,St. Kitts and Nevis,LCN,High income,2008,25898.7823620981,116.000717163086,18.8,98.549561803303,99.0,99.0,2.909,91.6833133103052,881.09844971,,16.0,71.479,1.833,31.5615339709202,,,,,,,,,
KNA,St. Kitts and Nevis,LCN,High income,2009,24973.8045286303,116.262847900391,18.7,98.5620202691237,98.0,99.0,2.909,92.337369551582,872.67474365,,16.0,71.488,1.8,31.4311032932653,,,,,,,,,
KNA,St. Kitts and Nevis,LCN,High income,2010,24997.5672513428,118.555717468262,18.8,98.5744787349444,96.0,99.0,2.909,92.9914257928585,867.4453125,,16.1,71.452,1.762,31.3056125693165,,,,,,,,,
KNA,St. Kitts and Nevis,LCN,High income,2011,25380.0087348215,117.532852172852,18.9,98.5869372007651,98.0,99.0,2.909,93.6454820341353,922.20574951,,16.3,71.4,1.74,31.2000648379646,,,,,,,,,
KNA,St. Kitts and Nevis,LCN,High income,2012,25114.0572603244,116.379661560059,19.1,98.5993956665858,98.0,95.0,2.909,94.2995382754121,880.91064453,,16.5,71.362,1.713,31.2035138804223,,,,,,,,,
KNA,St. Kitts and Nevis,LCN,High income,2013,26532.1016561725,114.317863464355,19.3,98.6118541324065,97.0,99.0,2.909,94.9535945166888,938.89459229,,16.7,71.29,1.682,31.2131485582887,,,,,,,,,
KNA,St. Kitts and Nevis,LCN,High income,2014,28530.3072249013,114.983367919922,19.4,98.6118541324065,98.0,97.0,2.909,94.9535945166888,962.25469971,,16.8,71.228,1.665,31.2290015317909,,,,,,,,,
KNA,St. Kitts and Nevis,LCN,High income,2015,28729.566447667,117.220672607422,19.4,98.6118541324065,94.0,95.0,2.909,94.9535945166888,1042.15063477,,16.9,71.211,1.643,31.2513929695583,,,,,,,,,
KNA,St. Kitts and Nevis,LCN,High income,2016,29867.0265589791,125.304527282715,19.3,98.6118541324065,98.0,98.0,2.9676666666666667,94.9535945166888,1161.87097168,,16.7,71.227,1.633,31.2806171906169,,,,,,,,,
KNA,St. Kitts and Nevis,LCN,High income,2017,29948.9200065682,124.003707136237,19.0,98.6118541324065,98.0,97.0,3.026333333333333,94.9535945166888,1186.42663574,,16.5,71.284,1.61,31.3169642505921,,,,,,,,,
KNA,St. Kitts and Nevis,LCN,High income,2018,30576.2486749244,130.084546735557,18.6,98.6118541324065,98.0,96.0,3.085,94.9535945166888,1121.13977051,,16.2,71.336,1.587,31.3607229995076,,,,,,,,,
KNA,St. Kitts and Nevis,LCN,High income,2019,31512.1943105684,129.53181272509,18.2,98.6118541324065,97.0,97.0,3.085,94.9535945166888,1224.18933105,,15.9,71.54,1.568,31.4121818392285,,,,,,,,,
KNA,St. Kitts and Nevis,LCN,High income,2020,26736.9283563771,129.318854886476,17.8,98.6118541324065,99.0,95.0,3.085,94.9535945166888,1067.84997559,,15.5,71.181,1.55,31.4716289738952,,,,,,,,,
KOR,"Korea, Rep.",EAS,High income,2005,32886.0472450743,100.344917297363,5.6,98.7656134279428,96.0,99.0,1.637,100.0,944.55078125,31.7,4.3,78.1682926829268,1.085,81.3901352283669,,10.31,0.775,,0.715,-0.052,0.799,0.6509999999999999,0.3379999999999999
KOR,"Korea, Rep.",EAS,High income,2006,34429.6222013137,100.363288879395,5.2,98.7656134279428,98.0,99.0,1.701,100.0,1130.53796387,31.7,4.1,78.6682926829268,1.132,81.566462110512,5.332000000000001,10.31,0.775,70.2,0.715,-0.052,0.799,0.6509999999999999,0.3379999999999999
KOR,"Korea, Rep.",EAS,High income,2007,36257.3401689702,100.793983459473,4.8,98.8370462636784,91.0,92.0,1.753,100.0,1256.36437988,32.0,3.8,79.119512195122,1.259,81.712125801927,5.767,10.361,0.8270000000000001,70.5,0.6559999999999999,-0.059,0.8029999999999999,0.69,0.226
KOR,"Korea, Rep.",EAS,High income,2008,37064.1518484106,101.344970703125,4.5,98.9084790994141,94.0,92.0,1.872,99.9913543263754,1186.375,32.3,3.6,79.5170731707317,1.192,81.8350833138518,5.39,10.383,0.754,70.8,0.524,-0.102,0.7709999999999999,0.643,0.239
KOR,"Korea, Rep.",EAS,High income,2009,37176.1939270969,101.050827026367,4.3,98.9799119351498,94.0,93.0,1.95,99.9749792813269,1150.97253418,32.15,3.4,79.9682926829268,1.149,81.9245045084002,5.648,10.386,0.8109999999999999,71.1,0.6,-0.096,0.787,0.6970000000000001,0.209
KOR,"Korea, Rep.",EAS,High income,2010,39574.0500732947,100.80436706543,4.1,99.0513447708854,94.0,98.0,2.016,99.9586042362784,1417.10913086,32.0,3.3,80.1170731707317,1.226,81.9685075986486,6.1160000000000005,10.447,0.816,71.4,0.677,-0.033,0.752,0.662,0.13
KOR,"Korea, Rep.",EAS,High income,2011,40719.2273771671,100.998878479004,4.0,99.1227776066211,99.0,99.0,2.063,99.9422291912298,1570.54943848,31.8,3.2,80.5682926829269,1.244,81.9615408086376,,10.475,0.809,71.66,0.682,-0.048,0.8270000000000001,0.6559999999999999,0.168
KOR,"Korea, Rep.",EAS,High income,2012,41537.6728611117,101.147590637207,3.8,99.1942104423568,99.0,99.0,2.099,99.9258541461813,1603.93432617,31.6,3.1,80.819512195122,1.297,81.9087898200378,6.002999999999999,10.494000000000002,0.775,71.92,0.618,-0.049,0.8440000000000001,0.664,0.206
KOR,"Korea, Rep.",EAS,High income,2013,42709.9751857887,100.268768310547,3.7,99.2656432780924,99.0,99.0,2.175,99.9094791011328,1738.80847168,31.4,3.0,81.2707317073171,1.187,81.8269383502703,5.959,10.52,0.797,72.18,0.642,-0.05,0.8320000000000001,0.6759999999999999,0.1889999999999999
KOR,"Korea, Rep.",EAS,High income,2014,43806.9250985661,99.4568099975586,3.6,99.3370761138281,99.0,99.0,2.21,99.8931040560842,1922.98803711,31.2,2.9,81.7219512195122,1.205,81.7315682816954,5.801,10.546,0.738,72.44,0.623,-0.043,0.8340000000000001,0.653,0.283
KOR,"Korea, Rep.",EAS,High income,2015,44849.106767089,100.062088012695,3.5,99.4085089495638,98.0,98.0,2.242,99.8767290110357,1950.89575195,33.2,2.9,82.0243902439024,1.239,81.639489860678,5.78,10.568,0.768,72.7,0.616,-0.036,0.841,0.65,0.244
KOR,"Korea, Rep.",EAS,High income,2016,46088.2430785383,99.7160110473633,3.4,99.4799417852994,98.0,98.0,2.29,99.8603539659872,2042.72949219,35.2,2.8,82.2756097560976,1.172,81.5559241797057,5.971,10.593,0.8109999999999999,73.0,0.591,0.026,0.862,0.6759999999999999,0.233
KOR,"Korea, Rep.",EAS,High income,2017,47536.7898568851,98.6247100830078,3.3,99.5513746210351,97.0,97.0,2.343,99.8439789209386,2258.15307617,34.9,2.7,82.6268292682927,1.052,81.471030429984,5.874,10.621,0.807,73.3,0.5379999999999999,0.0139999999999999,0.851,0.623,0.235
KOR,"Korea, Rep.",EAS,High income,2018,48834.4471157733,98.6656723022461,3.2,99.6228074567707,98.0,98.0,2.386,99.8276038758901,2523.04003906,33.7,2.6,82.6268292682927,0.977,81.3823523035196,5.84,10.643,0.7979999999999999,73.6,0.6,-0.089,0.797,0.6609999999999999,0.217
KOR,"Korea, Rep.",EAS,High income,2019,49790.8679884821,99.6388168334961,3.1,99.6942402925064,98.0,98.0,2.458,99.8112288308416,2602.4831543,33.2,2.6,83.2268292682927,0.918,81.2901063535619,,10.661,0.7829999999999999,73.9,0.706,-0.055,0.718,0.684,0.236
KOR,"Korea, Rep.",EAS,High income,2020,49374.0926148025,99.217903137207,3.1,99.7656731282421,98.0,98.0,2.507,99.7948537857931,2699.6640625,32.7,2.5,83.4268292682927,0.837,81.1759595622913,5.792999999999999,10.648,0.8079999999999999,74.2,0.711,-0.106,0.665,0.64,0.247
KWT,Kuwait,MEA,High income,2005,78193.9012127585,109.952461242676,11.8,100.0,99.0,99.0,1.8,100.0,727.25366211,,9.9,76.8007804878049,2.589,100.0,,11.228,0.919,,0.769,-0.236,0.3279999999999999,0.846,0.182
KWT,Kuwait,MEA,High income,2006,79521.3484338455,107.883522033691,11.6,100.0,99.0,99.0,1.46,100.0,782.20379639,,9.8,76.8876829268293,2.589,100.0,6.0760000000000005,11.228,0.919,63.96,0.769,-0.236,0.3279999999999999,0.846,0.182
KWT,Kuwait,MEA,High income,2007,79474.7611346377,109.510246276855,11.4,100.0,99.0,99.0,1.879,100.0,880.71105957,,9.6,77.0101707317073,2.412,100.0,,11.173666666666666,0.9213333333333333,,0.7856666666666667,-0.15500000000000003,0.4436666666666666,0.8033333333333333,0.20533333333333334
KWT,Kuwait,MEA,High income,2008,77036.5083833055,105.871963500977,11.2,100.0,99.0,99.0,1.884,100.0,1069.46472168,,9.5,77.1890487804878,2.266,100.0,,11.119333333333334,0.9236666666666667,,0.8023333333333333,-0.07400000000000007,0.5593333333333333,0.7606666666666666,0.22866666666666666
KWT,Kuwait,MEA,High income,2009,67896.2680451995,104.793342590332,11.0,100.0,99.0,99.0,1.91,100.0,1025.90490723,,9.3,77.4333658536585,2.155,100.0,6.585,11.065,0.926,64.44,0.8190000000000001,0.0069999999999999,0.675,0.718,0.252
KWT,Kuwait,MEA,High income,2010,62956.2152904125,103.456070631628,10.7,100.0,98.0,98.0,2.47,100.0,1050.41589355,,9.1,77.7262195121951,2.044,100.0,,10.982,0.893,64.6,0.703,-0.031,0.486,0.718,0.203
KWT,Kuwait,MEA,High income,2011,64844.5019019408,104.034639765968,10.3,100.0,99.0,99.0,2.484,100.0,1147.15539551,,8.8,78.052243902439,1.956,100.0,,11.017,0.882,64.9,0.769,-0.008400000000000019,0.56,0.7929999999999999,0.177
KWT,Kuwait,MEA,High income,2012,64908.262639237,101.201070548063,10.0,100.0,98.0,99.0,2.475,100.0,1216.8684082,,8.5,78.3950243902439,1.99,100.0,6.221,11.025,0.889,65.2,0.934,0.014199999999999963,0.56,0.821,0.095
KWT,Kuwait,MEA,High income,2013,62458.8089221249,100.76174143249,9.6,100.0,99.0,99.0,2.547,100.0,1235.29321289,,8.2,78.7418048780488,1.968,100.0,6.48,10.985,0.862,65.5,0.7509999999999999,0.036799999999999944,0.56,0.752,0.283
KWT,Kuwait,MEA,High income,2014,60065.6544076232,100.81140841023,9.3,100.0,95.0,94.0,2.67,100.0,1293.8326416,,8.0,79.0803414634146,2.06,100.0,6.18,10.945,0.8425,65.8,0.7865,0.059399999999999925,0.56,0.7375,0.3035
KWT,Kuwait,MEA,High income,2015,57763.5174574395,101.798934825921,9.1,100.0,99.0,93.0,2.647,100.0,1259.55786133,,7.8,79.3765609756098,2.03,100.0,6.146,10.912,0.823,66.1,0.8220000000000001,0.0819999999999999,0.56,0.723,0.324
KWT,Kuwait,MEA,High income,2016,56936.620842726,95.082504528762,9.0,100.0,99.0,99.0,2.106,100.0,1292.71984863,,7.7,79.6775853658537,2.061,100.0,5.947,10.91,0.845,66.3,0.841,-0.075,0.56,0.688,0.315
KWT,Kuwait,MEA,High income,2017,52285.5871175696,91.091846001843,8.9,100.0,99.0,99.0,2.106,100.0,1351.72387695,,7.7,79.9160731707317,2.16,100.0,6.093999999999999,10.837,0.853,66.5,0.884,-0.005,0.56,0.6920000000000001,0.307
KWT,Kuwait,MEA,High income,2018,51623.8078622052,88.3663601926408,8.9,100.0,91.0,98.0,2.03,100.0,1658.60375977,,7.6,80.1063658536585,2.118,100.0,,10.827,0.8475,,0.8755,-0.05449999999999999,0.56,0.6935,0.305
KWT,Kuwait,MEA,High income,2019,51380.6455354631,83.058405539644,8.9,100.0,92.0,97.0,2.087,100.0,1643.16491699,,7.6,81.969756097561,2.082,100.0,6.106,10.817,0.8420000000000001,66.9,0.867,-0.104,0.56,0.695,0.303
KWT,Kuwait,MEA,High income,2020,49372.8187938552,81.3867938642424,8.8,100.0,93.0,95.0,2.273,100.0,1542.72143555,,7.6,78.7609756097561,2.033,100.0,,10.817,0.8420000000000001,,0.867,-0.104,0.56,0.695,0.303
LAO,Lao PDR,EAS,Lower-middle income,2005,3630.55878769378,110.026527404785,77.7,59.0427496607497,49.0,41.0,0.267,43.0065419549901,17.33082581,35.4,66.2,60.688,3.685,27.3224977292697,,8.251,0.807,,0.925,0.439,0.688,0.8859999999999999,0.163
LAO,Lao PDR,EAS,Lower-middle income,2006,3881.53736632657,110.817306518555,73.5,60.9334481098934,57.0,48.0,0.2495,45.6181272062028,19.22654533,35.4,63.0,61.074,3.559,28.0378756242097,5.0760000000000005,8.251,0.807,53.92,0.925,0.439,0.688,0.8859999999999999,0.163
LAO,Lao PDR,EAS,Lower-middle income,2007,4112.25301659759,112.471809387207,69.5,62.8062763559799,50.0,40.0,0.232,48.2158994762992,24.56666374,35.4,59.9,61.694,3.438,28.7343050001346,5.364,8.307,0.79,54.44,0.867,0.478,0.58,0.861,0.136
LAO,Lao PDR,EAS,Lower-middle income,2008,4367.162880257,114.984016418457,65.5,64.6620895988517,61.0,52.0,0.21450000000000002,50.8009551119223,26.74945259,35.519999999999996,56.8,62.248,3.331,29.4034348148069,5.044,8.366,0.807,54.96,0.8859999999999999,0.416,0.637,0.8290000000000001,0.2019999999999999
LAO,Lao PDR,EAS,Lower-middle income,2009,4625.07173324518,117.407089233398,61.8,66.4995750629687,67.0,59.0,0.197,53.3715578045122,35.71521378,35.64,53.9,63.023,3.229,30.0420311503825,,8.426666666666666,0.7683333333333333,,0.8846666666666666,0.4303333333333333,0.6203333333333334,0.8526666666666667,0.2096666666666666
LAO,Lao PDR,EAS,Lower-middle income,2010,4946.10563678173,119.705680847168,58.4,68.3192708714706,74.0,64.0,0.332,55.92839334626,34.52460861,35.76,51.2,63.69,3.137,30.6468600890172,,8.487333333333334,0.7296666666666667,,0.8833333333333333,0.4446666666666666,0.6036666666666667,0.8763333333333334,0.2173333333333333
LAO,Lao PDR,EAS,Lower-middle income,2011,5266.87866924206,119.074599302583,55.1,70.1211055659738,76.0,67.0,0.3265,58.4713447138194,27.11878395,35.88,48.6,64.505,3.049,31.2146877128668,4.704,8.548,0.691,56.3,0.882,0.4589999999999999,0.5870000000000001,0.9,0.225
LAO,Lao PDR,EAS,Lower-middle income,2012,5608.96956337059,118.414315740965,52.1,71.9052632997901,77.0,69.0,0.321,61.0006356441256,32.46548843,36.0,46.2,65.126,2.953,31.7422801040872,4.876,8.611,0.693,56.6,0.8835,0.2319999999999999,0.5878333333333334,0.917,0.387
LAO,Lao PDR,EAS,Lower-middle income,2013,5974.47368943414,118.408152699995,49.4,73.6706450859176,83.0,78.0,0.326,63.5147843127718,43.49770355,36.46666666666667,44.0,65.723,2.872,32.2264033448341,,8.6668,0.6958,,0.885,0.20019999999999993,0.5886666666666668,0.9082,0.3784
LAO,Lao PDR,EAS,Lower-middle income,2014,6341.2122967032,117.425464096562,46.8,75.4180039823174,83.0,81.0,0.377,66.0147584184353,45.53330612,36.93333333333333,41.9,66.35,2.802,32.6638235172635,,8.7226,0.6986,,0.8865,0.16839999999999994,0.5895000000000001,0.8994,0.3698
LAO,Lao PDR,EAS,Lower-middle income,2015,6703.74124348885,114.302879123065,44.4,77.1470405122433,82.0,78.0,0.4,68.5001364815887,52.04236603,37.4,39.9,66.688,2.796,33.1240204432199,,8.778400000000001,0.7014,,0.8879999999999999,0.13659999999999994,0.5903333333333334,0.8906000000000001,0.36119999999999997
LAO,Lao PDR,EAS,Lower-middle income,2016,7063.25545347926,110.502812681423,42.2,78.8579483150043,82.0,76.0,0.371,70.9711485336486,54.3762207,37.86666666666667,38.1,67.014,2.744,33.8267455533474,,8.834200000000001,0.7042,,0.8895,0.10479999999999998,0.5911666666666667,0.8818,0.35259999999999997
LAO,Lao PDR,EAS,Lower-middle income,2017,7432.4596330485,107.444972491228,40.2,80.5500537342279,78.0,78.0,0.44,73.4268509487817,61.42248535,38.33333333333333,36.4,67.345,2.691,34.5115346444216,4.623,8.89,0.7070000000000001,58.3,0.8909999999999999,0.073,0.5920000000000001,0.873,0.344
LAO,Lao PDR,EAS,Lower-middle income,2018,7775.08574451883,104.275413158198,38.3,82.2233994378671,75.0,75.0,0.361,75.8672585757636,57.1708374,38.8,34.8,67.594,2.633,35.2050070032013,4.859,8.935,0.705,58.7,0.907,0.141,0.634,0.852,0.332
LAO,Lao PDR,EAS,Lower-middle income,2019,8075.27502377003,101.978544594664,36.5,83.8782119453961,66.0,70.0,0.363,78.292642485837,67.57865143,38.8,33.3,67.911,2.589,35.9072880879451,5.197,8.965,0.7290000000000001,59.1,0.906,0.061,0.62,0.878,0.306
LAO,Lao PDR,EAS,Lower-middle income,2020,7995.59502527818,100.27766790602,34.8,85.8856322944911,61.0,63.0,0.356,80.7027420895793,51.96581268,38.8,31.9,68.339,2.535,36.6185033569111,5.284,8.96,0.66,59.5,0.915,0.141,0.748,0.8220000000000001,0.358
LBN,Lebanon,MEA,Lower-middle income,2005,13024.6648924956,89.1887664794922,15.3,86.6074724945326,80.0,82.0,2.475,80.8512644585314,347.40252686,31.8,13.5,76.074,2.291,86.7665156672703,5.4910000000000005,9.565,0.7959999999999999,64.6,0.703,0.069,0.945,0.584,0.292
LBN,Lebanon,MEA,Lower-middle income,2006,13003.680803908,88.5270919799805,14.6,87.0655312148148,80.0,82.0,2.475,82.1604427714428,401.43670654,31.8,12.9,75.677,2.244,86.9323508787087,4.6530000000000005,9.568,0.853,64.72,0.67,0.069,0.902,0.5479999999999999,0.32
LBN,Lebanon,MEA,Lower-middle income,2007,13941.5614244767,88.3269729614258,14.1,87.5235899350969,80.0,82.0,2.309,83.4696210843542,438.71112061,31.8,12.3,76.732,2.201,87.1024862269079,,9.6555,0.785,,0.597,0.052000000000000005,0.9145000000000001,0.5375,0.3425
LBN,Lebanon,MEA,Lower-middle income,2008,14955.1413563252,86.235969543457,13.6,87.9816486553791,81.0,82.75,2.3053333333333335,84.7787993972656,462.17767334,31.8,11.9,76.956,2.172,87.2769743307677,4.595,9.743,0.7170000000000001,64.96,0.524,0.035,0.927,0.527,0.365
LBN,Lebanon,MEA,Lower-middle income,2009,16264.3506182706,85.3689270019531,13.2,88.4397073756613,81.0,83.5,2.3016666666666667,86.087977710177,496.88284302,31.8,11.6,77.262,2.191,87.4558678091878,5.206,9.83,0.736,65.08,0.665,0.071,0.937,0.528,0.401
LBN,Lebanon,MEA,Lower-middle income,2010,17390.7584012958,84.7973450726083,13.0,88.8977660959435,82.0,84.25,2.298,87.3971560230884,567.25506592,31.8,11.4,77.529,2.256,87.6392192810679,5.032,9.878,0.721,65.2,0.6779999999999999,0.073,0.949,0.525,0.341
LBN,Lebanon,MEA,Lower-middle income,2011,17353.1960845294,84.8372167281463,12.8,89.3558248162257,82.0,85.0,2.675,88.7063343359999,640.69805908,31.8,11.2,77.768,2.32,87.8270813653079,5.188,9.838,0.733,65.28,0.657,0.006,0.911,0.578,0.32
LBN,Lebanon,MEA,Lower-middle income,2012,17323.3013764282,85.2793225598415,12.7,89.8138835365079,83.0,83.0,2.495,90.0155126489113,588.83917236,31.8,11.1,77.941,2.345,88.0195066808075,,9.8,0.713,65.36,0.621,-0.006,0.856,0.499,0.3389999999999999
LBN,Lebanon,MEA,Lower-middle income,2013,16396.4969302163,86.8028638212504,12.7,90.27194225679,83.0,82.0,2.315,91.3246909618227,576.87176514,31.8,11.1,78.037,2.361,88.2165478464663,4.9830000000000005,9.772,0.708,65.44,0.655,-0.004,0.921,0.499,0.409
LBN,Lebanon,MEA,Lower-middle income,2014,15205.873265402,78.51893817562,12.8,90.7300009770723,83.0,82.0,2.045,92.6338692747341,569.97937012,31.8,11.2,78.148,2.375,88.4182574811842,5.233,9.739,0.759,65.52,0.657,-0.012,0.939,0.5589999999999999,0.267
LBN,Lebanon,MEA,Lower-middle income,2015,14980.020515614,77.1609396441008,12.9,91.1880596973545,83.0,82.0,2.123,93.9430475876455,572.07220459,31.8,11.3,78.275,2.382,88.6246882038608,5.172000000000001,9.699,0.742,65.6,0.597,0.073,0.889,0.568,0.243
LBN,Lebanon,MEA,Lower-middle income,2016,15572.3611739774,76.5474649245479,13.2,91.6461184176367,83.0,82.0,2.136,95.2522259005569,640.96563721,31.8,11.5,78.306,2.39,88.835892633396,5.271,9.687,0.828,66.1,0.657,0.031,0.853,0.5529999999999999,0.263
LBN,Lebanon,MEA,Lower-middle income,2017,16128.5838196051,78.1223765134602,13.5,92.1041771379189,83.0,82.0,2.242,96.5614042134683,671.77996826,31.8,11.8,78.192,2.372,89.0519233886895,5.154,9.681,0.777,66.6,0.605,-0.074,0.911,0.515,0.244
LBN,Lebanon,MEA,Lower-middle income,2018,16290.0516478592,77.5757280340719,14.0,92.4654818371011,83.0,82.0,2.412,97.8705825263797,740.38696289,31.8,12.2,78.263,2.347,89.272833088641,5.167000000000001,9.656,0.8290000000000001,67.1,0.607,-0.066,0.907,0.4639999999999999,0.271
LBN,Lebanon,MEA,Lower-middle income,2019,15659.5661040012,77.0927924297378,14.5,92.6,83.0,82.0,2.611,99.0673793809694,798.13421631,31.8,12.6,78.208,2.327,89.4986743521503,,9.597,0.866,67.6,0.447,-0.081,0.89,0.322,0.494
LBN,Lebanon,MEA,Lower-middle income,2020,12507.4366368078,76.1016961624784,15.1,92.6,83.0,82.0,2.68,99.2,303.48632813,31.8,13.1,76.299,2.308,89.729499798117,,9.597,0.866,,0.447,-0.081,0.89,0.322,0.494
LBR,Liberia,SSF,Low income,2005,1335.61728880785,89.2062301635742,134.9,65.4465992759902,60.0,62.0,0.013,13.6730363587121,19.14579582,36.4,89.0,56.765,5.519,45.8510093035277,,7.196000000000001,0.594,,0.79,0.115,0.7759999999999999,0.613,0.435
LBR,Liberia,SSF,Low income,2006,1364.60347323709,89.2062301635742,126.5,66.2032069100531,60.0,63.0,0.013,14.1158011729766,18.34446335,36.4,83.8,57.495,5.53,46.2322959899902,,7.196000000000001,0.594,,0.79,0.115,0.7759999999999999,0.613,0.435
LBR,Liberia,SSF,Low income,2007,1422.10019670004,88.81563186645505,119.6,66.9527157246347,65.0,71.0,0.013,14.564331528772,15.8568964,36.4,79.8,58.147,5.462,46.6104850769043,3.701,7.196000000000001,0.594,49.14,0.79,0.115,0.7759999999999999,0.613,0.435
LBR,Liberia,SSF,Low income,2008,1463.12408187297,88.4250335693359,114.0,67.6948813001936,75.0,76.0,0.013,15.018343502263,26.30083656,35.94285714285714,76.5,58.675,5.328,47.1080497871025,,7.223,0.619,49.96,0.7240000000000001,-0.035,0.84,0.585,0.261
LBR,Liberia,SSF,Low income,2009,1492.99817384053,95.9832763671875,109.5,68.4324549886399,81.0,83.0,0.023,15.4802745365152,40.21982574,35.48571428571429,73.8,59.106,5.174,47.6245255922562,,7.240499999999999,0.7230000000000001,,0.7715000000000001,-0.036500000000000005,0.829,0.59,0.239
LBR,Liberia,SSF,Low income,2010,1538.85083488512,98.36450556587525,105.7,69.1652648922475,70.0,65.0,0.022,15.9501173630923,40.8739624,35.02857142857143,71.7,59.358,5.058,48.1407517057907,,7.257999999999999,0.8270000000000001,51.6,0.8190000000000001,-0.038,0.818,0.595,0.217
LBR,Liberia,SSF,Low income,2011,1601.03374045996,100.745734764563,102.4,69.8933749749855,77.0,71.0,0.0248,16.4280907750626,47.58517075,34.57142857142857,69.9,59.486,4.97,48.6583302770849,,7.29125,0.79725,,0.76175,-0.036,0.83075,0.582,0.27349999999999997
LBR,Liberia,SSF,Low income,2012,1668.97289588776,76.47172013391776,99.5,70.6161490742492,80.0,80.0,0.0276,16.9137232016405,46.67208862,34.114285714285714,68.3,59.785,4.881,49.1773247639526,,7.3245,0.7675000000000001,,0.7045,-0.034,0.8435,0.569,0.32999999999999996
LBR,Liberia,SSF,Low income,2013,1774.5205777394,52.1977055032725,97.0,71.3338862504404,80.0,74.0,0.030399999999999996,17.4074580077978,48.72935104,33.65714285714286,67.0,59.992,4.749,49.6977986242077,,7.357749999999999,0.73775,,0.64725,-0.032,0.8562500000000001,0.5559999999999999,0.38649999999999995
LBR,Liberia,SSF,Low income,2014,1750.1438489328,92.5530201850852,97.0,72.0459731773456,63.0,58.0,0.03319999999999999,17.9088071106971,54.82420349,33.2,68.0,59.21,4.622,50.2198153156642,4.571000000000001,7.391,0.708,53.28,0.59,-0.03,0.8690000000000001,0.5429999999999999,0.4429999999999999
LBR,Liberia,SSF,Low income,2015,1714.09047960464,89.990046454263,93.2,72.7524847164664,65.0,64.0,0.036,18.4179781203981,68.89793396,34.25,65.1,59.248,4.523,50.7434382961363,2.702,7.365,0.638,53.7,0.6709999999999999,-0.061,0.903,0.505,0.3879999999999999
LBR,Liberia,SSF,Low income,2016,1653.31050211233,83.8891158492465,91.5,73.4532574499597,73.0,70.0,0.049,18.9349390175014,67.68016052,35.3,64.2,60.483,4.461,51.2687310234384,3.355,7.324,0.643,54.5,0.763,0.033,0.901,0.636,0.509
LBR,Liberia,SSF,Low income,2017,1661.30290782171,79.5952338903314,90.3,74.1477432355412,80.0,75.0,0.051,19.4591800299081,67.8789978,35.3,63.7,60.777,4.396,51.7957569553849,4.424,7.324,0.685,55.3,0.733,-0.012,0.867,0.6679999999999999,0.391
LBR,Liberia,SSF,Low income,2018,1647.97443793846,77.20443188694976,89.4,74.8362128370245,81.0,74.0,0.14,19.9911366216728,68.88298798,35.3,63.4,60.999,4.336,52.3245795497906,,7.311,0.727,56.1,0.7659999999999999,0.05,0.868,0.66,0.436
LBR,Liberia,SSF,Low income,2019,1575.76665001238,74.81362988356814,88.7,75.5183258975949,71.0,68.0,0.145,20.5305258325317,51.1932373,35.3,63.3,61.232,4.257,52.85526226447,5.121,7.263999999999999,0.7120000000000001,56.9,0.706,0.051,0.828,0.636,0.389
LBR,Liberia,SSF,Low income,2020,1497.37692436272,72.4228278801865,88.3,76.193954779971,66.0,61.0,0.151,21.0772995001903,76.11009979,35.3,63.4,61.267,4.174,53.3878685572381,,7.263999999999999,0.7120000000000001,,0.706,0.051,0.828,0.636,0.389
LBY,Libya,MEA,Upper-middle income,2005,20649.4624580172,102.512176513672,23.1,93.0792486754992,98.0,97.0,1.79,90.5300908537705,209.878479,,17.9,71.439,2.765,88.135773324416,,9.842,0.855,,0.7120000000000001,-0.032,0.7909999999999999,0.695,0.316
LBY,Libya,MEA,Upper-middle income,2006,21545.2986384419,106.998237609863,21.7,93.0792486754992,98.0,98.0,1.79,90.4231990216393,231.11968994,,16.8,71.632,2.699,88.1599560242948,,9.842,0.855,,0.7120000000000001,-0.032,0.7909999999999999,0.695,0.316
LBY,Libya,MEA,Upper-middle income,2007,22422.0117594762,106.998237609863,20.2,93.0792486754992,98.0,98.0,1.79,90.3163071895082,269.63085938,,15.7,71.788,2.648,88.1560287475586,,9.842,0.855,,0.7120000000000001,-0.032,0.7909999999999999,0.695,0.316
LBY,Libya,MEA,Upper-middle income,2008,21915.1976208274,106.998237609863,18.8,93.0792486754992,98.0,98.0,1.79,90.209415357377,312.11196899,,14.6,71.936,2.599,88.1474456787109,,9.842,0.855,,0.7120000000000001,-0.032,0.7909999999999999,0.695,0.316
LBY,Libya,MEA,Upper-middle income,2009,20518.9642412838,106.998237609863,17.6,93.0792486754992,98.0,98.0,1.886,90.1025235252459,342.20449829,,13.7,72.071,2.556,88.1345825195312,,9.842,0.855,,0.7120000000000001,-0.032,0.7909999999999999,0.695,0.316
LBY,Libya,MEA,Upper-middle income,2010,21115.5259846154,106.998237609863,16.6,93.0792486754992,98.0,98.0,1.9162,89.9956316931147,380.58596802,,13.0,72.196,2.603,88.1177139282227,,9.842,0.855,,0.7120000000000001,-0.032,0.7909999999999999,0.695,0.316
LBY,Libya,MEA,Upper-middle income,2011,10741.9206751908,106.998237609863,19.6,93.0792486754992,98.0,98.0,1.9464,89.8887398609836,305.20037842,,13.9,69.95,2.646,88.0970458984375,,9.842,0.855,,0.7120000000000001,-0.032,0.7909999999999999,0.695,0.316
LBY,Libya,MEA,Upper-middle income,2012,20601.0026641,106.998237609863,15.0,93.0792486754992,98.0,98.0,1.9766,89.7818480288524,592.46356201,,11.9,72.188,2.68,88.0727920532227,5.754,9.842,0.855,62.66,0.7120000000000001,-0.032,0.7909999999999999,0.695,0.316
LBY,Libya,MEA,Upper-middle income,2013,16557.500941665,106.998237609863,14.4,93.3521899597212,96.0,96.0,2.0068,89.6749561967213,594.65338135,,11.4,72.339,2.716,88.0451431274414,,9.664,0.8593333333333333,,0.7330000000000001,-0.036,0.7674,0.698,0.33366666666666667
LBY,Libya,MEA,Upper-middle income,2014,12499.0829968523,106.998237609863,13.8,93.625131243943,94.0,97.0,2.037,89.5680643645901,462.19216919,,10.9,71.3,2.754,88.0142059326172,,9.486,0.8636666666666667,,0.754,-0.04,0.7437999999999999,0.7010000000000001,0.35133333333333333
LBY,Libya,MEA,Upper-middle income,2015,12195.3486990421,106.998237609863,13.3,93.8980725281649,97.0,98.0,1.861,89.461172532459,433.06808472,,10.6,71.644,2.711,87.8159103393555,5.615,9.308,0.868,62.3,0.775,-0.044,0.7202,0.7040000000000001,0.369
LBY,Libya,MEA,Upper-middle income,2016,11831.8257669559,106.998237609863,12.8,94.1710138123867,97.0,97.0,1.9514999999999998,89.3542807003278,464.47531128,,10.2,71.799,2.673,87.8160056703177,,9.268,0.8759999999999999,62.3,0.8220000000000001,-0.089,0.6965999999999999,0.718,0.3829999999999999
LBY,Libya,MEA,Upper-middle income,2017,15428.1164411854,106.998237609863,12.4,94.4439550966087,97.0,95.0,2.042,89.2473888681967,466.08538818,,9.8,72.721,2.626,87.8166729870528,5.647,9.491,0.823,62.3,0.779,-0.019,0.6729999999999999,0.6970000000000001,0.379
LBY,Libya,MEA,Upper-middle income,2018,16385.164476127,106.998237609863,11.9,94.7168963808305,97.0,95.0,2.042,89.1404970360656,544.88079834,,9.5,73.151,2.581,87.818484275334,,9.617,0.8240000000000001,62.3,0.7809999999999999,-0.1009999999999999,0.6459999999999999,0.706,0.3989999999999999
LBY,Libya,MEA,Upper-middle income,2019,14337.1962987582,106.998237609863,11.6,94.9898376650524,97.0,95.0,2.042,89.0336052039344,552.73168945,,9.2,72.941,2.539,87.8220115209342,5.33,9.627,0.8270000000000001,62.3,0.762,-0.073,0.6859999999999999,0.7090000000000001,0.401
LBY,Libya,MEA,Upper-middle income,2020,9978.66400110743,106.998237609863,11.2,95.2627789492743,97.0,95.0,2.042,88.9267133718033,472.62240601,,9.0,72.388,2.507,87.8278267096263,,9.627,0.8270000000000001,,0.762,-0.073,0.6859999999999999,0.7090000000000001,0.401
LCA,St. Lucia,LCN,Upper-middle income,2005,19303.9921315127,100.855690002441,18.5,91.5053069842669,95.0,94.0,0.508,84.6384275834936,333.37374878,43.7,16.2,72.544,1.807,23.5419158996884,,,,,,,,,
LCA,St. Lucia,LCN,Upper-middle income,2006,20353.6533720188,99.70969009399394,18.6,91.8416872501898,85.0,94.0,0.7422,84.4463989755519,389.94595337,43.7,16.3,72.794,1.765,22.2016686292365,,,,,,,,,
LCA,St. Lucia,LCN,Upper-middle income,2007,20559.8974830119,98.5636901855469,18.6,92.1859193338883,99.0,94.0,0.9764,84.2555483784104,439.59280396,43.7,16.4,72.86,1.7,20.9268897953144,,,,,,,,,
LCA,St. Lucia,LCN,Upper-middle income,2008,21443.2592977841,97.6221618652344,18.7,92.5376090518589,96.0,99.0,1.2106000000000001,84.0663414681814,430.23074341,43.7,16.6,72.963,1.7,19.8192937163625,,,,,,,,,
LCA,St. Lucia,LCN,Upper-middle income,2009,20706.505527623,98.1285171508789,18.8,92.8966104390121,95.0,99.0,1.4448,83.8789714448605,432.087677,43.7,16.7,72.946,1.735,18.9805947108213,,,,,,,,,
LCA,St. Lucia,LCN,Upper-middle income,2010,20648.7861045765,98.3890533447266,18.8,93.2662294112119,97.0,95.0,1.679,83.6875055171491,438.23928833,43.7,16.7,72.768,1.673,18.5125070971313,,,,,,,,,
LCA,St. Lucia,LCN,Upper-middle income,2011,21430.0225948015,97.876091003418,18.8,93.6615915186217,99.0,91.0,1.845,83.4554358381498,462.20251465,43.7,16.8,72.962,1.5,18.4743479557314,,,,,,,,,
LCA,St. Lucia,LCN,Upper-middle income,2012,21309.2251296295,96.9173278808594,18.8,94.0569581898498,98.0,99.0,2.19,83.2177970691817,456.06369019,43.7,16.9,72.86,1.5,18.6193081275177,,,,,,,,,
LCA,St. Lucia,LCN,Upper-middle income,2013,20827.2886025849,97.3613510131836,18.8,94.4525423890569,99.0,99.0,2.497,82.9738127576029,485.6628418,43.7,16.9,72.687,1.5,18.9258370999948,,,,,,,,,
LCA,St. Lucia,LCN,Upper-middle income,2014,21010.6981919895,96.8783264160156,18.8,94.8482428574282,99.0,99.0,1.901,82.7233630078731,470.48123169,43.7,16.9,72.676,1.485,19.3915445904726,,,,,,,,,
LCA,St. Lucia,LCN,Upper-middle income,2015,20939.8810312364,95.2710037231445,18.7,95.2439847521417,99.0,97.0,3.7865,82.9135424876692,473.24108887,43.7,16.9,72.932,1.473,20.0204288176073,,,,,,,,,
LCA,St. Lucia,LCN,Upper-middle income,2016,21566.3058799575,94.9370727539062,18.6,95.6396226854017,95.0,99.0,5.672,83.1035196660243,479.8744812,43.7,16.8,72.552,1.461,20.8164880000551,,,,,,,,,
LCA,St. Lucia,LCN,Upper-middle income,2017,22207.2131041263,95.5083618164062,18.5,96.0350677750338,80.0,87.0,6.245,83.2569990879187,504.96411133,43.7,16.8,72.522,1.448,21.783720356472,,,,,,,,,
LCA,St. Lucia,LCN,Upper-middle income,2018,22761.1613461447,96.8281097412109,18.4,96.4302304236654,95.0,86.0,6.367,83.3759977820708,497.48629761,43.7,16.7,72.655,1.436,22.9261241055144,,,,,,,,,
LCA,St. Lucia,LCN,Upper-middle income,2019,22445.2080507874,97.7209014892578,18.2,96.8249802505704,92.0,96.0,6.168,83.3723158043306,506.03204346,43.7,16.6,72.249,1.424,24.2476974658382,,,,,,,,,
LCA,St. Lucia,LCN,Upper-middle income,2020,22445.2080507874,98.4292526245117,18.1,97.2192348527324,86.0,89.0,4.234,83.3681101145383,589.63696289,43.7,16.5,72.308,1.411,25.7524386560998,,,,,,,,,
LIE,Liechtenstein,ECS,High income,2005,,105.754722595215,,100.0,,,,99.95,9956.29785156,,,80.6682926829268,1.49,14.594120964481,,,,,,,,,
LIE,Liechtenstein,ECS,High income,2006,,107.511962890625,,100.0,,,,99.95,9956.29785156,,,80.9487804878049,1.43,14.5394671726401,,,,,,,,,
LIE,Liechtenstein,ECS,High income,2007,,107.265769958496,,100.0,,,,99.95,9956.29785156,,,81.2951219512195,1.42,14.4938864161177,,,,,,,,,
LIE,Liechtenstein,ECS,High income,2008,,105.525672912598,,100.0,,,,99.95,9956.29785156,,,82.6829268292683,1.43,14.4577640001239,,,,,,,,,
LIE,Liechtenstein,ECS,High income,2009,,105.751121520996,,100.0,,,,99.95,9956.29785156,,,81.5,1.71,14.4314852298684,,,,,,,,,
LIE,Liechtenstein,ECS,High income,2010,,105.459182739258,,100.0,,,,99.95,9956.29785156,,,81.8414634146342,1.4,14.4154354105611,,,,,,,,,
LIE,Liechtenstein,ECS,High income,2011,,104.950500488281,,100.0,,,,99.95,9956.29785156,,,81.7926829268293,1.69,14.4099998474121,,,,,,,,,
LIE,Liechtenstein,ECS,High income,2012,,103.828002929688,,100.0,,,,99.95,9956.29785156,,,82.3829268292683,1.51,14.4124545370445,,,,,,,,,
LIE,Liechtenstein,ECS,High income,2013,,103.244495391846,,100.0,,,,99.95,9956.29785156,,,82.2609756097561,1.45,14.4201755971624,,,,,,,,,
LIE,Liechtenstein,ECS,High income,2014,,102.660987854004,,100.0,,,,99.95,10096.85351563,,,82.0731707317073,1.59,14.4336985145967,,,,,,,,,
LIE,Liechtenstein,ECS,High income,2015,,105.665420532227,,100.0,,,,99.95,9639.75195313,,,82.6560975609756,1.4,14.4535587761782,,,,,,,,,
LIE,Liechtenstein,ECS,High income,2016,,105.491020202637,,100.0,,,,99.95,9703.75878906,,,82.2585365853659,1.61,14.4802918687379,,,,,,,,,
LIE,Liechtenstein,ECS,High income,2017,,104.699737548828,,100.0,,,,99.95,9715.07519531,,,83.7463414634147,1.44,14.5144332791067,,,,,,,,,
LIE,Liechtenstein,ECS,High income,2018,,106.329788208008,,100.0,,,,99.95,9736.24316406,,,83.0414634146342,1.58,14.5565184941154,,,,,,,,,
LIE,Liechtenstein,ECS,High income,2019,,103.830009460449,,100.0,,,,99.95,9686.88378906,,,84.1609756097561,1.48,14.6070830005951,,,,,,,,,
LIE,Liechtenstein,ECS,High income,2020,,102.913627624512,,100.0,,,,99.95,10004.52832031,,,81.6585365853659,1.46,14.6666622853765,,,,,,,,,
LKA,Sri Lanka,SAS,Upper-middle income,2005,7452.7423412297,94.2228393554688,14.0,85.0330281014666,99.0,99.0,0.504,80.8225453170759,55.40001297,39.7,11.2,73.073,2.263,15.167273918248,,8.912,0.8640000000000001,,0.7240000000000001,0.062,0.838,0.757,0.216
LKA,Sri Lanka,SAS,Upper-middle income,2006,7970.6649101939,94.2331619262695,13.3,85.3118425923699,98.0,99.0,0.505,81.6350563894259,63.2890892,39.7,10.7,72.825,2.292,15.4829275281105,4.345,8.912,0.8640000000000001,65.78,0.7240000000000001,0.062,0.838,0.757,0.216
LKA,Sri Lanka,SAS,Upper-middle income,2007,8454.20675331505,94.312141418457,12.6,85.590756668861,98.0,98.0,0.538,82.4507307606243,71.38779449,38.5,10.1,72.983,2.295,15.8544279853018,4.415,8.97,0.838,65.86,0.736,0.11,0.847,0.7090000000000001,0.22
LKA,Sri Lanka,SAS,Upper-middle income,2008,8897.82686005016,94.1940231323242,12.0,85.8700345787064,98.0,98.0,0.605,83.2695498205745,90.00082397,37.300000000000004,9.7,72.556,2.232,16.2762363395441,4.431,9.021,0.816,65.94,0.8340000000000001,0.163,0.861,0.79,0.153
LKA,Sri Lanka,SAS,Upper-middle income,2009,9156.31906481264,92.6846313476562,21.5,86.149546290692,97.0,97.0,0.662,84.0915264944886,97.26274872,36.1,13.3,70.298,2.179,16.7428136405592,,9.049,0.83,66.02,0.799,0.306,0.815,0.77,0.172
LKA,Sri Lanka,SAS,Upper-middle income,2010,9832.18622335265,97.4528586032738,11.2,86.4291556311836,99.0,99.0,0.703,84.916653598686,105.07371521,36.96666666666667,9.1,74.463,2.134,17.2486209380693,,9.119,0.8140000000000001,66.1,0.738,0.259,0.769,0.823,0.163
LKA,Sri Lanka,SAS,Upper-middle income,2011,10618.4925999722,97.2173193437696,10.8,86.7091246125712,99.0,99.0,0.718,85.744932124631,115.51642609,37.833333333333336,8.9,74.74,2.144,17.7881192817964,4.181,9.193,0.8420000000000001,66.2,0.823,0.145,0.76,0.825,0.175
LKA,Sri Lanka,SAS,Upper-middle income,2012,11447.6937737782,97.1213977626125,10.3,86.9893246653002,99.0,99.0,0.742,86.576365798464,110.03600311,38.7,8.5,75.187,2.173,18.2617686748284,4.225,9.279,0.8240000000000001,66.3,0.8,0.161,0.823,0.8640000000000001,0.1969999999999999
LKA,Sri Lanka,SAS,Upper-middle income,2013,12249.7223347846,97.2127527169757,9.8,87.2717415635994,99.0,99.0,0.772,87.410942249761,133.15968323,38.85,8.1,75.546,2.178,18.4323136480916,4.365,9.305,0.809,66.4,0.8340000000000001,0.268,0.8420000000000001,0.86,0.208
LKA,Sri Lanka,SAS,Upper-middle income,2014,12909.9663068113,97.433058484166,9.2,87.5563586215225,99.0,99.0,0.807,88.2487200055783,132.82194519,39.0,7.7,75.757,2.134,18.6153877203724,4.268,9.344,0.805,66.5,0.868,0.299,0.7909999999999999,0.843,0.187
LKA,Sri Lanka,SAS,Upper-middle income,2015,13329.779343882,97.4508545353363,8.7,87.8430484990773,99.0,99.0,0.83,89.0897723399477,144.29077148,39.15,7.4,75.99,2.09,18.796256612131,,9.383,0.863,66.6,0.902,0.319,0.8590000000000001,0.848,0.235
LKA,Sri Lanka,SAS,Upper-middle income,2016,13845.6146782218,96.9411621819868,8.3,88.13156471936,99.0,99.0,0.856,89.9341591246989,145.32496643,39.3,7.0,76.136,2.062,18.9747679368162,,9.4115,0.843,,0.8645,0.20650000000000002,0.8515000000000001,0.8215,0.2525
LKA,Sri Lanka,SAS,Upper-middle income,2017,14572.4858214616,96.6249037351597,7.9,88.4218720472391,99.0,99.0,0.887,90.7819310655448,142.32518005,38.766666666666666,6.7,76.239,2.044,19.1507693078088,4.331,9.44,0.823,67.0,0.8270000000000001,0.094,0.8440000000000001,0.795,0.27
LKA,Sri Lanka,SAS,Upper-middle income,2018,14759.8248945226,95.9343814573526,7.6,88.7139577159347,99.0,99.0,0.958,91.6331770755008,154.64622498,38.233333333333334,6.5,76.485,2.033,19.3241083384127,,9.462,0.833,67.2,0.8590000000000001,0.106,0.856,0.831,0.302
LKA,Sri Lanka,SAS,Upper-middle income,2019,14637.4442912676,95.4735034890634,7.2,89.0074705240203,99.0,99.0,1.098,92.4879479800339,147.01193237,37.7,6.2,76.698,2.022,19.4946326418437,4.213,9.479,0.815,67.4,0.8240000000000001,0.051,0.863,0.816,0.315
LKA,Sri Lanka,SAS,Upper-middle income,2020,13886.6513728689,95.2338733103182,6.9,89.3024800646489,96.0,96.0,1.167,93.3463184770693,159.71383667,37.7,6.0,76.928,2.007,19.6621898312161,,9.479,0.815,,0.8240000000000001,0.051,0.863,0.816,0.315
LSO,Lesotho,SSF,Lower-middle income,2005,2275.01614419256,125.938102722168,114.6,67.224549621847,89.0,83.0,0.069,21.6703679710685,41.66717911,44.9,78.9,43.611,3.428,22.5317981562788,,7.777,0.8240000000000001,,0.618,-0.087,0.768,0.7929999999999999,0.17
LSO,Lesotho,SSF,Lower-middle income,2006,2381.02024562073,129.976348876953,114.7,67.8015454898826,89.0,82.0,0.069,23.1744368605151,49.67809296,44.9,79.6,43.182,3.414,23.3329886243114,,7.777,0.8240000000000001,,0.618,-0.087,0.768,0.7929999999999999,0.17
LSO,Lesotho,SSF,Lower-middle income,2007,2470.31462127885,124.028053283691,111.9,68.3621774697103,88.0,81.0,0.069,24.6557826139107,65.80387878,44.9,79.0,43.66,3.442,24.2187949905661,,7.777,0.8240000000000001,,0.618,-0.087,0.768,0.7929999999999999,0.17
LSO,Lesotho,SSF,Lower-middle income,2008,2589.16635854686,122.513938903809,111.6,68.9266715175082,88.0,80.0,0.069,26.1239917400803,69.06710052,44.9,83.9,44.304,3.392,25.1966303659683,,7.777,0.8240000000000001,,0.618,-0.087,0.768,0.7929999999999999,0.17
LSO,Lesotho,SSF,Lower-middle income,2009,2538.19341751854,119.620330810547,99.1,69.4944225013917,91.0,84.0,0.069,27.5788226829742,80.82315063,44.9,77.6,45.055,3.309,26.2591028264855,,7.777,0.8240000000000001,,0.618,-0.087,0.768,0.7929999999999999,0.17
LSO,Lesotho,SSF,Lower-middle income,2010,2651.37804898226,118.573860412332,90.9,70.0661261191784,93.0,88.0,0.069,29.020495938413,85.87903595,44.9,73.6,46.045,3.25,27.4004815007995,,7.777,0.8240000000000001,,0.618,-0.087,0.768,0.7929999999999999,0.17
LSO,Lesotho,SSF,Lower-middle income,2011,2749.31958166573,117.181528807654,85.2,70.6416125144182,96.0,92.0,0.11750000000000001,30.4489318304881,117.67031097,44.9,70.9,46.93,3.343,28.6150355175921,,7.777,0.8240000000000001,45.74,0.618,-0.087,0.768,0.7929999999999999,0.17
LSO,Lesotho,SSF,Lower-middle income,2012,2894.22705048142,115.307928873959,81.4,71.1931354913507,95.0,91.0,0.166,31.8586043360402,125.37831116,44.9,71.0,48.235,3.296,29.8970340055453,,7.8122,0.8188000000000001,,0.6402,-0.0894,0.763,0.7807999999999999,0.19
LSO,Lesotho,SSF,Lower-middle income,2013,2914.37515966739,110.493088742815,79.3,71.7472805619843,93.0,90.0,0.21450000000000002,33.2568347766841,131.35578918,44.9,71.4,49.547,3.283,31.2407460933407,,7.8473999999999995,0.8136,,0.6624,-0.09179999999999999,0.758,0.7686,0.21000000000000002
LSO,Lesotho,SSF,Lower-middle income,2014,2930.61724036206,107.843876685208,77.6,72.3042900166606,88.0,92.0,0.263,34.6437079655808,121.21549988,44.9,70.3,50.786,3.239,32.6404409096604,,7.8826,0.8084,,0.6846000000000001,-0.0942,0.753,0.7564,0.23
LSO,Lesotho,SSF,Lower-middle income,2015,2986.95866729879,105.217264805575,75.1,72.8644331310882,83.0,93.0,0.3115,36.0192915871812,104.59999847,44.9,69.0,51.83,3.217,34.0903875831861,,7.9178,0.8031999999999999,,0.7068000000000001,-0.0966,0.748,0.7442,0.25
LSO,Lesotho,SSF,Lower-middle income,2016,3057.26091568162,104.249373647237,71.4,73.4272764061932,87.0,90.0,0.36000000000000004,37.3835722556357,91.0127182,44.9,68.2,52.908,3.18,35.5077950709441,3.808,7.952999999999999,0.7979999999999999,46.6,0.7290000000000001,-0.099,0.743,0.732,0.27
LSO,Lesotho,SSF,Lower-middle income,2017,2924.68096193272,105.559253372505,70.1,73.9930898817459,89.0,89.0,0.40850000000000003,38.7366301247734,115.43321228,44.9,68.0,53.874,3.105,36.5283648068846,,7.931,0.769,47.3,0.757,-0.145,0.797,0.746,0.255
LSO,Lesotho,SSF,Lower-middle income,2018,2846.41828124649,96.0052004309251,68.8,74.5632870642167,90.0,89.0,0.457,40.0785080651777,130.93614197,44.9,65.2,54.638,3.016,37.569092747415,,7.9285,0.7795000000000001,,0.7364999999999999,-0.138,0.8560000000000001,0.7404999999999999,0.264
LSO,Lesotho,SSF,Lower-middle income,2019,2773.28639887236,91.2787382569656,68.1,75.1376932253322,92.0,90.0,0.457,41.4091356196007,235.94372559,44.9,63.5,55.249,2.924,38.6040920446259,3.512,7.926,0.79,48.7,0.716,-0.131,0.915,0.735,0.273
LSO,Lesotho,SSF,Lower-middle income,2020,2517.11044486593,87.7447358699667,66.3,75.7168396878056,93.0,90.0,0.457,42.7284382834052,96.84536743,44.9,62.1,55.133,2.846,39.6329305425532,,7.926,0.79,,0.716,-0.131,0.915,0.735,0.273
LTU,Lithuania,ECS,High income,2005,23953.8150681702,102.84455871582,9.0,91.9151921739671,94.0,97.0,3.721,86.614106124964,438.93267822,35.3,7.3,71.2536585365854,1.29,66.5784912109375,,10.046,0.93,,0.5670000000000001,-0.295,0.967,0.621,0.254
LTU,Lithuania,ECS,High income,2006,26139.2837773621,102.028747558594,8.6,92.3957545700156,94.0,97.0,3.791,87.120025751018,536.05737305,34.4,6.9,71.0560975609756,1.33,66.6381530761719,,10.046,0.93,63.14,0.5670000000000001,-0.295,0.967,0.621,0.254
LTU,Lithuania,ECS,High income,2007,29381.9521464971,101.104446411133,8.0,92.8750439712318,95.0,97.0,3.884,87.6245897499717,704.29315186,34.8,6.5,70.9,1.36,66.7184982299805,5.808,10.163,0.941,63.48,0.59,-0.282,0.966,0.589,0.2789999999999999
LTU,Lithuania,ECS,High income,2008,30457.3682543436,99.499267578125,7.3,93.3530575915625,96.0,97.0,3.881,88.1277954949637,936.50933838,35.7,6.0,71.8121951219512,1.45,66.7527770996094,5.553999999999999,10.199,0.914,63.82,0.621,-0.259,0.961,0.5329999999999999,0.276
LTU,Lithuania,ECS,High income,2009,26227.5230201039,99.9498291015625,6.7,93.8193881104381,98.0,96.0,3.854,88.6676561367708,864.73638916,37.2,5.4,72.9146341463415,1.5,66.7816619873047,5.4670000000000005,10.05,0.933,64.16,0.496,-0.303,0.979,0.526,0.271
LTU,Lithuania,ECS,High income,2010,26897.7243702338,100.421501159668,6.1,94.2758564978179,95.0,96.0,3.947,89.1941477060659,805.2244873,33.6,4.9,73.2682926829268,1.5,66.7712860107422,5.066,10.085,0.882,64.5,0.519,-0.275,0.962,0.473,0.272
LTU,Lithuania,ECS,High income,2011,29251.8774718539,101.251838684082,5.6,94.7419457559993,92.0,94.0,4.097,89.7354861346124,925.47161865,32.5,4.6,73.5634146341464,1.55,66.7518340055756,5.432,10.167,0.911,64.7,0.5660000000000001,-0.148,0.964,0.57,0.275
LTU,Lithuania,ECS,High income,2012,30932.0983180261,101.85440826416,5.3,95.2233550480364,93.0,93.0,4.218,90.3009705081306,896.93707275,35.1,4.3,73.8634146341464,1.6,66.8536758422852,5.771,10.218,0.919,64.9,0.503,-0.273,0.957,0.581,0.2769999999999999
LTU,Lithuania,ECS,High income,2013,32487.0008217277,101.802093505859,5.1,95.7024541817261,93.0,93.0,4.276,90.8648178620678,958.04650879,35.3,4.2,73.9146341463415,1.59,67.0092086791992,5.596,10.263,0.913,65.1,0.556,-0.237,0.936,0.581,0.294
LTU,Lithuania,ECS,High income,2014,33988.0148951198,101.519287109375,5.1,96.1793622122159,93.0,93.0,4.306,91.4271935305975,1019.7121582,37.7,4.2,74.5170731707317,1.57,67.1514937628023,,10.306,0.908,65.3,0.508,-0.263,0.956,0.619,0.287
LTU,Lithuania,ECS,High income,2015,35264.7149248316,102.10758972168,5.0,96.6540744092519,93.0,94.0,4.338,91.9880821486282,918.50750732,37.4,4.1,74.3219512195122,1.63,67.2282485961914,5.711,10.335,0.929,65.5,0.6409999999999999,-0.254,0.924,0.595,0.276
LTU,Lithuania,ECS,High income,2016,36632.0832798438,102.853378295898,4.8,97.1276074784164,94.0,94.0,4.466,92.5491836464928,986.13311768,38.4,4.0,74.6707317073171,1.63,67.1894226074219,5.8660000000000005,10.373,0.938,66.1,0.614,-0.266,0.949,0.594,0.25
LTU,Lithuania,ECS,High income,2017,38789.2463179035,103.467041015625,4.5,97.5995795936684,94.0,94.0,4.555,93.1100410366065,1073.95800781,37.3,3.7,75.4804878048781,1.57,67.1012954711914,6.273,10.429,0.926,66.7,0.7490000000000001,-0.174,0.949,0.608,0.25866666666666666
LTU,Lithuania,ECS,High income,2018,41035.4018152732,103.667556762695,4.2,98.0695666979738,92.0,92.0,4.596,93.6701055685758,1241.38574219,35.7,3.5,75.6804878048781,1.53,67.1464742010457,6.309,10.474,0.929,67.3,0.6990000000000001,-0.237,0.949,0.517,0.26733333333333337
LTU,Lithuania,ECS,High income,2019,43078.7118585461,102.557037353516,3.9,98.5372101703489,92.0,93.0,4.568,94.2289437143384,1361.20288086,35.3,3.3,76.2829268292683,1.43,67.245735168457,6.064,10.518,0.918,67.9,0.78,-0.251,0.949,0.5660000000000001,0.276
LTU,Lithuania,ECS,High income,2020,43108.1976060283,102.801078796387,3.7,98.8922199280899,91.0,90.0,4.481,94.786284769893,1511.79626465,36.0,3.1,75.0292682926829,1.36,67.4254608154297,6.391,10.504,0.953,68.5,0.8240000000000001,-0.122,0.949,0.66,0.276
LUX,Luxembourg,ECS,High income,2005,124871.952523256,99.8659591674805,3.5,99.9999981375846,99.0,95.0,2.557,97.6641072754687,5818.14599609,30.8,2.9,79.4317073170732,1.63,86.3735649102561,,11.562,0.939,,0.939,0.127,0.432,0.799,0.238
LUX,Luxembourg,ECS,High income,2006,130290.174082751,99.6400299072266,3.3,99.9999986253518,99.0,95.0,2.605,97.6595985810241,6070.73583984,30.9,2.7,79.2878048780488,1.65,86.7738936810355,,11.562,0.939,,0.939,0.127,0.432,0.799,0.238
LUX,Luxembourg,ECS,High income,2007,138683.319852878,99.5173110961914,3.1,100.0,99.0,96.0,2.711,97.6551965026452,6671.26513672,31.1,2.6,79.3829268292683,1.61,87.1831946460401,,11.562,0.939,,0.939,0.127,0.432,0.799,0.238
LUX,Luxembourg,ECS,High income,2008,135814.608862354,99.1816101074219,3.0,99.9999980028988,99.0,96.0,2.716,97.6508653485568,7578.74951172,32.6,2.5,80.5390243902439,1.61,87.6037664162874,,11.562,0.939,,0.939,0.127,0.432,0.799,0.238
LUX,Luxembourg,ECS,High income,2009,129004.508948877,98.59231185913086,2.9,100.0,99.0,96.0,2.708,97.646673581353,7670.59375,31.2,2.4,80.6365853658537,1.59,88.0379076027949,6.957999999999999,11.562,0.939,71.44,0.939,0.127,0.432,0.799,0.238
LUX,Luxembourg,ECS,High income,2010,131434.360018803,98.0030136108398,2.8,100.0,99.0,96.0,2.771,97.642561725648,7459.83544922,30.5,2.4,80.6317073170732,1.63,88.48791681658,7.097,11.592,0.952,71.7,0.908,0.096,0.423,0.809,0.216
LUX,Luxembourg,ECS,High income,2011,129887.626962873,96.2988433837891,2.7,100.0,99.0,96.0,2.777,97.6385453220137,7174.73925781,32.1,2.3,80.9878048780488,1.52,88.9562814837254,7.101,11.595,0.934,71.88,0.962,0.106,0.3879999999999999,0.836,0.2
LUX,Luxembourg,ECS,High income,2012,128897.403218507,98.7363967895508,2.7,99.9999990171324,99.0,99.0,2.807,97.6347032194608,6029.47460938,34.3,2.2,81.3926829268293,1.57,89.4405768017292,6.964,11.567,0.914,72.06,0.917,0.059,0.4029999999999999,0.815,0.2269999999999999
LUX,Luxembourg,ECS,High income,2013,129947.336184196,97.7293472290039,2.6,99.9999986127199,99.0,99.0,2.83,97.6310682676105,6356.64453125,32.0,2.2,81.8,1.55,89.9413746679705,7.131,11.58,0.917,72.24,0.79,-0.054,0.301,0.64,0.185
LUX,Luxembourg,ECS,High income,2014,130249.550482759,97.3061294555664,2.6,100.0,99.0,99.0,2.882,97.6276041187324,6547.03466797,31.2,2.2,82.2292682926829,1.5,90.4577807676859,6.891,11.598,0.875,72.42,0.938,0.106,0.366,0.8029999999999999,0.17
LUX,Luxembourg,ECS,High income,2015,130097.338289025,97.4022521972656,2.5,99.9999971975971,99.0,99.0,2.908,97.6243035577451,5421.93212891,32.9,2.1,82.2926829268293,1.47,90.9893679353068,6.702000000000001,11.617,0.934,72.6,0.932,0.052,0.375,0.757,0.193
LUX,Luxembourg,ECS,High income,2016,133661.734541281,97.4095687866211,2.5,99.999999435156,99.0,99.0,2.884,97.6211680150003,5475.13964844,31.7,2.1,82.6853658536585,1.41,91.5357090052649,6.9670000000000005,11.64,0.941,72.6,0.882,0.019,0.356,0.758,0.192
LUX,Luxembourg,ECS,High income,2017,132169.829576174,96.7351989746094,2.5,99.9999966233411,99.0,99.0,2.984,97.618188396035,5713.11865234,34.5,2.1,82.0951219512195,1.39,92.0963768119916,7.061,11.634,0.905,72.6,0.903,0.044,0.33,0.7659999999999999,0.184
LUX,Luxembourg,ECS,High income,2018,131733.884471489,97.3428497314453,2.4,99.9999952675499,99.0,99.0,2.984,97.6153595742426,6227.08398438,35.4,2.1,82.2951219512195,1.38,92.6709441899184,7.242999999999999,11.645,0.902,72.6,0.884,-0.022,0.385,0.75,0.2019999999999999
LUX,Luxembourg,ECS,High income,2019,132724.754668303,98.3345489501953,2.4,100.0,99.0,96.0,2.984,97.6126777405437,6221.73876953,34.2,2.0,82.6390243902439,1.34,93.2589839734767,7.404,11.648,0.912,72.6,0.93,-0.045,0.39,0.789,0.212
LUX,Luxembourg,ECS,High income,2020,129865.631871124,98.6442489624023,2.4,100.0,99.0,99.0,2.984,97.6101288941599,6785.86230469,33.4,2.0,82.1439024390244,1.36,93.8600689970981,,11.648,0.912,,0.93,-0.045,0.39,0.789,0.212
LVA,Latvia,ECS,High income,2005,23213.3539355881,104.843978881836,10.5,98.0973437234884,99.0,98.0,2.959,89.6980083736191,440.8097229,35.6,8.6,71.3560975609756,1.39,67.8953910570353,,10.032,0.884,,0.6409999999999999,-0.2289999999999999,0.937,0.654,0.2339999999999999
LVA,Latvia,ECS,High income,2006,26431.8140222767,104.261993408203,9.9,98.1320758435858,96.0,98.0,3.028,89.7567394506575,552.30163574,35.6,8.1,70.8658536585366,1.46,67.873733661714,4.71,10.032,0.884,63.16,0.6409999999999999,-0.2289999999999999,0.937,0.654,0.2339999999999999
LVA,Latvia,ECS,High income,2007,29423.7371235063,104.213363647461,9.3,98.1662009076991,94.0,95.0,3.143,89.8089264081031,775.19146729,37.5,7.7,71.019512195122,1.54,67.8558853865191,4.667,10.136,0.836,63.52,0.7,-0.1669999999999999,0.924,0.6729999999999999,0.247
LVA,Latvia,ECS,High income,2008,28726.9722869522,103.548599243164,8.8,98.2004790709608,94.0,96.0,3.233,89.8611624895794,913.52148438,37.2,7.3,72.419512195122,1.58,67.8420335208058,5.145,10.112,0.855,63.88,0.63,-0.203,0.926,0.639,0.215
LVA,Latvia,ECS,High income,2009,24520.6791475489,102.918098449707,8.3,98.2356850389342,94.0,92.0,3.153,89.9210042199692,744.66162109,35.9,6.9,73.0804878048781,1.46,67.8323653539295,4.669,9.975,0.807,64.24,0.437,-0.18,0.942,0.525,0.242
LVA,Latvia,ECS,High income,2010,24119.7307848939,102.958602905273,7.7,98.2717136022168,92.0,95.0,3.107,89.987937726115,689.07720947,35.0,6.4,73.4829268292683,1.36,67.8270681752453,,10.001999999999999,0.8215,,0.5005,-0.091,0.938,0.544,0.23199999999999998
LVA,Latvia,ECS,High income,2011,25308.7322074626,102.285652160645,7.2,98.3077017378479,92.0,92.0,3.134,90.0539577656872,764.59179688,35.8,6.0,73.5756097560976,1.33,67.8266897008267,4.967,10.029,0.836,64.86,0.564,-0.002,0.934,0.563,0.222
LVA,Latvia,ECS,High income,2012,27496.5454583635,101.048713684082,6.6,98.3436350689574,91.0,90.0,3.144,90.1188989835072,745.51745605,35.2,5.5,73.7780487804878,1.44,67.8331638942219,5.125,10.082,0.851,65.12,0.564,-0.038,0.895,0.56,0.2319999999999999
LVA,Latvia,ECS,High income,2013,28375.1842887263,100.386268615723,6.1,98.3795180177465,94.0,96.0,3.19,90.182767248935,807.13000488,35.5,5.1,73.9829268292683,1.52,67.847334482933,5.07,10.116,0.8340000000000001,65.38,0.631,-0.073,0.8370000000000001,0.642,0.2269999999999999
LVA,Latvia,ECS,High income,2014,29243.7412502629,99.8528213500977,5.6,98.4153361248408,92.0,95.0,3.216,90.2454171956005,856.76654053,35.1,4.7,74.1243902439024,1.65,67.8686035364944,5.729,10.144,0.8809999999999999,65.64,0.6709999999999999,-0.043,0.804,0.652,0.226
LVA,Latvia,ECS,High income,2015,30599.6133134147,99.3933181762695,5.1,98.4511105601359,94.0,96.0,3.197,90.4930837616034,775.86431885,34.2,4.3,74.4804878048781,1.7,67.8965395668259,5.881,10.185,0.879,65.9,0.6559999999999999,-0.077,0.8079999999999999,0.608,0.228
LVA,Latvia,ECS,High income,2016,31668.5148442662,99.1985473632812,4.8,98.4869768488799,98.0,93.0,3.212,90.7423211464844,874.79772949,34.3,4.0,74.580487804878,1.74,67.9307110858472,,10.211,0.917,66.2,0.685,-0.156,0.868,0.654,0.231
LVA,Latvia,ECS,High income,2017,33036.3915943437,99.3678436279297,4.5,98.5228902646121,98.0,96.0,3.205,90.9929787461015,932.50158691,35.6,3.8,74.6292682926829,1.69,67.9706866054779,,10.257,0.895,66.5,0.7,-0.154,0.7979999999999999,0.623,0.2319999999999999
LVA,Latvia,ECS,High income,2018,34729.7062763057,99.614387512207,4.2,98.558820559671,96.0,98.0,3.303,91.2449187722214,1101.49243164,35.1,3.6,74.7829268292683,1.6,68.0160346376376,5.901,10.307,0.913,66.8,0.608,-0.212,0.799,0.585,0.192
LVA,Latvia,ECS,High income,2019,35208.1934590859,99.9834365844727,3.9,98.5947259523274,99.0,99.0,3.267,91.4979934262128,1183.1151123,34.5,3.3,75.3878048780488,1.61,68.066323694246,,10.336,0.936,67.1,0.698,-0.1939999999999999,0.789,0.575,0.212
LVA,Latvia,ECS,High income,2020,34225.8976044058,99.8328475952148,3.6,98.63057400499,99.0,99.0,3.338,91.7520645595703,1313.35412598,35.7,3.1,75.1853658536585,1.55,68.1211222872228,6.229,10.3,0.928,67.4,0.82,-0.078,0.809,0.7140000000000001,0.2019999999999999
MAC,"Macao SAR, China",EAS,High income,2005,87185.5254441553,102.854553222656,,100.0,,,,100.0,,,,81.3414634146341,0.912,100.0,,,,,,,,,
MAC,"Macao SAR, China",EAS,High income,2006,93828.3198758417,100.32633972168,,100.0,,,,100.0,,,,81.7292682926829,0.954,100.0,,,,,,,,,
MAC,"Macao SAR, China",EAS,High income,2007,102879.639164559,101.569869995117,,100.0,,,,100.0,,,,81.7292682926829,1.008,100.0,,,,,,,,,
MAC,"Macao SAR, China",EAS,High income,2008,102474.668562926,102.432548522949,,100.0,,,,100.0,,,,82.0268292682927,0.979,100.0,,,,,,,,,
MAC,"Macao SAR, China",EAS,High income,2009,104911.140336462,101.260093688965,,100.0,,,,100.0,,,,82.1756097560976,1.004,100.0,,,,,,,,,
MAC,"Macao SAR, China",EAS,High income,2010,130758.2806979,101.166413677399,,100.0,,,,100.0,,,,82.2731707317073,1.07,100.0,,,,,,,,,
MAC,"Macao SAR, China",EAS,High income,2011,155385.324208541,102.676451543276,,100.0,,,,100.0,,,,82.4707317073171,1.15,100.0,,,,,,,,,
MAC,"Macao SAR, China",EAS,High income,2012,164239.261923457,99.3245614035088,,100.0,,,,100.0,,,,82.4707317073171,1.357,100.0,,,,,,,,,
MAC,"Macao SAR, China",EAS,High income,2013,174569.523171267,99.6905829596413,,100.0,,,,100.0,,,,82.7219512195122,1.15,100.0,,,,,,,,,
MAC,"Macao SAR, China",EAS,High income,2014,162813.439348589,100.713656387665,,100.0,,,,100.0,,,,83.0219512195122,1.224,100.0,,,,,,,,,
MAC,"Macao SAR, China",EAS,High income,2015,123194.067291275,99.8024691358025,,100.0,,,,100.0,,,,83.2243902439024,1.142,100.0,,,,,,,,,
MAC,"Macao SAR, China",EAS,High income,2016,120530.052858314,101.287356321839,,100.0,,,,100.0,,,,83.2756097560976,1.138,100.0,,,,,,,,,
MAC,"Macao SAR, China",EAS,High income,2017,133322.632677744,105.325925925926,,100.0,,,,100.0,,,,83.5268292682927,1.021,100.0,,,,,,,,,
MAC,"Macao SAR, China",EAS,High income,2018,139541.157248769,101.238255033557,,100.0,,,,100.0,,,,83.6780487804878,0.915,100.0,,,,,,,,,
MAC,"Macao SAR, China",EAS,High income,2019,133453.896026037,96.2426035502959,,100.0,,,,100.0,,,,83.9292682926829,0.899,100.0,,,,,,,,,
MAC,"Macao SAR, China",EAS,High income,2020,59662.4855864551,92.7896174863388,,100.0,,,,100.0,,,,84.1292682926829,0.841,100.0,,,,,,,,,
MAF,St. Martin (French part),LCN,High income,2005,,,,100.0,,,,99.2217301839164,,,,77.802,2.779,100.0,,,,,,,,,
MAF,St. Martin (French part),LCN,High income,2006,,,,100.0,,,,99.2729530827894,,,,77.989,2.711,100.0,,,,,,,,,
MAF,St. Martin (French part),LCN,High income,2007,,,,100.0,,,,99.3241759816624,,,,78.16,2.633,100.0,,,,,,,,,
MAF,St. Martin (French part),LCN,High income,2008,,,,100.0,,,,99.3753988805353,,,,78.326,2.55,100.0,,,,,,,,,
MAF,St. Martin (French part),LCN,High income,2009,,,,100.0,,,,99.4266217794083,,,,78.513,2.464,100.0,,,,,,,,,
MAF,St. Martin (French part),LCN,High income,2010,,,,99.9978182352951,,,,99.4778446782813,,,,78.752,2.4,100.0,,,,,,,,,
MAF,St. Martin (French part),LCN,High income,2011,,,,99.9920582504616,,,,99.5290675771542,,,,79.016,2.424,100.0,,,,,,,,,
MAF,St. Martin (French part),LCN,High income,2012,,,,99.986298265628,,,,99.5802904760272,,,,79.302,2.773,100.0,,,,,,,,,
MAF,St. Martin (French part),LCN,High income,2013,,,,99.9805382807944,,,,99.6315133749002,,,,79.528,2.719,100.0,,,,,,,,,
MAF,St. Martin (French part),LCN,High income,2014,,,,99.9747782959609,,,,99.6827362737731,,,,79.727,2.707,100.0,,,,,,,,,
MAF,St. Martin (French part),LCN,High income,2015,,,,99.9690183111273,,,,99.7339591726461,,,,79.829,2.665,100.0,,,,,,,,,
MAF,St. Martin (French part),LCN,High income,2016,,,,99.9632583262937,,,,99.785182071519,,,,79.885,2.643,100.0,,,,,,,,,
MAF,St. Martin (French part),LCN,High income,2017,,,,99.9574983414602,,,,99.836404970392,,,,78.762,2.657,100.0,,,,,,,,,
MAF,St. Martin (French part),LCN,High income,2018,,,,99.9517383566266,,,,99.887627869265,,,,80.029,2.725,100.0,,,,,,,,,
MAF,St. Martin (French part),LCN,High income,2019,,,,99.945978371793,,,,99.9388507681379,,,,80.078,2.791,100.0,,,,,,,,,
MAF,St. Martin (French part),LCN,High income,2020,,,,99.9402183869595,,,,99.9900736670109,,,,80.085,2.829,100.0,,,,,,,,,
MAR,Morocco,MEA,Lower-middle income,2005,6103.42236328125,105.914749145508,41.4,68.7554997680292,98.0,97.0,0.586,73.1773231573067,97.19748688,40.7,36.8,68.748,2.613,55.4397798676399,,8.746,0.833,,0.6629999999999999,-0.162,0.9,0.736,0.187
MAR,Morocco,MEA,Lower-middle income,2006,6488.673828125,104.963706970215,39.2,70.163478359653,97.0,95.0,0.586,74.1286277364386,110.22368622,40.7,35.0,69.157,2.611,55.9627589629824,,8.746,0.833,,0.6629999999999999,-0.162,0.9,0.736,0.187
MAR,Morocco,MEA,Lower-middle income,2007,6620.59033203125,105.59765625,36.9,71.5537323474751,95.0,95.0,0.586,75.07865785853,131.86448669,40.52857142857143,33.2,69.62,2.618,56.5303841299064,,8.746,0.833,,0.6629999999999999,-0.162,0.9,0.736,0.187
MAR,Morocco,MEA,Lower-middle income,2008,6901.95068359375,104.362167358398,34.8,72.9256075527307,99.0,96.0,0.616,76.0270465893793,153.23677063,40.35714285714286,31.4,70.051,2.612,57.1254169272616,,8.746,0.833,,0.6629999999999999,-0.162,0.9,0.736,0.187
MAR,Morocco,MEA,Lower-middle income,2009,7063.72705078125,104.07991027832,32.8,74.2785219849732,99.0,98.0,0.646,76.9734340408013,165.50694275,40.18571428571429,29.7,70.454,2.624,57.7306189138977,,8.746,0.833,,0.6629999999999999,-0.162,0.9,0.736,0.187
MAR,Morocco,MEA,Lower-middle income,2010,7210.63671875,107.166739963715,30.9,75.6138635064954,99.0,98.0,0.64225,77.9186321842885,168.36595154,40.01428571428571,28.1,70.821,2.629,58.3287516486646,,8.746,0.833,63.5,0.6629999999999999,-0.162,0.9,0.736,0.187
MAR,Morocco,MEA,Lower-middle income,2011,7503.79296875,108.872184910968,29.2,76.9300832583237,99.0,99.0,0.6385000000000001,78.8617098179303,179.00019836,39.84285714285714,26.6,71.263,2.595,58.902576690412,5.085,8.783,0.833,63.8,0.579,-0.218,0.875,0.736,0.187
MAR,Morocco,MEA,Lower-middle income,2012,7628.64404296875,108.773776884177,27.5,78.2275853930086,99.0,99.0,0.63475,79.8028926607457,172.04353333,39.67142857142857,25.2,71.674,2.543,59.4348555979895,4.97,8.799,0.6759999999999999,64.1,0.757,-0.187,0.845,0.687,0.281
MAR,Morocco,MEA,Lower-middle income,2013,7839.0322265625,108.130874044354,26.0,79.5058796686335,99.0,99.0,0.631,80.7418405934609,179.81974792,39.5,23.8,72.117,2.478,59.9083499302469,5.142,8.829,0.597,64.4,0.5720000000000001,-0.21,0.7709999999999999,0.784,0.239
MAR,Morocco,MEA,Lower-middle income,2014,7951.79833984375,107.319519161584,24.5,80.7653426304432,99.0,99.0,0.913,81.6787833331369,188.6415863,39.5,22.5,72.522,2.425,60.3030486171654,,8.8505,0.6014999999999999,,0.6425000000000001,-0.219,0.8065,0.7224999999999999,0.2505
MAR,Morocco,MEA,Lower-middle income,2015,8198.80859375,106.046255203021,23.1,82.0055254325952,99.0,99.0,0.8533333333333334,82.6133857695212,162.85198975,39.5,21.4,72.894,2.406,60.6417124737154,5.162999999999999,8.872,0.606,65.0,0.713,-0.228,0.8420000000000001,0.6609999999999999,0.262
MAR,Morocco,MEA,Lower-middle income,2016,8141.9404296875,105.897808666144,21.9,83.2267677813963,99.0,99.0,0.7936666666666666,83.5458723077839,162.21507263,39.5,20.3,73.228,2.396,60.9657656537179,5.386,8.869,0.655,65.3,0.8170000000000001,-0.237,0.7170000000000001,0.713,0.205
MAR,Morocco,MEA,Lower-middle income,2017,8450.0087890625,106.856009139924,20.8,84.4286583054916,99.0,99.0,0.734,84.4759106100825,166.8500061,39.5,19.3,73.608,2.375,61.2761057031842,5.312,8.898,0.6409999999999999,65.6,0.8140000000000001,-0.216,0.841,0.5589999999999999,0.3229999999999999
MAR,Morocco,MEA,Lower-middle income,2018,8611.75,108.263128143079,19.9,85.6112006137327,99.0,99.0,0.734,85.4034661501233,175.70518494,39.5,18.5,73.946,2.354,61.5695822753314,4.897,8.914,0.5539999999999999,65.9,0.773,-0.2339999999999999,0.843,0.638,0.416
MAR,Morocco,MEA,Lower-middle income,2019,8768.17578125,110.072941907486,19.1,86.7740979476491,99.0,99.0,0.734,86.3282321764417,178.73939514,39.5,17.8,74.245,2.342,61.8430450233765,5.057,8.925,0.535,66.2,0.757,-0.244,0.757,0.589,0.41
MAR,Morocco,MEA,Lower-middle income,2020,8054.56298828125,112.354037460932,18.3,87.9176789567835,99.0,99.0,0.734,87.2504334400562,192.04043579,39.5,17.1,73.133,2.32,62.0933436005366,,8.871,0.5529999999999999,66.5,0.8190000000000001,-0.2289999999999999,0.8029999999999999,0.5870000000000001,0.256
MCO,Monaco,ECS,High income,2005,,124.211936950684,4.5,100.0,99.0,96.0,7.375,100.0,5878.00683594,,3.7,84.34,2.006,100.0,,,,,,,,,
MCO,Monaco,ECS,High income,2006,,124.211936950684,4.4,100.0,99.0,94.0,7.375,100.0,6146.87744141,,3.6,84.194,2.101,100.0,,,,,,,,,
MCO,Monaco,ECS,High income,2007,,124.211936950684,4.3,100.0,99.0,95.0,7.375,100.0,7035.9453125,,3.5,83.903,2.206,100.0,,,,,,,,,
MCO,Monaco,ECS,High income,2008,,124.211936950684,4.2,100.0,99.0,94.0,7.375,100.0,8342.875,,3.4,83.827,2.384,100.0,,,,,,,,,
MCO,Monaco,ECS,High income,2009,,126.48793697357213,4.1,100.0,99.0,92.0,7.375,100.0,8190.71191406,,3.3,84.187,2.397,100.0,,,,,,,,,
MCO,Monaco,ECS,High income,2010,,128.76393699646025,4.0,100.0,99.0,93.0,7.375,100.0,8025.15917969,,3.3,84.644,2.385,100.0,,,,,,,,,
MCO,Monaco,ECS,High income,2011,,131.03993701934837,3.9,100.0,99.0,91.0,7.375,100.0,8314.45996094,,3.2,85.01,2.22,100.0,,,,,,,,,
MCO,Monaco,ECS,High income,2012,,133.3159370422365,3.8,100.0,99.0,91.0,7.32,100.0,7869.89453125,,3.1,85.045,2.294,100.0,,,,,,,,,
MCO,Monaco,ECS,High income,2013,,135.59193706512463,3.7,100.0,99.0,91.0,8.107,100.0,8459.11328125,,3.0,85.056,2.313,100.0,,,,,,,,,
MCO,Monaco,ECS,High income,2014,,137.86793708801275,3.6,100.0,99.0,90.0,7.756,100.0,8691.6953125,,3.0,85.093,2.485,100.0,,,,,,,,,
MCO,Monaco,ECS,High income,2015,,140.14393711090088,3.5,100.0,99.0,89.0,7.891500000000001,100.0,7354.13183594,,2.9,85.323,2.503,100.0,,,,,,,,,
MCO,Monaco,ECS,High income,2016,,142.419937133789,3.4,100.0,99.0,89.0,8.027000000000001,100.0,7157.92578125,,2.8,85.63,2.578,100.0,,,,,,,,,
MCO,Monaco,ECS,High income,2017,,142.419937133789,3.3,100.0,99.0,88.0,8.1625,100.0,7101.640625,,2.7,85.878,2.418,100.0,,,,,,,,,
MCO,Monaco,ECS,High income,2018,,142.419937133789,3.2,100.0,99.0,88.0,8.298,100.0,7621.97021484,,2.6,86.084,2.485,100.0,,,,,,,,,
MCO,Monaco,ECS,High income,2019,,142.419937133789,3.1,100.0,99.0,88.0,8.609,100.0,7517.25341797,,2.6,86.151,2.403,100.0,,,,,,,,,
MCO,Monaco,ECS,High income,2020,,142.419937133789,3.0,100.0,99.0,88.0,8.609,100.0,7582.41552734,,2.5,86.089,2.38,100.0,,,,,,,,,
MDA,Moldova,ECS,Upper-middle income,2005,8161.47344724765,93.5407792138963,20.1,84.6970913966841,98.0,97.0,2.515,73.6881674871304,79.33213043,36.3,18.0,,1.528,39.3704032897949,,8.936,0.812,,0.5539999999999999,-0.1639999999999999,0.926,0.619,0.255
MDA,Moldova,ECS,Upper-middle income,2006,8577.02858037286,93.5407792138963,19.0,85.1105293092425,97.0,96.0,2.573,74.3686465028657,100.10816193,35.4,17.0,,1.537,39.2182388305664,5.102,8.936,0.812,60.58,0.5539999999999999,-0.1639999999999999,0.926,0.619,0.255
MDA,Moldova,ECS,Upper-middle income,2007,8854.83397616724,93.5407792138963,18.2,85.5244670482591,92.0,96.0,2.62,75.053404668561,135.44366455,34.4,16.4,68.674,1.575,39.4315032958984,4.775,8.968,0.804,60.76,0.696,-0.186,0.93,0.5710000000000001,0.306
MDA,Moldova,ECS,Upper-middle income,2008,9563.69814290939,93.5407792138963,17.7,85.9389111690626,90.0,95.0,2.623,75.742452878246,185.56115723,34.7,15.9,69.0,1.638,39.3710708618164,,9.045,0.872,60.94,0.6409999999999999,-0.0559999999999999,0.926,0.584,0.284
MDA,Moldova,ECS,Upper-middle income,2009,9001.23432081622,93.5407792138963,17.2,86.3538510383459,85.0,90.0,2.709,76.4357878576591,208.53004456,32.9,15.5,69.406,1.719,39.3255348205566,5.553999999999999,8.984,0.856,61.12,0.551,-0.099,0.925,0.562,0.306
MDA,Moldova,ECS,Upper-middle income,2010,9649.9509930271,93.5407792138963,16.8,86.7693011719513,90.0,97.0,2.743,77.1334278567767,198.28894043,32.1,15.2,69.876,1.703,39.2804946899414,5.59,9.054,0.847,61.3,0.598,-0.088,0.929,0.584,0.278
MDA,Moldova,ECS,Upper-middle income,2011,10217.3087761255,93.6029804526123,16.5,87.1852515314288,93.0,91.0,2.828,77.835369795755,214.98246765,30.6,14.9,70.173,1.65,39.3469161987305,5.792000000000001,9.111,0.8690000000000001,61.62,0.628,-0.0819999999999999,0.957,0.568,0.285
MDA,Moldova,ECS,Upper-middle income,2012,10158.3854676883,93.7979704671729,16.2,87.601707230864,92.0,91.0,2.889,78.5416235324603,223.61895752,29.2,14.7,70.344,1.661,39.3614196777344,5.996,9.105,0.826,61.94,0.602,-0.05,0.955,0.568,0.314
MDA,Moldova,ECS,Upper-middle income,2013,11080.0634585341,93.7649180861452,16.0,88.0186693421827,90.0,91.0,3.06,79.2521957133911,231.66229248,28.5,14.5,70.291,1.622,39.4275512695312,5.756,9.192,0.8029999999999999,62.26,0.6579999999999999,-0.069,0.941,0.5820000000000001,0.261
MDA,Moldova,ECS,Upper-middle income,2014,11641.1208436577,107.431409833521,15.8,88.436133359262,90.0,90.0,3.091,79.9670878839298,230.76982117,26.8,14.3,70.241,1.82,39.6298484802246,5.917000000000001,9.241,0.805,62.58,0.623,-0.113,0.925,0.583,0.26
MDA,Moldova,ECS,Upper-middle income,2015,11691.0797484184,105.727652234967,15.6,88.8523471149568,87.0,89.0,3.159,80.6901033429329,186.43643188,27.0,14.2,70.118,1.87,39.6954040527344,6.017,9.246,0.84,62.9,0.595,-0.09,0.943,0.59,0.281
MDA,Moldova,ECS,Upper-middle income,2016,12377.366678394,104.469976581506,15.5,89.2722054309819,89.0,88.0,3.239,81.420818324275,171.18476868,26.3,14.1,70.179,1.89,39.7373237609863,5.577999999999999,9.3,0.8370000000000001,63.6,0.557,-0.047,0.9345,0.621,0.275
MDA,Moldova,ECS,Upper-middle income,2017,13118.8219369605,103.685761485913,15.4,89.6950297524802,88.0,93.0,3.285,82.1581768544632,243.94540405,25.9,14.0,70.375,1.81,39.9736557006836,5.3260000000000005,9.363,0.831,64.3,0.5529999999999999,-0.053,0.926,0.581,0.259
MDA,Moldova,ECS,Upper-middle income,2018,13895.5043655692,103.337388931903,15.4,90.1205722454001,93.0,93.0,3.204,82.9015800000824,276.4697876,25.7,14.1,70.236,1.81,40.3258094787598,5.682,9.423,0.892,65.0,0.8240000000000001,-0.084,0.929,0.5820000000000001,0.27
MDA,Moldova,ECS,Upper-middle income,2019,14621.2401362286,105.074923420813,15.5,90.5483180309042,91.0,97.0,4.033,83.6501429350345,283.98425293,26.0,14.1,70.181,1.78,40.3258094787598,5.803,9.475,0.809,65.7,0.784,-0.092,0.935,0.631,0.262
MDA,Moldova,ECS,Upper-middle income,2020,13559.2600217483,106.519975508955,15.6,90.9779971950064,86.0,84.0,4.038,84.4032169070888,305.48913574,25.0,14.3,69.914,1.77,40.3258094787598,5.812,9.462,0.8740000000000001,66.4,0.8590000000000001,-0.0579999999999999,0.941,0.631,0.268
MDG,Madagascar,SSF,Low income,2005,1648.17631554009,128.547912597656,80.8,40.0429127960642,85.0,74.0,0.172,6.12117413127887,15.9498682,39.9,50.3,60.664,5.195,26.4743019495822,,7.376,0.711,,0.546,-0.039,0.773,0.7020000000000001,0.161
MDG,Madagascar,SSF,Low income,2006,1686.86335460016,127.919273376465,80.8,40.878116387823,85.0,71.0,0.163,6.60626042533301,16.44085503,40.4,50.3,61.14,5.133,26.7586741989468,,7.376,0.711,54.04,0.546,-0.039,0.773,0.7020000000000001,0.161
MDG,Madagascar,SSF,Low income,2007,1731.61751794976,129.294372558594,77.6,41.7110487315334,84.0,81.0,0.173,7.09404608313975,19.33553123,40.9,50.3,61.533,5.083,27.0400195163682,,7.407500000000001,0.7434999999999999,,0.546,-0.069,0.773,0.658,0.188
MDG,Madagascar,SSF,Low income,2008,1794.40235887329,132.619201660156,74.8,42.5424880385146,77.0,70.0,0.178,7.58477414006482,20.91898537,41.4,48.7,61.992,5.043,27.31826536364,4.64,7.439,0.7759999999999999,54.92,0.546,-0.099,0.773,0.614,0.215
MDG,Madagascar,SSF,Low income,2009,1673.15551466723,140.266357421875,72.4,43.3700536128356,77.0,63.0,0.173,8.07809172690129,19.56957817,41.9,47.3,62.304,5.003,27.5933392025561,,7.4046666666666665,0.7899999999999999,,0.546,-0.08666666666666667,0.8143333333333334,0.5793333333333334,0.22166666666666665
MDG,Madagascar,SSF,Low income,2010,1635.24511473059,135.673193203157,70.3,44.1945358943364,70.0,66.0,0.186,8.57423264106828,21.13975906,42.4,46.2,62.597,4.896,27.8651684949103,,7.370333333333334,0.8039999999999999,,0.546,-0.07433333333333333,0.8556666666666667,0.5446666666666666,0.22833333333333333
MDG,Madagascar,SSF,Low income,2011,1614.55137773785,135.663024043331,68.6,45.0153822584225,73.0,62.0,0.137,9.07317377918647,22.88667488,42.5,45.2,62.86,4.737,28.1336807024963,4.381,7.336,0.818,56.22,0.546,-0.062,0.897,0.51,0.235
MDG,Madagascar,SSF,Low income,2012,1617.79082882481,136.435592632075,67.3,45.8324865165496,68.0,63.0,0.136,9.57497737668474,19.30151749,42.6,44.5,63.007,4.613,28.3988032871081,3.551,7.338999999999999,0.6729999999999999,56.64,0.487,-0.055,0.8540000000000001,0.69,0.1939999999999999
MDG,Madagascar,SSF,Low income,2013,1610.6023078966,136.436484265628,66.4,46.645311071975,70.0,64.0,0.146,10.0796108433394,19.33186913,42.6,44.1,63.161,4.527,28.6604637105393,3.816,7.334,0.6729999999999999,57.06,0.48,-0.019,0.868,0.7340000000000001,0.241
MDG,Madagascar,SSF,Low income,2014,1620.357889066,137.445786724101,65.7,47.4541920353579,68.0,66.0,0.173,10.5872297277492,22.56570244,42.6,43.8,63.261,4.421,28.9185894345838,3.676,7.34,0.655,57.48,0.529,-0.023,0.7909999999999999,0.748,0.192
MDG,Madagascar,SSF,Low income,2015,1627.5806134224,138.833200771878,65.3,48.258173464398,62.0,60.0,0.1785,11.0976984755033,22.29386139,42.6,43.6,63.362,4.335,29.1731079210354,,7.343999999999999,0.647,57.9,0.545,-0.0409999999999999,0.861,0.802,0.226
MDG,Madagascar,SSF,Low income,2016,1648.91226979296,134.676592456536,64.9,49.0575914521926,68.0,62.0,0.184,11.6111708038341,24.20793915,42.6,43.6,63.431,4.285,29.4239466316878,3.663,7.356,0.746,58.3,0.57,-0.069,0.8640000000000001,0.813,0.204
MDG,Madagascar,SSF,Low income,2017,1669.72764267278,139.186670285989,64.9,49.8519386234101,65.0,55.0,0.1895,12.1276026442495,23.62072182,42.6,43.7,63.433,4.259,29.671033028335,4.079,7.367999999999999,0.626,58.7,0.57,-0.033,0.847,0.752,0.375
MDG,Madagascar,SSF,Low income,2018,1678.78623269491,132.689298160896,64.9,50.6411241447461,74.0,68.0,0.195,12.647045200372,21.12731934,42.6,43.9,63.491,4.246,29.9181125346909,,7.386,0.6659999999999999,59.1,0.551,0.003,0.889,0.752,0.362
MDG,Madagascar,SSF,Low income,2019,1707.83153830039,124.946579330031,65.0,51.4242559942128,69.0,60.0,0.195,13.1693375483997,15.50084877,42.6,44.1,63.504,4.221,30.3046972370204,4.339,7.406000000000001,0.701,59.5,0.55,-0.012,0.72,0.723,0.304
MDG,Madagascar,SSF,Low income,2020,1545.72714379204,126.585803806645,65.1,52.2020747813196,67.0,55.0,0.195,13.6947390405503,16.78295326,42.6,44.3,62.706,4.17,30.7019474167548,,7.406000000000001,0.701,,0.55,-0.012,0.72,0.723,0.304
MDV,Maldives,SAS,Upper-middle income,2005,13942.8753891662,112.385597229004,21.6,95.6853187306833,98.0,97.0,1.701,81.9107386991057,335.13778687,38.4,18.6,74.785,2.199,34.0715178283824,,9.826,0.913,,0.855,0.024,,,
MDV,Maldives,SAS,Upper-middle income,2006,16829.9768208157,112.385597229004,19.4,95.9990896604814,98.0,97.0,1.701,82.9678419611105,403.94284058,38.4,16.7,75.256,2.204,34.8678636610379,,9.826,0.913,,0.855,0.024,,,
MDV,Maldives,SAS,Upper-middle income,2007,17439.9504862625,107.563919067383,17.6,96.2874159070082,98.0,97.0,1.701,83.8983717139846,478.24349976,38.4,15.2,75.711,2.293,35.4340781469745,,9.826,0.913,,0.855,0.024,,,
MDV,Maldives,SAS,Upper-middle income,2008,18344.4866455436,105.335929870605,16.1,96.5912125860585,98.0,97.0,1.6055000000000001,84.9631631924184,775.14593506,38.4,13.9,75.999,2.371,35.9335121678807,,9.826,0.913,,0.855,0.024,,,
MDV,Maldives,SAS,Upper-middle income,2009,16230.0089361263,104.559181213379,14.9,96.8924931173137,98.0,98.0,1.51,86.0231687446511,679.66296387,38.4,12.8,76.371,2.39,36.3718272129661,,9.826,0.913,,0.855,0.024,,,
MDV,Maldives,SAS,Upper-middle income,2010,16730.0144200167,102.100165482332,13.8,97.1912684549674,96.0,97.0,1.455,87.0784721184559,608.87176514,37.385714285714286,11.9,76.756,2.349,36.7646137762553,,9.826,0.913,,0.855,0.024,,,
MDV,Maldives,SAS,Upper-middle income,2011,17581.7676697752,100.38204155014,12.9,97.4875221810395,96.0,96.0,1.55675,88.128993363051,588.20758057,36.371428571428574,11.1,77.141,2.307,37.1274623517731,,9.826,0.913,,0.855,0.024,,,
MDV,Maldives,SAS,Upper-middle income,2012,17390.1474995422,97.4747092509902,12.1,97.7812411341271,99.0,98.0,1.6585,89.1747640869776,647.11553955,35.357142857142854,10.4,77.512,2.254,37.475963433544,,9.826,0.913,,0.855,0.024,,,
MDV,Maldives,SAS,Upper-middle income,2013,17986.8907361645,95.7687484324053,11.3,98.0723697097107,99.0,99.0,1.76025,90.2153433449242,671.65325928,34.34285714285714,9.8,77.847,2.174,37.8257075155926,,9.826,0.913,,0.855,0.024,,,
MDV,Maldives,SAS,Upper-middle income,2014,18765.3592118344,96.8073394495413,10.6,98.3609146245112,99.0,99.0,1.862,91.250996049753,707.39245605,33.32857142857143,9.1,78.187,2.089,38.1938859868107,,9.826,0.913,,0.855,0.024,,,
MDV,Maldives,SAS,Upper-middle income,2015,18829.4481529112,99.0061090225564,9.9,98.6468575811513,99.0,99.0,1.5910000000000002,92.2815312224762,837.47290039,32.31428571428572,8.5,78.607,2.004,38.5771510715291,,9.826,0.913,,0.855,0.024,,,
MDV,Maldives,SAS,Upper-middle income,2016,19345.1792343541,98.2565323867083,9.2,98.9301591789306,98.0,99.0,1.32,93.3068469398135,1017.99908447,31.3,8.0,78.913,1.903,38.9560872317815,,9.826,0.913,,0.855,0.024,,,
MDV,Maldives,SAS,Upper-middle income,2017,20036.7165354949,97.1472662194312,8.6,99.2108231698123,98.0,99.0,1.894,94.3268032321981,961.57415771,30.633333333333333,7.4,79.228,1.798,39.32787719143,,9.826,0.913,,0.855,0.024,,,
MDV,Maldives,SAS,Upper-middle income,2018,21072.5805249694,96.6406154097958,8.0,99.4838786975911,98.0,99.0,1.862,95.3413870915622,833.21575928,29.96666666666667,6.9,79.433,1.71,39.6923354428279,5.198,9.826,0.913,70.6,0.855,0.024,,,
MDV,Maldives,SAS,Upper-middle income,2019,21855.501224579,96.8629835988386,7.4,99.6231486421787,98.0,99.0,2.235,96.3505180491116,880.79962158,29.3,6.4,79.707,1.64,40.0492764783282,,9.826,0.913,,0.855,0.024,,,
MDV,Maldives,SAS,Upper-middle income,2020,14242.9750701162,97.1784452967759,6.9,99.6489940790337,98.0,98.0,2.235,97.1213636398167,845.82440186,29.3,6.0,78.713,1.613,40.3985147902839,,9.826,0.913,,0.855,0.024,,,
MEX,Mexico,LCN,Upper-middle income,2005,20277.2552852007,108.534042358398,22.1,93.9295704021899,98.0,96.0,1.768,82.634046861873,483.97970581,50.9,19.5,73.627,2.495,76.4748624380269,6.581,9.788,0.903,66.2,0.8140000000000001,-0.095,0.764,0.82,0.2189999999999999
MEX,Mexico,LCN,Upper-middle income,2006,20965.8256087044,108.129272460938,21.3,94.3895494210949,98.0,96.0,1.886,83.2911380511861,514.29864502,49.7,18.9,73.746,2.456,76.4982455683657,,9.8065,0.891,,0.742,-0.095,0.7555000000000001,0.818,0.23349999999999993
MEX,Mexico,LCN,Upper-middle income,2007,21102.2688338349,108.726860046387,20.7,94.8449664577953,98.0,96.0,1.929,83.9388749115264,558.06530762,50.25,18.4,73.796,2.421,76.5047326234761,6.525,9.825,0.879,66.32,0.67,-0.095,0.747,0.816,0.248
MEX,Mexico,LCN,Upper-middle income,2008,20992.5602662364,109.446380615234,20.0,95.2791786706115,96.0,96.0,1.957,84.5778681369926,573.11114502,50.8,17.9,73.695,2.391,76.5090428271033,6.829,9.821,0.8759999999999999,66.38,0.677,-0.128,0.785,0.825,0.201
MEX,Mexico,LCN,Upper-middle income,2009,19385.5437251877,110.722198486328,19.5,95.5850499173434,95.0,96.0,1.987,85.2078679687607,492.59887695,49.25,17.4,73.628,2.364,76.5143930040295,6.962999999999999,9.752,0.868,66.44,0.682,-0.076,0.764,0.8490000000000001,0.196
MEX,Mexico,LCN,Upper-middle income,2010,20058.3854882301,110.995216369629,18.9,95.8874978648844,95.0,95.0,2.007,85.8292495991465,534.08520508,47.7,17.0,73.718,2.34,76.5244441414713,6.8020000000000005,9.788,0.8759999999999999,66.5,0.778,-0.048,0.693,0.84,0.215
MEX,Mexico,LCN,Upper-middle income,2011,20457.6001677783,111.058860778809,18.4,96.1869601419422,97.0,98.0,2.109,86.4428801813735,565.31738281,48.650000000000006,16.6,73.921,2.317,76.5667802279537,6.91,9.81,0.8240000000000001,66.68,0.831,-0.099,0.698,0.79,0.228
MEX,Mexico,LCN,Upper-middle income,2012,20898.935720908,111.073516845703,17.9,96.483147256866,99.0,99.0,2.12,87.0483009641919,582.48297119,49.6,16.2,74.128,2.294,76.6585199140734,7.32,9.832,0.767,66.86,0.7879999999999999,-0.093,0.633,0.784,0.278
MEX,Mexico,LCN,Upper-middle income,2013,20805.3480406564,110.109268188477,17.5,96.7762637072841,83.0,89.0,2.164,87.6459487223264,625.59765625,49.25,15.8,74.289,2.269,76.7955768077952,7.443,9.832,0.759,67.04,0.7390000000000001,-0.165,0.615,0.79,0.223
MEX,Mexico,LCN,Upper-middle income,2014,21069.7661653886,108.573143005371,17.0,97.0663144004475,87.0,98.0,2.237,88.2358926764479,609.82232666,48.9,15.4,74.404,2.211,76.9741367091766,6.68,9.847,0.782,67.22,0.779,-0.094,0.63,0.802,0.2289999999999999
MEX,Mexico,LCN,Upper-middle income,2015,21408.9283216195,106.963432312012,16.6,97.3531385567766,87.0,98.0,2.34,88.8179258213353,553.91259766,47.9,15.0,74.431,2.137,77.1903854182753,6.236000000000001,9.867,0.7609999999999999,67.4,0.7190000000000001,-0.152,0.708,0.745,0.237
MEX,Mexico,LCN,Upper-middle income,2016,21578.263354126,106.391220092773,16.2,97.6369085403618,93.0,97.0,2.345,89.3924181439649,489.92230225,46.9,14.7,74.376,2.086,77.4405087351486,6.824,9.884,0.893,67.7,0.752,-0.153,0.809,0.8590000000000001,0.22
MEX,Mexico,LCN,Upper-middle income,2017,21777.5225127275,105.797607421875,15.8,97.9175037608425,85.0,97.0,2.409,89.9592224609298,512.54974365,46.45,14.4,74.261,2.041,77.7206924598541,6.41,9.893,0.8,68.0,0.861,-0.2019999999999999,0.8009999999999999,0.843,0.231
MEX,Mexico,LCN,Upper-middle income,2018,21997.7730219494,105.188163757324,15.4,98.1950089060211,88.0,97.0,2.456,90.5185596102805,528.26306152,46.0,14.0,74.301,2.03,78.0271223924494,6.55,9.903,0.858,68.3,0.816,-0.179,0.809,0.882,0.213
MEX,Mexico,LCN,Upper-middle income,2019,21704.185952748,105.095039367676,15.0,98.46943436997,82.0,94.5,2.46,91.0705197769802,549.72601318,45.3,13.7,74.53,2.02,78.355984332992,6.432,9.891,0.852,68.6,0.903,-0.141,0.809,0.8640000000000001,0.252
MEX,Mexico,LCN,Upper-middle income,2020,19728.4817827455,104.517730712891,14.6,98.7408072689782,72.0,92.0,2.425,91.6152077254503,535.11669922,44.6,13.4,,1.99,78.355984332992,5.964,9.782,0.779,68.9,0.873,-0.119,0.778,0.81,0.292
MHL,Marshall Islands,EAS,Upper-middle income,2005,4075.6807928036,105.958961486816,41.3,88.5455141117699,77.0,86.0,0.596,75.7826662619326,490.59927368,35.5,33.7,64.112,4.276,70.6234401061174,,,,,,,,,
MHL,Marshall Islands,EAS,Upper-middle income,2006,4076.09863045701,105.283256530762,40.9,88.4803975214392,74.0,96.0,0.596,76.0448233755654,613.29852295,35.5,33.5,64.207,4.197,71.2077527286922,,,,,,,,,
MHL,Marshall Islands,EAS,Upper-middle income,2007,4222.95393537643,101.758949279785,40.4,88.4157787879213,93.0,94.0,0.596,76.2960646332462,485.01657104,35.5,33.2,64.259,4.09,71.7941991662501,,,,,,,,,
MHL,Marshall Islands,EAS,Upper-middle income,2008,3903.80571323423,102.192817687988,40.0,88.3514803494463,95.0,86.0,0.6023333333333333,76.5371074289025,536.23034668,35.5,32.9,64.3,3.967,72.3673018695269,,,,,,,,,
MHL,Marshall Islands,EAS,Upper-middle income,2009,4047.74537243531,102.752967834473,39.5,88.2877562001055,96.0,78.0,0.6086666666666667,76.7672035221088,543.67626953,35.5,32.5,64.395,3.83,72.9115832892586,,,,,,,,,
MHL,Marshall Islands,EAS,Upper-middle income,2010,4269.9054604506,104.071020851507,39.0,88.2244329493456,94.0,97.0,0.615,76.987068031911,548.59899902,35.5,32.2,64.498,3.673,73.4115658761809,,,,,,,,,
MHL,Marshall Islands,EAS,Upper-middle income,2011,4259.66173142969,105.389073868541,38.4,88.1615235690486,87.0,88.0,0.636,77.1968326186549,376.39205933,35.5,31.8,64.641,3.527,73.8553711172585,,,,,,,,,
MHL,Marshall Islands,EAS,Upper-middle income,2012,4244.58812838612,105.70242951120775,37.8,88.0994261058338,80.0,78.0,0.467,77.3953434668074,410.4979248,35.5,31.3,64.776,3.382,74.2705132518924,,,,,,,,,
MHL,Marshall Islands,EAS,Upper-middle income,2013,4470.42630092843,106.0157851538745,37.0,88.0383075874041,79.0,79.0,0.467,77.5823878699737,445.42425537,35.5,30.7,64.954,3.247,74.6790601806083,,,,,,,,,
MHL,Marshall Islands,EAS,Upper-middle income,2014,4492.56749211821,106.32914079654125,36.1,87.9780013453875,78.0,79.0,0.467,77.7587559493787,449.90563965,35.5,30.1,65.11,3.18,75.0790555372177,,,,,,,,,
MHL,Marshall Islands,EAS,Upper-middle income,2015,4670.70755785577,106.642496439208,35.2,87.918586730439,85.0,75.0,0.467,77.9244886482311,557.35211182,35.5,29.4,65.292,3.131,75.4702568207363,,,,,,,,,
MHL,Marshall Islands,EAS,Upper-middle income,2016,4897.14934002038,104.845524161605,34.2,87.8599925436278,71.0,75.0,0.467,78.0801139470474,619.35668945,35.5,28.6,65.477,3.091,75.8524215301796,,,,,,,,,
MHL,Marshall Islands,EAS,Upper-middle income,2017,5200.01066532485,106.28900725372733,33.2,87.8022983184249,80.0,83.0,0.467,78.2256974121697,553.06298828,35.5,27.8,65.673,3.064,76.2253071645634,,,,,,,,,
MHL,Marshall Islands,EAS,Upper-middle income,2018,5636.02954937672,107.73249034584967,32.2,87.7453304443591,81.0,83.0,0.467,78.3619174334576,702.8359375,35.5,27.0,65.87,3.038,76.5886712229035,,,,,,,,,
MHL,Marshall Islands,EAS,Upper-middle income,2019,6405.89632387105,109.175973437972,31.2,87.6892595354253,79.0,85.0,0.467,78.488659643571,793.66851807,35.5,26.2,66.047,3.012,76.9422712042154,,,,,,,,,
MHL,Marshall Islands,EAS,Upper-middle income,2020,6418.00663822416,108.44888745566,30.3,87.6339278712455,82.0,89.0,0.467,78.6065823369048,687.02435303,35.5,25.5,65.387,2.989,77.285864607515,,,,,,,,,
MKD,North Macedonia,ECS,Upper-middle income,2005,13354.4611473701,98.1046905517578,13.7,96.8586412875669,97.0,96.0,2.102,89.1441375585342,229.81243896,39.3,12.2,73.6975609756098,1.5,57.8614206464767,,9.416,0.8109999999999999,,0.439,0.08,0.87,0.603,0.251
MKD,North Macedonia,ECS,Upper-middle income,2006,14118.2297877525,97.4777984619141,13.1,96.9404130326478,93.0,94.0,2.483,89.7448433584085,242.60142517,42.6,11.6,73.8951219512195,1.46,57.8796574341199,,9.416,0.8109999999999999,,0.439,0.08,0.87,0.603,0.251
MKD,North Macedonia,ECS,Upper-middle income,2007,15118.2436719552,97.6788101196289,12.3,97.0213724658105,95.0,96.0,2.427,90.3525986106097,263.25378418,44.35,10.9,73.8,1.46,57.9111032054655,4.494,9.416,0.8109999999999999,64.095,0.439,0.08,0.87,0.603,0.251
MKD,North Macedonia,ECS,Upper-middle income,2008,16038.0413530579,91.8012084960938,11.5,97.1016356457898,95.0,98.0,2.59,90.966962665795,313.61117554,46.1,10.2,74.4,1.47,57.9593566737547,,9.440000000000001,0.7725,,0.49550000000000005,0.019000000000000003,0.857,0.5895,0.3105
MKD,North Macedonia,ECS,Upper-middle income,2009,16084.2279730567,91.9132537841797,10.8,97.1812973186845,96.0,96.0,2.603,91.5875725774437,297.88058472,42.8,9.6,74.4463414634146,1.5,58.0280165522288,,9.464,0.7340000000000001,64.34899999999999,0.552,-0.042,0.8440000000000001,0.5760000000000001,0.37
MKD,North Macedonia,ECS,Upper-middle income,2010,16731.0901838425,92.3337936401367,10.4,97.260478214411,95.0,98.0,2.701,92.2138622798074,308.09429932,40.1,9.2,74.9975609756098,1.6,58.1206815541291,,9.496,0.687,64.502,0.513,-0.0579999999999999,0.856,0.5670000000000001,0.314
MKD,North Macedonia,ECS,Upper-middle income,2011,17201.236162644,92.65025329589845,10.2,97.3392765626462,96.0,97.0,2.769,92.8454434778871,335.13171387,39.4,9.1,75.1,1.46,58.2409503926967,,9.518,0.784,64.661,0.607,-0.087,0.865,0.588,0.363
MKD,North Macedonia,ECS,Upper-middle income,2012,17189.9956305456,92.9667129516602,10.4,97.4178150815546,95.0,96.0,2.839,93.4817519077294,317.978302,38.1,9.2,74.9024390243903,1.5,58.3924217811729,4.64,9.513,0.7979999999999999,64.811,0.613,-0.084,0.92,0.642,0.347
MKD,North Macedonia,ECS,Upper-middle income,2013,17758.2275594412,96.9780578613281,10.7,97.4961912518525,98.0,96.0,2.883,94.1223717416181,361.13168335,36.2,9.5,75.4,1.5,58.578694432799,5.186,9.541,0.8320000000000001,64.942,0.6409999999999999,0.025,0.861,0.578,0.331
MKD,North Macedonia,ECS,Upper-middle income,2014,18452.2062280148,95.9001388549805,11.1,97.5745230862782,95.0,93.0,3.021,94.7668041558134,357.63867188,35.2,9.8,75.4512195121951,1.5,58.8033670608162,5.204,9.576,0.7929999999999999,65.053,0.645,0.035,0.861,0.637,0.307
MKD,North Macedonia,ECS,Upper-middle income,2015,19215.0740381192,96.8858184814453,11.1,97.6529269300646,91.0,89.0,3.017,95.4144114282649,322.25213623,35.6,9.8,75.4024390243902,1.49,59.0700383784659,4.976,9.613,0.7659999999999999,65.145,0.66,-0.047,0.8240000000000001,0.62,0.299
MKD,North Macedonia,ECS,Upper-middle income,2016,19825.7724685057,96.0441131591797,10.6,97.7315020702952,95.0,82.0,3.166,96.0648171578031,347.44271851,34.5,9.4,75.4,1.5,59.3823070989891,5.346,9.64,0.871,65.225,0.706,0.08,0.87,0.639,0.292
MKD,North Macedonia,ECS,Upper-middle income,2017,20121.0510180726,95.2024078369141,9.6,97.8103630941709,91.0,83.0,3.204,96.7174458342857,375.3303833,34.2,8.5,75.9536585365854,1.43,59.7437719356273,5.234,9.65,0.8,65.303,0.752,-0.059,0.856,0.502,0.299
MKD,North Macedonia,ECS,Upper-middle income,2018,20805.9221192555,95.5603866577148,8.4,97.8896166330973,93.0,83.0,3.315,97.3296814337333,426.57290649,33.0,7.4,76.6487804878049,1.42,60.1580316016216,5.24,9.677,0.8490000000000001,65.389,0.745,-0.0409999999999999,0.91,0.59,0.298
MKD,North Macedonia,ECS,Upper-middle income,2019,21766.8842062487,93.6538467407227,7.1,97.9693792101594,92.0,83.0,3.409,97.8791697296938,469.47344971,33.5,6.3,76.6024390243903,1.34,60.6286848102132,5.015,9.711,0.815,65.47399999999999,0.725,0.024,0.923,0.5760000000000001,0.304
MKD,North Macedonia,ECS,Upper-middle income,2020,20971.4421033593,93.4353332519531,6.0,98.049753932852,84.0,83.0,3.343,98.4277706026568,510.81011963,33.5,6.3,74.3951219512195,1.34,61.1593302746435,,9.69,0.75,65.56,0.787,0.131,0.877,0.605,0.365
MLI,Mali,SSF,Low income,2005,2546.33281405861,69.7963180541992,160.1,57.6096707559848,77.0,73.0,0.06,23.4264099806876,23.97353554,38.9,88.3,53.792,6.708,20.8706715422205,,7.593,0.7609999999999999,,0.555,-0.072,0.7609999999999999,0.767,0.209
MLI,Mali,SSF,Low income,2006,2555.07476258805,72.4690475463867,154.6,59.2432791544715,78.0,68.0,0.057,24.6671660825145,26.93190002,38.9,85.8,54.305,6.677,21.2987608960246,4.013999999999999,7.593,0.7609999999999999,45.92,0.555,-0.072,0.7609999999999999,0.767,0.209
MLI,Mali,SSF,Low income,2007,2515.94692366143,74.726676940918,149.2,60.8678932754337,74.0,66.0,0.06,25.9143828499992,29.63545799,36.93333333333333,83.4,54.756,6.647,21.7398043631622,,7.6,0.754,,0.525,-0.041999999999999996,0.8394999999999999,0.7245,0.18649999999999994
MLI,Mali,SSF,Low income,2008,2523.19961270039,76.5747985839844,144.0,62.4840069987377,74.0,71.0,0.063,27.1686715784898,33.21391678,34.96666666666667,81.1,55.187,6.624,22.1922849560871,4.115,7.607,0.747,47.16,0.495,-0.012,0.918,0.682,0.1639999999999999
MLI,Mali,SSF,Low income,2009,2575.54549773648,77.8208770751953,138.9,64.0894295059223,73.0,73.0,0.116,28.4286615146563,34.64731598,33.0,78.9,55.588,6.592,22.6557955217884,3.977,7.622000000000001,0.733,47.78,0.634,0.008,0.8190000000000001,0.76,0.15
MLI,Mali,SSF,Low income,2010,2632.2646821909,78.2843194478002,133.8,65.6825064344256,73.0,78.0,0.096,29.6932856424804,31.36436844,33.333333333333336,76.7,55.993,6.579,23.1359461824894,3.762,7.642,0.7509999999999999,48.4,0.7490000000000001,-0.0279999999999999,0.8109999999999999,0.797,0.162
MLI,Mali,SSF,Low income,2011,2623.34627008698,78.6656430079497,128.8,67.2626511406481,66.0,72.0,0.111,30.9622372812507,31.67968369,33.666666666666664,74.5,56.367,6.545,23.6379674039304,4.667,7.643,0.7959999999999999,48.76,0.823,-0.1009999999999999,0.726,0.758,0.132
MLI,Mali,SSF,Low income,2012,2520.52931086804,75.3898048541622,123.9,68.8293224749943,65.0,67.0,0.101,32.2352227048023,27.53120613,34.0,72.4,56.696,6.523,24.1606168848588,4.313,7.605,0.823,49.12,0.7040000000000001,-0.088,0.787,0.6809999999999999,0.109
MLI,Mali,SSF,Low income,2013,2528.5300676726,70.8734283447266,119.1,70.3820228884165,64.0,62.0,0.113,33.5119596461235,30.06661987,34.333333333333336,70.3,57.052,6.491,24.7033626854883,3.676,7.599,0.82,49.48,0.665,-0.053,0.755,0.7240000000000001,0.193
MLI,Mali,SSF,Low income,2014,2609.16733048395,71.8215759998762,114.4,71.9205681917845,66.0,65.0,0.097,34.7924079704944,35.7261734,34.666666666666664,68.2,57.482,6.441,25.2656728660325,3.975,7.638,0.843,49.84,0.652,-0.037,0.6579999999999999,0.741,0.186
MLI,Mali,SSF,Low income,2015,2686.56065073799,70.5209747052129,109.7,73.4442818917146,70.0,67.0,0.094,36.0760821566718,28.97842216,35.0,66.1,57.852,6.385,25.847015486705,4.582,7.669,0.83,50.2,0.634,-0.068,0.8,0.7090000000000001,0.243
MLI,Mali,SSF,Low income,2016,2759.11051293341,71.8693090094813,105.1,74.9530465324724,76.0,70.0,0.117,37.3629585814102,27.58086205,35.333333333333336,64.0,58.286,6.319,26.4468586077195,4.016,7.695,0.836,50.7,0.696,-0.07,0.862,0.807,0.305
MLI,Mali,SSF,Low income,2017,2816.19423901587,74.6733759399248,100.6,76.4467561333581,77.0,70.0,0.113,38.6530201870083,28.49467659,35.666666666666664,61.9,58.562,6.251,27.0646702892896,4.742,7.718,0.741,51.2,0.753,-0.069,0.863,0.742,0.3929999999999999
MLI,Mali,SSF,Low income,2018,2862.40728987476,70.3689604909815,96.2,77.9248726503067,76.0,71.0,0.12,39.9458152875809,31.16962242,36.0,59.7,58.873,6.118,27.6999185916288,4.416,7.733,0.6920000000000001,51.7,0.737,-0.034,0.7929999999999999,0.77,0.37
MLI,Mali,SSF,Low income,2019,2916.17167791084,70.3689604909815,91.9,79.3875776496975,77.0,71.0,0.12,41.2415636688459,31.4089489,36.0,57.6,59.217,5.892,28.3520715749509,4.988,7.752000000000001,0.755,52.2,0.67,-0.038,0.846,0.7120000000000001,0.358
MLI,Mali,SSF,Low income,2020,2796.41038444386,70.3689604909815,87.6,80.8342374526546,70.0,62.0,0.12,42.5396302417606,28.20211601,36.0,55.4,58.858,5.85,29.0205972994693,,7.752000000000001,0.755,,0.67,-0.038,0.846,0.7120000000000001,0.358
MLT,Malta,MEA,High income,2005,32776.9683721182,102.89608001709,6.9,100.0,92.0,86.0,3.404,99.9484979431454,1378.2388916,28.0,6.1,79.3,1.38,93.6985189936163,,10.331,0.916,,0.8029999999999999,0.4639999999999999,0.67,0.715,0.358
MLT,Malta,MEA,High income,2006,33420.7141096927,102.830116271973,6.9,99.9999978183576,85.0,94.0,3.764,99.9484166203892,1480.1126709,28.0,6.0,79.4390243902439,1.36,93.7986874969541,,10.331,0.916,,0.8029999999999999,0.4639999999999999,0.67,0.715,0.358
MLT,Malta,MEA,High income,2007,34981.7020970372,103.004371643066,6.9,100.0,87.2,79.0,3.253,99.9483801402341,1606.22094727,29.2,6.0,79.7926829268293,1.35,93.9118231189546,,10.331,0.916,,0.8029999999999999,0.4639999999999999,0.67,0.715,0.358
MLT,Malta,MEA,High income,2008,36287.726099619,103.135833740234,6.9,99.9999999672221,89.4,78.0,3.279,99.9483390179808,1759.8626709,29.0,6.0,79.6365853658537,1.43,94.0294765354989,,10.331,0.916,,0.8029999999999999,0.4639999999999999,0.67,0.715,0.358
MLT,Malta,MEA,High income,2009,35512.6774555483,98.1346664428711,6.9,100.0,91.6,82.0,2.987,99.948299467383,1683.5435791,30.2,6.0,80.2414634146342,1.42,94.1423744490362,6.327999999999999,10.331,0.916,71.38,0.8029999999999999,0.4639999999999999,0.67,0.715,0.358
MLT,Malta,MEA,High income,2010,37528.7341525511,102.578308105469,6.9,99.9999988772099,93.8,73.0,3.026,99.9482592767257,1735.48693848,29.0,6.0,81.3975609756098,1.36,94.2412435620154,5.774,10.361,0.908,71.6,0.802,0.287,0.67,0.6970000000000001,0.375
MLT,Malta,MEA,High income,2011,37740.8473665429,100.981498718262,6.8,100.0,96.0,84.0,3.107,99.9529309076339,1962.20556641,29.1,6.0,80.7463414634146,1.45,94.3155916422812,,10.37,0.923,71.72,0.882,0.296,0.67,0.736,0.34
MLT,Malta,MEA,High income,2012,38937.1487755674,100.937980651855,6.8,100.0,99.0,93.0,3.237,99.9576050642504,1898.50866699,29.4,6.0,80.7463414634146,1.42,94.3626256493653,,10.389,0.922,71.84,0.861,0.352,0.67,0.7440000000000001,0.391
MLT,Malta,MEA,High income,2013,40921.3167795062,100.87850189209,6.7,99.9999994764776,99.0,99.0,3.421,99.9622878778312,2127.0612793,28.8,5.9,81.7463414634146,1.36,94.3906567856206,6.38,10.422,0.942,71.96,0.909,0.41,0.67,0.66,0.37
MLT,Malta,MEA,High income,2014,43163.1473000396,100.008308410645,6.7,99.99999916612046,99.0,98.0,3.604,99.9669760572969,2466.89111328,29.0,5.9,81.8951219512195,1.38,94.412512773898,6.452000000000001,10.486,0.941,72.08,0.904,0.4039999999999999,0.67,0.652,0.352
MLT,Malta,MEA,High income,2015,46171.8893420758,99.9228973388672,6.6,99.99999885576334,97.0,89.0,3.676,99.9716734306493,2249.00463867,29.4,5.8,81.7975609756098,1.37,94.4387696268011,6.613,10.566,0.919,72.2,0.912,0.347,0.664,0.68,0.355
MLT,Malta,MEA,High income,2016,46967.3486291212,99.7741088867188,6.5,99.9999985454062,97.0,93.0,3.828,99.9763785453032,2326.67016602,29.1,5.7,82.3536585365854,1.37,94.4800033569336,6.591,10.599,0.93,72.2,0.916,0.345,0.696,0.687,0.355
MLT,Malta,MEA,High income,2017,51628.2677400365,99.4793930053711,6.4,99.9999988683956,98.0,91.0,3.965,99.9810896682043,2562.88574219,29.2,5.6,82.1951219512195,1.26,94.5691806330314,6.676,10.635,0.937,72.2,0.924,0.253,0.69,0.721,0.302
MLT,Malta,MEA,High income,2018,53419.0022708322,99.830680847168,6.3,99.9999994341978,97.0,96.0,3.972,99.9858051675868,2759.91186523,28.7,5.6,82.2487804878049,1.23,94.7242373261706,6.91,10.67,0.932,72.2,0.927,0.179,0.595,0.721,0.296
MLT,Malta,MEA,High income,2019,53393.4231642463,98.9984817504883,6.1,100.0,98.0,96.0,4.026,99.9905343490211,2947.24023438,31.0,5.6,82.6585365853659,1.14,94.9332032524644,6.733,10.677,0.922,72.2,0.924,0.087,0.6890000000000001,0.7070000000000001,0.356
MLT,Malta,MEA,High income,2020,50389.6963309289,98.1449203491211,6.0,100.0,98.0,95.0,4.164,99.9952644133915,3140.77026367,31.0,5.6,82.0975609756098,1.14,95.1841082280263,6.157,10.677,0.938,72.2,0.931,0.087,0.675,0.601,0.411
MMR,Myanmar,EAS,Lower-middle income,2005,2377.90258162976,104.437133789062,76.3,55.2373698713053,73.0,84.0,0.392,66.2119516928638,7.65254498,38.1,64.7,61.72,2.515,28.390792243762,,8.158,0.757,,0.691,0.645,0.695,0.764,0.205
MMR,Myanmar,EAS,Lower-middle income,2006,2669.32700379999,105.169502258301,73.6,56.9590615338735,82.0,78.0,0.429,66.756940787588,8.47415161,38.1,62.6,62.026,2.471,28.5517581878355,,8.158,0.757,,0.691,0.645,0.695,0.764,0.205
MMR,Myanmar,EAS,Lower-middle income,2007,2968.3033151236,106.169532775879,70.8,58.7062336029249,86.0,81.0,0.453,67.3001769970488,9.91384029,38.1,60.5,62.367,2.447,28.7079107938945,,8.158,0.757,,0.691,0.645,0.695,0.764,0.205
MMR,Myanmar,EAS,Lower-middle income,2008,3254.738978881,108.062278747559,101.7,60.4787323145867,85.0,82.0,0.49,67.8416392315072,14.70817947,38.1,71.0,56.364,2.404,28.8586544957208,,8.158,0.757,,0.691,0.645,0.695,0.764,0.205
MMR,Myanmar,EAS,Lower-middle income,2009,3578.17424704515,108.319793701172,65.1,62.2761475757096,90.0,87.0,0.504,68.3369194463673,18.70313454,38.1,56.0,63.095,2.369,29.0033937270962,,8.158,0.757,,0.691,0.645,0.695,0.764,0.205
MMR,Myanmar,EAS,Lower-middle income,2010,3893.79030665874,109.490142822266,62.4,64.0988519879754,90.0,88.0,0.539,68.829818100566,20.23270416,38.1,53.8,63.479,2.335,29.1415329218024,,8.158,0.757,,0.691,0.645,0.695,0.764,0.205
MMR,Myanmar,EAS,Lower-middle income,2011,4078.61220919965,110.97972297668474,59.7,65.9461876733172,84.0,88.0,0.568,69.3199771322654,27.40522575,38.1,51.7,63.859,2.306,29.2724765136213,,8.158,0.757,,0.691,0.645,0.695,0.764,0.205
MMR,Myanmar,EAS,Lower-middle income,2012,4340.99945069174,112.46930313110349,57.0,67.8182524811461,84.0,84.0,0.599,69.8075314320921,37.25568008,38.1,49.5,64.251,2.276,29.3956289363345,4.439,8.158,0.757,57.02,0.691,0.645,0.695,0.764,0.205
MMR,Myanmar,EAS,Lower-middle income,2013,4666.95376141392,113.95888328552225,54.6,69.7146626625881,75.0,86.0,0.60875,70.2923141744914,37.68575287,38.1,47.5,64.617,2.264,29.5103946237239,4.176,8.23,0.757,57.38,0.775,0.6890000000000001,0.638,0.8029999999999999,0.217
MMR,Myanmar,EAS,Lower-middle income,2014,5006.50667149767,115.448463439941,52.4,71.6357324611293,88.0,88.0,0.6185,70.7745876052099,54.28113556,38.1,45.8,64.994,2.252,29.6164342116462,4.7860000000000005,8.299,0.774,57.74,0.7915,0.698,0.5920000000000001,0.858,0.2445
MMR,Myanmar,EAS,Lower-middle income,2015,5313.88615901476,117.6823081970215,50.5,73.5840283312627,89.0,84.0,0.62825,71.2558705695299,63.62335968,38.1,44.1,65.288,2.266,29.7166821191682,4.224,8.359,0.752,58.1,0.8079999999999999,0.688,0.633,0.866,0.272
MMR,Myanmar,EAS,Lower-middle income,2016,5580.98977273232,119.916152954102,48.7,75.5592746825868,90.0,91.0,0.638,71.7359380963987,59.67910385,34.4,42.6,65.64,2.27,29.8129165582094,4.623,8.408,0.7929999999999999,58.4,0.877,0.679,0.607,0.804,0.302
MMR,Myanmar,EAS,Lower-middle income,2017,5877.87465558175,121.799392700195,46.8,77.5609391468529,89.0,83.0,0.889,72.2144198606081,59.51782608,30.7,41.1,65.909,2.252,29.9051727703437,,8.464,0.795,58.7,0.8859999999999999,0.65,0.619,0.746,0.282
MMR,Myanmar,EAS,Lower-middle income,2018,6201.26341429803,120.214569091797,45.2,79.5886557826298,91.0,93.0,0.696,72.6910446469858,60.83261871,30.7,39.8,66.232,2.228,29.993574050729,4.4110000000000005,8.523,0.774,59.0,0.906,0.49,0.647,0.777,0.3
MMR,Myanmar,EAS,Lower-middle income,2019,6562.98898478625,120.214569091797,43.6,81.6416324017497,90.0,84.0,0.757,73.1653173340109,53.72147369,30.7,38.4,66.457,2.206,30.0782436945232,4.434,8.545,0.763,59.3,0.899,0.561,0.682,0.755,0.286
MMR,Myanmar,EAS,Lower-middle income,2020,5926.83450206681,120.214569091797,42.1,83.6954599459105,84.0,91.0,0.757,73.6368737740023,66.02284241,30.7,37.2,66.612,2.179,30.1593049968842,4.431,8.554,0.7959999999999999,59.6,0.825,0.47,0.647,0.8,0.289
MNE,Montenegro,ECS,Upper-middle income,2005,16348.8994494652,108.755180358887,10.6,95.1771363433135,90.0,90.0,1.897,90.6415121374975,571.65600586,30.2,9.3,73.9829268292683,1.69,62.6763680644251,,9.693,0.8320000000000001,,0.512,-0.134,0.815,0.579,0.34
MNE,Montenegro,ECS,Upper-middle income,2006,17727.3660449403,112.498550415039,9.7,95.1771363433135,90.0,90.0,1.942,90.6415121374975,571.65600586,30.0,8.6,73.8390243902439,1.73,63.111308588912,,9.693,0.8320000000000001,,0.512,-0.134,0.815,0.579,0.34
MNE,Montenegro,ECS,Upper-middle income,2007,18966.4529580465,116.795532226562,8.9,95.4603088591974,92.0,90.0,1.947,91.1775903884606,571.65600586,31.4,7.8,74.3390243902439,1.8,63.5035790981749,5.196000000000001,9.693,0.8320000000000001,66.2,0.512,-0.134,0.815,0.579,0.34
MNE,Montenegro,ECS,Upper-middle income,2008,20238.9216459135,120.292976379395,8.1,95.7432123993098,95.0,89.0,2.073,91.7158378297671,571.65600586,30.5,7.1,75.1365853658537,1.89,63.8414387962647,,9.696,0.8240000000000001,,0.534,-0.11749999999999995,0.8265,0.601,0.3815
MNE,Montenegro,ECS,Upper-middle income,2009,18984.9379136097,113.767211914062,7.4,96.0257884355961,92.0,86.0,2.072,92.2561094620688,571.65600586,31.0,6.4,75.1439024390244,1.98,64.1131468872325,4.801,9.699,0.816,66.8,0.556,-0.1009999999999999,0.838,0.623,0.423
MNE,Montenegro,ECS,Upper-middle income,2010,19476.1626179487,108.25479888916,6.7,96.3080710826968,94.0,90.0,2.019,92.7984934115956,571.65600586,28.9,5.8,75.990243902439,1.7,64.3069625751293,5.455,9.724,0.805,67.1,0.552,-0.206,0.757,0.595,0.41
MNE,Montenegro,ECS,Upper-middle income,2011,20110.4869725048,98.0292282104492,6.1,96.5900878676882,95.0,91.0,1.99,93.3430526184903,571.65600586,30.8,5.2,76.0829268292683,1.65,64.4210914835811,5.223,9.755,0.818,67.26,0.546,-0.226,0.762,0.603,0.3779999999999999
MNE,Montenegro,ECS,Upper-middle income,2012,19576.412051459,99.0702972412109,5.5,96.8718312757474,94.0,90.0,2.014,93.8897863076242,535.16223145,41.2,4.7,76.3,1.72,64.5244008658951,5.218999999999999,9.726,0.7040000000000001,67.42,0.462,-0.192,0.755,0.574,0.379
MNE,Montenegro,ECS,Upper-middle income,2013,20201.2916344369,99.78140513102227,5.0,97.1533140949299,94.0,88.0,2.129,94.438754002914,597.17596436,39.0,4.3,76.490243902439,1.73,64.6252987959653,5.074,9.76,0.736,67.58,0.502,-0.176,0.693,0.539,0.331
MNE,Montenegro,ECS,Upper-middle income,2014,20641.7645176561,100.49251302083363,4.6,97.4345288246908,91.0,76.0,2.17,94.9899616180891,581.40106201,38.8,3.9,76.3390243902439,1.75,64.7232143772459,5.283,9.777,0.863,67.74,0.503,0.0969999999999999,0.768,0.5870000000000001,0.368
MNE,Montenegro,ECS,Upper-middle income,2015,21131.8410316247,101.203620910645,4.2,97.7154742169306,89.0,64.0,2.372,95.5434213816421,582.18743896,39.0,3.5,76.6024390243903,1.7,64.8181652937171,5.125,9.81,0.74,67.9,0.583,-0.144,0.7809999999999999,0.58,0.337
MNE,Montenegro,ECS,Upper-middle income,2016,21834.0918741924,100.174591064453,3.9,97.9838031663894,89.0,61.0,2.589,96.0990784093621,604.88665771,38.5,3.2,76.5414634146342,1.8,64.9101692293409,5.303999999999999,9.839,0.866,68.1,0.569,-0.087,0.8490000000000001,0.591,0.337
MNE,Montenegro,ECS,Upper-middle income,2017,22513.7807637171,100.943252563477,3.6,98.2281722973241,87.0,58.0,2.675,96.6569962707111,623.68841553,36.9,3.0,76.6853658536585,1.8,64.9992438680584,5.615,9.885,0.8809999999999999,68.3,0.626,-0.083,0.7559999999999999,0.519,0.35
MNE,Montenegro,ECS,Upper-middle income,2018,23562.1762558957,103.264472961426,3.3,98.8789249228913,86.0,58.0,2.809,97.2142443586762,745.7520752,36.8,2.8,77.8853658536585,1.8,65.0854068937869,,9.934,0.856,68.5,0.626,-0.051,0.769,0.59,0.355
MNE,Montenegro,ECS,Upper-middle income,2019,24585.1159529158,103.651741027832,3.1,99.0815729243166,87.0,58.0,2.792,97.5022963479866,754.77441406,35.7,2.6,76.6829268292683,1.8,65.1686759904159,5.386,9.97,0.8320000000000001,68.7,0.6940000000000001,-0.105,0.82,0.591,0.366
MNE,Montenegro,ECS,Upper-middle income,2020,20904.5999314513,103.846572875977,2.9,99.2839751783308,84.0,58.0,2.831,97.771772470462,754.77441406,35.4,2.4,75.9317073170732,1.75,65.2490688418027,,9.913,0.887,68.9,0.802,0.06,0.845,0.603,0.411
MNG,Mongolia,EAS,Upper-middle income,2005,7499.84803935428,96.1072006225586,40.5,69.2258593497373,99.0,97.0,2.648,48.0796741751259,38.04277039,35.8,31.4,65.2807317073171,2.0,67.3659050254095,,8.833,0.8809999999999999,,0.7809999999999999,0.064,0.918,0.5710000000000001,0.203
MNG,Mongolia,EAS,Upper-middle income,2006,8043.99678108557,98.0709686279297,37.0,70.5155400151406,99.0,99.0,2.739,49.6017260697185,49.52784348,35.8,28.8,65.9021951219512,2.1,67.3659050254095,,8.833,0.8809999999999999,,0.7809999999999999,0.064,0.918,0.5710000000000001,0.203
MNG,Mongolia,EAS,Upper-middle income,2007,8750.13407442299,96.4715576171875,33.8,71.7804641476083,95.0,98.0,2.813,51.1306318210775,66.17643738,35.8,26.5,66.5934146341464,2.3,67.3659050254095,4.609,8.833,0.8809999999999999,58.82,0.7809999999999999,0.064,0.918,0.5710000000000001,0.203
MNG,Mongolia,EAS,Upper-middle income,2008,9379.85489687765,98.8945388793945,31.0,73.0207899506692,96.0,97.0,2.879,52.6658164646959,97.26833344,34.9,24.4,67.2460975609756,2.6,67.3659050254095,4.493,8.904,0.92,59.28,0.731,0.068,0.962,0.586,0.173
MNG,Mongolia,EAS,Upper-middle income,2009,9095.9769892529,109.426750183105,28.5,74.2336967289894,95.0,94.0,2.679,54.2047237331896,76.7000351,34.0,22.5,67.9690243902439,2.8,67.3659050254095,,8.911999999999999,0.912,,0.6809999999999999,0.0835,0.9450000000000001,0.649,0.16149999999999998
MNG,Mongolia,EAS,Upper-middle income,2010,9507.118823625,114.9861488342285,26.3,75.4224593493441,96.0,97.0,2.775,55.748796660386,99.50933838,33.1,20.8,68.5056097560976,2.4,67.8298018313254,4.586,8.92,0.904,60.2,0.631,0.099,0.928,0.7120000000000001,0.15
MNG,Mongolia,EAS,Upper-middle income,2011,10960.0959283864,120.545547485352,24.4,76.3129761358457,99.0,98.0,2.893,57.1062265256697,135.98664856,33.9,19.4,69.109268292683,2.6,67.9196058798676,5.031000000000001,9.061,0.948,60.5,0.7,0.151,0.931,0.6920000000000001,0.153
MNG,Mongolia,EAS,Upper-middle income,2012,12078.9185320062,115.839420097405,22.8,77.0456343168303,99.0,99.0,3.075,58.3638961437545,169.6519928,33.8,18.2,69.500243902439,2.7,67.9522782537785,4.885,9.158,0.919,60.8,0.688,0.107,0.932,0.6890000000000001,0.181
MNG,Mongolia,EAS,Upper-middle income,2013,13210.0945665668,107.682179792169,21.5,77.7798259632281,98.0,97.0,3.125,59.6305788541198,180.41543579,32.9,17.3,70.0980487804878,3.0,67.9776750055915,4.913,9.248,0.935,61.1,0.748,0.136,0.928,0.649,0.179
MNG,Mongolia,EAS,Upper-middle income,2014,13943.4277148653,99.8473218349628,20.4,78.5150961295777,99.0,98.0,3.193,60.9059101713151,176.69651794,32.0,16.5,70.5831707317073,3.1,67.9941357229626,4.825,9.304,0.943,61.4,0.752,0.146,0.909,0.627,0.17
MNG,Mongolia,EAS,Upper-middle income,2015,13974.5967260365,97.8139824176106,19.4,79.2523120738023,99.0,98.0,3.243,62.1905023037508,165.19296265,32.15,15.7,70.810243902439,3.0,67.9999999906095,4.9830000000000005,9.308,0.906,61.7,0.6859999999999999,0.173,0.9,0.653,0.208
MNG,Mongolia,EAS,Upper-middle income,2016,13898.1456953585,97.2863818674059,18.4,79.9910274586386,99.0,99.0,3.289,63.4840050160805,168.41404724,32.3,15.0,70.2239024390244,3.0,67.9776754820979,5.057,9.3,0.947,61.9,0.76,0.09,0.9,0.6940000000000001,0.171
MNG,Mongolia,EAS,Upper-middle income,2017,14401.5375067562,94.4515595966861,17.4,80.7307985361717,99.0,99.0,3.407,64.7860401773072,160.4889679,32.5,14.2,70.5434146341463,2.8,67.9260583223672,5.334,9.334,0.924,62.1,0.675,0.119,0.865,0.675,0.214
MNG,Mongolia,EAS,Upper-middle income,2018,15230.2408828847,95.085682296023,16.4,81.4783824183296,99.0,99.0,3.526,66.102065585159,188.64115906,32.7,13.5,70.8270731707317,2.9,67.8683444833372,5.465,9.386,0.942,62.3,0.696,0.054,0.8490000000000001,0.654,0.192
MNG,Mongolia,EAS,Upper-middle income,2019,15790.6961126441,94.1334790567196,15.6,82.233221224194,98.0,98.0,3.647,67.4319599015551,197.57131958,32.7,12.8,71.0531707317073,3.0,67.8277299551557,5.563,9.418,0.946,62.5,0.711,0.149,0.873,0.7070000000000001,0.1669999999999999
MNG,Mongolia,EAS,Upper-middle income,2020,14801.3420829185,92.3464601580662,14.8,82.994734823721,96.0,97.0,3.778,68.7755717433728,188.77464294,32.7,12.2,71.3490243902439,2.9,68.0894771770775,6.011,9.396,0.918,62.7,0.718,0.141,0.843,0.636,0.26
MNP,Northern Mariana Islands,EAS,High income,2005,,,,97.430139110996,,,,95.3190944864897,,,,77.307,2.256,90.5796270580004,,,,,,,,,
MNP,Northern Mariana Islands,EAS,High income,2006,,,,97.6192823098218,,,,95.5802406275802,,,,77.688,2.613,90.6534562341057,,,,,,,,,
MNP,Northern Mariana Islands,EAS,High income,2007,,,,97.8084255086475,,,,95.8413867686706,,,,77.863,2.786,90.726220848958,,,,,,,,,
MNP,Northern Mariana Islands,EAS,High income,2008,,,,97.9975687074732,,,,96.102532909761,,,,77.938,2.815,90.7990126104496,,,,,,,,,
MNP,Northern Mariana Islands,EAS,High income,2009,,,,98.186711906299,,,,96.3636790508513,,,,77.903,2.736,90.8729232264729,,,,,,,,,
MNP,Northern Mariana Islands,EAS,High income,2010,,,,98.3758551051247,,,,96.6248251919417,,,,77.8,2.982,90.9488180328106,,,,,,,,,
MNP,Northern Mariana Islands,EAS,High income,2011,,,,98.5649983039505,,,,96.8859713330322,,,,77.688,3.208,91.0253367901352,,,,,,,,,
MNP,Northern Mariana Islands,EAS,High income,2012,,,,98.7541415027762,,,,97.1471174741226,,,,77.566,3.328,91.1011927559234,,,,,,,,,
MNP,Northern Mariana Islands,EAS,High income,2013,,,,98.9432847016019,,,,97.408263615213,,,,77.452,3.535,91.1764941872129,,,,,,,,,
MNP,Northern Mariana Islands,EAS,High income,2014,,,,99.1324279004277,,,,97.6694097563033,,,,77.377,3.372,91.2512344351276,,,,,,,,,
MNP,Northern Mariana Islands,EAS,High income,2015,,,,99.3215710992534,,,,97.9305558973937,,,,77.36,3.134,91.3254068507915,,,,,,,,,
MNP,Northern Mariana Islands,EAS,High income,2016,,,,99.5107142980791,,,,98.1917020384842,,,,77.392,2.923,91.3990047853283,,,,,,,,,
MNP,Northern Mariana Islands,EAS,High income,2017,,,,99.6998574969049,,,,98.4528481795746,,,,77.47,2.762,91.4720215898621,,,,,,,,,
MNP,Northern Mariana Islands,EAS,High income,2018,,,,99.8890006957306,,,,98.713994320665,,,,77.51,2.643,91.5444506155168,,,,,,,,,
MNP,Northern Mariana Islands,EAS,High income,2019,,,,100.0,,,,98.9751404617553,,,,77.844,2.559,91.6162852134162,,,,,,,,,
MNP,Northern Mariana Islands,EAS,High income,2020,,,,100.0,,,,99.2362866028457,,,,78.03,2.494,91.6908367362908,,,,,,,,,
MOZ,Mozambique,SSF,Low income,2005,970.38995609863,109.321502685547,125.7,30.391019323665,80.0,80.0,0.026,15.661495607588,18.40718079,45.5,80.5,52.322,5.5,30.0098613217248,,6.776,0.879,,0.684,0.0409999999999999,0.758,0.623,0.327
MOZ,Mozambique,SSF,Low income,2006,1041.80471709595,109.321502685547,118.8,31.9468315696643,78.0,80.0,0.026,16.6744657730016,18.05057144,45.5,76.0,52.748,5.452,30.1740801725307,4.595,6.776,0.879,44.8,0.684,0.0409999999999999,0.758,0.623,0.327
MOZ,Mozambique,SSF,Low income,2007,1095.12568701598,109.321502685547,110.7,33.5293144441132,75.0,80.0,0.033,17.6947339130943,19.29700851,45.5,70.1,53.255,5.466,30.3598131347122,,6.823,0.748,45.5,0.643,0.074,0.8540000000000001,0.634,0.24
MOZ,Mozambique,SSF,Low income,2008,1141.94256161019,114.194580078125,104.4,35.2815210331491,75.0,80.0,0.04,18.8175728896395,24.48562622,45.5,67.4,53.799,5.598,30.5625357695184,,6.865,0.7559999999999999,46.2,0.514,0.006,0.8640000000000001,0.623,0.28
MOZ,Mozambique,SSF,Low income,2009,1178.70909947834,115.103843688965,98.3,37.0713316939985,74.0,80.0,0.047,19.9603052560203,27.68954468,46.916666666666664,63.9,54.4,5.681,30.7715592059159,,6.9030000000000005,0.7766666666666666,,0.5556666666666666,-0.004,0.8156666666666668,0.6126666666666667,0.26766666666666666
MOZ,Mozambique,SSF,Low income,2010,1224.23020471309,116.867207366317,95.6,38.8870842432342,74.0,82.0,0.05,21.1157832994067,26.26061249,48.333333333333336,63.6,55.04,5.66,30.9861779822921,,6.941,0.7973333333333332,,0.5973333333333334,-0.014,0.7673333333333334,0.6023333333333334,0.25533333333333336
MOZ,Mozambique,SSF,Low income,2011,1275.52959822581,113.599054478212,91.1,40.7272349107275,77.0,82.0,0.054,22.2833615319123,30.42516136,49.75,59.8,55.733,5.599,31.2062230032794,4.971,6.979,0.818,48.32,0.639,-0.024,0.7190000000000001,0.5920000000000001,0.243
MOZ,Mozambique,SSF,Low income,2012,1338.51594866104,113.200785284243,86.5,42.5912317568362,80.0,83.0,0.056,23.4630594441157,35.24672699,51.166666666666664,57.1,56.46,5.518,31.4315251735105,,7.0195,0.7799999999999999,,0.6825,0.004249999999999997,0.69725,0.5850000000000001,0.26725
MOZ,Mozambique,SSF,Low income,2013,1385.83254864214,114.118825775581,82.9,44.4785109091444,82.0,83.0,0.058,24.6548929254595,41.5031395,52.583333333333336,56.1,57.189,5.43,31.6619153976179,,7.0600000000000005,0.742,,0.726,0.032499999999999994,0.6755,0.5780000000000001,0.2915
MOZ,Mozambique,SSF,Low income,2014,1449.92926632722,114.277516463599,79.7,46.3885053370703,85.0,83.0,0.06275,25.8588794084376,43.50259018,54.0,55.1,57.965,5.304,31.8972245802342,,7.1005,0.704,,0.7695,0.06074999999999999,0.65375,0.571,0.31575000000000003
MOZ,Mozambique,SSF,Low income,2015,1512.5997455554,114.82837357539,75.8,48.3206421640835,85.0,83.0,0.0675,27.0750381576231,40.35658646,53.34,53.8,58.711,5.245,32.1372836259918,4.55,7.141,0.6659999999999999,51.2,0.813,0.089,0.632,0.564,0.34
MOZ,Mozambique,SSF,Low income,2016,1537.90853271216,113.687876415561,73.3,50.2743318960673,85.0,83.0,0.07225,28.3033808340067,31.85357285,52.68,52.8,59.455,5.188,32.3819234395234,,7.149,0.6719999999999999,,0.818,0.0295,0.657,0.606,0.34650000000000003
MOZ,Mozambique,SSF,Low income,2017,1532.0073576114,111.566194762496,72.0,52.2485430306556,85.0,83.0,0.077,29.5435460585168,36.75825882,52.02,51.4,60.148,5.128,32.6274411492675,4.28,7.157,0.6779999999999999,53.2,0.823,-0.03,0.682,0.648,0.353
MOZ,Mozambique,SSF,Low income,2018,1538.83512127022,115.270990181058,70.2,54.2431367591977,85.0,83.0,0.085,30.7959176592195,41.29206467,51.36,50.3,60.79,5.07,32.9902559073541,4.654,7.162000000000001,0.738,54.2,0.897,0.049,0.691,0.64,0.397
MOZ,Mozambique,SSF,Low income,2019,1528.88988354373,117.86067127577,68.6,56.2587719909351,85.0,83.0,0.086,32.0616645064997,41.01906586,50.7,49.2,61.306,5.016,33.4177241517032,4.932,7.155,0.742,55.2,0.87,0.073,0.682,0.5870000000000001,0.384
MOZ,Mozambique,SSF,Low income,2020,1466.12476474476,118.980061431837,67.6,58.2943448564578,71.0,83.0,0.084,33.3404532645595,34.92252731,50.7,48.6,61.39,4.959,33.9044006416285,,7.155,0.742,,0.87,0.073,0.682,0.5870000000000001,0.384
MRT,Mauritania,SSF,Lower-middle income,2005,5445.82950903243,89.0759201049805,72.5,48.3637496328725,71.0,65.0,0.136,24.4309798679279,34.00539017,35.7,52.2,63.92,5.376,40.407151934074,,8.533,0.682,,0.573,-0.072,0.586,0.733,0.174
MRT,Mauritania,SSF,Lower-middle income,2006,6284.70209004217,92.2504577636719,68.1,49.8930914741819,68.0,62.0,0.136,25.9997164897389,35.14922333,35.7,49.4,64.493,5.404,41.3739934217664,,8.533,0.682,,0.573,-0.072,0.586,0.733,0.174
MRT,Mauritania,SSF,Lower-middle income,2007,6002.77832134488,94.5087280273438,64.3,51.4299037180572,75.0,67.0,0.136,27.6037678904985,40.41820145,35.7,47.2,64.885,5.426,42.4406001164139,4.149,8.533,0.682,53.66,0.573,-0.072,0.586,0.733,0.174
MRT,Mauritania,SSF,Lower-middle income,2008,5813.35608502791,91.1832809448242,61.3,52.9742769831922,74.0,65.0,0.136,29.2444593327866,49.2858696,35.7,45.3,65.233,5.436,43.5784901049073,4.248,8.501,0.67,53.94,0.593,-0.018,0.841,0.732,0.176
MRT,Mauritania,SSF,Lower-middle income,2009,5639.78744910419,97.033561706543,58.8,54.5236725907371,64.0,59.0,0.136,30.9205985186658,44.64679718,35.18333333333334,43.9,65.485,5.406,44.7591814741371,,8.472999999999999,0.8190000000000001,54.22,0.735,0.039,0.848,0.738,0.17
MRT,Mauritania,SSF,Lower-middle income,2010,5605.76388862715,97.8571652188966,56.8,56.0793137596393,64.0,67.0,0.161,32.634513910578,43.759655,34.66666666666667,42.7,65.661,5.384,45.9541923109942,4.772,8.47,0.857,54.5,0.669,0.055,0.727,0.778,0.129
MRT,Mauritania,SSF,Lower-middle income,2011,5653.21720092427,95.4359624506773,55.1,57.6405391140785,75.0,67.0,0.16125,34.3867695026877,47.77469254,34.150000000000006,41.8,65.754,5.38,47.1350407023691,4.785,8.481,0.75,54.82,0.5670000000000001,0.052,0.747,0.762,0.175
MRT,Mauritania,SSF,Lower-middle income,2012,5716.25195414285,94.9017954032329,53.5,59.206705237902,80.0,75.0,0.1615,36.1778963960657,49.2515831,33.63333333333333,41.0,65.808,5.352,48.2732447351525,4.673,8.495,0.763,55.14,0.487,-0.021,0.7070000000000001,0.782,0.1639999999999999
MRT,Mauritania,SSF,Lower-middle income,2013,5769.72870902318,93.6377057031555,52.1,60.7764532840581,80.0,80.0,0.16175,38.0075543396616,55.47412872,33.11666666666667,40.2,65.89,5.317,49.3553973225913,4.199,8.506,0.741,55.46,0.603,-0.079,0.6759999999999999,0.7929999999999999,0.196
MRT,Mauritania,SSF,Lower-middle income,2014,5837.85203095508,93.9026961891851,50.6,62.3466709330309,81.0,75.0,0.162,39.8731407401327,59.39431381,32.6,39.3,66.207,5.261,50.4694791226856,4.4830000000000005,8.519,0.853,55.78,0.4679999999999999,-0.054,0.589,0.755,0.163
MRT,Mauritania,SSF,Lower-middle income,2015,5969.54239289516,96.699365333097,49.1,63.916470728636,73.0,70.0,0.175,41.7742652183786,57.1233139,32.480000000000004,38.5,66.498,5.211,51.6680350049622,,8.542,0.875,56.1,0.447,0.055,0.715,0.82,0.1939999999999999
MRT,Mauritania,SSF,Lower-middle income,2016,5866.28144674129,88.6641926490124,47.7,65.4850065623498,74.0,73.0,0.1815,43.7104270690001,49.90084076,32.36,37.6,66.823,5.157,52.9185627319946,4.472,8.526,0.785,56.4,0.467,-0.175,0.8420000000000001,0.735,0.222
MRT,Mauritania,SSF,Lower-middle income,2017,6050.62180325299,87.8173094861384,46.2,67.0528469845158,76.0,75.0,0.188,45.6828446170813,55.22446442,32.24,36.7,67.088,5.106,54.1970448502004,4.678,8.533,0.779,56.7,0.527,-0.153,0.777,0.637,0.272
MRT,Mauritania,SSF,Lower-middle income,2018,6153.63790241704,90.2193039220816,44.7,68.6188207153195,77.0,78.0,0.196,47.6904380054199,49.68307495,32.12,35.8,67.419,5.044,55.1305077000081,4.314,8.526,0.802,57.0,0.467,-0.1119999999999999,0.711,0.6629999999999999,0.276
MRT,Mauritania,SSF,Lower-middle income,2019,6162.21044455969,90.2671941351334,43.4,70.1831740304399,80.0,75.0,0.201,49.7339098436372,54.63365555,32.0,34.9,67.64,4.984,56.0596215779146,4.1530000000000005,8.556000000000001,0.7979999999999999,57.3,0.628,-0.102,0.743,0.6920000000000001,0.26
MRT,Mauritania,SSF,Lower-middle income,2020,5963.23549724988,93.8044664780786,42.0,71.7451315704303,81.0,82.0,0.203,51.8124755125379,53.89974594,32.0,33.9,66.794,4.912,56.9836701058893,,8.556000000000001,0.7979999999999999,,0.628,-0.102,0.743,0.6920000000000001,0.26
MUS,Mauritius,SSF,Upper-middle income,2005,15264.5981839157,102.094566345215,15.6,99.473396831772,97.0,98.0,1.068,91.9320916263266,192.13858032,35.7,13.7,72.4321951219512,1.88,41.1419874152917,,9.767,0.8,,0.848,0.191,0.847,0.738,0.253
MUS,Mauritius,SSF,Upper-middle income,2006,15932.8192222795,101.59693145752,15.4,99.4967060410466,97.0,99.0,1.108,92.2159724037212,203.24180603,35.7,13.5,72.4321951219512,1.77,40.9607687547567,,9.767,0.8,,0.848,0.191,0.847,0.738,0.253
MUS,Mauritius,SSF,Upper-middle income,2007,16774.5685137565,100.83757019043,15.2,99.5200720163926,97.0,98.0,1.123,92.5003340946351,229.2313385,36.16666666666667,13.3,72.5707317073171,1.74,40.7846600109183,,9.767,0.8,,0.848,0.191,0.847,0.738,0.253
MUS,Mauritius,SSF,Upper-middle income,2008,17627.1121948078,101.194557189941,15.0,99.5434873367577,99.0,98.0,1.138,92.7851254425672,312.88540649,36.63333333333333,13.2,72.5707317073171,1.67,40.6154231740954,,9.767,0.8,,0.848,0.191,0.847,0.738,0.253
MUS,Mauritius,SSF,Upper-middle income,2009,18171.6870025783,100.478866577148,14.9,99.5669598698171,99.0,99.0,1.153,93.0703993955795,301.67260742,37.1,13.1,72.8824390243903,1.59,40.4548202346069,,9.767,0.8,,0.848,0.191,0.847,0.738,0.253
MUS,Mauritius,SSF,Upper-middle income,2010,18925.5713852829,100.593631948192,14.8,99.5904884029877,99.0,99.0,1.169,93.356133421421,357.17382813,37.56666666666667,13.0,72.9673170731707,1.57,40.3046131827718,,9.767,0.8,,0.848,0.191,0.847,0.738,0.253
MUS,Mauritius,SSF,Upper-middle income,2011,19678.6022639733,100.025853822488,14.9,99.6140745200193,98.0,99.0,1.407,93.6423302206656,385.76248169,38.03333333333333,13.1,73.2668292682927,1.55,40.1665923228716,5.477,9.767,0.8,64.7,0.848,0.191,0.847,0.738,0.253
MUS,Mauritius,SSF,Upper-middle income,2012,20313.0328941469,99.3669004354746,15.0,99.6377035692288,98.0,99.0,1.336,93.928957338752,387.1026001,38.5,13.2,73.8634146341464,1.56,40.0369511615085,,9.799666666666667,0.795,,0.84,0.186,0.8576666666666667,0.7613333333333333,0.24266666666666667
MUS,Mauritius,SSF,Upper-middle income,2013,20952.3775734986,97.8401164880995,14.9,99.6614006304561,98.0,99.0,1.585,94.2160990172905,440.00280762,38.16,13.2,74.0170731707317,1.45,39.9108848558771,,9.832333333333333,0.79,,0.8320000000000001,0.181,0.8683333333333333,0.7846666666666666,0.23233333333333334
MUS,Mauritius,SSF,Upper-middle income,2014,21721.3096444788,97.151872457029,14.7,99.6851453153078,97.0,98.0,1.88,94.5036776997777,544.44122314,37.82,13.0,74.1943902439024,1.44,39.7887571971735,5.648,9.865,0.785,65.3,0.8240000000000001,0.176,0.879,0.8079999999999999,0.222
MUS,Mauritius,SSF,Upper-middle income,2015,22499.0254570551,97.1186716587986,14.5,99.7089459082034,97.0,99.0,1.973,94.7917221671352,515.72247314,37.48,12.9,74.3531707317073,1.37,39.6709610617726,,9.9,0.8105,,0.8215000000000001,0.1575,0.885,0.7965,0.23399999999999999
MUS,Mauritius,SSF,Upper-middle income,2016,23357.230006621,96.7216048032764,14.6,99.7328674353139,96.0,92.0,2.144,95.0806649213747,540.39239502,37.14,13.0,74.3948780487805,1.41,39.5578893260494,,9.935,0.836,65.8,0.8190000000000001,0.139,0.8909999999999999,0.785,0.246
MUS,Mauritius,SSF,Upper-middle income,2017,24258.988821567,96.4786321239223,15.0,99.7568929289724,94.0,89.0,2.268,95.3704562123422,594.86120605,36.8,13.3,74.5146341463415,1.46,39.4499348663789,6.174,9.972,0.91,66.1,0.912,0.087,0.818,0.748,0.1689999999999999
MUS,Mauritius,SSF,Upper-middle income,2018,25243.886462031,96.4493985496331,15.4,99.7810033691491,97.0,99.0,1.858,95.6610436549434,640.62182617,36.8,13.7,74.4163414634146,1.42,39.3474905591359,5.882000000000001,10.008,0.909,66.4,0.867,-0.073,0.785,0.774,0.158
MUS,Mauritius,SSF,Upper-middle income,2019,25958.4900281465,95.423076066873,15.7,99.8052010577748,96.0,99.0,2.558,95.9523952887646,639.18286133,36.8,14.0,74.2358536585366,1.41,39.2509492806955,,10.043,0.913,66.7,0.893,-0.053,0.81,0.8079999999999999,0.149
MUS,Mauritius,SSF,Upper-middle income,2020,22272.5398696677,95.0063902545739,15.8,99.8294531889086,95.0,98.0,2.689,96.2430585209024,541.95184326,36.8,14.1,74.1770731707317,1.46,39.1607039074325,6.015,9.972,0.893,67.0,0.843,-0.037,0.772,0.767,0.138
MWI,Malawi,SSF,Low income,2005,1214.7426419188,131.803100585938,109.7,58.1227398593288,93.0,82.0,0.018,11.6430173155279,17.24028015,45.5,65.1,52.469,5.848,15.1041793656241,,6.742000000000001,0.5539999999999999,,0.767,0.2,0.6759999999999999,0.67,0.222
MWI,Malawi,SSF,Low income,2006,1237.27386519947,131.494323730469,102.7,58.9127413872202,99.0,85.0,0.018,13.9195182666637,20.95070648,45.5,61.6,53.652,5.802,15.1753987017157,3.83,6.742000000000001,0.5539999999999999,44.88,0.767,0.2,0.6759999999999999,0.67,0.222
MWI,Malawi,SSF,Low income,2007,1318.33196397214,128.682327270508,96.9,59.7001195551836,87.0,83.0,0.018,16.1881872542677,25.0216465,45.5,59.1,54.687,5.724,15.2477960727861,4.891,6.742000000000001,0.6,46.26,0.91,0.2019999999999999,0.691,0.727,0.176
MWI,Malawi,SSF,Low income,2008,1378.42886690465,136.033767700195,91.0,60.4845500797973,91.0,88.0,0.018,18.4488656297589,32.73482132,45.5,56.0,55.715,5.609,15.3238029928378,,6.79,0.659,,0.8945000000000001,0.18899999999999995,0.69,0.746,0.153
MWI,Malawi,SSF,Low income,2009,1449.72601522136,133.763076782227,85.3,61.2695217967754,93.0,92.0,0.018,20.7030011916433,35.56456757,45.5,53.7,56.714,5.453,15.4015312766848,5.148,6.837999999999999,0.718,49.02,0.879,0.176,0.6890000000000001,0.765,0.13
MWI,Malawi,SSF,Low income,2010,1504.37514113215,135.953379497131,80.1,62.054717323412,93.0,93.0,0.0165,22.950220782325,33.99194336,45.5,51.5,57.787,5.263,15.4776969380518,,6.866499999999999,0.6655,,0.806,0.1375,0.771,0.739,0.199
MWI,Malawi,SSF,Low income,2011,1533.22889572405,136.570114875395,74.0,62.8400904977238,97.0,96.0,0.015,25.1902507973083,39.29234314,45.36666666666667,48.0,58.859,5.083,15.5523153908723,3.946,6.895,0.613,51.42,0.733,0.099,0.853,0.713,0.268
MWI,Malawi,SSF,Low income,2012,1518.14803849238,136.603950137451,67.9,63.6250410332197,96.0,90.0,0.0135,27.4226021008412,32.53762817,45.233333333333334,45.1,59.87,4.902,15.6253133040464,4.279,6.885,0.604,52.44,0.637,0.1689999999999999,0.8859999999999999,0.816,0.2
MWI,Malawi,SSF,Low income,2013,1555.50607410511,140.88915082399,62.9,64.4097635787401,89.0,88.0,0.012,29.6470619671529,39.54008484,45.1,42.6,60.816,4.759,15.6966173464742,,6.907,0.563,53.46,0.752,0.078,0.857,0.8079999999999999,0.248
MWI,Malawi,SSF,Low income,2014,1597.56484331405,140.734554498983,60.0,65.1933925643295,91.0,85.0,0.018333333333333333,31.8630595478382,35.33760452,44.96666666666667,41.1,61.651,4.569,15.766154187056,4.563,6.935,0.512,54.48,0.7859999999999999,0.061,0.8240000000000001,0.7040000000000001,0.263
MWI,Malawi,SSF,Low income,2015,1597.69145324855,139.547593190997,57.4,65.9763340121013,88.0,87.0,0.024666666666666667,34.0704035850355,34.97310638,44.833333333333336,39.7,62.324,4.384,15.8338504946918,3.868,6.935,0.494,55.5,0.8009999999999999,0.0579999999999999,0.835,0.633,0.26
MWI,Malawi,SSF,Low income,2016,1593.59549264808,137.823026920131,55.8,66.7575071708792,84.0,81.0,0.031,36.2684898070789,34.0307579,44.7,39.1,63.163,4.216,15.899632938282,3.4760000000000004,6.932,0.524,56.2,0.81,0.066,0.8240000000000001,0.603,0.325
MWI,Malawi,SSF,Low income,2017,1613.0593571462,139.233233518644,53.8,67.5372652238348,88.0,83.0,0.035500000000000004,38.4570661478088,37.60110092,42.63333333333333,38.5,63.914,4.113,15.9634281867266,,6.945,0.555,56.9,0.848,0.025,0.735,0.609,0.312
MWI,Malawi,SSF,Low income,2018,1638.91665761076,136.723876953125,52.0,68.3152167592517,92.0,87.0,0.04,40.6356741988533,36.70302963,40.56666666666667,38.0,64.464,4.021,16.0221486554255,3.335,6.949,0.528,57.6,0.799,0.073,0.7659999999999999,0.586,0.365
MWI,Malawi,SSF,Low income,2019,1687.28944917892,139.274520404398,51.3,69.0907681697374,95.0,92.0,0.0445,42.8038384563156,36.91519165,38.5,38.3,64.995,3.952,16.1383746619001,3.869,6.966,0.5489999999999999,58.3,0.765,0.004,0.68,0.537,0.348
MWI,Malawi,SSF,Low income,2020,1656.43985192533,136.43618677975,50.4,69.8639475231257,94.0,90.0,0.049,44.9611479828173,42.37881851,38.5,38.2,65.216,3.877,16.2961471756409,,6.966,0.5489999999999999,,0.765,0.004,0.68,0.537,0.348
MYS,Malaysia,EAS,Upper-middle income,2005,20767.5857243346,97.1333618164062,8.3,96.6181133763505,96.0,96.0,0.778,93.9630919319295,162.17677307,44.8,6.5,74.37,2.391,67.0159820173565,,9.839,0.866,,0.8370000000000001,0.201,0.74,0.75,0.243
MYS,Malaysia,EAS,Upper-middle income,2006,21444.4857715028,97.8367385864258,8.3,96.7127740822189,95.0,95.0,0.83,94.1271404616595,200.54800415,44.8,6.5,74.697,2.308,67.9191992840997,6.0120000000000005,9.839,0.866,64.96,0.8370000000000001,0.201,0.74,0.75,0.243
MYS,Malaysia,EAS,Upper-middle income,2007,22305.118263117,98.3626403808594,8.3,96.8049040699595,97.0,95.0,0.879,94.287803077426,230.5599823,45.15,6.5,74.961,2.252,68.7649673902807,6.239,9.881,0.871,65.12,0.8440000000000001,0.089,0.799,0.775,0.162
MYS,Malaysia,EAS,Upper-middle income,2008,22898.0027575442,98.6990509033203,8.2,96.894523797627,97.0,95.0,0.911,94.4451244256703,263.67819214,45.5,6.5,75.151,2.262,69.5438130147565,5.807,9.909,0.8029999999999999,65.28,0.78,0.044,0.884,0.815,0.186
MYS,Malaysia,EAS,Upper-middle income,2009,22106.6417311801,98.7940902709961,8.2,96.981531661434,97.0,95.0,1.086,94.5991098396151,245.64353943,44.86666666666667,6.5,75.269,2.223,70.2462628363839,,9.875,0.792,65.44,0.8740000000000001,-0.009,0.858,0.8220000000000001,0.1639999999999999
MYS,Malaysia,EAS,Upper-middle income,2010,23307.9698543785,98.8697814941406,8.1,97.0660732321152,96.0,95.0,1.151,94.7498776690501,285.64263916,44.233333333333334,6.5,75.376,2.144,70.8625314831025,,9.93,0.8390000000000001,65.6,0.769,0.032,0.8440000000000001,0.8320000000000001,0.192
MYS,Malaysia,EAS,Upper-middle income,2011,24115.8181203958,98.855643801119,8.1,97.1420179422796,96.0,95.0,1.255,94.8950271076726,343.45877075,43.6,6.5,75.488,2.153,71.4245166681964,,9.966,0.77,65.76,0.84,-0.016,0.8420000000000001,0.887,0.155
MYS,Malaysia,EAS,Upper-middle income,2012,25006.3587781537,98.7042528833624,8.0,97.2149965525313,97.0,95.0,1.305,95.0372152977718,371.76046753,42.45,6.5,75.552,2.117,71.9680127926087,5.914,10.005,0.841,65.92,0.848,0.017,0.847,0.867,0.177
MYS,Malaysia,EAS,Upper-middle income,2013,25736.3525554142,98.9066848845224,8.0,97.2860389333655,97.0,95.0,1.555,95.1769234434239,381.69210815,41.3,6.5,75.464,2.07,72.4882717118078,,10.037,0.831,66.08,0.7909999999999999,0.264,0.755,0.736,0.317
MYS,Malaysia,EAS,Upper-middle income,2014,26818.4317281659,97.15563448844,8.1,97.3553157635016,97.0,92.0,1.484,95.314250824297,414.4392395,41.2,6.6,75.345,2.058,72.9802206910773,5.962999999999999,10.082,0.863,66.24,0.8079999999999999,0.239,0.845,0.77,0.261
MYS,Malaysia,EAS,Upper-middle income,2015,27699.6278860387,95.6311535513474,8.2,97.4227111540385,99.0,93.0,1.489,95.4491928177034,368.77331543,41.1,6.7,75.288,2.008,73.4387869957006,6.322,10.118,0.818,66.4,0.675,0.222,0.838,0.775,0.314
MYS,Malaysia,EAS,Upper-middle income,2016,28425.3707609412,96.2219697129545,8.2,97.4883578339003,98.0,96.0,1.576,95.5818387511704,350.71160889,41.13333333333333,6.7,75.371,1.942,73.8588978909614,,10.153,0.8083333333333333,,0.7416666666666667,0.19033333333333333,0.8566666666666667,0.7913333333333333,0.276
MYS,Malaysia,EAS,Upper-middle income,2017,29551.5457597197,96.2574604579347,8.2,97.5518244346184,99.0,96.0,1.787,95.7121393469454,366.36639404,41.16666666666667,6.7,75.542,1.893,74.2354806421432,,10.188,0.7986666666666666,,0.8083333333333333,0.15866666666666668,0.8753333333333333,0.8076666666666668,0.238
MYS,Malaysia,EAS,Upper-middle income,2018,30459.9655338061,95.7761544783431,8.2,97.6132438171196,99.0,98.0,1.858,95.8087179177358,409.84710693,41.2,6.8,75.734,1.838,74.5634625145296,5.339,10.223,0.789,67.0,0.875,0.127,0.894,0.8240000000000001,0.2
MYS,Malaysia,EAS,Upper-middle income,2019,31300.5086554849,94.3275054202176,8.2,97.6726796234952,98.0,97.0,2.021,95.93567943551,419.32568359,41.2,6.8,75.9,1.777,74.8377707734042,5.428,10.252,0.8420000000000001,67.2,0.916,0.123,0.782,0.8340000000000001,0.176
MYS,Malaysia,EAS,Upper-middle income,2020,29200.452632127,93.1800129351047,8.2,97.7301935332944,98.0,95.0,2.183,95.9966449391973,406.52005005,41.2,6.8,76.057,1.68,75.0511895575672,,10.252,0.8420000000000001,,0.916,0.123,0.782,0.8340000000000001,0.176
NAM,Namibia,SSF,Lower-middle income,2005,9245.1365329555,112.362739562988,62.0,78.5320876453257,86.0,73.0,0.383,30.0109518702615,402.20068359,61.0,41.3,52.557,3.571,36.5870014553064,,9.059,0.828,,0.7809999999999999,-0.1009999999999999,0.8390000000000001,0.8109999999999999,0.239
NAM,Namibia,SSF,Lower-middle income,2006,9773.29833199798,113.178672790527,62.0,79.0046008864518,86.0,63.0,0.383,30.5926680157068,437.56240845,61.0,40.1,53.183,3.601,37.6722151614564,,9.059,0.828,,0.7809999999999999,-0.1009999999999999,0.8390000000000001,0.8109999999999999,0.239
NAM,Namibia,SSF,Lower-middle income,2007,10162.2400708746,116.05362701416,62.0,79.4708868241615,86.0,69.0,0.383,31.1618359120794,493.60388184,61.0,41.4,54.026,3.608,38.763436210037,4.886,9.059,0.828,49.68,0.7809999999999999,-0.1009999999999999,0.8390000000000001,0.8109999999999999,0.239
NAM,Namibia,SSF,Lower-middle income,2008,10286.5124067605,116.289268493652,57.5,79.9311134554851,83.0,73.0,0.37863636363636366,31.7185868742759,443.17068481,61.0,43.2,54.74,3.616,39.8328120256318,,9.083714285714285,0.8187142857142857,,0.7907142857142857,-0.11271428571428563,0.8320000000000001,0.8021428571428572,0.239
NAM,Namibia,SSF,Lower-middle income,2009,10166.2899453939,116.96800994873,53.2,80.3834346901376,83.0,76.0,0.37427272727272726,32.2603036353343,420.74865723,61.0,44.8,55.347,3.633,40.8524900328246,,9.10842857142857,0.8094285714285714,,0.8004285714285714,-0.12442857142857136,0.8250000000000001,0.7932857142857143,0.239
NAM,Namibia,SSF,Lower-middle income,2010,10614.6201576671,118.109136341535,50.3,80.8294504898485,83.0,75.0,0.3699090909090909,32.7891161090276,567.35003662,60.68333333333334,43.7,56.093,3.657,41.7946176561991,,9.133142857142856,0.8001428571428572,,0.8101428571428572,-0.13614285714285707,0.8180000000000001,0.7844285714285715,0.239
NAM,Namibia,SSF,Lower-middle income,2011,10965.2729759535,119.055637083219,50.0,81.267654864296,82.0,74.0,0.36554545454545456,33.3028894118118,624.59814453,60.36666666666667,44.2,56.647,3.658,42.6276075621535,,9.157857142857143,0.7908571428571428,,0.8198571428571428,-0.1478571428571428,0.811,0.7755714285714286,0.239
NAM,Namibia,SSF,Lower-middle income,2012,11266.6089486464,121.103692738221,52.6,81.7057329100665,84.0,76.0,0.3611818181818182,33.8118744896686,606.36633301,60.05,46.9,57.733,3.676,43.3804079185694,,9.182571428571428,0.7815714285714286,,0.8295714285714286,-0.15957142857142853,0.804,0.7667142857142858,0.239
NAM,Namibia,SSF,Lower-middle income,2013,11593.5753768689,122.732813532372,50.8,82.1358474215349,89.0,82.0,0.3568181818181818,34.3053246503093,539.41345215,59.733333333333334,45.8,58.468,3.653,44.1106769079132,,9.207285714285714,0.7722857142857142,,0.8392857142857144,-0.17128571428571426,0.797,0.757857142857143,0.239
NAM,Namibia,SSF,Lower-middle income,2014,11982.6963648348,122.71193654589,50.0,82.5578966769433,88.0,83.0,0.35245454545454546,34.7830478360411,452.2585144,59.41666666666667,44.9,59.311,3.635,44.8214248210559,4.574,9.232,0.763,55.16,0.8490000000000001,-0.183,0.79,0.7490000000000001,0.239
NAM,Namibia,SSF,Lower-middle income,2015,12166.5658392058,124.629282782131,51.8,82.9710417542827,92.0,85.0,0.3480909090909091,35.243867972916,476.50784302,59.1,45.3,60.008,3.604,45.5103554445325,,9.226333333333333,0.7846666666666666,,0.8360000000000001,-0.18533333333333332,0.8036666666666666,0.7396666666666667,0.25166666666666665
NAM,Namibia,SSF,Lower-middle income,2016,11846.7880832757,124.182705227995,51.4,83.3709791418252,85.0,75.0,0.34372727272727277,35.68218646148,409.78051758,59.1,45.3,60.81,3.574,46.1751725648784,,9.220666666666666,0.8063333333333333,,0.8230000000000001,-0.18766666666666668,0.8173333333333334,0.7303333333333334,0.26433333333333325
NAM,Namibia,SSF,Lower-middle income,2017,11408.7253099967,125.87493234498,49.8,83.756921632109,88.0,80.0,0.33936363636363637,36.0971096744774,447.95223999,59.1,44.3,61.661,3.511,46.8135799686288,4.441,9.215,0.828,56.2,0.81,-0.19,0.831,0.721,0.2769999999999999
NAM,Namibia,SSF,Lower-middle income,2018,11214.38604306,124.591680749168,48.5,84.1291083222967,89.0,82.0,0.335,36.4891060185928,457.6807251,59.1,43.8,62.579,3.462,47.4232814423189,4.834,9.204,0.8640000000000001,56.5,0.754,-0.1689999999999999,0.846,0.7390000000000001,0.24
NAM,Namibia,SSF,Lower-middle income,2019,10813.3044681944,124.155345932542,46.6,84.5549009012644,87.0,80.0,0.368,36.9123066913261,419.14828491,59.1,42.8,63.546,3.404,48.0019807724839,4.436,9.173,0.845,56.8,0.7390000000000001,-0.174,0.879,0.672,0.256
NAM,Namibia,SSF,Lower-middle income,2020,9652.24827219463,122.345254349927,44.8,84.9689182481296,93.0,90.0,0.38,37.3147816708838,370.81643677,59.1,41.6,64.071,3.349,48.547381745659,,9.104,0.741,57.1,0.6659999999999999,-0.104,0.81,0.648,0.248
NCL,New Caledonia,EAS,High income,2005,,,,95.8050343322036,,,,100.0,,,,74.867,2.227,65.6204802173329,,,,,,,,,
NCL,New Caledonia,EAS,High income,2006,,,,96.0383867482015,,,,100.0,,,,75.016,2.241,65.6204802173329,,,,,,,,,
NCL,New Caledonia,EAS,High income,2007,,,,96.2717391641993,,,,100.0,,,,75.181,2.215,65.6204802173329,,,,,,,,,
NCL,New Caledonia,EAS,High income,2008,,,,96.5050915801972,,,,100.0,,,,75.398,2.204,66.3257509774158,,,,,,,,,
NCL,New Caledonia,EAS,High income,2009,,,,96.7384439961951,,,,100.0,,,,75.676,2.194,66.6631859586932,,,,,,,,,
NCL,New Caledonia,EAS,High income,2010,,,,96.9717964121929,,,,100.0,,,,75.992,2.187,66.703836218007,,,,,,,,,
NCL,New Caledonia,EAS,High income,2011,,,,97.2051488281908,,,,100.0,,,,76.315,2.2,66.726209122213,,,,,,,,,
NCL,New Caledonia,EAS,High income,2012,,,,97.4385012441887,,,,100.0,,,,76.615,2.202,66.7417059914448,,,,,,,,,
NCL,New Caledonia,EAS,High income,2013,,,,97.6718536601866,,,,100.0,,,,76.867,2.167,66.7584127864925,,,,,,,,,
NCL,New Caledonia,EAS,High income,2014,,,,97.9052060761844,,,,100.0,,,,77.053,2.118,66.7846387072769,,,,,,,,,
NCL,New Caledonia,EAS,High income,2015,,,,98.1385584921823,,,,100.0,,,,77.206,2.079,66.8278045547803,,,,,,,,,
NCL,New Caledonia,EAS,High income,2016,,,,98.3719109081802,,,,100.0,,,,77.359,2.078,66.8902054658406,,,,,,,,,
NCL,New Caledonia,EAS,High income,2017,,,,98.6052633241781,,,,100.0,,,,77.504,2.043,66.9683393293094,,,,,,,,,
NCL,New Caledonia,EAS,High income,2018,,,,98.8386157401759,,,,100.0,,,,77.557,2.041,67.0588809757675,,,,,,,,,
NCL,New Caledonia,EAS,High income,2019,,,,99.0719681561738,,,,100.0,,,,77.262,2.05,67.1574673707832,,,,,,,,,
NCL,New Caledonia,EAS,High income,2020,,,,99.3053205721716,,,,100.0,,,,77.049,2.022,67.2747261065933,,,,,,,,,
NER,Niger,SSF,Low income,2005,1241.20064789059,47.7686805725098,171.4,40.3308901559153,45.0,47.0,0.019,8.51225299855436,18.67140198,44.4,70.9,53.32,7.769,16.2687225341797,,6.888,0.677,,0.75,0.076,0.755,0.755,0.179
NER,Niger,SSF,Low income,2006,1267.601412271,48.2523002624512,161.6,41.0575024887785,52.0,53.0,0.019,8.91225988238255,19.9213028,40.849999999999994,70.9,54.223,7.744,16.2675724894628,3.737,6.888,0.677,46.36,0.75,0.076,0.755,0.755,0.179
NER,Niger,SSF,Low income,2007,1260.18545165015,50.5029983520508,153.1,41.7774242131502,58.0,60.0,0.019,9.3108172797856,20.96952438,37.3,70.9,55.063,7.726,16.2641887037781,4.277,6.881,0.726,47.12,0.584,-0.0559999999999999,0.748,0.706,0.158
NER,Niger,SSF,Low income,2008,1308.2751730424,54.2272987365723,146.0,42.4900876989759,67.0,66.0,0.019,9.70763488348427,24.86141586,35.849999999999994,70.9,55.852,7.702,16.2586706998252,4.236000000000001,6.917999999999999,0.607,47.88,0.649,-0.055,0.7490000000000001,0.65,0.1939999999999999
NER,Niger,SSF,Low income,2009,1285.27757373191,57.9658889770508,140.3,43.1966321655043,71.0,69.0,0.028,10.1032794598234,24.54927635,34.4,70.9,56.487,7.679,16.2511180003032,4.267,6.898,0.7709999999999999,48.64,0.88,-0.009,0.483,0.73,0.115
NER,Niger,SSF,Low income,2010,1344.4988701596,61.5986113613618,136.0,43.8964824399921,70.0,67.0,0.036333333333333336,10.4974697713474,23.47736168,32.95,70.9,57.08,7.64,16.2416301279116,4.101,6.941,0.655,49.4,0.8170000000000001,-0.023,0.529,0.745,0.126
NER,Niger,SSF,Low income,2011,1325.92646987416,65.2535100604653,132.7,44.5891012347432,75.0,69.0,0.04466666666666667,10.8898889805879,24.84123039,31.5,70.0,57.6,7.592,16.2303066053496,4.556,6.925,0.818,49.92,0.78,-0.055,0.5489999999999999,0.7,0.166
NER,Niger,SSF,Low income,2012,1411.52001409831,67.1548957778323,130.3,45.2755729615711,73.0,75.0,0.053,11.2811585980416,22.71487427,32.43333333333333,69.5,57.987,7.527,16.2141284004355,3.798,6.987,0.7,50.44,0.7340000000000001,-0.064,0.777,0.603,0.142
NER,Niger,SSF,Low income,2013,1431.71115490341,68.050738334559,128.3,45.9553436655962,75.0,80.0,0.051,11.6709689397012,24.61338997,33.36666666666667,69.2,58.364,7.445,16.2162595696064,3.716,7.002000000000001,0.696,50.96,0.825,-0.077,0.711,0.65,0.208
NER,Niger,SSF,Low income,2014,1471.50554729559,68.6922497937291,126.8,46.6360032875155,82.0,80.0,0.027,12.0644714438851,25.09494019,34.3,69.1,58.693,7.342,16.2450424611665,4.181,7.027,0.753,51.48,0.688,-0.046,0.605,0.6779999999999999,0.205
NER,Niger,SSF,Low income,2015,1480.39815168147,70.8931423850977,125.4,47.3180912197977,84.0,85.0,0.032,12.4627973884211,25.96905327,35.05,69.1,58.85,7.215,16.3035606587493,3.671,7.03,0.713,52.0,0.728,-0.032,0.703,0.682,0.218
NER,Niger,SSF,Low income,2016,1488.08648074655,72.8476843361488,124.3,48.0001316756614,80.0,76.0,0.033,12.8657160959019,22.68474007,35.8,69.2,59.228,7.043,16.3898280543236,4.235,7.047000000000001,0.6829999999999999,52.5,0.7020000000000001,-0.016,0.8140000000000001,0.675,0.325
NER,Niger,SSF,Low income,2017,1515.48307317618,74.3787719289761,123.1,48.6826437620777,85.0,82.0,0.022,13.2744201872419,29.09627533,36.55,69.3,59.524,6.874,16.5036987906896,4.6160000000000005,7.058,0.5820000000000001,53.0,0.684,-0.03,0.778,0.731,0.427
NER,Niger,SSF,Low income,2018,1565.01970005142,70.57575192265085,121.9,49.364204791619,79.0,77.0,0.037,13.6886629942744,30.61364555,37.3,69.3,59.765,6.706,16.5036987906896,5.164,7.087000000000001,0.612,53.5,0.7909999999999999,0.009,0.637,0.7709999999999999,0.503
NER,Niger,SSF,Low income,2019,1605.19476569029,66.7727319163256,120.8,50.045306277114,81.0,79.0,0.039,14.10969749241,31.89424324,37.3,69.3,60.031,6.537,16.5036987906896,5.004,7.106,0.677,54.0,0.831,0.026,0.7290000000000001,0.816,0.304
NER,Niger,SSF,Low income,2020,1622.27873602911,66.7727319163256,119.5,50.7254664539795,81.0,79.0,0.035,14.5380631441061,35.75537109,37.3,69.1,59.89,6.369,16.5036987906896,,7.106,0.677,,0.831,0.026,0.7290000000000001,0.816,0.304
NGA,Nigeria,SSF,Lower-middle income,2005,6496.93228175977,96.3063507080078,145.8,52.0438578033599,36.0,41.0,0.333,30.7689136757313,52.24337006,35.7,77.7,49.538,6.063,47.5656414756863,,8.326,0.735,,0.649,0.085,0.871,0.7809999999999999,0.178
NGA,Nigeria,SSF,Lower-middle income,2006,6702.94533333874,96.6624374389648,140.9,53.6309977200112,40.0,44.0,0.333,31.5068491941473,63.63072205,35.7,77.7,49.876,6.053,48.424271994461,4.71,8.326,0.735,44.12,0.649,0.085,0.871,0.7809999999999999,0.178
NGA,Nigeria,SSF,Lower-middle income,2007,6949.42650711567,88.06884765625,136.5,55.2248334433962,42.0,41.0,0.361,32.2676921129548,66.90659332,35.7,75.6,50.381,6.027,49.2357987173198,4.89,8.363999999999999,0.718,44.64,0.635,0.136,0.918,0.826,0.141
NGA,Nigeria,SSF,Lower-middle income,2008,7215.76946195762,79.2687530517578,132.5,56.8252264251632,53.0,53.0,0.359,33.0520750926105,77.45053101,35.7,73.8,50.748,6.024,50.0505212312351,4.939,8.402999999999999,0.78,45.16,0.584,0.119,0.892,0.74,0.244
NGA,Nigeria,SSF,Lower-middle income,2009,7581.40572089092,80.3091735839844,129.2,58.4306651834765,63.0,64.0,0.36,33.8602860424374,65.71811676,35.7,72.3,51.08,5.993,50.86453484762,4.98,8.453,0.722,45.68,0.537,0.067,0.913,0.745,0.225
NGA,Nigeria,SSF,Lower-middle income,2010,7962.63957281031,79.8300399780273,126.3,60.04206159591,56.0,56.0,0.36075,34.6931346813428,73.008255,35.7,71.1,51.315,5.948,51.6778188255446,,8.504,0.8240000000000001,46.2,0.565,0.067,0.911,0.782,0.19
NGA,Nigeria,SSF,Lower-middle income,2011,8153.53178650271,84.6805572509766,123.8,61.6552661645974,53.0,53.0,0.3615,35.5499413895312,80.2377243,35.6,70.0,51.49,5.893,52.490352424079,,8.523499999999999,0.821,,0.6085,0.0665,0.9055,0.7965,0.1995
NGA,Nigeria,SSF,Lower-middle income,2012,8265.90551181051,85.9125900268555,121.6,63.2702627408651,36.0,41.0,0.36224999999999996,36.4309338253294,87.89523315,35.5,69.1,51.688,5.797,53.302114902293,5.492999999999999,8.543,0.818,47.12,0.652,0.066,0.9,0.8109999999999999,0.209
NGA,Nigeria,SSF,Lower-middle income,2013,8581.20782264031,87.8349702257826,119.9,64.8863828876252,39.0,42.0,0.363,37.3360751927047,97.29588318,35.63333333333333,68.5,51.827,5.694,54.1130855192568,,8.581,0.6629999999999999,47.58,0.622,0.051,0.905,0.638,0.286
NGA,Nigeria,SSF,Lower-middle income,2014,8884.77428628672,84.1216580144923,118.7,66.5036264382039,43.0,42.0,0.36319999999999997,38.2655103767243,102.39888763,35.766666666666666,68.1,51.94,5.622,54.9232435340404,,8.597999999999999,0.7375,,0.651,0.008,0.9155,0.6775,0.26849999999999996
NGA,Nigeria,SSF,Lower-middle income,2015,8892.05798673631,81.4998548861524,117.8,68.1220021164846,42.0,42.0,0.3634,39.2193808312227,92.91207123,35.9,68.0,51.939,5.503,55.7325682057138,,8.615,0.812,48.5,0.68,-0.035,0.926,0.7170000000000001,0.251
NGA,Nigeria,SSF,Lower-middle income,2016,8534.69281482375,78.8780517578125,117.4,69.7405688273521,53.0,48.0,0.3636,40.1973286058844,75.52328491,35.63333333333333,68.1,52.189,5.343,56.541038793347,5.22,8.573,0.805,48.9,0.7979999999999999,0.043,0.905,0.732,0.252
NGA,Nigeria,SSF,Lower-middle income,2017,8396.78452243227,80.2529515622728,117.2,71.3599849035344,55.0,54.0,0.3638,41.1997192224782,70.31814575,35.36666666666667,68.3,52.397,5.182,57.3486345560101,5.322,8.555,0.733,49.3,0.826,0.124,0.835,0.725,0.236
NGA,Nigeria,SSF,Lower-middle income,2018,8362.62330860296,81.6278513667331,117.2,72.9796602996736,61.0,56.0,0.364,42.2262627362671,63.60244751,35.1,68.7,52.669,5.021,58.1553347527729,5.252000000000001,8.548,0.741,49.7,0.79,-0.01,0.866,0.805,0.256
NGA,Nigeria,SSF,Lower-middle income,2019,8361.78664836,82.99971767160905,117.4,74.5993213952744,66.0,58.0,0.356,43.2767522763627,67.6254425,35.1,69.1,53.009,4.861,58.9611186427056,,8.544,0.7340000000000001,50.1,0.7290000000000001,0.032,0.873,0.715,0.245
NGA,Nigeria,SSF,Lower-middle income,2020,7664.21099575168,84.371583976485,117.4,76.2190366017765,62.0,60.0,0.356,44.3511472247714,67.91384888,35.1,69.5,53.072,4.7,59.7659654848781,5.502999999999999,8.484,0.7390000000000001,50.5,0.713,0.099,0.913,0.7440000000000001,0.316
NIC,Nicaragua,LCN,Lower-middle income,2005,5356.95817825808,119.177742004395,29.7,,86.0,96.0,0.509,,73.65701294,48.8,25.5,70.374,2.765,55.9375480421093,,8.398,0.877,,0.745,0.01,0.8440000000000001,0.779,0.294
NIC,Nicaragua,LCN,Lower-middle income,2006,5500.40543544526,123.00740814209,28.4,,88.0,99.0,0.501,,79.3536377,47.574999999999996,24.4,70.958,2.733,56.1058547675536,,8.398,0.877,64.14,0.745,0.01,0.8440000000000001,0.779,0.294
NIC,Nicaragua,LCN,Lower-middle income,2007,5697.2107429964,121.699150085449,27.1,,93.0,99.0,0.535,,93.93821716,46.349999999999994,23.3,71.197,2.697,56.2816618351146,,8.434,0.866,64.48,0.836,0.14,0.826,0.81,0.287
NIC,Nicaragua,LCN,Lower-middle income,2008,5809.09928522386,121.101028442383,25.8,,97.0,99.0,0.659,,109.20231628,45.125,22.3,71.404,2.66,56.4638124507513,5.104,8.454,0.857,64.82,0.7909999999999999,0.076,0.8190000000000001,0.784,0.289
NIC,Nicaragua,LCN,Lower-middle income,2009,5538.36555049931,120.383903503418,24.5,,98.0,99.0,0.714,,112.75749207,43.9,21.2,71.499,2.626,56.651098305894,5.353,8.407,0.835,65.16,0.746,0.07,0.794,0.7809999999999999,0.299
NIC,Nicaragua,LCN,Lower-middle income,2010,5701.12754906379,119.666778564453,23.2,,98.0,99.0,0.739,,117.70147705,44.36,20.1,71.761,2.596,56.842311091973,5.687,8.436,0.863,65.5,0.792,0.018,0.802,0.805,0.268
NIC,Nicaragua,LCN,Lower-middle income,2011,5976.25247519395,119.666778564453,21.9,,98.0,99.0,0.825,,125.13540649,44.82,19.0,72.033,2.558,57.0362425004184,5.386,8.484,0.8,65.72,0.779,-0.02,0.76,0.7909999999999999,0.309
NIC,Nicaragua,LCN,Lower-middle income,2012,6275.78730248003,119.666778564453,20.6,,98.0,99.0,0.872,,133.64489746,45.28,18.0,72.435,2.527,57.2316842226606,,8.533999999999999,0.894,65.94,0.85,0.017,0.644,0.8029999999999999,0.255
NIC,Nicaragua,LCN,Lower-middle income,2013,6494.14920922407,119.666778564453,19.4,,98.0,99.0,0.91,,140.20372009,45.74,17.0,72.551,2.492,57.4274279501299,5.772,8.568999999999999,0.868,66.16,0.8590000000000001,0.039,0.636,0.8390000000000001,0.271
NIC,Nicaragua,LCN,Lower-middle income,2014,6712.21708286288,119.666778564453,18.3,,98.0,99.0,0.906,,156.22232056,46.2,16.0,72.792,2.463,57.6222653742564,,8.602,0.8390000000000001,66.38,0.8170000000000001,0.104,0.6990000000000001,0.813,0.3339999999999999
NIC,Nicaragua,LCN,Lower-middle income,2015,6939.03243274344,119.666778564453,17.2,,98.0,99.0,0.942,,165.18948364,46.2,15.0,72.899,2.434,57.8149881864705,5.924,8.636000000000001,0.8270000000000001,66.6,0.809,0.077,0.728,0.797,0.346
NIC,Nicaragua,LCN,Lower-middle income,2016,7158.75755467501,119.666778564453,16.1,,98.0,99.0,0.965,,171.5748291,46.2,14.2,73.18,2.407,58.0043880782023,6.013,8.668,0.853,66.9,0.7170000000000001,0.039,0.731,0.805,0.38
NIC,Nicaragua,LCN,Lower-middle income,2017,7391.19638215265,119.666778564453,15.3,,98.0,99.0,1.0,,181.75810242,46.2,13.4,73.389,2.378,58.1892567408822,6.476,8.7,0.838,67.2,0.922,0.01,0.6729999999999999,0.85,0.308
NIC,Nicaragua,LCN,Lower-middle income,2018,7049.02709828403,119.666778564453,14.6,,98.0,99.0,0.682,,172.9760437,46.2,12.9,73.879,2.347,58.3683858659405,5.819,8.647,0.8540000000000001,67.5,0.797,0.009,0.713,0.7929999999999999,0.408
NIC,Nicaragua,LCN,Lower-middle income,2019,6756.59334024487,119.666778564453,14.3,,98.0,99.0,0.682,,166.49009705,46.2,12.6,73.764,2.321,58.5405671448072,6.113,8.595,0.8740000000000001,67.8,0.883,0.0289999999999999,0.622,0.835,0.337
NIC,Nicaragua,LCN,Lower-middle income,2020,6523.36944661195,119.666778564453,14.2,,92.0,97.0,0.682,,165.88038635,46.2,12.5,70.766,2.299,58.7045922689128,,8.595,0.8740000000000001,,0.883,0.0289999999999999,0.622,0.835,0.337
NLD,Netherlands,ECS,High income,2005,58422.0304069674,107.940986633301,5.3,99.999998280043,96.0,95.0,2.684,97.9163269623659,3823.48095703,29.0,4.3,79.3463414634146,1.71,83.5048949725161,7.463999999999999,10.814,0.947,70.4,0.901,0.344,0.5710000000000001,0.8690000000000001,0.233
NLD,Netherlands,ECS,High income,2006,60391.5155033324,107.839912414551,5.1,100.0,96.0,96.0,2.77,97.8921645573829,4080.21972656,30.0,4.3,79.6975609756098,1.72,84.6532280358545,,10.8475,0.9455,,0.8985,0.344,0.508,0.8435,0.223
NLD,Netherlands,ECS,High income,2007,62601.6612832425,107.652893066406,4.9,100.0,97.0,96.0,2.768,97.8704752768738,4696.14160156,29.6,4.1,80.0975609756098,1.72,85.4089231499726,7.452000000000001,10.880999999999998,0.944,70.8,0.8959999999999999,0.344,0.445,0.818,0.213
NLD,Netherlands,ECS,High income,2008,63678.4005491428,107.348289489746,4.7,100.0,97.0,96.0,2.844,97.8497502030324,5382.44580078,29.3,4.0,80.2512195121951,1.77,85.6149582464487,7.631,10.899,0.944,71.0,0.883,0.365,0.419,0.7879999999999999,0.182
NLD,Netherlands,ECS,High income,2009,61029.7329801783,107.019401550293,4.6,99.9999979513678,97.0,96.0,2.896,97.8284751819117,5282.74316406,27.9,3.9,80.5487804878049,1.79,86.2223179632671,,10.881499999999999,0.9504999999999999,,0.902,0.357,0.4089999999999999,0.8205,0.194
NLD,Netherlands,ECS,High income,2010,61518.5768954231,106.750358581543,4.4,99.9999991848021,97.0,96.0,2.936,97.808168937922,5191.69384766,27.8,3.8,80.7024390243902,1.79,87.3502790247129,7.502000000000001,10.864,0.957,71.4,0.921,0.349,0.3989999999999999,0.853,0.206
NLD,Netherlands,ECS,High income,2011,62318.1391154389,107.072776794434,4.3,100.0,97.0,96.0,3.103,97.7902878211501,5562.12109375,27.8,3.7,81.2048780487805,1.76,88.0059204972573,7.564,10.875,0.938,71.52,0.925,0.336,0.359,0.863,0.181
NLD,Netherlands,ECS,High income,2012,61480.8416416324,107.048240661621,4.2,100.0,97.0,96.0,3.223,97.7732705537269,5284.64990234,27.6,3.6,81.1048780487805,1.72,88.5342462391333,7.471,10.861,0.939,71.64,0.877,0.288,0.434,0.861,0.226
NLD,Netherlands,ECS,High income,2013,61281.3125686741,106.71863301595033,4.2,100.0,97.0,96.0,3.282,97.7588931118417,5532.72607422,28.1,3.6,81.3048780487805,1.68,89.1749992370605,7.407,10.857,0.925,71.76,0.919,0.305,0.505,0.867,0.235
NLD,Netherlands,ECS,High income,2014,62045.849197561,106.38902537027967,4.1,100.0,96.0,96.0,3.392,97.7468177052972,5601.88574219,28.6,3.5,81.7073170731707,1.71,89.8364787097165,7.321000000000001,10.867,0.909,71.88,0.91,0.331,0.457,0.868,0.221
NLD,Netherlands,ECS,High income,2015,63081.4083495966,106.059417724609,4.1,99.9999977623031,95.0,95.0,3.457,97.7352192649865,4676.56201172,28.2,3.5,81.509756097561,1.66,90.2787737214621,7.324,10.882,0.9175,72.0,0.904,0.261,0.412,0.8340000000000001,0.2019999999999999
NLD,Netherlands,ECS,High income,2016,64267.7476553623,105.680366516113,4.1,99.9999992507495,95.0,94.0,3.501,97.7241321475967,4644.02099609,28.2,3.5,81.5609756097561,1.66,90.5803239452777,7.541,10.899,0.926,72.1,0.907,0.239,0.433,0.838,0.215
NLD,Netherlands,ECS,High income,2017,65665.9910229578,105.039421081543,4.0,99.9999992668183,94.0,93.0,3.565,97.7135252353783,4934.57519531,28.5,3.5,81.7609756097561,1.62,91.1219700676602,,10.921,0.937,72.2,0.92,0.25,0.363,0.852,0.185
NLD,Netherlands,ECS,High income,2018,66758.2454283317,104.561111450195,4.0,100.0,93.0,93.0,3.632,97.7036451274894,5330.66015625,28.1,3.5,81.8121951219512,1.59,92.6062472401044,,10.941,0.939,72.3,0.92,0.161,0.371,0.862,0.205
NLD,Netherlands,ECS,High income,2019,67847.8818461095,104.578910827637,4.0,99.999999064505,94.0,94.0,3.713,97.6944050882075,5340.61279297,29.2,3.5,82.1121951219512,1.57,93.8898028856479,,10.953,0.941,72.4,0.8859999999999999,0.213,0.36,0.838,0.231
NLD,Netherlands,ECS,High income,2020,64862.1890353474,104.338813781738,4.0,99.999999064231,94.0,94.0,3.805,97.6857903463505,5865.90527344,26.0,3.5,81.3585365853659,1.54,94.2532277765935,7.504,10.901,0.944,72.5,0.935,0.151,0.281,0.784,0.247
NOR,Norway,ECS,High income,2005,83955.3365007578,99.2598037719727,4.1,100.0,91.0,90.0,3.563,98.0669754884968,5584.68896484,30.6,3.3,80.0414634146342,1.84,77.8260148882032,,11.031,0.959,,0.96,0.109,0.397,0.8320000000000001,0.1969999999999999
NOR,Norway,ECS,High income,2006,85653.1367825864,99.3583068847656,3.9,100.0,94.0,92.0,3.732,98.0661529563292,5892.98730469,26.4,3.2,80.3439024390244,1.9,78.0877227783203,7.416,11.031,0.959,71.32,0.96,0.109,0.397,0.8320000000000001,0.1969999999999999
NOR,Norway,ECS,High income,2007,87670.8617980792,99.5711975097656,3.7,100.0,93.0,92.0,3.844,98.0652982043914,6895.56005859,27.1,3.0,80.3951219512195,1.9,78.4072502632828,,11.0365,0.9475,,0.9535,0.0635,0.45,0.812,0.17599999999999993
NOR,Norway,ECS,High income,2008,87297.3980291813,99.708251953125,3.6,99.9999999134459,94.0,93.0,3.955,98.0644197562201,7768.05029297,27.0,2.9,80.5926829268293,1.96,78.7541006020666,7.632000000000001,11.042,0.936,71.56,0.947,0.018,0.503,0.792,0.155
NOR,Norway,ECS,High income,2009,84812.6851277638,99.7100524902344,3.4,99.9999998268918,94.0,93.0,4.048,98.0635534703238,7301.95996094,26.2,2.8,80.7951219512195,1.98,79.0570820210427,,11.03575,0.9390000000000001,,0.947,0.05025,0.46925,0.79975,0.16949999999999998
NOR,Norway,ECS,High income,2010,84604.5143891947,99.6255111694336,3.3,99.9999997403377,93.0,93.0,4.114,98.062693752149,7859.51611328,25.7,2.7,80.9975609756098,1.95,79.245002746582,,11.029499999999999,0.942,,0.947,0.0825,0.4355,0.8075,0.184
NOR,Norway,ECS,High income,2011,84670.8344398355,99.6926803588867,3.1,99.99999987016885,94.0,93.0,4.188,98.0616329327885,8900.37207031,25.3,2.6,81.2951219512195,1.88,79.311620451463,,11.023249999999999,0.945,,0.947,0.11475,0.40175,0.81525,0.1985
NOR,Norway,ECS,High income,2012,85925.8723352057,99.6305236816406,3.0,100.0,95.0,94.0,4.232,98.060379335627,8970.11914063,25.7,2.5,81.4512195121951,1.85,79.4905925441617,7.678,11.017,0.948,72.24,0.947,0.147,0.368,0.823,0.213
NOR,Norway,ECS,High income,2013,85973.7694976801,99.6445617675781,2.9,99.9999992599067,94.0,93.0,4.306,98.0591412687485,9241.265625,26.4,2.4,81.7512195121951,1.78,79.9723980455359,,11.020499999999998,0.9444999999999999,,0.9515,0.16399999999999998,0.3865,0.8285,0.20349999999999996
NOR,Norway,ECS,High income,2014,86790.7924625691,99.4954223632812,2.8,100.0,93.0,94.0,4.429,98.0579255402038,9116.37792969,26.8,2.3,82.1,1.75,80.6117159535579,7.444,11.024,0.941,72.68,0.956,0.181,0.405,0.8340000000000001,0.1939999999999999
NOR,Norway,ECS,High income,2015,87688.1196708993,99.3740463256836,2.7,100.0,95.0,95.0,4.091,98.0567246248415,7566.56152344,27.5,2.2,82.3048780487805,1.72,81.2378240971353,7.603,11.033,0.947,72.9,0.948,0.257,0.299,0.843,0.209
NOR,Norway,ECS,High income,2016,88041.6414808956,99.2189407348633,2.6,100.0,96.0,96.0,4.22,98.0555433258963,7492.07666016,28.5,2.1,82.4073170731707,1.71,81.6800003051758,7.596,11.035,0.96,73.0,0.954,0.133,0.41,0.85,0.209
NOR,Norway,ECS,High income,2017,89664.9086415829,99.2714920043945,2.5,100.0,96.0,96.0,4.346,98.0543904284695,7815.78710938,27.0,2.1,82.609756097561,1.62,81.9699745912375,7.579,11.05,0.95,73.1,0.953,0.236,0.25,0.8490000000000001,0.203
NOR,Norway,ECS,High income,2018,90064.0687974358,99.1744232177734,2.5,100.0,96.0,96.0,4.466,98.053258505645,8271.859375,27.6,2.0,82.7585365853659,1.56,82.2452112401723,7.444,11.056,0.966,73.2,0.96,0.094,0.268,0.8270000000000001,0.212
NOR,Norway,ECS,High income,2019,90772.9017041865,99.0806503295898,2.4,100.0,97.0,97.0,4.578,98.0521493999593,8007.35546875,27.7,2.0,82.9585365853659,1.53,82.4935894878281,7.442,11.061,0.942,73.3,0.954,0.111,0.271,0.823,0.195
NOR,Norway,ECS,High income,2020,89012.2723804504,98.8857498168945,2.4,100.0,97.0,97.0,4.682,98.0510810985992,7824.57714844,28.4,2.0,83.209756097561,1.48,82.7029885700532,7.29,11.042,0.956,73.4,0.965,0.075,0.271,0.823,0.216
NPL,Nepal,SAS,Lower-middle income,2005,2580.23106308364,113.656700134277,60.0,82.6989066918082,89.0,74.0,0.506,27.6497562651801,14.14693356,32.8,48.8,65.275,3.115,53.3827400058951,,7.616,0.8740000000000001,,0.6890000000000001,0.317,0.897,0.7170000000000001,0.171
NPL,Nepal,SAS,Lower-middle income,2006,2641.34799494749,128.364685058594,57.3,83.3207910288118,89.0,85.0,0.506,30.3297393254008,13.68047714,32.8,46.9,65.891,2.967,53.3827400058951,4.567,7.616,0.8740000000000001,57.2,0.6890000000000001,0.317,0.897,0.7170000000000001,0.171
NPL,Nepal,SAS,Lower-middle income,2007,2708.7143922589,130.224639892578,54.7,83.9381629345447,82.0,81.0,0.506,33.0557887006794,17.13900185,32.8,45.0,66.169,2.857,53.3827400058951,4.748,7.638,0.787,57.7,0.413,0.317,0.8909999999999999,0.643,0.152
NPL,Nepal,SAS,Lower-middle income,2008,2852.60983167965,128.883773803711,52.4,84.5508362701857,82.0,79.0,0.506,35.8273714281674,18.86374855,32.8,43.3,66.442,2.737,56.9108061152324,4.441,7.686,0.818,58.2,0.618,0.291,0.9,0.745,0.153
NPL,Nepal,SAS,Lower-middle income,2009,2961.83900365912,141.323684692383,50.1,85.158729874995,95.0,90.0,0.506,38.6441196454107,20.86620903,32.8,41.7,66.6,2.63,59.8638612146309,,7.723,0.813,58.7,0.616,0.044,0.95,0.57,0.215
NPL,Nepal,SAS,Lower-middle income,2010,3085.31407004502,147.086534908967,47.9,85.7617588960131,93.0,86.0,0.506,41.5056568805896,29.62231827,32.8,40.1,66.772,2.541,62.0156581578338,4.35,7.765,0.779,59.2,0.519,0.092,0.911,0.672,0.226
NPL,Nepal,SAS,Lower-middle income,2011,3176.65040602417,151.550483561125,45.8,86.3599023849968,92.0,88.0,0.506,44.4117125540755,34.14775085,32.8,38.5,67.123,2.462,63.139949798584,,7.797000000000001,0.741,59.4,0.525,-0.01,0.935,0.6990000000000001,0.207
NPL,Nepal,SAS,Lower-middle income,2012,3316.50073452021,149.360557184797,43.7,86.9532837280701,90.0,86.0,0.506,47.3622706946734,33.64963913,32.8,36.9,67.364,2.42,63.6558406194333,4.2330000000000005,7.846,0.7340000000000001,59.6,0.638,0.07,0.883,0.736,0.231
NPL,Nepal,SAS,Lower-middle income,2013,3426.5579593796,145.726105062929,41.7,87.5415795968781,92.0,88.0,0.55,50.3565022636622,35.14327621,32.8,35.4,67.598,2.36,64.1314570156048,,7.888999999999999,0.74,59.8,0.722,0.151,0.877,0.629,0.2789999999999999
NPL,Nepal,SAS,Lower-middle income,2014,3621.73168937112,143.002222135589,39.7,88.1248062062868,92.0,88.0,0.5827500000000001,53.394175397633,41.9739151,32.8,33.9,67.812,2.319,64.5640847098488,4.975,7.947999999999999,0.7859999999999999,60.0,0.7120000000000001,0.121,0.841,0.614,0.287
NPL,Nepal,SAS,Lower-middle income,2015,3745.26182249477,143.572010949657,37.8,88.7026979901049,91.0,85.0,0.6155,56.4745599225782,46.49585342,32.8,32.4,67.374,2.273,64.9510094249155,4.812,7.976,0.748,60.2,0.763,0.2269999999999999,0.8240000000000001,0.5429999999999999,0.358
NPL,Nepal,SAS,Lower-middle income,2016,3743.7445783578,139.177686890567,36.0,89.2751913988418,87.0,83.0,0.64825,59.5972467919298,47.1232872,32.8,31.0,68.444,2.226,65.2895168835553,5.1,7.973,0.8370000000000001,61.3,0.8390000000000001,0.168,0.8170000000000001,0.627,0.37
NPL,Nepal,SAS,Lower-middle income,2017,4071.70431755798,135.346176281377,34.2,89.8420840030234,90.0,90.0,0.681,62.7615781748289,49.63085556,32.8,29.6,68.74,2.173,65.5768928085184,,8.039,0.816,62.4,0.845,0.134,0.77,0.5710000000000001,0.376
NPL,Nepal,SAS,Lower-middle income,2018,4371.38571771897,136.3899689390285,32.6,90.4032337065468,91.0,91.0,0.749,65.966994107957,51.16546249,32.8,28.3,69.036,2.12,65.8104229225551,4.91,8.087,0.768,63.5,0.77,0.122,0.742,0.537,0.387
NPL,Nepal,SAS,Lower-middle income,2019,4607.52454717112,137.43376159668,31.0,90.9584624626018,93.0,92.0,0.815,69.2128409973963,53.61107254,32.8,27.1,69.299,2.08,65.9873929484157,,8.136000000000001,0.772,64.6,0.79,0.1669999999999999,0.7120000000000001,0.536,0.357
NPL,Nepal,SAS,Lower-middle income,2020,4412.5420439395,121.90357208252,29.6,91.5076217588488,84.0,87.0,0.857,72.4985122908231,59.07941437,32.8,25.9,69.106,2.051,66.1050886088505,,8.136000000000001,0.772,,0.79,0.1669999999999999,0.7120000000000001,0.536,0.357
NRU,Naoero,EAS,High income,2005,7209.75436644373,121.36637878418,34.0,98.3319873278861,80.0,99.0,1.0,64.6646322710967,328.92779541,32.4,31.3,59.361,3.377,100.0,,,,,,,,,
NRU,Naoero,EAS,High income,2006,7830.71818547398,96.9380722045898,32.7,98.3353043200152,72.0,99.0,1.0,65.0151108339822,363.46365356,32.4,30.1,59.409,3.4,100.0,,,,,,,,,
NRU,Naoero,EAS,High income,2007,6110.38387689914,88.7212600708008,31.4,98.3386213121444,99.0,99.0,1.0,65.3655742516606,586.8157959,32.4,28.9,59.49,3.504,100.0,,,,,,,,,
NRU,Naoero,EAS,High income,2008,7340.51910638777,92.8888931274414,29.8,98.3094823914475,99.0,99.0,1.0,65.7160225241319,809.65649414,32.4,27.5,59.675,3.665,100.0,,,,,,,,,
NRU,Naoero,EAS,High income,2009,6927.86734285808,94.36363983154298,28.2,98.2803412813285,99.0,99.0,1.0,66.0664556513962,575.39526367,32.4,26.0,59.852,3.847,100.0,,,,,,,,,
NRU,Naoero,EAS,High income,2010,6909.24218919312,95.83838653564456,26.4,98.2511979817874,99.0,99.0,1.1,66.4168736334532,626.21124268,32.4,24.4,60.074,4.019,100.0,,,,,,,,,
NRU,Naoero,EAS,High income,2011,7882.14105570292,97.31313323974612,24.6,98.2220524928242,99.0,99.0,1.386,66.7672764703033,672.27624512,32.4,22.7,60.287,4.117,100.0,,,,,,,,,
NRU,Naoero,EAS,High income,2012,9640.80144364362,98.7878799438477,22.7,98.1929048144389,79.0,96.0,1.3577499999999998,67.1176641619461,873.81658936,32.4,21.0,60.533,4.115,100.0,,,,,,,,,
NRU,Naoero,EAS,High income,2013,9799.7380290632,104.22368621826185,20.9,98.1637549466314,87.0,97.0,1.3295,67.4680367083819,808.10583496,32.4,19.3,60.701,4.098,100.0,,,,,,,,,
NRU,Naoero,EAS,High income,2014,11114.3912279587,109.659492492676,19.2,98.1346028894019,95.0,98.0,1.30125,67.8183941096107,736.00012207,32.4,17.7,60.834,4.085,100.0,,,,,,,,,
NRU,Naoero,EAS,High income,2015,11271.9122695363,99.080157695014,17.5,98.1054486427502,91.0,98.0,1.273,68.1687363656322,973.30883789,32.4,16.2,60.897,4.075,100.0,,,,,,,,,
NRU,Naoero,EAS,High income,2016,11531.3630078665,112.507781982422,15.9,98.0762922066764,97.0,98.0,1.273,68.5190634764467,978.48120117,32.4,14.7,60.996,4.027,100.0,,,,,,,,,
NRU,Naoero,EAS,High income,2017,10633.2766406018,109.938372294108,14.4,98.0471335811805,87.0,95.0,1.273,68.8693754420541,1127.47509766,32.4,13.4,61.101,3.879,100.0,,,,,,,,,
NRU,Naoero,EAS,High income,2018,10402.6131019197,107.368962605794,13.1,98.0179727662624,90.0,99.0,1.273,69.2196722624544,1220.0769043,32.4,12.2,61.238,3.683,100.0,,,,,,,,,
NRU,Naoero,EAS,High income,2019,11184.5284927206,104.79955291748,12.0,97.9888097619223,96.0,95.0,1.273,69.5699539376476,1213.86804199,32.4,11.1,61.393,3.531,100.0,,,,,,,,,
NRU,Naoero,EAS,High income,2020,11306.0207729999,102.257713317871,10.9,97.95964456816,95.0,98.0,1.273,69.9202204676336,1270.52563477,32.4,10.2,61.527,3.466,100.0,,,,,,,,,
NZL,New Zealand,EAS,High income,2005,40970.295838255,99.8288269042969,6.6,99.9999975084119,89.0,86.0,2.105,99.9999975084119,2295.37182617,,5.5,79.8512195121951,1.97,85.9299325780946,,10.526,0.946,,0.932,0.312,0.2239999999999999,0.88,0.2189999999999999
NZL,New Zealand,EAS,High income,2006,41596.8311289998,99.5968475341797,6.5,100.0,89.0,86.0,2.273,100.0,2304.06518555,,5.4,80.0487804878049,2.01,85.9356841665703,7.305,10.526,0.946,71.2,0.932,0.312,0.2239999999999999,0.88,0.2189999999999999
NZL,New Zealand,EAS,High income,2007,42473.1182614499,99.4614868164062,6.4,99.999996901465,88.0,86.0,2.298,99.999996901465,2705.66430664,,5.3,80.1512195121951,2.18,85.9291840664852,7.604,10.546,0.967,71.4,0.878,0.2789999999999999,0.295,0.8540000000000001,0.238
NZL,New Zealand,EAS,High income,2008,41682.2459069155,99.3267135620117,6.4,100.0,89.0,86.0,2.463,100.0,2708.65625,,5.3,80.3512195121951,2.19,85.9144723093505,7.381,10.528,0.944,71.6,0.893,0.298,0.3339999999999999,0.8540000000000001,0.2319999999999999
NZL,New Zealand,EAS,High income,2009,41250.9985717425,99.0637130737305,6.3,99.9999975383469,92.0,89.0,2.58,99.9999975383469,2582.28100586,,5.2,80.7024390243902,2.13,85.8918345477824,,10.524000000000001,0.96,,0.9055,0.276,0.32749999999999996,0.8505,0.23349999999999993
NZL,New Zealand,EAS,High income,2010,41395.370375582,99.0315399169922,6.2,100.0,93.0,91.0,2.625,100.0,3072.73608398,,5.2,80.9048780487805,2.17,85.8614043258228,7.224,10.52,0.976,72.0,0.918,0.254,0.321,0.847,0.235
NZL,New Zealand,EAS,High income,2011,41961.9202263641,99.0727310180664,6.1,99.9999988858894,95.0,93.0,2.655,99.9999988858894,3501.22045898,,5.1,81.1560975609756,2.09,85.8233151875134,,10.536,0.954,72.12,0.935,0.284,0.2689999999999999,0.8640000000000001,0.21
NZL,New Zealand,EAS,High income,2012,42693.4234516571,98.8831405639648,6.0,99.9999978085497,93.0,92.0,2.713,99.9999978085497,3682.94213867,,5.0,81.4073170731707,2.1,85.777700676896,7.25,10.553,0.93,72.24,0.902,0.287,0.289,0.866,0.207
NZL,New Zealand,EAS,High income,2013,43453.2814172317,98.8762893676758,5.9,100.0,92.0,92.0,2.822,100.0,3833.82226563,,4.9,81.4048780487805,2.01,85.7080129786455,,10.571,0.958,72.36,0.944,0.237,0.312,0.835,0.151
NZL,New Zealand,EAS,High income,2014,44369.7664241859,98.6514434814453,5.8,100.0,93.0,93.0,2.889,100.0,3997.43237305,,4.8,81.4568292682927,1.92,85.5076659530411,7.306,10.592,0.942,72.48,0.932,0.348,0.273,0.848,0.1989999999999999
NZL,New Zealand,EAS,High income,2015,45097.016468387,98.5381393432617,5.6,100.0,92.0,93.0,3.031,100.0,3433.59643555,,4.7,81.6124390243903,1.99,85.1518763760531,7.417999999999999,10.608,0.987,72.6,0.942,0.3289999999999999,0.186,0.8340000000000001,0.16
NZL,New Zealand,EAS,High income,2016,45746.135981069,98.5837478637695,5.5,99.9999978251524,92.0,92.0,3.115,99.9999978251524,3516.93481445,,4.6,81.6585365853659,1.87,84.691365594,7.226,10.623,0.937,72.8,0.927,0.266,0.278,0.833,0.207
NZL,New Zealand,EAS,High income,2017,46285.9810980642,98.4804382324219,5.4,99.9999952214353,94.0,93.0,3.253,99.9999952214353,3702.09985352,,4.5,81.8585365853659,1.81,84.691365594,7.327000000000001,10.633,0.955,73.0,0.942,0.294,0.222,0.8170000000000001,0.172
NZL,New Zealand,EAS,High income,2018,46974.6818400482,98.5529708862305,5.3,99.9999959549403,93.0,92.0,3.311,99.9999959549403,3706.80273438,,4.5,81.7073170731707,1.71,84.691365594,,10.66,0.954,73.2,0.949,0.12,0.207,0.845,0.168
NZL,New Zealand,EAS,High income,2019,47392.1933135172,98.2542037963867,5.2,99.9999954101942,92.0,92.0,3.37,99.9999954101942,3679.59692383,,4.4,82.0560975609756,1.72,84.691365594,,10.666,0.939,73.4,0.912,0.157,0.2339999999999999,0.816,0.191
NZL,New Zealand,EAS,High income,2020,46326.3804672976,97.5365295410156,5.1,100.0,92.0,91.0,3.442,100.0,3887.71264648,,4.3,82.2560975609756,1.62,84.691365594,7.257000000000001,10.6,0.952,73.6,0.918,0.125,0.283,0.8490000000000001,0.209
OMN,Oman,MEA,High income,2005,41551.1413844552,96.953971862793,12.9,86.0602755793835,99.0,98.0,1.7,92.2937638272692,326.909729,,10.4,75.07,3.029,71.8577803438712,,10.382,,,0.916,0.025,,,0.295
OMN,Oman,MEA,High income,2006,42540.4398485334,95.9230117797852,12.5,86.4235189460014,98.0,96.0,1.821,93.1032818281143,341.97601318,,10.2,75.354,2.879,72.3920261203777,,10.382,,,0.916,0.025,,,0.295
OMN,Oman,MEA,High income,2007,43696.9691440917,93.5471420288086,12.2,86.7831972682,99.0,97.0,1.91,93.9002107979075,397.21173096,,9.9,75.596,2.761,73.0679250158092,,10.382,,,0.916,0.025,,,0.295
OMN,Oman,MEA,High income,2008,46586.3955926767,91.8159637451172,12.0,87.1393591808879,99.0,98.0,1.978,94.6847837073689,466.60375977,,9.8,76.124,2.762,73.807772368029,,10.382,,,0.916,0.025,,,0.295
OMN,Oman,MEA,High income,2009,48304.1178923167,100.969787597656,11.9,87.4916215447679,98.0,99.0,2.072,95.4570743657186,510.08691406,,9.7,76.631,2.829,74.5338635149003,,10.382,,,0.916,0.025,,,0.295
OMN,Oman,MEA,High income,2010,48191.6145135737,106.0550509318555,11.7,87.8404432564797,99.0,99.0,2.126,96.2174842174493,583.57073975,,9.5,77.184,2.973,75.1579724666274,,10.382,,,0.916,0.025,,,0.295
OMN,Oman,MEA,High income,2011,44440.3092616125,111.140314266055,11.6,88.2854889503874,99.0,99.0,2.057,96.9895887554529,563.23632813,,9.4,77.74,2.955,75.6585803514688,,10.382,,65.5,0.916,0.025,,,0.295
OMN,Oman,MEA,High income,2012,41964.0828578552,103.370301718633,11.4,88.7987968638673,98.0,99.0,1.989,97.7533977258664,561.1171875,,9.3,78.187,2.928,76.088156621068,,10.382,,,0.916,0.025,,,0.295
OMN,Oman,MEA,High income,2013,40854.4853548905,105.94441986084,11.3,89.2944813891267,98.0,99.0,2.001,98.4864188461934,587.71075439,,9.2,78.633,2.954,76.4914234214313,,10.382,,,0.916,0.025,,,0.295
OMN,Oman,MEA,High income,2014,39639.9870514802,105.678726196289,11.2,89.7744741935216,99.0,99.0,2.162,99.0454609162921,726.64660645,,9.1,79.03,2.97,76.8892576748951,,10.382,,,0.916,0.025,,,0.295
OMN,Oman,MEA,High income,2015,39813.7887054675,104.035346984863,11.1,90.238487505215,99.0,99.0,2.13,99.3190102957444,767.04455566,,9.0,79.346,2.965,77.3025363037955,,10.382,,,0.916,0.025,,,0.295
OMN,Oman,MEA,High income,2016,39860.9893909688,103.313171386719,11.0,90.6874222506819,99.0,99.0,1.964,99.3192950863755,714.48864746,,9.0,79.581,2.949,77.7521362304688,,10.382,,,0.916,0.025,,,0.295
OMN,Oman,MEA,High income,2017,38691.1077105097,101.832942186837,11.0,91.1148946068941,99.0,99.0,2.013,99.3195652935256,704.6295166,,8.9,79.748,2.923,78.3142260040136,,10.382,,,0.916,0.025,,,0.295
OMN,Oman,MEA,High income,2018,38673.6045360857,101.079902648926,10.9,91.5230946241618,99.0,99.0,2.104,99.3198091795186,639.78082275,,8.8,79.864,2.81,78.9655839720276,,10.382,,,0.916,0.025,,,0.295
OMN,Oman,MEA,High income,2019,38292.3859682752,97.7350515463917,10.8,91.8882619028406,99.0,99.0,2.091,99.3200354455114,730.08325195,,8.7,79.946,2.696,79.5780017545962,,10.382,,,0.916,0.025,,,0.295
OMN,Oman,MEA,High income,2020,37560.5998714953,90.636727982112,10.7,92.1680305395851,99.0,99.0,2.003,99.320248468501,859.24987793,,8.6,77.763,2.638,80.0176378922722,,10.382,,,0.916,0.025,,,0.295
PAK,Pakistan,MEA,Lower-middle income,2005,4042.15457513378,71.9533462524414,96.0,87.9858227113677,63.0,61.0,0.72,40.051948707326,19.58962631,29.7,80.0,62.416,4.595,33.9190062789495,5.225,8.218,0.591,54.2,0.63,0.089,0.8440000000000001,0.6829999999999999,0.237
PAK,Pakistan,MEA,Lower-middle income,2006,4185.86655659206,68.5336532592773,94.2,88.1422644667259,59.0,59.0,0.7064999999999999,41.8712078550453,24.43647003,29.7,78.6,63.624,4.589,34.0931793866356,,8.2475,0.5349999999999999,,0.513,0.089,0.8190000000000001,0.6829999999999999,0.27349999999999997
PAK,Pakistan,MEA,Lower-middle income,2007,4257.92556870432,72.8158721923828,92.3,88.3130427829655,54.0,57.0,0.693,43.6965924516825,26.14198685,29.7,77.3,63.807,4.554,34.2683067336065,5.671,8.277000000000001,0.479,55.0,0.396,0.089,0.794,0.6829999999999999,0.31
PAK,Pakistan,MEA,Lower-middle income,2008,4233.34830715497,72.6429901123047,90.5,88.4820319386941,53.0,56.0,0.707,45.5276108650431,24.34272766,29.4,75.9,64.002,4.515,34.4460387735948,4.414,8.271,0.373,55.4,0.335,0.1,0.848,0.655,0.321
PAK,Pakistan,MEA,Lower-middle income,2009,4270.43882264229,72.9343795776367,88.5,88.6492343131649,52.0,56.0,0.718,47.3641982720808,23.14643288,29.1,74.4,64.206,4.465,34.6280259603331,5.207999999999999,8.277000000000001,0.522,55.8,0.3879999999999999,0.077,0.8740000000000001,0.639,0.349
PAK,Pakistan,MEA,Lower-middle income,2010,4228.7817715945,73.6427366739346,86.5,88.8147345072875,52.0,57.0,0.727,49.2066353675779,23.62846184,28.8,72.8,64.378,4.398,34.8159187475539,5.7860000000000005,8.27,0.5710000000000001,56.2,0.364,0.0535,0.852,0.6509999999999999,0.372
PAK,Pakistan,MEA,Lower-middle income,2011,4246.06710882497,70.4406693319938,84.3,88.978515573403,63.0,59.0,0.748,51.0548082670217,25.02491379,29.7,71.1,64.659,4.305,35.0113675889897,5.267,8.276,0.51,56.42,0.376,0.03,0.857,0.628,0.358
PAK,Pakistan,MEA,Lower-middle income,2012,4292.02110293486,69.90386379122,82.0,89.1405658210321,64.0,63.0,0.775,52.9086096866619,25.59742928,29.6,69.3,64.883,4.204,35.2160229383731,5.132000000000001,8.289,0.542,56.64,0.367,0.165,0.8420000000000001,0.665,0.332
PAK,Pakistan,MEA,Lower-middle income,2013,4407.14705841377,68.8875716330274,79.6,89.3007289268109,65.0,68.0,0.795,54.7673079838163,28.20998955,29.5,67.4,65.129,4.125,35.4315352494366,5.138,8.311,0.607,56.86,0.4479999999999999,0.1,0.792,0.598,0.2739999999999999
PAK,Pakistan,MEA,Lower-middle income,2014,4520.23463399286,72.1897974318755,77.2,89.4591472805659,69.0,71.0,0.818,56.6314636170423,32.11787415,29.52,65.5,65.374,4.055,35.6595549759128,5.436,8.336,0.552,57.08,0.5429999999999999,0.14,0.677,0.585,0.295
PAK,Pakistan,MEA,Lower-middle income,2015,4645.28631071145,71.7399191116414,74.8,89.6158196961384,72.0,75.0,0.85,58.5009708232225,33.99359894,29.54,63.6,65.641,3.988,35.9017325715342,4.823,8.361,0.562,57.3,0.5870000000000001,0.085,0.7170000000000001,0.575,0.3289999999999999
PAK,Pakistan,MEA,Lower-middle income,2016,4886.61212115378,75.7336415786478,72.4,89.7707150440618,75.0,75.0,0.89,60.3757049658476,36.46934128,29.560000000000002,61.7,65.943,3.902,36.1597184900333,5.549,8.394,0.627,57.7,0.634,0.095,0.7929999999999999,0.648,0.332
PAK,Pakistan,MEA,Lower-middle income,2017,5031.56060738433,74.497149935232,70.1,89.9237776878555,75.0,76.0,0.932,62.2553089946578,42.07228851,29.580000000000002,59.8,66.223,3.9,36.4351548223399,,8.427999999999999,0.69,58.1,0.713,0.045,0.7140000000000001,0.586,0.308
PAK,Pakistan,MEA,Lower-middle income,2018,5255.06350681272,77.3862722679522,67.9,90.0758470234098,80.0,79.0,0.917,64.1435342442995,40.09578323,29.6,58.1,66.481,3.855,36.7478511550359,5.472,8.464,0.685,58.5,0.773,0.069,0.799,0.5670000000000001,0.377
PAK,Pakistan,MEA,Lower-middle income,2019,5295.95295138203,78.702552622727,65.8,90.2267743289886,84.0,81.0,1.049,66.0398368746477,36.01374817,29.6,56.3,66.729,3.81,37.1091631735769,,8.453,0.617,58.9,0.685,0.124,0.7759999999999999,0.581,0.424
PAK,Pakistan,MEA,Lower-middle income,2020,5135.01459288839,78.702552622727,63.7,90.3763302585524,80.0,83.0,1.049,67.9433820948755,36.9091301,29.6,54.6,65.701,3.765,37.5080192948099,,8.453,0.617,,0.685,0.124,0.7759999999999999,0.581,0.424
PAN,Panama,LCN,High income,2005,16867.9674513124,107.977203369141,21.9,91.0627978402199,92.0,99.0,1.355,67.5645305842362,323.0513916,53.8,17.4,75.16,2.643,64.0721934428526,,9.764,0.951,,0.882,-0.047,0.912,0.845,0.2319999999999999
PAN,Panama,LCN,High income,2006,18190.281154717,108.620910644531,21.2,91.2562151531688,88.0,95.0,1.356,68.6424595699143,370.62973022,54.6,16.9,75.429,2.62,64.355408255933,6.127999999999999,9.764,0.951,67.9,0.882,-0.047,0.912,0.845,0.2319999999999999
PAN,Panama,LCN,High income,2007,20208.8293911964,109.872016906738,20.5,91.4461388885148,85.0,95.0,1.309,69.7247974616696,472.08703613,52.7,16.3,75.675,2.612,64.6019807394311,,9.859,0.937,68.0,0.64,0.083,0.915,0.82,0.149
PAN,Panama,LCN,High income,2008,21867.8272186787,108.608779907227,19.8,91.6329440597259,86.0,96.0,1.387,70.8121135731026,506.78494263,52.7,15.8,75.937,2.608,64.8088713516952,,9.935,0.922,68.1,0.7070000000000001,0.06,0.8809999999999999,0.8190000000000001,0.15
PAN,Panama,LCN,High income,2009,21822.996136155,106.596946716309,19.2,91.8164868861301,85.0,96.0,1.315,71.9041216278813,550.80755615,51.8,15.3,76.228,2.593,64.9730405510737,7.034,9.93,0.905,68.2,0.721,0.0139999999999999,0.889,0.883,0.144
PAN,Panama,LCN,High income,2010,22739.1194141341,105.504772050038,18.7,91.9966294834708,94.0,97.0,1.411,73.0005374055146,607.42242432,51.6,14.9,76.417,2.587,65.0926097647906,,9.969,0.928,68.3,0.755,-0.009,0.88,0.888,0.146
PAN,Panama,LCN,High income,2011,24999.4702655482,104.523012045042,18.3,92.175026614494,87.0,97.0,1.503,74.1041771182907,664.97564697,51.3,14.5,76.659,2.604,65.1896678664818,7.247999999999999,10.059,0.8759999999999999,68.5,0.8290000000000001,0.009,0.84,0.885,0.18
PAN,Panama,LCN,High income,2012,26926.8956928065,103.146450660238,17.9,92.3514556960261,85.0,98.0,1.603,75.2147165198156,725.01544189,51.7,14.2,76.877,2.591,65.2829468288151,,10.135,0.897,68.7,0.7829999999999999,-0.002,0.7959999999999999,0.8690000000000001,0.207
PAN,Panama,LCN,High income,2013,28135.3387835383,102.088016559889,17.5,92.5258725116137,80.0,92.0,1.586,76.3321222229942,805.78985596,51.5,14.0,77.129,2.569,65.3709770103365,6.8660000000000005,10.184,0.8959999999999999,68.9,0.8109999999999999,0.018,0.8140000000000001,0.8690000000000001,0.226
PAN,Panama,LCN,High income,2014,28931.8156401199,99.132606826684,17.3,92.6983815513135,80.0,90.0,1.588,77.4566352300972,919.2946167,50.5,13.8,77.365,2.552,65.4531164770096,,10.217,0.873,69.1,0.894,0.002,0.847,0.8079999999999999,0.254
PAN,Panama,LCN,High income,2015,29933.1671530011,96.205074799494,17.1,92.8686371033942,73.0,93.0,1.579,78.5876693762409,982.06530762,50.8,13.6,77.583,2.53,65.5287232947981,6.606,10.255,0.883,69.3,0.847,-0.0069999999999999,0.81,0.8009999999999999,0.264
PAN,Panama,LCN,High income,2016,30765.2490653506,93.4375028559417,17.0,93.188819816336,86.0,95.0,1.573,79.7251829235126,1056.68481445,50.4,13.5,77.772,2.502,65.5971555296656,6.117999999999999,10.287,0.882,69.4,0.884,-0.102,0.8370000000000001,0.858,0.244
PAN,Panama,LCN,High income,2017,31979.8246437748,94.7657015347774,16.7,93.5073884501397,81.0,98.0,1.589,80.8694181421993,1126.96154785,49.9,13.3,77.901,2.462,65.6577712475758,6.568,10.324000000000002,0.912,69.5,0.9,-0.17,0.841,0.833,0.242
PAN,Panama,LCN,High income,2018,32681.4729886331,94.04717208989646,16.3,93.8241340868165,88.0,98.0,1.609,82.0200768210799,1227.30554199,49.2,12.9,78.266,2.402,65.7099285144924,6.281000000000001,10.343,0.904,69.6,0.861,-0.131,0.8370000000000001,0.884,0.223
PAN,Panama,LCN,High income,2019,33163.7172814857,93.3286426450155,15.9,94.1389735045272,88.0,97.0,1.637,83.1771159799322,1339.45153809,49.8,12.6,78.514,2.402,65.752985396379,,10.356,0.8859999999999999,69.7,0.883,-0.1989999999999999,0.8690000000000001,0.878,0.244
PAN,Panama,LCN,High income,2020,26881.8277221689,95.2048771264878,15.5,94.4306492571863,74.0,97.0,1.63,84.3402384762944,1358.4498291,49.8,12.2,76.33,2.402,65.7862999591993,,10.356,0.8859999999999999,,0.883,-0.1989999999999999,0.8690000000000001,0.878,0.244
PER,Peru,LCN,Upper-middle income,2005,8948.74710742664,114.135032653809,26.6,84.0910140674012,77.0,77.0,1.653,68.1735152494759,123.25354004,50.4,21.3,71.988,2.643,74.8162354830832,,8.988999999999999,0.875,,0.6679999999999999,-0.071,0.895,0.6970000000000001,0.42
PER,Peru,LCN,Upper-middle income,2006,9546.62529545456,114.313377380371,25.0,84.796972001847,94.0,93.0,1.653,68.8406174970812,136.14295959,50.3,20.1,72.337,2.619,75.2766672012397,4.811,8.988999999999999,0.875,65.34,0.6679999999999999,-0.071,0.895,0.6970000000000001,0.42
PER,Peru,LCN,Upper-middle income,2007,10284.9672238506,114.932861328125,23.6,85.4925787573111,93.0,92.0,1.653,69.4977421323012,158.55148315,50.0,19.1,72.746,2.583,75.7615250588738,5.214,9.063,0.7559999999999999,65.58,0.638,-0.078,0.931,0.758,0.361
PER,Peru,LCN,Upper-middle income,2008,11150.0262166889,112.584442138672,22.3,86.1388730860252,93.0,92.0,1.2985,70.0979718244948,191.42611694,47.5,18.1,72.743,2.528,76.2744879116779,5.129,9.142,0.777,65.82,0.638,-0.067,0.8959999999999999,0.763,0.354
PER,Peru,LCN,Upper-middle income,2009,11202.8654418496,112.00821685791,21.2,86.7621628336496,93.0,91.0,0.944,70.6712078070281,209.1973877,47.0,17.3,72.631,2.48,76.822147540745,5.519,9.145,0.799,66.06,0.638,-0.079,0.88,0.8109999999999999,0.32
PER,Peru,LCN,Upper-middle income,2010,12057.3912963716,112.186592102051,20.2,87.3815093121049,93.0,94.0,1.009,71.2400990831427,241.43280029,45.5,16.5,72.886,2.421,77.4020936833934,5.613,9.217,0.812,66.3,0.757,-0.06,0.8809999999999999,0.8,0.33
PER,Peru,LCN,Upper-middle income,2011,12724.8832049429,109.572143554688,19.3,87.9963640224872,91.0,96.0,1.074,71.803986474928,264.46487427,44.7,15.8,73.327,2.413,78.0118164985462,5.892,9.27,0.7559999999999999,66.48,0.773,-0.123,0.8240000000000001,0.78,0.331
PER,Peru,LCN,Upper-middle income,2012,13393.5923851679,103.61678314209,18.5,88.6072952219099,95.0,94.0,1.139,72.3636014252996,309.31439209,44.4,15.2,73.979,2.356,78.6488061451268,5.825,9.322,0.764,66.66,0.703,-0.079,0.867,0.757,0.3979999999999999
PER,Peru,LCN,Upper-middle income,2013,14050.2420319137,105.152191162109,17.8,89.2138017423285,88.0,85.0,1.181,72.9183194169617,320.96490479,43.9,14.7,74.591,2.317,79.3105527820586,5.783,9.369,0.797,66.84,0.703,-0.066,0.87,0.778,0.39
PER,Peru,LCN,Upper-middle income,2014,14242.6444760801,102.949859619141,17.2,89.8161834428489,88.0,89.0,1.2229999999999999,73.4685325137981,332.18841553,43.1,14.2,75.26,2.271,79.9945465682649,5.8660000000000005,9.382,0.8190000000000001,67.02,0.722,-0.136,0.878,0.759,0.319
PER,Peru,LCN,Upper-middle income,2015,14540.8313160635,102.787979125977,16.6,90.4146720652742,90.0,92.0,1.265,74.0145820909902,310.60983276,43.4,13.8,75.732,2.229,80.698277662669,5.577000000000001,9.402,0.7979999999999999,67.2,0.802,-0.09,0.884,0.754,0.3779999999999999
PER,Peru,LCN,Upper-middle income,2016,14915.4366324454,104.087951660156,16.1,91.0088509037893,90.0,89.0,1.307,74.5559040876133,311.33517456,43.6,13.4,75.951,2.189,81.4192362241943,,9.426,0.8029999999999999,67.5,0.83,-0.134,0.866,0.8220000000000001,0.3379999999999999
PER,Peru,LCN,Upper-middle income,2017,15067.489279382,102.807487487793,15.7,91.5989672683032,89.0,88.0,1.3399999999999999,75.0928493726003,332.54321289,43.3,13.1,75.958,2.152,82.1931650502403,5.711,9.434,0.83,67.8,0.8270000000000001,-0.154,0.895,0.789,0.3939999999999999
PER,Peru,LCN,Upper-middle income,2018,15384.1846082423,104.412582397461,15.3,92.1863171590782,89.0,86.0,1.373,75.6274098296364,362.75994873,42.4,12.8,76.018,2.118,82.6854929960921,5.68,9.456,0.845,68.1,0.83,-0.178,0.906,0.809,0.38
PER,Peru,LCN,Upper-middle income,2019,15461.4572585466,108.469970703125,14.9,92.7704924879638,88.0,85.0,1.354,76.1591748496731,367.98739624,41.5,12.5,76.275,2.086,83.1033003087105,5.999,9.461,0.809,68.4,0.815,-0.13,0.8740000000000001,0.82,0.375
PER,Peru,LCN,Upper-middle income,2020,13607.7640705828,113.065826416016,14.5,93.351440846039,72.0,77.0,1.436,76.6882865431078,399.13800049,43.7,12.2,73.832,2.056,83.5267437189637,,9.461,0.809,,0.815,-0.13,0.8740000000000001,0.82,0.375
PHL,Philippines,EAS,Upper-middle income,2005,5386.81653712891,101.720321655273,32.8,88.3678311380432,89.0,92.0,1.205,66.7468776426565,45.67607498,47.2,25.0,68.423,3.448,41.3297701258519,,8.562000000000001,0.795,,0.828,0.063,0.841,0.8320000000000001,0.3779999999999999
PHL,Philippines,EAS,Upper-middle income,2006,5578.57225112139,100.087287902832,32.0,88.7447546834869,88.0,92.0,1.214,67.1831301872284,53.87452698,47.2,24.5,68.172,3.466,41.8308558715226,4.67,8.562000000000001,0.795,59.8,0.828,0.063,0.841,0.8320000000000001,0.3779999999999999
PHL,Philippines,EAS,Upper-middle income,2007,5840.06810169965,100.310913085938,31.3,89.1223731975384,87.0,92.0,1.221,68.2064372279476,64.27903748,46.9,24.1,68.549,3.403,42.3470499959497,5.074,8.607999999999999,0.8009999999999999,60.0,0.852,-0.022,0.88,0.784,0.3779999999999999
PHL,Philippines,EAS,Upper-middle income,2008,5987.03757861835,101.465858459473,30.7,89.5006950192922,87.0,90.0,1.232,69.2399098229444,75.69056702,46.6,23.7,68.643,3.401,43.1547492407016,4.589,8.634,0.7979999999999999,60.2,0.861,0.083,0.8170000000000001,0.805,0.384
PHL,Philippines,EAS,Upper-middle income,2009,5965.30730902221,102.759162902832,30.1,89.8798092589211,88.0,89.0,1.237,70.2836819040094,77.64539337,46.3,23.3,68.631,3.376,44.3356772609527,,8.632,0.775,60.4,0.8740000000000001,0.004,0.805,0.846,0.311
PHL,Philippines,EAS,Upper-middle income,2010,6273.03927731515,103.1333278809628,29.5,90.264011405217,88.0,87.0,0.543,71.3424056654417,89.35166931,46.36666666666667,23.0,68.883,3.315,45.5208176726647,4.942,8.686,0.805,60.6,0.893,0.033,0.812,0.8759999999999999,0.294
PHL,Philippines,EAS,Upper-middle income,2011,6388.31296959977,103.5074928590936,29.0,90.670107052381,89.0,86.0,0.554,72.4331957075581,95.95716095,46.43333333333333,22.7,69.096,3.236,46.6833632464759,,8.707,0.789,60.8,0.883,0.073,0.7829999999999999,0.851,0.358
PHL,Philippines,EAS,Upper-middle income,2012,6697.55620962768,103.8816578372244,28.6,91.0748919479401,89.0,84.0,0.564,73.5302350229801,109.2149353,46.5,22.4,69.237,3.143,47.9182784810426,5.002,8.756,0.813,61.0,0.914,0.053,0.7709999999999999,0.865,0.351
PHL,Philippines,EAS,Upper-middle income,2013,7016.53846470436,104.2558228153552,28.3,91.4784521468904,85.0,83.0,0.574,74.6335366418639,118.87432098,45.86666666666667,22.2,69.283,3.042,49.1313688766206,4.977,8.805,0.846,61.2,0.907,0.021,0.7559999999999999,0.799,0.332
PHL,Philippines,EAS,Upper-middle income,2014,7340.361585912,104.629987793486,28.0,91.8806100613092,80.0,81.0,0.589,75.7428560199161,106.16293335,45.233333333333334,22.1,69.311,2.894,50.2392400212368,5.313,8.85,0.813,61.4,0.902,-0.015,0.787,0.813,0.3339999999999999
PHL,Philippines,EAS,Upper-middle income,2015,7691.76308685047,103.408354699272,27.9,92.2815392767777,76.0,80.0,0.609,76.8582853974515,113.4342804,44.6,22.1,69.45,2.829,51.1549047745227,5.547000000000001,8.896,0.8540000000000001,61.6,0.912,-0.051,0.755,0.805,0.351
PHL,Philippines,EAS,Upper-middle income,2016,8131.82537948653,101.721937186986,27.8,92.6811507144986,84.0,80.0,0.631,77.9796692916052,118.05981445,43.833333333333336,22.2,69.49,2.679,51.9114748151175,5.431,8.95,0.821,61.7,0.908,-0.071,0.792,0.821,0.29
PHL,Philippines,EAS,Upper-middle income,2017,8584.13622709699,99.3666730080757,27.8,93.0805992720253,84.0,81.0,0.66,79.1077756692214,120.32259369,43.06666666666666,22.3,69.966,2.525,52.6010482354344,5.593999999999999,9.002,0.851,61.8,0.926,-0.141,0.711,0.769,0.341
PHL,Philippines,EAS,Upper-middle income,2018,9016.28659637608,94.5541345217085,27.9,93.4798496793252,84.0,82.0,0.695,80.2422384212533,125.27716827,42.3,22.5,69.761,2.378,53.2088897464754,,9.05,0.846,61.9,0.918,-0.108,0.726,0.773,0.3929999999999999
PHL,Philippines,EAS,Upper-middle income,2019,9452.2939715981,93.0076871274695,28.0,93.8786426296812,84.0,83.0,0.732,81.3825055793541,141.6925354,42.3,22.6,69.68,2.215,53.7157859948017,,9.095,0.845,62.0,0.91,-0.083,0.748,0.7809999999999999,0.341
PHL,Philippines,EAS,Upper-middle income,2020,8455.18457134106,93.2822386485839,28.0,94.2767858134665,83.0,79.0,0.752,82.5280655331601,166.61218262,42.3,22.7,70.097,2.075,54.1077719895977,,9.061,0.7809999999999999,62.1,0.932,-0.1159999999999999,0.7440000000000001,0.804,0.327
PLW,Palau,EAS,High income,2005,17464.6208167636,109.526702880859,22.1,99.3769813295124,98.0,98.0,1.327,93.9036183333376,810.10369873,,18.8,,2.017,77.574268209537,,,,,,,,,
PLW,Palau,EAS,High income,2006,17706.3673621904,107.807418823242,21.3,99.3892669217874,98.0,98.0,1.327,94.2803727715843,852.00756836,,18.1,,1.996,78.306895759147,,,,,,,,,
PLW,Palau,EAS,High income,2007,18096.7989531775,107.821228027344,20.6,99.4010959735375,94.0,91.0,1.4016666666666666,94.6464571391492,897.35339355,,17.6,67.113,1.968,79.019601300651,,,,,,,,,
PLW,Palau,EAS,High income,2008,17355.2423019079,109.25050728762368,20.1,99.4124857740531,92.0,97.0,1.4763333333333333,95.0022925220304,880.83892822,,17.1,67.562,1.947,79.6639213135968,,,,,,,,,
PLW,Palau,EAS,High income,2009,16541.1206311875,110.67978654790333,19.7,99.4234283601543,89.33333333333333,75.0,1.551,95.3478284028423,947.12615967,,16.8,67.99,1.935,80.2186712923386,,,,,,,,,
PLW,Palau,EAS,High income,2010,16313.4287679398,112.109065808183,19.5,99.4339340465691,86.66666666666667,80.0,1.576,95.6834729135313,1093.30786133,,16.6,68.347,1.937,80.6626667312304,,,,,,,,,
PLW,Palau,EAS,High income,2011,17354.9336767951,113.53834506846268,19.5,99.4440153149557,84.0,85.0,1.5350000000000001,96.0093169387409,1072.56323242,,16.6,68.638,1.965,80.9747231246263,,,,,,,,,
PLW,Palau,EAS,High income,2012,18024.7540996872,114.96762432874233,19.7,99.4536903188215,89.0,91.0,1.494,96.3258137255761,1239.99304199,,16.8,68.863,2.006,81.1285663568435,,,,,,,,,
PLW,Palau,EAS,High income,2013,17891.3784371353,116.396903589022,20.1,99.462942387352,99.0,99.0,1.4529999999999998,96.6329212315953,1399.29931641,,17.2,68.981,2.054,81.0756895339142,,,,,,,,,
PLW,Palau,EAS,High income,2014,18574.7889489655,112.723521320495,20.6,99.4717956107824,95.0,83.0,1.412,96.931030387653,1481.35656738,,17.7,69.062,2.032,80.7338640362566,,,,,,,,,
PLW,Palau,EAS,High income,2015,20104.2315379069,111.51475345498316,21.3,99.4802609974161,90.0,95.0,1.5779999999999998,97.2203841305645,1554.91186523,,18.2,69.07,2.002,80.388246269234,,,,,,,,,
PLW,Palau,EAS,High income,2016,20408.2613269723,110.30598558947133,21.9,99.4882554515008,98.0,96.0,1.744,97.5006428774559,1704.62316895,,18.8,69.046,2.055,80.1089335766065,,,,,,,,,
PLW,Palau,EAS,High income,2017,19693.4082379382,109.09721772395949,22.5,99.4958049799968,97.0,93.0,1.91,97.7722965190515,1775.32849121,,19.4,69.019,2.019,79.8284579022498,,,,,,,,,
PLW,Palau,EAS,High income,2018,19608.9617027822,107.88844985844766,22.9,99.5029234836391,95.0,90.0,1.573,98.0358496591014,1809.22070313,,19.7,68.989,1.97,79.5520868568744,,,,,,,,,
PLW,Palau,EAS,High income,2019,19685.6037989273,106.67968199293583,23.0,99.5096367882251,97.0,97.0,2.191,98.2917742819101,1928.91564941,,19.8,68.982,1.984,79.2803814152827,,,,,,,,,
PLW,Palau,EAS,High income,2020,18509.2491855913,105.470914127424,22.9,99.5159760034998,96.0,93.0,1.798,98.5405897338691,1938.33837891,,19.8,68.689,1.972,79.0796884006264,,,,,,,,,
PNG,Papua New Guinea,EAS,Lower-middle income,2005,3136.98756942536,100.860790212899,65.9,31.1975839865921,72.0,82.0,0.046,16.6059135071294,27.49723434,41.9,51.6,61.868,4.22,13.0708971726612,,,,,,,,,
PNG,Papua New Guinea,EAS,Lower-middle income,2006,3202.89763507367,100.860790212899,64.6,32.6715142031645,70.0,82.0,0.046,17.0313208013981,30.03865242,41.9,50.6,62.018,4.148,13.04994211169,,,,,,,,,
PNG,Papua New Guinea,EAS,Lower-middle income,2007,3346.27900337124,100.860790212899,63.2,34.1459986588811,66.0,72.0,0.046,17.4570499950418,33.18586731,41.9,49.5,62.211,4.076,13.0324481284965,,,,,,,,,
PNG,Papua New Guinea,EAS,Lower-middle income,2008,3234.33247673,100.860790212899,61.8,35.6210359201692,56.0,66.0,0.046,17.8830999336479,34.69308472,41.9,48.4,62.511,4.015,13.0185611592166,,,,,,,,,
PNG,Papua New Guinea,EAS,Lower-middle income,2009,3350.07263964739,100.860790212899,60.3,36.8704561758444,64.0,65.0,0.0475,18.2486172804539,36.5436821,41.9,47.2,62.772,3.941,13.008427139986,,,,,,,,,
PNG,Papua New Guinea,EAS,Lower-middle income,2010,3579.63000710983,100.860790212899,58.9,38.0973177449194,55.0,63.0,0.049,18.6101507749501,39.3453064,41.9,46.1,63.056,3.883,13.0021920069407,,,,,,,,,
PNG,Papua New Guinea,EAS,Lower-middle income,2011,3515.28312517363,100.860790212899,57.5,39.3010861598771,58.0,66.0,0.050875000000000004,18.9672978280348,52.49456787,41.9,44.9,63.382,3.816,13.0000025015364,,,,,,,,,
PNG,Papua New Guinea,EAS,Lower-middle income,2012,3577.91014722774,100.860790212899,56.1,40.4828087269689,57.0,71.0,0.052750000000000005,19.3208666166654,70.27664948,41.9,43.8,63.639,3.746,13.0143796071362,,,,,,,,,
PNG,Papua New Guinea,EAS,Lower-middle income,2013,3615.74646029074,101.32249337238,54.7,41.6488410056407,60.0,72.0,0.054625,19.6757982283776,76.75310516,41.9,42.7,63.927,3.684,13.0582475733094,,,,,,,,,
PNG,Papua New Guinea,EAS,Lower-middle income,2014,3999.13038811865,101.784196531861,53.3,42.7986148436166,52.0,65.0,0.0565,20.0317273970696,89.08061218,41.9,41.6,64.198,3.625,13.1316404025265,,,,,,,,,
PNG,Papua New Guinea,EAS,Lower-middle income,2015,4155.05563962107,103.144626300104,57.3,43.9315688336247,49.0,57.0,0.058375,20.3882856738352,45.18995285,41.9,43.6,64.473,3.558,13.2341359836319,,,,,,,,,
PNG,Papua New Guinea,EAS,Lower-middle income,2016,4276.29643263164,104.505056068347,50.4,45.0471749676037,46.0,46.0,0.06025,20.745116008719,53.98646545,41.9,39.4,64.7,3.495,13.3653651942392,,,,,,,,,
PNG,Papua New Guinea,EAS,Lower-middle income,2017,4322.77662200998,107.31942789056251,48.9,46.144916980198,36.0,41.0,0.062125,21.1018609699395,55.24723816,41.9,38.3,64.923,3.432,13.5249644881888,,,,,,,,,
PNG,Papua New Guinea,EAS,Lower-middle income,2018,4211.68504310327,110.133799712778,47.5,47.2247346164126,35.0,37.0,0.064,21.4585108450562,59.04003525,41.9,37.3,65.114,3.382,13.5249644881888,,,,,,,,,
PNG,Papua New Guinea,EAS,Lower-middle income,2019,4302.16255230002,105.318008718042,46.1,48.285710104836,35.0,37.0,0.06,21.8143659983838,59.89566803,41.9,36.2,65.331,3.322,13.5249644881888,,,,,,,,,
PNG,Papua New Guinea,EAS,Lower-middle income,2020,4078.15378358566,102.053543720153,44.7,49.3273961743901,40.0,44.0,0.06,22.169086312378,55.92817688,41.9,35.2,65.075,3.274,13.5249644881888,,,,,,,,,
POL,Poland,ECS,High income,2005,21568.9476594356,99.9291229248047,7.6,98.239082450466,99.0,98.0,2.14,90.9202465624261,465.70019531,35.8,6.5,74.9951219512195,1.24,61.5497010774856,,9.849,0.922,66.3,0.782,-0.047,0.983,0.715,0.282
POL,Poland,ECS,High income,2006,22921.1975887696,99.6375198364258,7.3,98.2358209800508,99.0,99.0,2.183,91.5867449958382,524.09747314,34.7,6.3,75.1439024390244,1.27,61.4199688499096,,9.913499999999999,0.9175,,0.777,-0.047,0.954,0.7375,0.26
POL,Poland,ECS,High income,2007,24484.0656663756,99.1174926757812,7.0,98.2325323124188,99.0,98.0,2.197,92.2555378641252,660.92468262,34.0,6.0,75.2439024390244,1.31,61.2756005207604,5.886,9.978,0.913,66.7,0.772,-0.047,0.925,0.76,0.238
POL,Poland,ECS,High income,2008,25553.9058406534,98.238639831543,6.7,98.2292078050967,99.0,98.0,2.169,92.9266483730048,892.59698486,33.5,5.8,75.5439024390244,1.39,61.1258760375274,,10.0125,0.915,,0.7965,0.012999999999999998,0.9115,0.725,0.242
POL,Poland,ECS,High income,2009,26204.410367111,98.0396499633789,6.3,98.2259217196512,99.0,98.0,2.179,93.6002677787451,759.60577393,33.4,5.4,75.6951219512195,1.4,60.9800753477,5.772,10.047,0.917,67.1,0.821,0.073,0.898,0.69,0.246
POL,Poland,ECS,High income,2010,27112.1333797381,98.6196365356445,6.0,97.6879584408668,99.0,98.0,2.184,94.2762845397447,809.19940186,33.2,5.1,76.2463414634146,1.41,60.8474783987677,5.8870000000000005,10.085,0.955,67.3,0.795,0.002,0.905,0.737,0.2339999999999999
POL,Poland,ECS,High income,2011,28521.6612623568,99.2583465576172,5.7,97.1483620185882,99.0,98.0,2.204,94.9547125941391,866.09466553,33.2,4.9,76.6951219512195,1.33,60.7357090652544,5.646,10.133,0.905,67.46,0.868,-0.067,0.908,0.725,0.2239999999999999
POL,Poland,ECS,High income,2012,28952.9157305301,100.680816650391,5.4,96.6064109843745,99.0,98.0,2.223,95.6349971602727,815.1418457,33.0,4.7,76.7463414634146,1.33,60.6341632788866,5.876,10.149,0.936,67.62,0.8109999999999999,-0.027,0.888,0.787,0.267
POL,Poland,ECS,High income,2013,29168.624211075,100.073501586914,5.2,96.0626756426039,99.0,98.0,2.228,96.3180175161036,878.08837891,33.1,4.5,77.0,1.29,60.5333187465323,5.746,10.164,0.912,67.78,0.7759999999999999,-0.1369999999999999,0.916,0.784,0.242
POL,Poland,ECS,High income,2014,30334.8786569618,99.5637130737305,5.0,95.5170444873157,98.0,97.0,2.292,97.0037037873813,911.29815674,32.8,4.3,77.6024390243903,1.32,60.4340063344328,5.75,10.197,0.924,67.94,0.875,-0.064,0.898,0.777,0.223
POL,Poland,ECS,High income,2015,31700.3682364154,98.93591817220053,4.9,94.9696427851433,98.0,96.0,2.311,97.6921036491612,803.95965576,31.8,4.2,77.4512195121951,1.32,60.3362886805635,6.007000000000001,10.235,0.893,68.1,0.7929999999999999,-0.093,0.81,0.7340000000000001,0.24
POL,Poland,ECS,High income,2016,32675.3052259954,98.30812327067056,4.8,94.4224326184484,98.0,96.0,2.397,98.3831051859455,816.08618164,31.2,4.1,77.8512195121951,1.39,60.2402284228997,,10.265999999999998,0.917,68.5,0.871,-0.091,0.848,0.777,0.2239999999999999
POL,Poland,ECS,High income,2017,34354.5987616319,97.6803283691406,4.6,93.8761307350633,96.0,96.0,2.36,98.7966126825203,909.57818604,29.7,4.0,77.7536585365854,1.48,60.145888199417,,10.314,0.882,68.9,0.831,-0.122,0.639,0.677,0.203
POL,Poland,ECS,High income,2018,36500.4114282584,94.4897613525391,4.5,93.3312333762882,95.0,96.0,2.341,98.9554251030336,978.73565674,30.2,3.9,77.6024390243903,1.46,60.0533306480907,6.111000000000001,10.366,0.863,69.3,0.87,-0.254,0.72,0.742,0.176
POL,Poland,ECS,High income,2019,38181.6230334689,94.9449615478516,4.5,92.7883142536668,95.0,96.0,2.341,98.9575340330854,1014.03820801,28.8,3.8,77.9048780487805,1.44,59.9626184068963,,10.407,0.878,69.7,0.883,-0.231,0.696,0.725,0.168
POL,Poland,ECS,High income,2020,37852.8021313639,94.9449615478516,4.4,92.2480567425882,94.0,96.0,2.341,98.9575085375078,1025.98486328,28.5,3.8,76.4,1.39,59.8738141138092,6.138999999999999,10.371,0.953,70.1,0.767,-0.0069999999999999,0.787,0.76,0.168
PRI,Puerto Rico (US),LCN,High income,2005,42555.7081189669,97.1196517944336,,97.9506470076727,,,,99.0602917827298,,,,76.703,1.7702,94.058055748557,,,,,,,,,
PRI,Puerto Rico (US),LCN,High income,2006,42133.9682748773,97.1196517944336,,98.0981272826087,,,,99.0602917827298,,,,77.561,1.7123,93.9636036518786,,,,,,,,,
PRI,Puerto Rico (US),LCN,High income,2007,41888.6232716478,97.1196517944336,,98.2456075575448,,,,99.0602917827298,,,,77.659,1.6505,93.8788197135489,,,,,,,,,
PRI,Puerto Rico (US),LCN,High income,2008,41358.0689136668,97.1196517944336,,98.3930878324808,,,,99.0602917827298,,,,78.111,1.6516,93.8114589079331,,,,,,,,,
PRI,Puerto Rico (US),LCN,High income,2009,40772.3514249612,97.1196517944336,,98.5405681074169,,,,99.2396079805014,,,,78.377,1.6528,93.7692762093964,,,,,,,,,
PRI,Puerto Rico (US),LCN,High income,2010,40777.6892825687,99.1731872558594,,98.688048382353,,,,99.418924178273,,,,78.717,1.6235,93.7588772214391,,,,,,,,,
PRI,Puerto Rico (US),LCN,High income,2011,40972.5364074959,92.7918167114258,,98.835528657289,,,,99.5982403760446,,,,78.766,1.5965,93.7598202101009,,,,,,,,,
PRI,Puerto Rico (US),LCN,High income,2012,41347.4542013586,95.8943328857422,,98.9830089322251,,,,99.7775565738162,,,,79.258,1.5425,93.7630744424317,,,,,,,,,
PRI,Puerto Rico (US),LCN,High income,2013,41556.7852350074,97.8782806396484,,99.1304892071611,,,,99.9568727715878,,,,80.318,1.47,93.7698316907305,,,,,,,,,
PRI,Puerto Rico (US),LCN,High income,2014,41593.6798280708,99.8299865722656,,99.2779694820972,,,,100.0,,,,80.039,1.432,93.7813071818968,,,,,,,,,
PRI,Puerto Rico (US),LCN,High income,2015,41737.6068571153,100.338363647461,,99.4254497570333,,,,100.0,,,,80.677,1.3365,93.7987161428303,,,,,,,,,
PRI,Puerto Rico (US),LCN,High income,2016,41858.2626698462,94.4198226928711,,99.5729300319693,,,,100.0,,,,80.355,1.2425,93.8232738004303,,,,,,,,,
PRI,Puerto Rico (US),LCN,High income,2017,41479.9977732034,94.7525749206543,,99.7204103069054,,,,100.0,,,,79.07,1.101,93.8561953815964,,,,,,,,,
PRI,Puerto Rico (US),LCN,High income,2018,41119.3088051648,95.0853271484375,,99.8678905818415,,,,100.0,,,,81.086,1.035,93.8986961132283,,,,,,,,,
PRI,Puerto Rico (US),LCN,High income,2019,41656.3291581369,95.0853271484375,,100.0,,,,100.0,,,,81.438,0.982,93.9519912222253,,,,,,,,,
PRI,Puerto Rico (US),LCN,High income,2020,40171.3744461738,95.0853271484375,,100.0,,,,100.0,,,,80.009,0.922,94.0116144995587,,,,,,,,,
PRK,"Korea, Dem. People's Rep.",EAS,Low income,2005,,101.156799316406,33.3,98.8654741695466,79.0,96.0,3.228,75.2267505195982,,,26.3,69.168,1.872,59.7506437119853,,,,,,,,,
PRK,"Korea, Dem. People's Rep.",EAS,Low income,2006,,101.156799316406,32.8,98.4923401809143,89.0,96.0,3.228,75.2372785852435,,,25.9,69.061,1.936,59.8339025655097,,,,,,,,,
PRK,"Korea, Dem. People's Rep.",EAS,Low income,2007,,101.156799316406,32.4,98.1201000899291,92.0,99.0,3.228,75.9237809171583,,,25.6,69.021,1.943,59.926906023448,,,,,,,,,
PRK,"Korea, Dem. People's Rep.",EAS,Low income,2008,,101.156799316406,31.0,97.7487538824727,92.0,98.0,3.228,76.6139843400435,,,24.7,69.303,1.97,60.0310692203612,,,,,,,,,
PRK,"Korea, Dem. People's Rep.",EAS,Low income,2009,,101.156799316406,30.0,97.3801763920386,93.0,98.0,3.2685000000000004,77.3190361028758,,,23.9,69.702,1.905,60.1544414620403,,,,,,,,,
PRK,"Korea, Dem. People's Rep.",EAS,Low income,2010,,100.14658186170767,28.7,97.014188853857,93.0,99.0,3.309,78.0324089256356,,,22.9,70.246,1.89,60.307007469148,,,,,,,,,
PRK,"Korea, Dem. People's Rep.",EAS,Low income,2011,,99.13636440700935,27.2,96.6502023193552,94.0,99.0,3.3495,78.7499982089361,,,21.7,70.772,1.883,60.4836230684404,,,,,,,,,
PRK,"Korea, Dem. People's Rep.",EAS,Low income,2012,,98.12614695231103,25.7,96.2883252948552,96.0,99.0,3.39,79.4722787144222,,,20.6,71.317,1.882,60.6781140779735,,,,,,,,,
PRK,"Korea, Dem. People's Rep.",EAS,Low income,2013,,97.11592949761271,24.1,95.9284725238966,93.0,99.0,3.4205,80.1989508804153,,,19.3,71.867,1.877,60.8843063158034,,,,,,,,,
PRK,"Korea, Dem. People's Rep.",EAS,Low income,2014,,96.10571204291438,22.6,95.5706751338568,93.0,99.0,3.451,80.9301775081677,,,18.2,72.451,1.874,61.0940947540873,,,,,,,,,
PRK,"Korea, Dem. People's Rep.",EAS,Low income,2015,,95.09549458821606,21.4,95.2148802388595,96.0,98.0,3.548,81.6658106218557,,,17.2,72.825,1.863,61.3247571174501,,,,,,,,,
PRK,"Korea, Dem. People's Rep.",EAS,Low income,2016,,94.08527713351774,20.6,94.8621018158696,96.0,99.0,3.645,82.4086074475707,,,16.5,72.971,1.856,61.5681351428803,,,,,,,,,
PRK,"Korea, Dem. People's Rep.",EAS,Low income,2017,,93.07505967881941,19.1,94.5124525053213,97.0,99.0,3.628,83.1584097748592,,,15.4,73.034,1.848,61.8206076091402,,,,,,,,,
PRK,"Korea, Dem. People's Rep.",EAS,Low income,2018,,92.0648422241211,18.4,94.166236701267,97.0,98.0,3.628,83.9155776338149,,,14.8,73.02,1.834,62.0826119807623,,,,,,,,,
PRK,"Korea, Dem. People's Rep.",EAS,Low income,2019,,92.0648422241211,17.7,93.8236874339691,97.0,99.0,3.628,84.6194920966635,,,14.3,72.928,1.825,62.3542226611578,,,,,,,,,
PRK,"Korea, Dem. People's Rep.",EAS,Low income,2020,,92.0648422241211,17.4,93.8438447876847,97.0,99.0,3.628,84.6654650844227,,,14.1,72.783,1.821,62.6355140538495,,,,,,,,,
PRT,Portugal,ECS,High income,2005,35870.3092741502,114.44255065918,4.7,99.1782486155744,93.0,97.0,3.502,98.2205201292001,1814.35449219,38.5,3.3,78.0707317073171,1.41,61.0788867241731,,10.36,0.905,,0.882,-0.179,0.88,0.7090000000000001,0.3329999999999999
PRT,Portugal,ECS,High income,2006,36387.5367379523,113.981163024902,4.4,99.1723206497846,97.0,97.0,3.572,98.3299181904217,1857.64526367,38.1,3.3,78.419512195122,1.37,61.0788867241731,5.405,10.36,0.905,69.84,0.882,-0.179,0.88,0.7090000000000001,0.3329999999999999
PRT,Portugal,ECS,High income,2007,37226.4702626704,113.063117980957,4.2,99.1678155368085,97.0,95.0,3.657,98.4378342320443,2112.52880859,36.8,3.3,78.3219512195122,1.35,61.0788867241731,,10.372,0.8955,,0.764,-0.198,0.9065000000000001,0.706,0.32099999999999995
PRT,Portugal,ECS,High income,2008,37291.5048969664,112.717491149902,4.0,99.1647380215386,97.0,97.0,3.752,98.5442996404821,2391.98120117,36.6,3.2,78.5243902439025,1.39,61.0788867241731,5.7170000000000005,10.384,0.8859999999999999,70.32,0.6459999999999999,-0.217,0.933,0.703,0.309
PRT,Portugal,ECS,High income,2009,36092.8109314688,110.981079101562,3.9,99.163049429434,96.0,95.0,3.858,98.649279909145,2346.54199219,34.9,3.1,78.7268292682927,1.34,61.0788867241731,,10.376000000000001,0.875,,0.6835,-0.1615,0.9405,0.7224999999999999,0.28700000000000003
PRT,Portugal,ECS,High income,2010,36703.1141882825,109.77262878418,3.8,99.1627697149576,98.0,96.0,3.982,98.7528330142709,2259.30371094,35.8,3.0,79.0268292682927,1.39,61.0788867241731,5.095,10.368,0.8640000000000001,70.8,0.721,-0.106,0.948,0.742,0.265
PRT,Portugal,ECS,High income,2011,36127.2949766157,109.651611328125,3.7,99.1638655691721,97.0,97.0,4.123,98.8549411407512,2255.96923828,36.3,3.0,80.4707317073171,1.35,61.1410698395502,5.22,10.353,0.856,71.0,0.875,-0.173,0.962,0.725,0.2789999999999999
PRT,Portugal,ECS,High income,2012,34804.6333340484,108.395370483398,3.7,99.166331194383,98.0,97.0,4.241,98.9556231886088,1976.91479492,36.0,3.0,80.3731707317073,1.28,61.1409793914666,4.994,10.315,0.866,71.2,0.774,-0.0969999999999999,0.959,0.7290000000000001,0.37
PRT,Portugal,ECS,High income,2013,34651.7719455059,109.373641967773,3.6,99.1701146660996,98.0,98.0,4.399,99.0548734178937,2027.42089844,36.2,2.9,80.7219512195122,1.21,61.1405315215642,5.158,10.312,0.867,71.4,0.7879999999999999,-0.118,0.946,0.7,0.348
PRT,Portugal,ECS,High income,2014,35097.4098263232,107.813301086426,3.6,99.1752179705085,98.0,98.0,4.562,99.1527262690652,2056.61474609,35.6,2.9,81.1219512195122,1.24,61.1394537361116,5.127000000000001,10.325,0.862,71.6,0.847,-0.126,0.941,0.705,0.358
PRT,Portugal,ECS,High income,2015,35803.3575649772,106.229377746582,3.6,99.1816068105742,98.0,98.0,4.748,99.2491933162673,1787.03759766,35.5,2.9,81.1243902439025,1.31,61.137469211538,5.081,10.347,0.866,71.8,0.8,-0.163,0.941,0.657,0.371
PRT,Portugal,ECS,High income,2016,36636.2978441636,105.035911560059,3.6,99.1892660271038,98.0,98.0,4.93,99.3443014964216,1870.31848145,35.2,2.9,81.1243902439025,1.37,61.1343011242723,5.447,10.37,0.905,72.0,0.838,-0.225,0.922,0.684,0.326
PRT,Portugal,ECS,High income,2017,37943.1150505677,104.209732055664,3.6,99.1981706237111,98.0,98.0,5.103,99.43806801438,1991.32263184,33.8,2.9,81.4243902439025,1.38,61.1296726507436,,10.407,0.9,72.2,0.905,-0.176,0.8809999999999999,0.649,0.294
PRT,Portugal,ECS,High income,2018,39123.6151282575,104.378570556641,3.5,99.2082778688964,99.0,99.0,5.276,99.5305100855018,2206.71240234,33.5,2.9,81.3243902439024,1.42,61.1233069673808,5.92,10.434,0.887,72.4,0.877,-0.261,0.88,0.679,0.318
PRT,Portugal,ECS,High income,2019,40188.2868799223,104.897682189941,3.5,99.2195921254353,99.0,99.0,5.422,99.6200248701138,2209.50219727,32.8,2.8,81.6756097560976,1.44,61.114927250613,,10.457,0.8759999999999999,72.6,0.882,-0.2339999999999999,0.915,0.71,0.3
PRT,Portugal,ECS,High income,2020,36852.2287338103,105.753471374512,3.4,99.2320711795606,99.0,99.0,5.576,99.6529221881304,2328.35571289,34.7,2.8,81.3292682926829,1.42,61.1042566768691,5.768,10.371,0.875,72.8,0.913,-0.238,0.867,0.648,0.3829999999999999
PRY,Paraguay,LCN,Upper-middle income,2005,10288.800866577,116.596778869629,29.7,82.7470465879878,96.0,91.0,1.391,76.728771501701,95.1805954,51.4,25.8,71.317,2.973,58.894079141979,,9.088,0.895,,0.691,0.066,0.841,0.816,0.303
PRY,Paraguay,LCN,Upper-middle income,2006,10671.6449984385,114.910606384277,28.9,83.9229047552195,98.0,91.0,1.391,77.8439277858393,122.45078278,53.0,25.1,71.584,2.889,59.0202286834627,4.73,9.088,0.895,63.62,0.691,0.066,0.841,0.816,0.303
PRY,Paraguay,LCN,Upper-middle income,2007,11140.4629098064,113.681617736816,28.2,85.0852532199197,95.0,91.0,1.391,78.9486876932809,161.25285339,53.0,24.5,71.817,2.823,59.1328545601355,5.272,9.126,0.863,63.84,0.6990000000000001,0.132,0.93,0.867,0.2189999999999999
PRY,Paraguay,LCN,Upper-middle income,2008,11749.6546354418,112.590606689453,27.3,86.2343916183711,89.0,91.0,1.391,80.0433396656403,220.90351868,50.7,23.8,72.047,2.792,59.2442256780564,5.57,9.174,0.889,64.06,0.649,0.057,0.8909999999999999,0.8490000000000001,0.259
PRY,Paraguay,LCN,Upper-middle income,2009,11599.8198579092,111.871238708496,26.5,87.3701346043735,86.0,91.0,1.391,81.1277039466521,217.7858429,49.1,23.2,72.282,2.757,59.3666109432844,5.5760000000000005,9.158,0.9,64.28,0.718,0.027,0.857,0.8320000000000001,0.186
PRY,Paraguay,LCN,Upper-middle income,2010,12736.9672867807,112.199429171095,25.7,88.4925524343049,91.0,93.0,1.391,82.2018433166323,258.43127441,51.0,22.5,72.551,2.695,59.5122792618786,,9.25,0.889,64.5,0.726,0.076,0.78,0.855,0.176
PRY,Paraguay,LCN,Upper-middle income,2011,13107.8104435989,111.292626449933,24.9,89.6017300612008,92.0,91.0,1.391,83.2658343869198,337.81317139,52.3,21.9,72.787,2.667,59.693499539898,5.6770000000000005,9.278,0.8690000000000001,64.62,0.6659999999999999,0.191,0.7559999999999999,0.81,0.19
PRY,Paraguay,LCN,Upper-middle income,2012,12833.1801619413,115.087921142578,24.2,90.6978954700582,91.0,88.0,1.391,84.3199132953919,368.7868042,47.6,21.2,73.105,2.658,59.9212909454702,,9.259,0.931,64.74,0.748,0.2,0.774,0.8370000000000001,0.213
PRY,Paraguay,LCN,Upper-middle income,2013,13698.9722320262,111.469030380249,23.4,91.7766282217671,91.0,88.0,1.4035,85.3589778746888,391.80084229,47.9,20.6,73.292,2.636,60.2375315600901,5.936,9.326,0.939,64.86,0.909,0.046,0.903,0.919,0.2239999999999999
PRY,Paraguay,LCN,Upper-middle income,2014,14217.5580896983,107.85013961792001,22.7,92.8421252536178,93.0,84.0,1.416,86.387257170265,440.85821533,50.7,20.0,73.415,2.646,60.7101965948157,5.119,9.36,0.959,64.98,0.759,-0.002,0.762,0.944,0.216
PRY,Paraguay,LCN,Upper-middle income,2015,14425.777586033,104.231248855591,21.9,93.8962871621524,92.0,78.0,1.4285,87.4068345992566,393.42440796,47.6,19.3,73.454,2.645,61.3302768533263,5.56,9.377,0.914,65.1,0.8059999999999999,-0.008,0.863,0.866,0.2189999999999999
PRY,Paraguay,LCN,Upper-middle income,2016,14824.7906280812,100.612358093262,21.2,94.939272291061,92.0,85.0,1.441,88.4178947324525,385.52297974,47.9,18.7,73.487,2.624,62.0827613208606,5.801,9.406,0.94,65.3,0.8540000000000001,-0.071,0.7559999999999999,0.925,0.1969999999999999
PRY,Paraguay,LCN,Upper-middle income,2017,15318.4012187276,100.612358093262,20.5,95.9709683490468,91.0,92.0,1.4535,89.4202504452198,406.60488892,48.5,18.1,73.45,2.591,62.9526389826574,5.712999999999999,9.441,0.902,65.5,0.8909999999999999,0.003,0.81,0.903,0.2319999999999999
PRY,Paraguay,LCN,Upper-middle income,2018,15591.0142663085,100.612358093262,19.9,96.9920505649968,88.0,93.0,1.466,90.415146711899,422.13101196,46.0,17.6,73.627,2.561,63.9248988239553,,9.444500000000001,0.897,,0.8835,0.015499999999999951,0.8460000000000001,0.8805000000000001,0.25349999999999995
PRY,Paraguay,LCN,Upper-middle income,2019,15319.3889991221,100.612358093262,19.2,98.0247086553271,86.0,87.0,1.381,91.4154881056866,416.84432983,45.7,17.0,73.668,2.525,64.9845298299929,5.653,9.448,0.892,65.9,0.8759999999999999,0.0279999999999999,0.882,0.858,0.275
PRY,Paraguay,LCN,Upper-middle income,2020,14989.7667130162,100.612358093262,18.6,99.046227094695,79.0,80.0,1.296,92.4079453626308,411.81765747,43.5,16.5,72.72,2.497,66.116520986009,,9.448,0.892,,0.8759999999999999,0.0279999999999999,0.882,0.858,0.275
PSE,West Bank and Gaza,MEA,Lower-middle income,2005,4885.07252184444,92.9911575317383,26.0,94.8277543650199,96.0,98.0,1.774,91.4202595193558,158.43028259,34.7,22.6,72.004,4.867,80.5172240645229,,8.213,0.818,,0.547,-0.08,0.858,0.497,0.431
PSE,West Bank and Gaza,MEA,Lower-middle income,2006,4714.37331793342,91.143928527832,25.1,95.3106208970364,96.0,99.0,1.774,91.9045563015934,154.09745789,34.0,21.8,71.831,4.739,81.7611786265942,4.716,8.213,0.818,61.78,0.547,-0.08,0.858,0.497,0.431
PSE,West Bank and Gaza,MEA,Lower-middle income,2007,4769.52328096801,90.8438262939453,24.3,95.7922178892891,99.0,98.0,1.774,92.3883325224338,149.22294617,35.6,21.1,72.064,4.627,82.596126313073,,8.218,0.7120000000000001,61.897,0.365,-0.08,0.8440000000000001,0.5660000000000001,0.412
PSE,West Bank and Gaza,MEA,Lower-middle income,2008,4984.80579890695,91.2150421142578,23.5,96.2724627426521,96.0,96.0,1.774,92.8715067384258,200.96418762,35.05,20.4,72.204,4.509,83.0979098899913,4.386,8.276,0.6659999999999999,62.015,0.358,-0.07,0.753,0.5710000000000001,0.4029999999999999
PSE,West Bank and Gaza,MEA,Lower-middle income,2009,5270.66331643219,91.4870910644531,22.7,96.7516575429854,97.0,97.0,1.774,93.3543676724512,221.97026062,34.5,19.7,72.306,4.44,83.5050344815957,4.47,8.329,0.738,62.132,0.4679999999999999,-0.085,0.797,0.544,0.466
PSE,West Bank and Gaza,MEA,Lower-middle income,2010,5432.24363072522,92.4950752375136,21.9,97.2297787451688,99.0,98.0,1.774,93.8369024914522,219.44699097,35.3,19.0,73.302,4.434,83.8853491139676,4.703,8.383,0.8220000000000001,62.25,0.504,-0.1169999999999999,0.752,0.628,0.381
PSE,West Bank and Gaza,MEA,Lower-middle income,2011,5805.32115329251,93.2215373459028,21.1,97.706730631295,99.0,99.0,1.774,94.3190277945478,308.36453247,34.4,18.3,73.557,4.305,84.2340950604341,4.751,8.474,0.7509999999999999,,0.522,-0.127,0.75,0.5670000000000001,0.3879999999999999
PSE,West Bank and Gaza,MEA,Lower-middle income,2012,6009.10925822042,94.7061306249874,20.3,98.182466002808,97.0,98.0,1.774,94.800706660906,298.34082031,34.26,17.7,73.722,4.154,84.5465135943222,,8.531,0.782,,0.542,-0.153,0.73,0.616,0.379
PSE,West Bank and Gaza,MEA,Lower-middle income,2013,6142.20204342591,94.7726406972161,19.6,98.5793947721918,99.0,99.0,1.774,95.2818879253375,327.25717163,34.12,17.0,74.14,4.049,84.8178459889593,4.843999999999999,8.488999999999999,0.7609999999999999,,0.4539999999999999,-0.15,0.78,0.594,0.365
PSE,West Bank and Gaza,MEA,Lower-middle income,2014,5990.42661523778,96.0595015055566,21.9,98.968060270875,99.0,99.0,1.774,95.7625423734235,314.27474976,33.980000000000004,17.6,72.781,3.995,85.0433335176723,4.722,8.457,0.775,,0.657,-0.147,0.804,0.565,0.38
PSE,West Bank and Gaza,MEA,Lower-middle income,2015,6072.65031768549,96.3706500890533,18.2,99.2037493504784,99.0,99.0,1.774,96.2425962734405,286.91394043,33.84,15.8,74.577,3.977,85.2182174537886,4.695,8.48,0.7659999999999999,,0.556,-0.153,0.774,0.594,0.369
PSE,West Bank and Gaza,MEA,Lower-middle income,2016,6464.13352537371,96.5069849798254,17.5,99.3094975837185,99.0,99.0,1.774,96.7220200053128,299.4125061,33.7,15.2,74.917,3.887,85.3377390706351,,8.498,0.818,,0.608,-0.129,0.812,0.593,0.3779999999999999
PSE,West Bank and Gaza,MEA,Lower-middle income,2017,6426.79521615335,97.5735629387144,16.9,99.2241825771885,99.0,99.0,1.774,97.2007822905197,310.2114563,33.7,14.6,75.216,3.771,85.3782255354,4.628,8.485,0.8240000000000001,,0.632,-0.163,0.831,0.597,0.416
PSE,West Bank and Gaza,MEA,Lower-middle income,2018,6342.9374800852,96.5580534271123,16.3,99.1372582782546,99.0,99.0,2.168,97.6788204548577,324.02166748,33.7,14.1,75.38,3.674,85.5351131070872,4.553999999999999,8.485,0.8190000000000001,,0.655,-0.163,0.8140000000000001,0.61,0.419
PSE,West Bank and Gaza,MEA,Lower-middle income,2019,6269.89134527985,95.6166576244839,15.7,99.0486719868248,99.0,99.0,2.168,98.156123198693,317.45007324,33.7,13.6,75.811,3.591,85.8136174183656,4.4830000000000005,8.485,0.833,,0.653,-0.163,0.8290000000000001,0.625,0.4
PSE,West Bank and Gaza,MEA,Lower-middle income,2020,5423.68254653126,94.653084809438,15.2,98.9584055042094,98.0,99.0,2.168,98.6215954059263,314.82254028,33.7,13.2,74.998,3.511,86.0741183743925,,8.485,0.833,,0.653,-0.163,0.8290000000000001,0.625,0.4
PYF,French Polynesia,EAS,High income,2005,,,,100.0,,,,97.7194648669098,,,,79.951,2.181,60.0681095268001,,,,,,,,,
PYF,French Polynesia,EAS,High income,2006,,,,100.0,,,,97.7084345870236,,,,80.1,2.217,60.0681095268001,,,,,,,,,
PYF,French Polynesia,EAS,High income,2007,,,,100.0,,,,97.6974043071373,,,,80.328,2.122,60.0681095268001,,,,,,,,,
PYF,French Polynesia,EAS,High income,2008,,,,100.0,,,,97.686374027251,,,,80.587,2.195,60.0681095268001,,,,,,,,,
PYF,French Polynesia,EAS,High income,2009,,,,100.0,,,,97.6753437473647,,,,80.867,2.148,60.0681095268001,,,,,,,,,
PYF,French Polynesia,EAS,High income,2010,,,,100.0,,,,97.6643134674784,,,,81.141,2.165,60.7610223950988,,,,,,,,,
PYF,French Polynesia,EAS,High income,2011,,,,100.0,,,,97.6532831875921,,,,81.434,2.061,61.2717342597741,,,,,,,,,
PYF,French Polynesia,EAS,High income,2012,,,,100.0,,,,97.6422529077059,,,,81.695,2.026,61.5286539604592,,,,,,,,,
PYF,French Polynesia,EAS,High income,2013,,,,100.0,,,,97.6312226278196,,,,81.935,1.937,61.6130486661995,,,,,,,,,
PYF,French Polynesia,EAS,High income,2014,,,,100.0,,,,97.6201923479333,,,,82.151,1.957,61.6824807401268,,,,,,,,,
PYF,French Polynesia,EAS,High income,2015,,,,100.0,,,,97.609162068047,,,,82.339,1.872,61.7374742154907,,,,,,,,,
PYF,French Polynesia,EAS,High income,2016,,,,100.0,,,,97.5981317881607,,,,82.555,1.763,61.7744381369651,,,,,,,,,
PYF,French Polynesia,EAS,High income,2017,,,,100.0,,,,97.5871015082744,,,,82.774,1.669,61.7896941062846,,,,,,,,,
PYF,French Polynesia,EAS,High income,2018,,,,100.0,,,,97.5760712283881,,,,82.985,1.645,61.7888025236875,,,,,,,,,
PYF,French Polynesia,EAS,High income,2019,,,,100.0,,,,97.5650409485018,,,,83.195,1.567,61.7824142427508,,,,,,,,,
PYF,French Polynesia,EAS,High income,2020,,,,100.0,,,,97.5540106686156,,,,82.459,1.57,61.7673100921,,,,,,,,,
QAT,Qatar,MEA,High income,2005,113384.267001706,96.1018829345703,10.4,99.9029247892536,97.0,99.0,2.605,99.9365492602027,1386.015625,35.1,8.7,76.909,2.635,97.3016654918171,,11.456,0.894,,0.865,0.235,0.184,0.6779999999999999,0.258
QAT,Qatar,MEA,High income,2006,121378.43895737,94.6122207641602,10.1,99.9029247892536,96.0,99.0,2.378,99.9365492602027,1378.9296875,35.1,8.4,77.323,2.509,97.5827378795062,,11.456,0.894,,0.865,0.235,0.184,0.6779999999999999,0.258
QAT,Qatar,MEA,High income,2007,115272.510003238,98.2639617919922,9.8,99.9029247892536,94.0,92.0,2.8045,99.9365489991929,1301.49682617,35.1,8.2,77.741,2.438,97.8663125111735,,11.456,0.894,,0.865,0.235,0.184,0.6779999999999999,0.258
QAT,Qatar,MEA,High income,2008,114879.221727674,98.5704574584961,9.6,99.9029247892536,97.0,96.0,3.231,99.9365487381809,1292.60046387,35.1,7.9,78.262,2.369,98.1295193937322,,11.456,0.894,,0.865,0.235,0.184,0.6779999999999999,0.258
QAT,Qatar,MEA,High income,2009,114069.652335284,103.211761474609,9.3,99.9090710287163,99.0,99.0,3.232,99.9365484771668,1325.43005371,35.1,7.7,78.837,2.254,98.3494885340955,,11.456,0.894,66.58,0.865,0.235,0.184,0.6779999999999999,0.258
QAT,Qatar,MEA,High income,2010,132502.281828313,103.012957458666,9.1,99.915217268179,97.0,99.0,4.048,99.9365482161506,1309.79272461,35.1,7.5,79.444,2.137,98.5066232166665,,11.52,0.8755,66.7,0.885,0.104,0.184,0.7194999999999999,0.2929999999999999
QAT,Qatar,MEA,High income,2011,149025.116325024,99.263245898213,8.9,99.9213635076417,93.0,98.0,3.51775,99.9365479551322,1482.28308105,35.1,7.3,79.994,2.07,98.6300610210909,6.5920000000000005,11.553,0.857,67.02,0.905,0.012,0.184,0.7609999999999999,0.3279999999999999
QAT,Qatar,MEA,High income,2012,147077.406092637,102.537557878561,8.7,99.9275097471044,92.0,97.0,2.9875,99.9365476941116,1712.67089844,35.1,7.1,80.499,2.04,98.7428010471968,6.611000000000001,11.523,0.838,67.34,0.924,0.162,0.184,0.7659999999999999,0.322
QAT,Qatar,MEA,High income,2013,138046.596315458,100.070843605656,8.4,99.9336559865671,97.0,97.0,2.45725,99.9365474330889,2029.8659668,35.1,6.9,80.974,2.032,98.8357621827901,,11.510666666666667,0.838,,0.924,0.162,0.184,0.7659999999999999,0.322
QAT,Qatar,MEA,High income,2014,128013.987050891,97.9827742520399,8.1,99.9398022260297,98.0,99.0,1.927,99.9365471720641,2252.4140625,35.1,6.7,81.395,2.03,98.901627838826,,11.498333333333333,0.838,,0.924,0.162,0.184,0.7659999999999999,0.322
QAT,Qatar,MEA,High income,2015,123070.887876565,101.073259958727,7.8,99.9459484654924,99.0,99.0,2.339,99.9365469110371,2422.64453125,35.1,6.4,81.785,1.976,98.9382407681154,6.375,11.486,0.838,68.3,0.924,0.162,0.184,0.7659999999999999,0.322
QAT,Qatar,MEA,High income,2016,120054.408736518,103.68811714668,7.5,99.9520947049551,98.0,99.0,2.751,99.936546650008,2072.06103516,35.1,6.2,82.147,1.856,98.9855265345423,,11.486,0.838,,0.924,0.162,0.184,0.7659999999999999,0.322
QAT,Qatar,MEA,High income,2017,115064.943662853,106.121974267646,7.1,99.9582409444178,97.0,99.0,2.6275,99.9365463889767,1911.95361328,35.1,5.9,82.458,1.834,99.0310125265978,,11.486,0.838,,0.924,0.162,0.184,0.7659999999999999,0.322
QAT,Qatar,MEA,High income,2018,114909.945485127,107.083429224986,6.8,99.9643871838805,98.0,99.0,2.504,99.9365461279432,1966.55712891,35.1,5.6,82.714,1.756,99.0755684762244,,11.486,0.838,,0.924,0.162,0.184,0.7659999999999999,0.322
QAT,Qatar,MEA,High income,2019,113160.973779334,102.273940498665,6.6,99.9705334233432,98.0,99.0,2.504,99.9365458669077,2007.51525879,35.1,5.4,82.945,1.731,99.1191696672067,,11.486,0.838,,0.924,0.162,0.184,0.7659999999999999,0.322
QAT,Qatar,MEA,High income,2020,103061.913422502,100.984972771335,6.3,99.9766796628058,98.0,90.0,2.504,99.9365456058699,1967.15197754,35.1,5.2,80.409,1.675,99.1617913833034,,11.486,0.838,,0.924,0.162,0.184,0.7659999999999999,0.322
ROU,Romania,ECS,High income,2005,20570.925514681,102.187843322754,18.2,99.9999985637019,97.0,97.0,2.234,74.2457870285484,254.52961731,39.6,15.5,71.9121951219512,1.4,53.074507031037,5.049,9.724,0.838,64.0,0.8,-0.188,0.957,0.642,0.346
ROU,Romania,ECS,High income,2006,22354.5637860053,101.634002685547,16.7,99.9999973631177,97.0,95.0,2.231,75.1835159880533,291.00408936,39.6,14.3,72.1634146341463,1.42,53.2566380678272,,9.808,0.7869999999999999,,0.743,-0.188,0.953,0.643,0.31149999999999994
ROU,Romania,ECS,High income,2007,24328.3931332788,100.085487365723,15.2,99.9999991390449,96.0,97.0,2.309,76.118166846837,415.06790161,37.5,12.9,72.5658536585366,1.45,53.4472789126416,,9.892,0.736,64.48,0.6859999999999999,-0.188,0.949,0.644,0.2769999999999999
ROU,Romania,ECS,High income,2008,27039.6000864291,98.5809478759766,13.9,100.0,96.0,96.0,2.426,77.0497373536879,521.31561279,36.4,11.8,72.5658536585366,1.6,53.6297858153706,,9.9205,0.774,,0.6459999999999999,-0.192,0.958,0.596,0.27349999999999997
ROU,Romania,ECS,High income,2009,25761.6305517205,100.860786437988,13.0,99.9999988230142,95.0,96.0,2.449,77.9782248834449,449.37692261,35.6,11.1,73.309756097561,1.66,53.7875150259042,5.367999999999999,9.949,0.812,64.96,0.606,-0.196,0.967,0.5479999999999999,0.27
ROU,Romania,ECS,High income,2010,24902.9044891466,99.9739990234375,12.4,99.999996291155,94.0,95.0,2.485,78.9036342216492,472.20751953,35.5,10.5,73.4585365853659,1.59,53.9038227941329,4.909,9.915,0.6890000000000001,65.2,0.5660000000000001,-0.085,0.974,0.596,0.344
ROU,Romania,ECS,High income,2011,26150.7476231736,98.3790512084961,11.8,100.0,89.0,93.0,2.522,79.8259688450856,426.59973145,35.9,10.0,74.409756097561,1.47,53.9608874244169,5.023,9.94,0.753,65.42,0.65,-0.14,0.964,0.5429999999999999,0.294
ROU,Romania,ECS,High income,2012,26767.4556487181,96.2415466308594,11.2,100.0,91.0,94.0,2.598,80.7099325881725,401.67105103,36.5,9.5,74.4121951219512,1.52,53.9563092496073,5.167000000000001,9.965,0.74,65.64,0.645,-0.1119999999999999,0.959,0.556,0.3429999999999999
ROU,Romania,ECS,High income,2013,26941.9318849595,93.8455022176107,10.6,99.9999994937801,92.0,92.0,2.633,81.5787881318127,495.23623657,36.9,8.9,75.0634146341463,1.46,53.9101758034365,5.082,10.004,0.778,65.86,0.655,-0.129,0.952,0.64,0.3289999999999999
ROU,Romania,ECS,High income,2014,28156.1307843293,91.449457804362,9.9,100.0,94.0,89.0,2.69,82.4485173692872,503.34753418,36.0,8.3,74.909756097561,1.56,53.8267187624053,5.727,10.041,0.753,66.08,0.754,-0.1,0.958,0.654,0.331
ROU,Romania,ECS,High income,2015,29181.8781722441,89.0534133911133,9.2,99.9999977589851,89.0,86.0,2.758,83.3255001952095,442.24038696,35.9,7.7,74.9121951219512,1.62,53.7071839518893,,10.083,0.787,66.3,0.7959999999999999,-0.141,0.962,0.7140000000000001,0.312
ROU,Romania,ECS,High income,2016,30189.147723024,87.5895919799805,8.5,99.99999889392,89.0,86.0,2.83,84.2094124497179,476.24505615,34.4,7.1,75.209756097561,1.69,53.5528171972639,,10.136,0.809,66.6,0.8220000000000001,-0.115,0.949,0.6940000000000001,0.258
ROU,Romania,ECS,High income,2017,32852.6355672255,87.2723999023438,7.9,99.9999969050607,82.0,87.0,2.912,85.0986005989272,555.11309814,36.0,6.6,75.209756097561,1.78,53.3648643239046,6.09,10.211,0.8109999999999999,66.9,0.8390000000000001,-0.16,0.926,0.7340000000000001,0.231
ROU,Romania,ECS,High income,2018,34828.8958637884,91.3751220703125,7.3,100.0,86.0,90.0,3.028,85.9929537766502,687.15411377,35.8,6.1,75.3585365853659,1.76,53.1445711571868,6.151,10.26,0.818,67.2,0.845,-0.217,0.921,0.735,0.298
ROU,Romania,ECS,High income,2019,36399.4746080793,92.6139984130859,6.8,99.9999999599391,88.0,90.0,3.165,86.8911090946585,738.5581665,34.8,5.6,75.6073170731707,1.77,52.8931835224862,6.13,10.306,0.8420000000000001,67.5,0.848,-0.221,0.954,0.6970000000000001,0.244
ROU,Romania,ECS,High income,2020,35283.6060358241,91.9047393798828,6.5,99.9999987108397,87.0,87.0,3.307,87.7922191507809,809.58880615,34.6,5.4,74.2536585365854,1.8,52.611947245178,,10.306,0.8420000000000001,,0.848,-0.221,0.954,0.6970000000000001,0.244
RUS,Russian Federation,ECS,High income,2005,27656.658203125,96.7937927246094,13.9,96.471709178474,98.0,99.0,4.774,81.6791040024383,270.1439209,41.3,11.1,65.529756097561,1.294,73.1613922119141,,9.991,0.895,,0.643,-0.307,0.935,0.611,0.2319999999999999
RUS,Russian Federation,ECS,High income,2006,30022.671875,96.5280838012695,12.8,96.4880294929915,98.0,99.0,4.873,81.6858939304323,350.84014893,41.0,10.2,66.7275609756098,1.305,73.2439193725586,4.964,9.991,0.895,58.68,0.643,-0.307,0.935,0.611,0.2319999999999999
RUS,Russian Federation,ECS,High income,2007,32630.369140625,96.1058807373047,12.0,96.5044115144395,98.0,99.0,4.917,82.2454451048795,459.60296631,42.3,9.5,67.5868292682927,1.416,73.3856048583984,5.223,10.074,0.885,59.26,0.593,-0.284,0.933,0.623,0.193
RUS,Russian Federation,ECS,High income,2008,34342.2265625,95.3222122192383,11.3,96.5208597996727,98.0,99.0,4.894,82.8056855793495,606.77508545,41.6,9.0,67.9492682926829,1.502,73.4822463989258,5.619,10.125,0.882,59.84,0.643,-0.305,0.924,0.594,0.166
RUS,Russian Federation,ECS,High income,2009,31654.00390625,95.5198287963867,10.7,96.5372935100773,98.0,98.0,4.944,83.3664393165315,513.91033936,39.8,8.6,68.6846341463415,1.542,73.5288696289062,5.158,10.044,0.908,60.42,0.617,-0.283,0.954,0.5660000000000001,0.1689999999999999
RUS,Russian Federation,ECS,High income,2010,33063.5859375,95.82661695152086,10.4,96.5538627864381,97.0,98.0,4.973,83.92804330417,564.30065918,39.5,8.3,68.8412195121951,1.567,73.6696307887624,,10.087,0.909,61.0,0.613,-0.296,0.937,0.589,0.171
RUS,Russian Federation,ECS,High income,2011,34444.64453125,96.133405106655,10.2,96.5704996927268,97.0,98.0,4.22,84.4903383941057,681.04345703,39.7,8.1,69.6839024390244,1.582,73.8534851074219,5.388999999999999,10.129,0.883,61.42,0.626,-0.2789999999999999,0.935,0.601,0.165
RUS,Russian Federation,ECS,High income,2012,35740.69921875,97.262229693837,9.9,96.5883061212066,97.0,98.0,4.003,85.0560724272836,755.48553467,40.7,7.9,70.0721951219512,1.691,73.97265625,,10.166,0.901,61.84,0.609,-0.293,0.938,0.611,0.174
RUS,Russian Federation,ECS,High income,2013,36260.06640625,96.9484148725836,9.5,96.6072317213123,97.0,98.0,3.987,85.6253629696735,805.52130127,40.9,7.6,70.5787804878049,1.707,74.0762949770228,5.537000000000001,10.182,0.8809999999999999,62.26,0.6609999999999999,-0.289,0.934,0.68,0.18
RUS,Russian Federation,ECS,High income,2014,35853.24609375,97.4962712179576,8.9,96.6274699098944,97.0,98.0,4.12,86.1989352053169,736.32177734,36.9,7.1,70.7436585365854,1.75,74.1776476748791,6.037000000000001,10.171,0.932,62.68,0.7440000000000001,-0.265,0.8690000000000001,0.688,0.151
RUS,Russian Federation,ECS,High income,2015,35037.15234375,98.3827760103169,8.2,96.6488882039926,97.0,98.0,3.925,86.7766922089747,496.94955444,36.5,6.6,71.1834146341463,1.777,74.275919065527,5.996,10.149,0.924,63.1,0.685,-0.171,0.913,0.679,0.13
RUS,Russian Federation,ECS,High income,2016,35005.4453125,98.3341307364642,7.5,96.6715881856809,97.0,98.0,3.964,87.3591528902794,463.29275513,36.7,6.0,71.6512195121951,1.762,74.3703138709243,5.855,10.149,0.911,63.5,0.7140000000000001,-0.181,0.925,0.636,0.142
RUS,Russian Federation,ECS,High income,2017,35570.703125,100.767602587422,6.9,96.6956032384839,97.0,98.0,4.058,87.9466409875352,577.06811523,35.5,5.5,72.4514634146342,1.621,74.460036813029,5.579,10.166,0.8959999999999999,63.9,0.731,-0.145,0.862,0.71,0.195
RUS,Russian Federation,ECS,High income,2018,36536.6953125,102.018364437962,6.4,96.7208870647795,97.0,98.0,4.097,88.5392414303968,606.11401367,35.3,5.1,72.6621951219512,1.579,74.5442926137992,5.513999999999999,10.191,0.909,64.3,0.7290000000000001,-0.147,0.865,0.6729999999999999,0.1989999999999999
RUS,Russian Federation,ECS,High income,2019,37319.3203125,101.832335105065,6.0,96.7474557360286,97.0,98.0,4.165,89.1372417555839,650.47058105,35.7,4.8,73.0839024390244,1.504,74.6222859951926,,10.205,0.91,64.7,0.715,-0.1159999999999999,0.848,0.691,0.2
RUS,Russian Federation,ECS,High income,2020,36376.3359375,101.731047648404,5.7,96.7753426009288,97.0,97.0,3.807,89.7409453652069,814.94451904,33.7,4.6,71.3387804878049,1.505,74.6932216791674,5.495,10.162,0.887,65.1,0.7140000000000001,-0.1159999999999999,0.848,0.645,0.19
RWA,Rwanda,SSF,Low income,2005,1412.06107949967,138.091659545898,104.5,50.8247607465071,95.0,89.0,0.024,52.2806585813749,25.02086639,52.0,64.0,56.968,5.335,16.9072114459454,,7.111000000000001,0.718,,0.915,0.017,0.299,0.735,0.1889999999999999
RWA,Rwanda,SSF,Low income,2006,1501.7646218593,148.047485351562,93.4,51.3601414899442,99.0,95.0,0.03333333333333333,53.8759294452882,27.1564312,51.04,58.1,58.342,5.335,16.9110139245047,4.215,7.111000000000001,0.718,49.88,0.915,0.017,0.299,0.735,0.1889999999999999
RWA,Rwanda,SSF,Low income,2007,1573.96811218011,154.816009521484,84.1,51.89573756501,97.0,94.0,0.042666666666666665,55.4685962150806,33.50738907,50.08,53.2,59.504,5.141,16.9140836058266,,7.175000000000001,0.602,,0.8335,0.017,0.2925,0.6890000000000001,0.20499999999999996
RWA,Rwanda,SSF,Low income,2008,1704.25449057727,154.724563598633,76.0,52.431851071574,97.0,92.0,0.052,57.0587484402126,39.94568634,49.120000000000005,49.1,60.641,4.922,16.9170867063804,4.363,7.239,0.486,53.04,0.752,0.017,0.286,0.643,0.221
RWA,Rwanda,SSF,Low income,2009,1764.63484961094,156.6142578125,69.1,52.9687937725955,97.0,95.0,0.055,58.6463993130751,43.99641418,48.160000000000004,45.7,61.813,4.707,16.9206894426355,4.03,7.273,0.5589999999999999,54.62,0.7659999999999999,-0.001,0.41,0.6779999999999999,0.1119999999999999
RWA,Rwanda,SSF,Low income,2010,1846.86326840066,155.315788762649,63.3,53.5059466163751,97.0,95.0,0.055,60.2315011971765,47.96871567,47.2,42.6,62.804,4.522,16.9255580310614,,7.321,0.5645,,0.7975,-0.02,0.2855,0.6715,0.13299999999999995
RWA,Rwanda,SSF,Low income,2011,1945.53705383878,154.129639895033,58.1,54.0436163513461,97.0,95.0,0.0129,61.8140834716847,51.64939499,46.5,39.3,63.476,4.332,16.9323586881273,4.097,7.369,0.57,56.82,0.8290000000000001,-0.039,0.161,0.665,0.154
RWA,Rwanda,SSF,Low income,2012,2063.66474823031,153.371821344578,54.2,54.5821211607428,98.0,97.0,0.05645000000000001,63.3941024387453,57.26393127,45.800000000000004,37.4,64.189,4.201,16.9410248882148,3.333,7.428,0.637,57.44,0.835,-0.012,0.081,0.703,0.132
RWA,Rwanda,SSF,Low income,2013,2109.74668811567,123.706003554374,51.4,55.1208311821785,98.0,95.0,0.1,64.9716279211285,47.75388718,45.1,35.9,64.651,4.136,17.0742206053612,3.466,7.449,0.75,58.06,0.904,-0.0279999999999999,0.1169999999999999,0.76,0.1669999999999999
RWA,Rwanda,SSF,Low income,2014,2176.09492014666,138.315807313314,49.2,55.6650639617623,98.0,97.0,0.089,66.5451269597636,50.63835144,44.63333333333333,34.7,65.088,4.117,17.5020716539756,,7.484,0.748,58.68,0.894,-0.023,0.078,0.763,0.134
RWA,Rwanda,SSF,Low income,2015,2313.09716940962,137.243191055886,47.3,56.2151798036552,98.0,96.0,0.11,68.1134578237063,48.81296921,44.16666666666667,33.9,65.419,4.108,17.5020716539756,3.483,7.544,0.6779999999999999,59.3,0.908,0.025,0.095,0.721,0.206
RWA,Rwanda,SSF,Low income,2016,2386.74841002826,140.620022753129,45.8,56.7706115569257,98.0,95.0,0.12,69.6758086260828,43.54212189,43.7,33.2,65.733,4.106,17.5020716539756,3.333,7.576,0.665,59.9,0.911,0.025,0.159,0.752,0.285
RWA,Rwanda,SSF,Low income,2017,2441.08540816509,139.309946965821,44.7,57.3320450944617,98.0,97.0,0.135,71.2308954690674,40.76682663,43.7,32.7,66.14,4.084,17.5020716539756,3.108,7.587999999999999,0.517,60.5,0.908,0.051,0.214,0.762,0.358
RWA,Rwanda,SSF,Low income,2018,2577.69730366075,137.129353849659,43.7,57.8995436163309,97.0,99.0,0.132,72.7776126104957,42.11674881,43.7,32.2,66.354,4.047,17.5020716539756,3.5610000000000004,7.644,0.616,61.1,0.924,0.057,0.1639999999999999,0.7929999999999999,0.308
RWA,Rwanda,SSF,Low income,2019,2753.53959810856,138.020075127914,42.7,58.4728536131809,98.0,96.0,0.117,74.3150494792337,39.81322098,43.7,31.7,66.691,3.985,17.5020716539756,,7.707999999999999,0.489,61.7,0.8690000000000001,0.064,0.168,0.736,0.418
RWA,Rwanda,SSF,Low income,2020,2617.70706034364,138.020075127914,41.6,59.0523587439994,98.0,94.0,0.116,75.8419280137536,45.15266418,43.7,31.3,66.953,3.913,17.5020716539756,,7.707999999999999,0.489,,0.8690000000000001,0.064,0.168,0.736,0.418
SAU,Saudi Arabia,MEA,High income,2005,54931.7942450845,115.50853729248,16.3,99.0706866241394,96.0,97.0,1.971,97.5515166629486,545.73571777,,14.5,74.4,3.161,80.9775503092999,,10.699000000000002,0.868,63.5,0.622,0.005,0.505,0.73,0.243
SAU,Saudi Arabia,MEA,High income,2006,54373.737695386,118.1948623657225,15.4,99.0690879620457,96.0,95.0,1.971,97.5515166629486,634.81872559,,13.6,74.762,3.176,81.2008588083072,,10.694,0.88,,0.622,0.005,0.506,0.751,0.23749999999999993
SAU,Saudi Arabia,MEA,High income,2007,53318.4191601834,120.881187438965,14.5,99.0674880275407,96.0,96.0,1.971,97.5515166629486,662.00793457,,12.7,75.066,3.185,81.4230015549063,7.267,10.689,0.892,63.86,0.622,0.005,0.507,0.772,0.2319999999999999
SAU,Saudi Arabia,MEA,High income,2008,54407.7081673247,123.49730682373,13.7,99.06590853272,98.0,97.0,1.971,97.5515166629486,663.14331055,,11.9,75.301,3.074,81.6441431042994,6.811,10.722,0.823,64.04,0.532,-0.022,0.508,0.71,0.2019999999999999
SAU,Saudi Arabia,MEA,High income,2009,51760.7643987566,125.763481140137,12.9,99.064350805569,98.0,98.0,1.937,97.5515166629486,760.19476318,,11.1,75.447,2.95,81.8644480116889,6.148,10.673,0.921,64.22,0.639,-0.11,0.445,0.742,0.319
SAU,Saudi Arabia,MEA,High income,2010,54911.547517012,128.086135732352,12.1,99.0628033442544,98.0,98.0,2.244,97.5515166629486,765.91680908,,10.4,75.616,2.81,82.0791668544465,6.307,10.693,0.88,64.4,0.6779999999999999,-0.033,0.445,0.645,0.297
SAU,Saudi Arabia,MEA,High income,2011,58645.4459416531,128.024230557425,11.4,99.0612486326725,98.0,98.0,2.27,97.5515166629486,954.38873291,,9.7,75.808,2.8,82.2543876159947,,10.758,0.83,64.6,0.603,-0.142,0.445,0.726,0.24
SAU,Saudi Arabia,MEA,High income,2012,59471.7001909394,129.348001204547,10.8,99.0596929684961,98.0,98.0,2.273,97.5515166629486,1093.15588379,,9.0,76.09,2.78,82.4311918025358,,10.779000000000002,0.867,64.8,0.56,-0.12,0.445,0.715,0.225
SAU,Saudi Arabia,MEA,High income,2013,57998.4644619155,99.3784710993113,10.1,99.0581282049423,98.0,98.0,2.426,97.5515166629486,1189.67932129,,8.4,76.517,2.67,82.6071884619102,,10.776,0.8270000000000001,65.0,0.6609999999999999,-0.081,0.445,0.7440000000000001,0.276
SAU,Saudi Arabia,MEA,High income,2014,58872.2671400126,100.7677674866,9.6,99.0565545012609,98.0,98.0,2.371,97.5565788684819,1363.59155273,,7.8,77.116,2.68,82.7822571294871,,10.783,0.818,65.2,0.762,-0.073,0.445,0.705,0.313
SAU,Saudi Arabia,MEA,High income,2015,58498.5399040699,101.594836340679,9.0,99.054985329852,98.0,98.0,2.444,97.5616457387732,1309.27148438,,7.3,77.776,2.63,82.9562773406163,6.345,10.798,0.82,65.4,0.82,-0.045,0.445,0.7240000000000001,0.327
SAU,Saudi Arabia,MEA,High income,2016,57308.4484127497,103.42068748908,8.5,99.0534091692416,98.0,98.0,2.466,97.5667358551859,1353.21813965,,6.8,78.354,2.65,83.129128630626,6.474,10.792,0.89,65.7,0.774,-0.132,0.445,0.7929999999999999,0.266
SAU,Saudi Arabia,MEA,High income,2017,57942.5484983044,106.381546527147,8.0,99.05183493953,98.0,96.0,2.676,97.5718278390654,1400.90356445,,6.4,78.721,2.67,83.300690534822,6.294,10.764,0.84,66.0,0.8140000000000001,-0.131,0.445,0.775,0.306
SAU,Saudi Arabia,MEA,High income,2018,61359.4653740388,105.80186450639,7.6,99.0502504705906,96.0,98.0,2.899,97.5769396449473,1488.9753418,,6.0,78.75,2.67,83.4708425884849,6.356,10.771,0.868,66.3,0.855,-0.192,0.445,0.764,0.288
SAU,Saudi Arabia,MEA,High income,2019,62647.7299487842,102.737519761619,7.2,99.0486721197549,96.0,95.0,2.633,97.5820275772784,1504.55249023,,5.7,78.313,2.49,83.6394643268678,6.561,10.757,0.912,66.6,0.8909999999999999,-0.147,0.445,0.732,0.238
SAU,Saudi Arabia,MEA,High income,2020,57420.7335736424,103.151902576284,6.9,99.0470900170106,95.0,96.0,3.076,97.5871417429561,1574.70068359,,5.4,77.596,2.27,83.8064352851942,6.56,10.701,0.89,66.9,0.884,-0.111,0.445,0.754,0.251
SDN,Sudan,SSF,Low income,2005,4152.32275390625,59.3962097167969,98.8,46.740256350294,78.0,69.0,0.346,19.1365769047278,37.07490158,35.4,66.4,57.226,5.397,32.4603150404146,,8.106,0.855,,0.71,0.077,0.701,0.7340000000000001,0.245
SDN,Sudan,SSF,Low income,2006,4299.97412109375,63.7515182495117,83.0,47.6822962076852,78.0,73.0,0.346,20.8471551509776,55.32660294,35.4,59.7,60.4,5.332,32.4702930558327,,8.106,0.855,,0.71,0.077,0.701,0.7340000000000001,0.245
SDN,Sudan,SSF,Low income,2007,4415.78515625,63.5354995727539,80.4,48.6237396738538,84.0,79.0,0.346,22.8360801058185,81.79016876,35.4,58.2,61.442,5.27,32.4759528252296,,8.106,0.855,,0.71,0.077,0.701,0.7340000000000001,0.245
SDN,Sudan,SSF,Low income,2008,4446.40966796875,68.9424591064453,77.9,49.5645926938442,86.0,79.0,0.322,24.8798414748603,82.84276581,35.4,56.8,61.261,5.212,32.4816230749746,,8.106,0.855,,0.71,0.077,0.701,0.7340000000000001,0.245
SDN,Sudan,SSF,Low income,2009,4188.0546875,68.2343368530273,75.5,50.5096584321663,81.0,82.0,0.3325714285714286,26.985005939161,80.00441742,35.4,55.5,62.676,5.173,32.5774622972843,4.455,8.106,0.855,53.7,0.71,0.077,0.701,0.7340000000000001,0.245
SDN,Sudan,SSF,Low income,2010,4219.8369140625,67.3397827148438,73.4,51.4588123551418,90.0,90.0,0.34314285714285714,29.1517069072564,73.60398865,35.16,54.3,62.979,5.141,32.7174026591513,,8.076,0.855,54.0,0.648,-0.04,0.737,0.669,0.221
SDN,Sudan,SSF,Low income,2011,4467.6259765625,64.9761810302734,71.3,52.4116810019842,93.0,87.0,0.35371428571428576,31.3797006029968,80.37197876,34.92,53.1,63.181,5.087,32.9059760141986,4.314,8.204,0.818,54.28,0.583,-0.024,0.6629999999999999,0.586,0.249
SDN,Sudan,SSF,Low income,2012,4145.931640625,66.0605392456055,69.3,53.3676832487134,92.0,85.0,0.3642857142857143,33.6683780592082,75.40776825,34.68,51.9,63.427,5.031,33.1425561614901,4.55,8.296,0.813,54.56,0.412,-0.0559999999999999,0.7340000000000001,0.5760000000000001,0.242
SDN,Sudan,SSF,Low income,2013,4130.48583984375,66.95703125,67.3,54.3266708008702,93.0,85.0,0.3748571428571429,36.0176959149453,97.4931488,34.440000000000005,50.8,63.443,4.965,33.4264777958103,,8.3065,0.8119999999999999,,0.401,-0.05949999999999995,0.764,0.5585,0.242
SDN,Sudan,SSF,Low income,2014,4207.50048828125,67.05712890625,65.4,55.2880772698351,94.0,86.0,0.38542857142857145,38.4269401247106,88.78498077,34.2,49.7,63.99,4.912,33.7624582408117,4.138999999999999,8.317,0.8109999999999999,55.12,0.39,-0.063,0.794,0.541,0.242
SDN,Sudan,SSF,Low income,2015,4159.1943359375,67.6649703979492,63.5,56.2519336312621,93.0,87.0,0.396,40.8962454458167,93.69657135,34.2,48.4,64.375,4.898,34.0914394628597,,8.317,0.8109999999999999,,0.39,-0.063,0.794,0.541,0.242
SDN,Sudan,SSF,Low income,2016,4174.56103515625,69.8550796508789,61.6,57.2176665079602,93.0,87.0,0.323,43.424779800547,89.39633942,34.2,47.2,64.677,4.829,34.1881958841213,,8.317,0.8109999999999999,,0.39,-0.063,0.794,0.541,0.242
SDN,Sudan,SSF,Low income,2017,4061.01831054688,70.3664779663086,59.7,58.1849054905312,95.0,90.0,0.25,46.0119565679027,67.75476837,34.2,45.9,65.146,4.761,34.2872225663509,,8.317,0.8109999999999999,,0.39,-0.063,0.794,0.541,0.242
SDN,Sudan,SSF,Low income,2018,3816.65991210938,72.0317687988281,57.8,59.1534610514816,93.0,88.0,0.25,48.6574194730533,33.88366699,34.2,44.6,65.501,4.681,34.382054222005,,8.317,0.8109999999999999,,0.39,-0.063,0.794,0.541,0.242
SDN,Sudan,SSF,Low income,2019,3625.52319335938,72.3981094360352,56.1,60.1227730186922,93.0,90.0,0.25,51.3601722607621,31.79406929,34.2,43.4,65.803,4.617,34.4727685824236,,8.317,0.8109999999999999,,0.39,-0.063,0.794,0.541,0.242
SDN,Sudan,SSF,Low income,2020,3625.52319335938,72.3981094360352,54.3,61.0926356052486,90.0,86.0,0.25,54.1197261681039,22.91861534,34.2,42.2,65.124,4.542,34.5594433789246,,8.317,0.8109999999999999,,0.39,-0.063,0.794,0.541,0.242
SEN,Senegal,SSF,Lower-middle income,2005,3301.82076161633,80.6679611206055,87.6,65.6454033379623,84.0,74.0,0.062,41.9259089969181,36.00606155,39.2,53.5,60.98,5.133,41.9057599695838,,7.881,0.76,,0.736,-0.051,0.805,0.74,0.225
SEN,Senegal,SSF,Lower-middle income,2006,3301.03152415011,80.4989929199219,80.8,66.865607080287,89.0,80.0,0.062,43.0340621400577,38.28113556,39.38333333333333,50.1,61.801,5.064,42.2046413043069,4.417,7.881,0.76,53.38,0.736,-0.051,0.805,0.74,0.225
SEN,Senegal,SSF,Lower-middle income,2007,3316.42037835596,83.9038162231445,75.0,68.0818461765574,94.0,84.0,0.062,44.1399592498468,40.60185623,39.56666666666667,47.3,62.653,5.018,42.524343609533,,7.903,0.718,54.06,0.698,-0.002,0.8270000000000001,0.7140000000000001,0.1989999999999999
SEN,Senegal,SSF,Lower-middle income,2008,3359.70567091144,84.4092330932617,70.1,69.2939508159691,88.0,77.0,0.062,45.2434542159987,49.05390167,39.75,44.9,63.201,5.024,42.867747101036,4.683,7.916,0.7559999999999999,54.74,0.612,-0.03,0.879,0.6729999999999999,0.252
SEN,Senegal,SSF,Lower-middle income,2009,3371.46166689451,84.0063171386719,66.1,70.5013902121975,86.0,79.0,0.063875,46.3440817777614,50.27443314,39.93333333333333,43.1,63.751,5.025,43.23773199459,4.335,7.909,0.81,55.42,0.557,-0.036,0.918,0.757,0.228
SEN,Senegal,SSF,Lower-middle income,2010,3403.56707166762,83.8549053927634,62.8,71.7047289784237,89.0,81.0,0.06575,47.4423428976999,51.38805008,40.11666666666667,41.5,64.221,5.055,43.6371785059692,4.372,7.917000000000001,0.76,56.1,0.777,-0.077,0.851,0.769,0.143
SEN,Senegal,SSF,Lower-middle income,2011,3362.87940538165,86.5724487304688,60.0,72.9034178534763,92.0,84.0,0.067625,48.5377592186689,57.93114853,40.3,40.3,64.799,5.099,44.0689668509475,3.834,7.904,0.602,56.56,0.6409999999999999,-0.16,0.87,0.752,0.18
SEN,Senegal,SSF,Lower-middle income,2012,3405.10864461668,86.4115600585938,57.6,74.0969620089046,91.0,83.0,0.0695,49.6298898995035,56.61458969,40.01428571428571,39.3,65.229,5.129,44.5359772452989,3.669,7.926,0.711,57.02,0.6679999999999999,-0.036,0.852,0.7709999999999999,0.214
SEN,Senegal,SSF,Lower-middle income,2013,3385.425906874,82.6985436490722,55.5,75.2855370773077,92.0,84.0,0.071375,50.7188973203129,60.51578903,39.72857142857143,38.5,65.638,5.049,45.0398750539456,,7.926,0.823,57.48,0.636,-0.052,0.8370000000000001,0.68,0.165
SEN,Senegal,SSF,Lower-middle income,2014,3484.01219750661,83.6844563893552,53.7,76.46896680992,89.0,80.0,0.07325,51.8046299171747,61.40605545,39.44285714285714,37.8,66.001,4.884,45.6020905341588,4.395,7.961,0.856,57.94,0.6920000000000001,-0.045,0.7,0.725,0.157
SEN,Senegal,SSF,Lower-middle income,2015,3593.79477121279,84.8970794677734,52.2,77.649320243194,89.0,80.0,0.075125,52.8890432398602,53.32304382,39.15714285714285,37.3,66.451,4.751,46.2747669629858,4.617,7.995,0.7020000000000001,58.4,0.72,-0.111,0.765,0.711,0.208
SEN,Senegal,SSF,Lower-middle income,2016,3710.05531591559,84.48702780614951,50.8,78.8258139339832,93.0,93.0,0.077,53.9714940731355,53.90053558,38.87142857142857,36.8,66.724,4.648,47.0553579909929,,8.029,0.8390000000000001,58.8,0.7440000000000001,-0.086,0.794,0.784,0.245
SEN,Senegal,SSF,Lower-middle income,2017,3871.45146786374,84.07697614452564,49.4,79.9984726874606,93.0,90.0,0.069,55.0521038030032,56.49185944,38.58571428571428,36.3,67.059,4.489,47.9338349639053,4.683,8.072000000000001,0.7440000000000001,59.2,0.687,-0.044,0.825,0.746,0.291
SEN,Senegal,SSF,Lower-middle income,2018,3998.28635303867,83.66692448290178,47.9,81.1662422601817,92.0,86.0,0.0785,56.1299701818744,64.37467957,38.3,35.7,67.379,4.294,48.9001692274485,,8.106,0.7390000000000001,59.6,0.629,-0.074,0.805,0.7140000000000001,0.247
SEN,Senegal,SSF,Lower-middle income,2019,4070.6122705955,83.2568728212779,46.2,82.3288600505419,91.0,86.0,0.088,57.204943845452,64.33670807,38.3,34.8,67.668,4.294,49.9443321273477,5.489,8.13,0.688,60.0,0.759,-0.019,0.7959999999999999,0.789,0.332
SEN,Senegal,SSF,Lower-middle income,2020,4018.04129279044,84.9031291477371,44.2,83.4855735664121,83.0,82.0,0.082,58.276399086684,75.16521454,38.3,33.7,67.496,4.294,51.0562950093282,,8.13,0.688,,0.759,-0.019,0.7959999999999999,0.789,0.332
SGP,Singapore,EAS,High income,2005,82547.482835778,100.773205741627,3.0,100.0,96.0,96.0,1.581,100.0,908.3760376,,2.3,79.990243902439,1.26,100.0,,11.168,0.904,,0.757,0.138,0.064,0.7509999999999999,0.267
SGP,Singapore,EAS,High income,2006,87210.0480467646,100.773205741627,2.9,100.0,95.0,95.0,1.573,100.0,989.73895264,,2.3,80.1414634146341,1.28,100.0,6.462999999999999,11.168,0.904,73.6,0.757,0.138,0.064,0.7509999999999999,0.267
SGP,Singapore,EAS,High income,2007,91198.1515708456,100.773205741627,2.9,100.0,97.0,95.0,1.606,100.0,1116.97937012,,2.3,80.4414634146342,1.29,100.0,6.834,11.212,0.921,73.9,0.867,0.293,0.064,0.7,0.114
SGP,Singapore,EAS,High income,2008,88083.2853664583,100.773205741627,2.8,100.0,97.0,95.0,1.631,100.0,1286.91345215,,2.2,80.790243902439,1.28,100.0,6.642,11.178,0.845,74.2,0.6609999999999999,0.046,0.066,0.721,0.256
SGP,Singapore,EAS,High income,2009,85575.755106675,100.773205741627,2.8,100.0,97.0,95.0,1.675,100.0,1326.11682129,,2.2,81.2414634146342,1.22,100.0,6.145,11.149,0.866,74.5,0.7759999999999999,-0.075,0.035,0.5,0.208
SGP,Singapore,EAS,High income,2010,96280.0168756448,100.773205741627,2.8,100.0,96.0,95.0,1.779,100.0,1510.66784668,,2.2,81.5414634146342,1.15,100.0,6.531000000000001,11.267,0.8640000000000001,74.8,0.846,-0.018,0.06,0.602,0.131
SGP,Singapore,EAS,High income,2011,100153.729405945,100.773205741627,2.8,100.0,96.0,95.0,1.861,100.0,1700.1685791,,2.2,81.7439024390244,1.2,100.0,6.561,11.307,0.904,75.02,0.8220000000000001,-0.149,0.099,0.483,0.144
SGP,Singapore,EAS,High income,2012,102061.11936105,100.773205741627,2.8,100.0,97.0,95.0,1.932,100.0,1853.02429199,,2.2,81.9951219512195,1.29,100.0,,11.332,0.856,,0.8245,-0.016999999999999987,0.17049999999999998,0.6265000000000001,0.146
SGP,Singapore,EAS,High income,2013,105259.693561054,100.773205741627,2.8,100.0,97.0,95.0,2.034,100.0,2102.97021484,,2.2,82.2463414634147,1.19,100.0,6.533,11.357,0.8079999999999999,75.46,0.8270000000000001,0.115,0.242,0.77,0.148
SGP,Singapore,EAS,High income,2014,107990.891202625,100.773205741627,2.7,100.0,96.0,95.0,2.15,100.0,2233.34960938,,2.2,82.4951219512195,1.25,100.0,7.062,11.383,0.8220000000000001,75.68,0.835,0.154,0.133,0.841,0.18
SGP,Singapore,EAS,High income,2015,109894.041337341,100.773205741627,2.7,100.0,96.0,95.0,2.255,100.0,2330.39599609,,2.2,82.7439024390244,1.24,100.0,6.62,11.4,0.866,75.9,0.887,0.15,0.099,0.8029999999999999,0.142
SGP,Singapore,EAS,High income,2016,112719.947951111,100.773205741627,2.6,100.0,97.0,95.0,2.325,100.0,2509.92163086,,2.1,82.8463414634146,1.2,100.0,6.033,11.419,0.925,76.2,0.904,0.143,0.047,0.8240000000000001,0.111
SGP,Singapore,EAS,High income,2017,117492.967994526,100.626953870432,2.6,100.0,96.0,95.0,2.389,100.0,2673.66210938,,2.1,83.0951219512195,1.16,100.0,6.377999999999999,11.461,0.897,76.5,0.926,0.136,0.162,0.8,0.179
SGP,Singapore,EAS,High income,2018,120668.888726158,100.261866636903,2.5,100.0,97.0,97.0,2.443,100.0,2726.00683594,,2.0,83.2975609756098,1.14,100.0,6.375,11.49,0.903,76.8,0.916,-0.066,0.0969999999999999,0.787,0.107
SGP,Singapore,EAS,High income,2019,120678.341978557,100.692578354355,2.5,100.0,97.0,96.0,2.519,100.0,2924.24707031,,2.0,83.5951219512195,1.14,100.0,6.377999999999999,11.486,0.925,77.1,0.938,0.027,0.07,0.723,0.138
SGP,Singapore,EAS,High income,2020,116684.213596572,100.53590938338,2.4,100.0,98.0,97.0,2.638,100.0,3541.36450195,,2.0,83.5439024390244,1.1,100.0,,11.486,0.925,,0.938,0.027,0.07,0.723,0.138
SLB,Solomon Islands,EAS,Lower-middle income,2005,2287.56668822715,98.3559722900391,29.1,76.7151460783191,89.0,87.0,0.184,23.2806567827526,89.02578735,46.1,22.6,67.79,4.411,17.6001415877737,,,,,,,,,
SLB,Solomon Islands,EAS,Lower-middle income,2006,2340.95143662493,104.057861328125,28.8,76.2781998781212,99.0,99.0,0.181,23.9183247473617,87.74922943,44.81428571428572,22.5,67.968,4.39,18.0540134013038,,,,,,,,,
SLB,Solomon Islands,EAS,Lower-middle income,2007,2384.62333040945,105.483810424805,28.4,75.8508142514165,88.0,90.0,0.178,24.5615868836554,89.10964203,43.52857142857143,22.2,67.845,4.372,18.5333445288467,,,,,,,,,
SLB,Solomon Islands,EAS,Lower-middle income,2008,2490.10207495758,108.57620146098634,28.0,75.4333235805616,85.0,71.0,0.175,25.2110099133869,75.66864014,42.24285714285715,22.0,68.336,4.358,19.0370010521463,,,,,,,,,
SLB,Solomon Islands,EAS,Lower-middle income,2009,2515.21324036507,111.66859249716767,27.6,75.0255056296679,86.0,69.0,0.18233333333333332,25.8655809274752,93.879776,40.957142857142856,21.7,68.397,4.349,19.5633740998673,,,,,,,,,
SLB,Solomon Islands,EAS,Lower-middle income,2010,2682.62900140516,114.760983533349,27.2,74.6276815743393,83.0,74.0,0.18966666666666668,26.5258667445609,74.17661285,39.67142857142857,21.4,68.669,4.341,20.1194058206257,,,,,,,,,
SLB,Solomon Islands,EAS,Lower-middle income,2011,2777.83439007893,114.164307756346,26.7,74.2385839861818,91.0,77.0,0.197,27.1881944910187,95.51364136,38.385714285714286,21.1,68.824,4.335,20.7284892962955,,,,,,,,,
SLB,Solomon Islands,EAS,Lower-middle income,2012,2743.8100151451,110.128024198969,26.2,73.8584084824388,92.0,87.0,0.15,27.8531008197691,100.84831238,37.1,20.8,68.961,4.332,21.3906964219987,,,,,,,,,
SLB,Solomon Islands,EAS,Lower-middle income,2013,2783.94856666363,110.310354621437,25.8,73.4869458643753,83.0,76.0,0.18,28.5200623498988,98.99965668,37.1,20.5,69.007,4.325,22.1027262484765,,,,,,,,,
SLB,Solomon Islands,EAS,Lower-middle income,2014,2716.77005403122,108.983168803493,25.4,73.1239607321779,77.0,76.0,0.18033333333333332,29.1885477185461,105.85440826,37.1,20.3,68.984,4.36,22.8612778264703,,,,,,,,,
SLB,Solomon Islands,EAS,Lower-middle income,2015,2665.06620679799,108.53733598305,25.0,72.7696512554907,87.0,75.0,0.18066666666666667,29.8590956039926,91.08989716,37.1,20.0,69.323,4.291,23.6630502067213,,,,,,,,,
SLB,Solomon Islands,EAS,Lower-middle income,2016,2715.58152252659,108.672249064372,24.6,72.42353421812,94.0,82.0,0.181,30.5306345641,94.32994843,37.1,19.7,69.501,4.2,24.5047424399707,,,,,,,,,
SLB,Solomon Islands,EAS,Lower-middle income,2017,2704.00988015555,106.573590544667,24.1,72.0857915178444,83.0,84.0,0.181,31.2036978531695,89.29357147,37.1,19.4,69.652,4.06,25.3830535769599,,,,,,,,,
SLB,Solomon Islands,EAS,Lower-middle income,2018,2686.46317027984,100.189113095468,23.6,71.761506901506,85.0,93.0,0.181,31.8782846169849,88.03850555,37.1,19.1,69.806,4.06,26.2946826684302,,,,,,,,,
SLB,Solomon Islands,EAS,Lower-middle income,2019,2661.95770893588,98.2067225777189,23.1,71.5848927519739,94.0,81.0,0.181,32.5533129184691,98.67025757,37.1,18.7,69.981,4.06,27.275106750276,,,,,,,,,
SLB,Solomon Islands,EAS,Lower-middle income,2020,2515.46369413305,89.6007986762942,22.5,71.4129793033283,94.0,81.0,0.181,33.2293129783629,100.99560547,37.1,18.3,69.258,4.06,28.0327555150022,,,,,,,,,
SLE,Sierra Leone,SSF,Low income,2005,2296.65767816581,114.580513591833,193.2,45.7867241537435,65.0,71.0,0.0155,9.53865069026283,26.04933357,34.0,109.3,48.306,5.807,36.8485519672439,,7.136,0.561,,0.679,0.1009999999999999,0.836,0.505,0.381
SLE,Sierra Leone,SSF,Low income,2006,2342.75461064658,114.580513591833,186.5,46.9721511803673,64.0,65.0,0.0155,10.156650697941,29.63347244,34.0,105.9,49.547,5.737,37.1703805343647,3.628,7.136,0.561,40.3,0.679,0.1009999999999999,0.836,0.505,0.381
SLE,Sierra Leone,SSF,Low income,2007,2377.80530040404,114.580513591833,179.6,48.1563137689467,64.0,60.0,0.0155,10.7956031143398,31.90766907,34.0,102.3,50.024,5.643,37.5122859420526,,7.187,0.6859999999999999,41.2,0.72,0.248,0.83,0.5820000000000001,0.29
SLE,Sierra Leone,SSF,Low income,2008,2404.65198710572,114.580513591833,172.4,49.3391346809252,77.0,73.0,0.0155,11.4555098785818,37.23431396,34.0,98.6,50.693,5.563,37.8725951588418,,7.215,0.591,42.1,0.716,0.148,0.925,0.534,0.37
SLE,Sierra Leone,SSF,Low income,2009,2376.58254446039,114.580513591833,165.2,50.520195051474,84.0,80.0,0.01875,12.1362206469185,39.29960632,34.0,94.7,51.312,5.448,38.2496351532666,,7.2345,0.7015,,0.721,0.08,0.9175,0.524,0.32999999999999996
SLE,Sierra Leone,SSF,Low income,2010,2459.76814343236,114.580513591833,157.9,51.6994418329327,86.0,82.0,0.022,12.837725625722,37.84529114,34.0,90.8,51.927,5.327,38.6417328938613,4.134,7.254,0.812,43.9,0.726,0.012,0.91,0.514,0.29
SLE,Sierra Leone,SSF,Low income,2011,2590.52839404167,114.580513591833,150.8,52.8771685676355,89.0,84.0,0.026,13.5601796070667,49.6336174,34.0,87.0,52.594,5.209,39.0472153491602,4.502,7.292000000000001,0.782,44.32,0.77,0.005,0.855,0.446,0.3
SLE,Sierra Leone,SSF,Low income,2012,2792.92626459232,117.716124289972,144.1,54.0533047771617,91.0,86.0,0.033,14.3035861709667,51.99141312,34.24285714285714,83.4,53.159,5.064,39.4644094876975,,7.434500000000001,0.745,,0.745,-0.033,0.8554999999999999,0.48350000000000004,0.3615
SLE,Sierra Leone,SSF,Low income,2013,3124.72832355066,119.788073464671,137.9,55.2271223321324,92.0,85.0,0.04,15.0676033654272,84.93772125,34.48571428571429,80.1,54.051,4.873,39.8916422780075,,7.577000000000001,0.708,45.16,0.72,-0.071,0.856,0.521,0.423
SLE,Sierra Leone,SSF,Low income,2014,2812.5283210882,120.24440564679949,135.9,56.3992358539249,83.0,80.0,0.047,15.8525627081666,101.79898071,34.72857142857143,77.8,54.281,4.703,40.3272406886245,4.5,7.6,0.8690000000000001,45.58,0.6809999999999999,0.034,0.7859999999999999,0.57,0.3339999999999999
SLE,Sierra Leone,SSF,Low income,2015,2628.17058065746,120.700737828928,136.8,57.5692588907449,86.0,78.0,0.054,16.6582857856538,118.66024017,34.971428571428575,76.9,55.454,4.548,40.7669565187099,,7.347,0.611,46.0,0.6809999999999999,0.05,0.825,0.625,0.414
SLE,Sierra Leone,SSF,Low income,2016,2732.26093913215,123.03165757627,121.8,58.7374466065884,84.0,85.0,0.061,17.4849469878374,84.22316742,35.214285714285715,71.3,56.937,4.466,41.229411538771,4.7330000000000005,7.383999999999999,0.657,47.6,0.6809999999999999,0.106,0.863,0.584,0.456
SLE,Sierra Leone,SSF,Low income,2017,2753.42719762222,126.863918148513,117.0,59.9058113970129,90.0,80.0,0.068,18.3338579581936,47.37737274,35.45714285714286,68.7,57.761,4.389,41.7106682105058,4.09,7.404,0.652,49.2,0.711,0.079,0.848,0.6,0.495
SLE,Sierra Leone,SSF,Low income,2018,2767.38003296688,114.58023823864,112.4,61.0747116605736,93.0,87.0,0.075,19.205484723374,44.82733536,35.7,66.3,59.059,4.294,42.2011025267803,4.306,7.417000000000001,0.65,50.8,0.716,0.095,0.856,0.552,0.466
SLE,Sierra Leone,SSF,Low income,2019,2852.66269829967,145.617495471991,108.3,62.2435949536526,95.0,93.0,0.033,20.0997388519849,48.13619995,35.7,64.0,59.593,4.192,42.7018444914441,3.447,7.449,0.611,52.4,0.718,0.074,0.8740000000000001,0.513,0.4379999999999999
SLE,Sierra Leone,SSF,Low income,2020,2752.62615355663,142.792124647639,104.4,63.4122118828476,91.0,87.0,0.073,21.0167123808123,47.8861618,35.7,61.9,59.694,4.08,43.2129659123546,,7.449,0.611,,0.718,0.074,0.8740000000000001,0.513,0.4379999999999999
SLV,El Salvador,LCN,Upper-middle income,2005,8050.5345128919,117.893600463867,24.0,87.4859778413184,89.0,99.0,1.724,81.8222708575253,225.17417908,48.5,20.0,69.336,2.44,61.0308213239291,,8.873,0.878,,0.6829999999999999,-0.0559999999999999,0.807,0.8640000000000001,0.233
SLV,El Salvador,LCN,Upper-middle income,2006,8404.24674903143,116.765838623047,22.7,87.0964668490524,96.0,98.0,1.7873333333333332,82.160813551355,231.73410034,45.7,19.0,69.612,2.395,61.9068679391763,5.7010000000000005,8.873,0.878,62.92,0.6829999999999999,-0.0559999999999999,0.807,0.8640000000000001,0.233
SLV,El Salvador,LCN,Upper-middle income,2007,8548.83476118605,121.694122314453,21.5,84.8412397168851,99.0,99.0,1.8506666666666667,82.5029332594397,239.99687195,45.2,18.1,69.82,2.354,62.7676878093683,,8.887,0.7170000000000001,63.24,0.639,-0.015,0.785,0.8690000000000001,0.22
SLV,El Salvador,LCN,Upper-middle income,2008,8704.80584632591,113.391387939453,20.4,82.7117169093002,98.0,95.0,1.914,82.8897095830639,253.45413208,46.9,17.2,70.138,2.291,63.6372503452723,5.191,8.908,0.747,63.56,0.636,-0.078,0.735,0.8420000000000001,0.2319999999999999
SLV,El Salvador,LCN,Upper-middle income,2009,8494.49847423621,111.723289489746,19.4,82.3920893796231,91.0,91.0,1.870525,83.2704470759254,257.19317627,45.8,16.4,70.359,2.261,64.5299047495248,6.839,8.883,0.7340000000000001,63.88,0.6709999999999999,-0.103,0.648,0.85,0.243
SLV,El Salvador,LCN,Upper-middle income,2010,8648.92982717672,111.703523728467,18.4,82.263858914026,89.0,92.0,1.8270499999999998,83.6456953805782,270.69418335,43.5,15.6,70.909,2.239,65.4327927543162,6.74,8.9,0.757,64.2,0.669,-0.064,0.6940000000000001,0.8140000000000001,0.302
SLV,El Salvador,LCN,Upper-middle income,2011,8945.93132970006,110.558314695839,17.6,83.1302988113916,89.0,89.0,1.783575,84.015819833389,295.64242554,42.3,14.9,71.192,2.224,66.334413642034,,8.933,0.731,64.4,0.747,-0.126,0.7070000000000001,0.875,0.336
SLV,El Salvador,LCN,Upper-middle income,2012,9162.56212613508,109.439958408779,16.7,83.9776688792965,93.0,93.0,1.7401,84.3807461910215,301.03710938,41.8,14.3,71.42,2.187,67.2232666950659,,8.956,0.8059999999999999,64.6,0.6829999999999999,-0.155,0.7859999999999999,0.831,0.365
SLV,El Salvador,LCN,Upper-middle income,2013,9329.46202222861,107.756009020989,16.0,84.8055371617931,92.0,94.0,1.696625,84.7403911391232,324.28027344,43.4,13.7,71.225,2.154,68.0878511957995,6.325,8.974,0.8270000000000001,64.8,0.716,-0.15,0.772,0.828,0.317
SLV,El Salvador,LCN,Upper-middle income,2014,9451.744607867,106.234750251213,15.3,85.6145492076128,94.0,96.0,1.6531500000000001,85.0952739178549,315.23168945,41.6,13.1,71.144,2.126,68.9166664266223,5.857,8.986,0.7979999999999999,65.0,0.778,-0.1939999999999999,0.7809999999999999,0.8370000000000001,0.33
SLV,El Salvador,LCN,Upper-middle income,2015,9646.15432339854,104.056527416248,14.6,86.4045677725112,94.0,97.0,1.609675,85.445452477435,331.96725464,40.6,12.6,70.952,2.067,69.6982116699219,6.018,9.005,0.7909999999999999,65.2,0.733,-0.156,0.805,0.826,0.3329999999999999
SLV,El Salvador,LCN,Upper-middle income,2016,9863.76121214453,101.843930228579,13.9,87.1729025989856,98.0,98.0,1.5662,85.789208776824,339.97875977,40.0,12.0,70.908,1.965,70.3990173339844,6.14,9.025,0.794,65.5,0.8,-0.185,0.797,0.7609999999999999,0.346
SLV,El Salvador,LCN,Upper-middle income,2017,10064.7934942601,98.3138463687883,13.3,87.9197798964632,92.0,89.0,2.2646,86.1264645689972,338.60742188,38.0,11.5,71.007,1.896,71.0856704711914,6.339,9.042,0.8290000000000001,65.8,0.758,-0.172,0.778,0.8490000000000001,0.268
SLV,El Salvador,LCN,Upper-middle income,2018,10297.203612692,96.8014948340295,12.7,88.6461069503319,89.0,87.0,2.963,86.456582332616,348.18817139,38.6,11.1,71.384,1.849,71.7577209472656,6.2410000000000005,9.061,0.82,66.1,0.863,-0.095,0.8009999999999999,0.86,0.27
SLV,El Salvador,LCN,Upper-middle income,2019,10543.9383291317,91.6274097482467,12.2,89.3527800998874,96.0,96.0,2.963,86.7364561760088,380.53384399,38.8,10.6,71.725,1.838,72.4148941040039,,9.08,0.764,66.4,0.877,-0.109,0.682,0.871,0.271
SLV,El Salvador,LCN,Upper-middle income,2020,9692.44931605799,90.6579425663395,11.7,89.9923610939187,89.0,84.0,2.963,87.0096574927862,357.78799438,38.8,10.2,70.244,1.819,73.0570220947266,5.462000000000001,9.019,0.696,66.7,0.924,-0.126,0.583,0.8390000000000001,0.3289999999999999
SMR,San Marino,ECS,High income,2005,81632.1776324722,94.248046875,3.6,100.0,96.0,94.0,4.814,100.0,3055.63232422,,3.4,81.926,1.198,94.6454896824635,,,,,,,,,
SMR,San Marino,ECS,High income,2006,79497.59176159024,94.248046875,3.3,100.0,92.0,90.0,4.814,100.0,3242.24291992,,3.1,82.258,1.242,95.2084276028853,,,,,,,,,
SMR,San Marino,ECS,High income,2007,77363.0058907083,94.248046875,3.1,100.0,91.0,90.0,4.814,100.0,3804.50634766,,2.9,82.605,1.257,95.8182890221867,,,,,,,,,
SMR,San Marino,ECS,High income,2008,75228.42001982636,94.248046875,2.9,100.0,91.0,86.0,4.814,100.0,4378.24853516,,2.8,82.894,1.521,96.3901700249324,,,,,,,,,
SMR,San Marino,ECS,High income,2009,73093.8341489444,92.9460601806641,2.7,99.9999973376988,90.0,88.0,4.814,100.0,4242.50341797,,2.6,83.224,1.358,96.8391666956869,,,,,,,,,
SMR,San Marino,ECS,High income,2010,68669.2549485757,92.4384525205158,2.6,99.9999986796045,90.0,88.0,4.814,100.0,3813.88354492,,2.4,83.464,1.459,97.074615769187,,,,,,,,,
SMR,San Marino,ECS,High income,2011,64214.120906595,92.0494699646643,2.4,100.0,92.0,90.0,4.814,100.0,4550.35058594,,2.3,83.713,1.456,97.0999984741211,,,,,,,,,
SMR,San Marino,ECS,High income,2012,58176.3797454761,93.3017190278601,2.3,99.9999971732007,89.0,84.0,4.896,100.0,4310.10009766,,2.2,83.943,1.289,97.0999984741211,,,,,,,,,
SMR,San Marino,ECS,High income,2013,58467.9789128485,93.60577425991144,2.1,99.9999985958692,86.0,82.0,4.881,100.0,4113.46679688,,2.0,84.175,1.483,97.0999984741211,,,,,,,,,
SMR,San Marino,ECS,High income,2014,58743.5863890151,93.90982949196277,2.0,99.9999972428986,84.0,81.0,5.964,100.0,4120.02685547,,1.9,84.394,1.259,97.0999984741211,,,,,,,,,
SMR,San Marino,ECS,High income,2015,59647.6600146934,94.2138847240141,1.9,100.0,85.0,84.0,5.964,100.0,3530.04614258,,1.8,84.596,1.196,97.0999984741211,,,,,,,,,
SMR,San Marino,ECS,High income,2016,60669.8228947966,94.51793995606543,1.8,100.0,86.0,82.0,5.964,100.0,3621.23266602,,1.7,84.775,1.127,97.0999984741211,,,,,,,,,
SMR,San Marino,ECS,High income,2017,59524.5606827202,94.82199518811677,1.7,99.9999955531447,88.0,86.0,5.964,100.0,3672.30322266,,1.6,84.933,1.054,97.0999984741211,,,,,,,,,
SMR,San Marino,ECS,High income,2018,59194.04440794,95.1260504201681,1.6,100.0,90.0,89.0,5.964,100.0,3969.36474609,,1.6,85.095,1.077,97.0999984741211,,,,,,,,,
SMR,San Marino,ECS,High income,2019,60171.0506033928,94.6193474527762,1.5,99.9999963796538,88.0,86.0,5.964,100.0,3801.21044922,,1.5,85.257,1.096,97.0999984741211,,,,,,,,,
SMR,San Marino,ECS,High income,2020,55998.0734625278,94.4051825677267,1.5,100.0,89.0,90.0,5.964,100.0,3758.609375,,1.4,82.65,1.113,97.0999984741211,,,,,,,,,
SOM,"Somalia, Fed. Rep.",SSF,Low income,2005,830.807245939502,22.7854194641113,173.2,33.4314329999319,35.0,35.0,0.027,24.6385730237392,12.88169384,,103.9,50.894,7.527,35.4674928136211,,,0.611,,0.8740000000000001,,0.456,0.8340000000000001,0.207
SOM,"Somalia, Fed. Rep.",SSF,Low income,2006,857.993655902122,22.7854194641113,172.6,35.3395798096483,26.0,35.0,0.027,25.6985522654712,12.88169384,,103.5,50.915,7.49,35.9982083823331,,,0.611,,0.8740000000000001,,0.456,0.8340000000000001,0.207
SOM,"Somalia, Fed. Rep.",SSF,Low income,2007,887.369352235607,22.7854194641113,170.5,35.5233098422892,40.0,35.0,0.029625,25.4724809628705,12.88169384,,102.5,50.885,7.457,36.5641925012053,,,0.611,,0.8740000000000001,,0.456,0.8340000000000001,0.207
SOM,"Somalia, Fed. Rep.",SSF,Low income,2008,919.132083453107,22.7854194641113,166.7,37.9760688340822,31.0,34.0,0.03225,26.8675518309153,12.88169384,,100.5,51.456,7.415,37.1754203605454,,,0.611,,0.8740000000000001,,0.456,0.8340000000000001,0.207
SOM,"Somalia, Fed. Rep.",SSF,Low income,2009,956.220325392593,22.7854194641113,162.4,40.466779744943,42.0,43.0,0.034875,28.2620333243978,12.88169384,,98.4,52.101,7.376,37.8418671506609,,,0.611,,0.8740000000000001,,0.456,0.8340000000000001,0.207
SOM,"Somalia, Fed. Rep.",SSF,Low income,2010,995.225555512017,22.7854194641113,186.7,42.9914341026077,45.0,46.0,0.0375,29.6552314134568,12.88169384,,112.5,48.9,7.322,38.5735080618592,,,0.611,,0.8740000000000001,,0.456,0.8340000000000001,0.207
SOM,"Somalia, Fed. Rep.",SSF,Low income,2011,1054.36214979093,22.7854194641113,186.05,45.5410874380133,41.0,46.0,0.040125,31.0429095384234,12.88169384,,112.35,,7.268,39.380318284448,,,0.611,,0.8740000000000001,,0.456,0.8340000000000001,0.207
SOM,"Somalia, Fed. Rep.",SSF,Low income,2012,1114.8041489283,22.7854194641113,185.4,47.6056661225373,42.0,46.0,0.042749999999999996,32.0476374113968,12.88169384,,112.2,49.138,7.211,40.2722730087349,,,0.611,,0.8740000000000001,,0.456,0.8340000000000001,0.207
SOM,"Somalia, Fed. Rep.",SSF,Low income,2013,1197.72166459722,22.7854194641113,143.2,49.7134555846093,44.0,47.0,0.045375,33.058251557305,12.88169384,,88.4,54.016,7.14,41.2593474250273,,,0.611,,0.8740000000000001,,0.456,0.8340000000000001,0.207
SOM,"Somalia, Fed. Rep.",SSF,Low income,2014,1259.27432882605,22.7854194641113,138.6,51.8635744481295,46.0,48.0,0.048,34.0748734228162,13.15052128,,86.0,54.442,7.061,42.3515167236328,5.528,,0.611,49.6,0.8740000000000001,,0.456,0.8340000000000001,0.207
SOM,"Somalia, Fed. Rep.",SSF,Low income,2015,1343.92517439594,22.7854194641113,134.3,54.0545936900229,48.0,50.0,0.048,35.0972405875154,14.11613941,,83.7,55.056,6.975,43.8618107408479,,,0.599,50.1,0.968,,0.41,0.901,0.187
SOM,"Somalia, Fed. Rep.",SSF,Low income,2016,1384.15517410124,22.7854194641113,130.2,56.284978016248,49.0,51.0,0.048,36.1250378584049,11.76618958,,81.5,55.283,6.878,45.942842729174,,,0.594,50.0,0.917,,0.441,0.8909999999999999,0.193
SOM,"Somalia, Fed. Rep.",SSF,Low income,2017,1527.66029071648,22.7854194641113,156.4,58.5524158667796,51.0,52.0,0.048,37.1573619625344,13.51753426,,96.5,52.19,6.766,48.3639630032265,,,0.594,,0.917,,0.441,0.8909999999999999,0.193
SOM,"Somalia, Fed. Rep.",SSF,Low income,2018,1504.97908203481,22.7854194641113,136.4,60.8552872098573,53.0,53.0,0.048,38.1938671112932,12.7819252,,85.1,54.767,6.662,50.9506215336872,,,0.594,,0.917,,0.441,0.8909999999999999,0.193
SOM,"Somalia, Fed. Rep.",SSF,Low income,2019,1491.29493918405,22.7854194641113,118.4,63.1909737588395,57.0,52.0,0.048,39.2334053088705,12.99074364,,75.0,57.249,6.56,51.6421170703225,,,0.594,,0.917,,0.441,0.8909999999999999,0.193
SOM,"Somalia, Fed. Rep.",SSF,Low income,2020,1396.05544674978,22.7854194641113,114.7,65.5578267078208,55.0,52.0,0.048,40.2756265135548,12.79912567,,72.9,57.095,6.453,52.286318011754,,,0.594,,0.917,,0.441,0.8909999999999999,0.193
SRB,Serbia,ECS,Upper-middle income,2005,15077.5586462578,102.747093200684,9.0,89.6720082723316,98.0,96.0,2.757,95.6679289682349,307.54705811,36.5,7.8,72.8341463414634,1.45,57.7508909888183,,9.532,0.8440000000000001,,0.4529999999999999,-0.165,0.905,0.5760000000000001,0.3339999999999999
SRB,Serbia,ECS,Upper-middle income,2006,15727.4033683685,101.839546203613,8.5,90.0205820679196,92.0,88.0,2.783,95.836103340787,371.506073,29.7,7.3,73.3853658536585,1.43,58.1709152910668,,9.532,0.8440000000000001,,0.4529999999999999,-0.165,0.905,0.5760000000000001,0.3339999999999999
SRB,Serbia,ECS,Upper-middle income,2007,17028.0866985832,100.971687316895,8.1,90.3705744496824,94.0,95.0,2.852,96.0046710847047,547.22723389,28.7,7.1,73.6317073170732,1.38,58.5577111784378,4.75,9.532,0.8440000000000001,65.6,0.4529999999999999,-0.165,0.905,0.5760000000000001,0.3339999999999999
SRB,Serbia,ECS,Upper-middle income,2008,17983.2811855695,100.629577636719,7.9,90.7220873327348,95.0,92.0,2.943,96.1735822880127,671.88702393,27.6,6.9,73.8853658536585,1.4,58.8944613226962,,9.55,0.807,,0.4129999999999999,-0.17149999999999999,0.933,0.56,0.38449999999999995
SRB,Serbia,ECS,Upper-middle income,2009,17488.1227241581,97.6857986450195,7.8,91.0750720753655,95.0,95.0,2.973,96.3428666633317,575.262146,28.0,6.7,73.9853658536585,1.44,59.1643483956067,4.38,9.568,0.77,66.0,0.373,-0.178,0.961,0.544,0.435
SRB,Serbia,ECS,Upper-middle income,2010,17841.4312599018,95.8957595825195,7.6,91.4295629669581,91.0,95.0,3.017,96.5124901506423,545.33380127,29.0,6.6,74.3365853658537,1.4,59.3505550689338,,9.579,0.726,66.2,0.4629999999999999,-0.17,0.965,0.532,0.415
SRB,Serbia,ECS,Upper-middle income,2011,17986.5840283539,101.493446350098,7.4,91.7854914551611,94.0,93.0,3.043,96.6825231290354,618.89422607,34.45,6.4,74.5365853658537,1.4,59.4349187787267,4.815,9.607,0.773,66.36,0.44,-0.185,0.977,0.545,0.41
SRB,Serbia,ECS,Upper-middle income,2012,17993.8147169993,100.571311950684,7.1,92.145298947486,91.0,87.0,3.047,96.8502790858125,559.90545654,39.9,6.1,74.8365853658537,1.45,59.3468437194824,5.155,9.605,0.8190000000000001,66.52,0.461,-0.13,0.952,0.514,0.371
SRB,Serbia,ECS,Upper-middle income,2013,18163.2047330246,100.895538330078,6.8,92.5067790597268,95.0,92.0,3.058,97.0173317364733,627.53308105,39.4,5.9,75.1853658536585,1.43,59.6111068725586,5.102,9.638,0.828,66.68,0.5329999999999999,-0.1,0.908,0.529,0.4029999999999999
SRB,Serbia,ECS,Upper-middle income,2014,17922.4357685757,101.131156921387,6.6,92.8689758961741,93.0,86.0,3.03,97.1845998620671,608.85858154,40.4,5.6,75.3365853658537,1.46,59.8779373168945,,9.627,0.7829999999999999,66.84,0.532,0.072,0.912,0.498,0.326
SRB,Serbia,ECS,Upper-middle income,2015,18247.8091057968,101.342918395996,6.3,93.2319494038819,95.0,87.0,3.043,97.3520264197285,491.25177002,40.5,5.4,75.2878048780488,1.46,60.1388092041016,5.318,9.649,0.816,67.0,0.546,-0.062,0.8590000000000001,0.496,0.303
SRB,Serbia,ECS,Upper-middle income,2016,18889.3816415548,100.571273803711,6.1,93.5956537011763,93.0,82.0,2.926,97.519678308202,486.42944336,38.8,5.2,75.6878048780488,1.46,60.3853870034026,5.752999999999999,9.688,0.895,67.4,0.614,-0.068,0.89,0.535,0.298
SRB,Serbia,ECS,Upper-middle income,2017,19438.9917129776,100.312927246094,5.9,93.9598808103349,95.0,86.0,2.937,97.6881908970258,515.84570313,36.1,5.1,75.5390243902439,1.49,60.621208190918,,9.713,0.884,67.8,0.685,-0.077,0.851,0.51,0.326
SRB,Serbia,ECS,Upper-middle income,2018,20454.225884367,100.301933288574,5.8,94.3248090621333,97.0,93.0,2.966,97.8576090639596,617.08691406,35.0,4.9,75.890243902439,1.49,60.8433609008789,5.936,9.762,0.853,68.2,0.74,-0.1,0.8640000000000001,0.5589999999999999,0.296
SRB,Serbia,ECS,Upper-middle income,2019,21541.1264037184,99.6447067260742,5.6,94.6906306889653,97.0,87.0,2.9205,97.9156406613819,641.04754639,34.5,4.8,75.9365853658537,1.52,61.0492248535156,6.2410000000000005,9.808,0.903,68.6,0.753,-0.04,0.813,0.509,0.242
SRB,Serbia,ECS,Upper-middle income,2020,21479.0788553347,97.7058486938477,5.5,95.0575271243011,92.0,78.0,2.875,97.9188486059038,670.03564453,35.0,4.7,74.4780487804878,1.48,61.223201751709,6.042000000000001,9.788,0.852,69.0,0.843,0.149,0.8240000000000001,0.603,0.358
SSD,South Sudan,SSF,Low income,2005,,90.4091110229492,138.4,40.2979213684027,61.0,62.0,0.041,6.98593579388276,28.05690956,46.3,96.2,53.965,6.022,16.8695760318857,,,0.545,,0.5670000000000001,,0.742,0.614,0.428
SSD,South Sudan,SSF,Low income,2006,,90.4091110229492,131.5,40.2979213684027,61.0,62.0,0.041,6.98593579388276,28.05690956,46.3,92.3,54.653,5.853,16.9509881842643,,,0.545,,0.5670000000000001,,0.742,0.614,0.428
SSD,South Sudan,SSF,Low income,2007,,90.4091110229492,124.9,40.2979213684027,61.0,62.0,0.041,6.98593579388276,28.05690956,46.3,88.6,55.425,5.704,16.9986889512954,,,0.545,,0.5670000000000001,,0.742,0.614,0.428
SSD,South Sudan,SSF,Low income,2008,,90.4091110229492,118.7,40.2979213684027,61.0,62.0,0.041,6.98593579388276,28.05690956,46.3,85.0,56.28,5.569,17.0301141193955,,,0.545,,0.5670000000000001,,0.742,0.614,0.428
SSD,South Sudan,SSF,Low income,2009,,90.4091110229492,112.7,40.2979213684027,61.0,62.0,0.041,6.98593579388276,28.05690956,46.3,81.5,56.848,5.446,17.2937284639317,,,0.545,,0.5670000000000001,,0.742,0.614,0.428
SSD,South Sudan,SSF,Low income,2010,,90.4091110229492,107.2,40.2979213684027,61.0,62.0,0.041,6.98593579388276,28.05690956,45.97142857142857,78.2,57.485,5.318,17.535620199576,,,0.545,,0.5670000000000001,,0.742,0.614,0.428
SSD,South Sudan,SSF,Low income,2011,,90.4091110229492,102.3,40.2979213684027,61.0,62.0,0.041,6.98593579388276,28.05690956,45.64285714285714,75.3,57.674,5.193,17.7817678106789,,,0.545,,0.5670000000000001,,0.742,0.614,0.428
SSD,South Sudan,SSF,Low income,2012,,85.3862838745117,98.9,40.3182204862037,63.0,59.0,0.041,7.58007556158214,28.05690956,45.31428571428571,73.2,58.241,5.061,18.0321885447664,,,0.545,,0.5670000000000001,,0.742,0.614,0.428
SSD,South Sudan,SSF,Low income,2013,,80.3634567260742,97.2,40.3170036685797,53.0,57.0,0.041,8.20089254501599,28.05690956,44.98571428571429,72.2,58.285,4.939,18.2868996493633,,,0.545,,0.5670000000000001,,0.742,0.614,0.428
SSD,South Sudan,SSF,Low income,2014,,75.3406295776367,182.6,40.2950996381389,50.0,54.0,0.041,8.84915620851998,28.05690956,44.65714285714286,118.2,45.625,4.818,18.5459183719929,,,0.545,49.84,0.5670000000000001,,0.742,0.614,0.428
SSD,South Sudan,SSF,Low income,2015,,70.3178024291992,240.8,40.2538150385171,46.0,52.0,0.041,9.52607939004663,28.05690956,44.32857142857143,151.3,,4.695,18.8092619601773,4.071000000000001,,0.585,50.2,0.512,,0.71,0.586,0.45
SSD,South Sudan,SSF,Low income,2016,,70.3178024291992,272.9,40.1939250394891,45.0,51.0,0.041,10.2323689883362,28.05690956,44.0,169.8,,4.579,19.0769476614377,2.888,,0.532,50.6,0.44,,0.785,0.615,0.5489999999999999
SSD,South Sudan,SSF,Low income,2017,,70.3178024291992,203.29999999999998,40.1164221655228,52.0,56.0,0.041,10.968942628146,28.05690956,44.0,131.35000000000002,,4.483,19.3489927232944,2.817,,0.557,51.0,0.456,,0.7609999999999999,0.586,0.517
SSD,South Sudan,SSF,Low income,2018,,70.3178024291992,133.7,40.0226124064879,59.0,61.0,0.041,11.737005779493,31.12328529,44.0,92.9,51.905,4.37,19.6254143932663,,,0.557,,0.456,,0.7609999999999999,0.586,0.517
SSD,South Sudan,SSF,Low income,2019,,70.3178024291992,96.7,39.9136238003103,61.0,65.0,0.033,12.5375975656084,35.18021774,44.0,71.9,58.129,4.26,19.9062299188719,,,0.557,,0.456,,0.7609999999999999,0.586,0.517
SSD,South Sudan,SSF,Low income,2020,,70.3178024291992,96.7,39.7909332940047,67.0,69.0,0.043,13.0864589618101,47.40253067,44.0,71.9,57.648,4.16,20.1914565476286,,,0.557,,0.456,,0.7609999999999999,0.586,0.517
STP,Sao Tome and Principe,SSF,Lower-middle income,2005,4371.49721644128,125.522186279297,55.7,71.4990303925917,97.0,88.0,0.315,26.8577839135173,80.13071442,30.8,34.9,62.434,4.939,62.4779478773056,,,,,,,,,
STP,Sao Tome and Principe,SSF,Lower-middle income,2006,4644.18044669991,124.066593170166,51.1,71.9349975867541,97.0,85.0,0.315,28.1835957707981,57.2040329,30.8,32.1,63.041,4.933,62.4779478773056,,,,,,,,,
STP,Sao Tome and Principe,SSF,Lower-middle income,2007,4698.08416961839,122.611000061035,46.9,72.3598122085936,97.0,86.0,0.315,29.5170578703442,59.71631241,30.8,29.6,63.336,4.957,62.4779478773056,,,,,,,,,
STP,Sao Tome and Principe,SSF,Lower-middle income,2008,4873.1813112046,122.417999267578,43.1,72.7735646723353,99.0,93.0,0.315,30.857384929578,64.58831787,30.8,27.3,63.448,4.906,63.8690133423199,,,,,,,,,
STP,Sao Tome and Principe,SSF,Lower-middle income,2009,4919.19529822865,122.308692932129,39.5,73.1759256432541,98.0,90.0,0.315,32.2032374350904,64.90551758,30.8,25.2,63.669,4.838,65.0832313370367,,,,,,,,,
STP,Sao Tome and Principe,SSF,Lower-middle income,2010,4882.04796466341,119.253356933594,36.2,73.5674385311181,98.0,92.0,0.315,33.5544418305556,60.94829941,30.8,23.2,63.867,4.769,66.0572200728291,,,,,,,,,
STP,Sao Tome and Principe,SSF,Lower-middle income,2011,4876.47315792145,119.297409057617,33.2,73.9480124273014,96.0,91.0,0.315,34.9099928554753,69.45979309,32.214285714285715,21.3,64.122,4.718,66.7275977610702,,,,,,,,,
STP,Sao Tome and Principe,SSF,Lower-middle income,2012,4919.55294386577,111.31436920166,30.4,74.3179711797514,96.0,92.0,0.315,36.2694678517073,86.29039001,33.62857142857143,19.6,64.505,4.664,67.0335889448132,,,,,,,,,
STP,Sao Tome and Principe,SSF,Lower-middle income,2013,5072.11200195866,110.589996337891,27.9,74.6744974780629,97.0,91.0,0.315,37.6279828671376,124.59179688,35.042857142857144,18.1,64.93,4.584,67.1306686401367,,,,,,,,,
STP,Sao Tome and Principe,SSF,Lower-middle income,2014,5223.09572886388,106.902000427246,25.5,75.018493599873,95.0,92.0,0.315,38.9858756147002,118.70980835,36.457142857142856,16.6,65.478,4.485,67.2606735229492,,,,,,,,,
STP,Sao Tome and Principe,SSF,Lower-middle income,2015,5210.2037755431,107.803779602051,23.3,75.3502679497471,96.0,93.0,0.315,40.3427054934035,85.37828827,37.871428571428574,15.2,66.023,4.354,67.3915710449219,,,,,,,,,
STP,Sao Tome and Principe,SSF,Lower-middle income,2016,5388.5091334891,108.677742004395,21.3,75.6703085298352,96.0,93.0,0.35925,41.6983508891345,109.73142242,39.28571428571429,14.0,66.563,4.203,67.5218887329102,,,,,,,,,
STP,Sao Tome and Principe,SSF,Lower-middle income,2017,5521.20249597413,110.377998352051,19.6,75.9790930081593,95.0,90.0,0.40349999999999997,43.0527347494608,117.07767487,40.7,12.9,67.074,4.069,67.6520004272461,,,,,,,,,
STP,Sao Tome and Principe,SSF,Lower-middle income,2018,5674.72379094011,110.377998352051,18.2,76.2770612146702,95.0,95.0,0.44775,44.4058041526004,108.87628937,40.7,12.0,67.602,3.977,67.7828826904297,,,,,,,,,
STP,Sao Tome and Principe,SSF,Lower-middle income,2019,5702.08347071236,110.377998352051,17.1,76.5646613120149,95.0,95.0,0.492,45.7575570286583,106.86884308,40.7,11.3,68.043,3.9,67.9129943847656,,,,,,,,,
STP,Sao Tome and Principe,SSF,Lower-middle income,2020,5742.94724858826,110.377998352051,16.1,76.8423036078909,96.0,86.0,0.492,47.1080132831109,159.84396362,40.7,10.8,67.979,3.827,68.0436706542969,,,,,,,,,
SUR,Suriname,LCN,Upper-middle income,2005,19220.2839696605,104.257690429688,26.5,91.3567891042984,83.0,91.0,0.679,79.9454355206116,241.68415833,,23.8,66.997,2.712,66.7321826490881,,9.797,0.797,,0.885,-0.077,0.7509999999999999,0.764,0.25
SUR,Suriname,LCN,Upper-middle income,2006,20113.6707547695,102.543380737305,25.7,91.7905024637707,84.0,83.0,0.679,80.5786141828713,313.68301392,,23.2,67.643,2.727,66.6967982269052,,9.797,0.797,,0.885,-0.077,0.7509999999999999,0.764,0.25
SUR,Suriname,LCN,Upper-middle income,2007,20902.1391589279,98.4763565063477,25.1,92.2251674961398,84.0,85.0,0.679,81.2158259074575,309.17565918,,22.6,68.307,2.735,66.6433180134835,,9.797,0.797,,0.885,-0.077,0.7509999999999999,0.764,0.25
SUR,Suriname,LCN,Upper-middle income,2008,21515.8119551093,103.520378112793,24.4,92.6609808211452,85.0,86.0,0.679,81.8573477450076,334.24771118,,22.1,68.873,2.727,66.5776961831642,,9.797,0.797,,0.885,-0.077,0.7509999999999999,0.764,0.25
SUR,Suriname,LCN,Upper-middle income,2009,21906.4105447498,104.568260192871,23.8,93.098083849425,87.0,88.0,0.679,82.5034153738866,380.04019165,,21.6,69.323,2.712,66.5058869102882,,9.797,0.797,,0.885,-0.077,0.7509999999999999,0.764,0.25
SUR,Suriname,LCN,Upper-middle income,2010,22772.4754543689,102.471636358299,23.2,93.5361705637667,94.0,87.0,0.7335,83.1536012115357,399.59710693,,21.2,69.626,2.688,66.4338443691967,,9.797,0.797,,0.885,-0.077,0.7509999999999999,0.764,0.25
SUR,Suriname,LCN,Upper-middle income,2011,23829.5332856393,101.072891797094,22.7,93.9753934172561,80.0,79.0,0.788,83.8081495753945,375.34957886,,20.7,69.82,2.667,66.3675227342307,,9.797,0.797,,0.885,-0.077,0.7509999999999999,0.764,0.25
SUR,Suriname,LCN,Upper-middle income,2012,24193.8412373922,102.775590258689,22.2,94.415755076208,76.0,64.0,0.8425,84.4670825315891,406.05526733,,20.3,69.957,2.669,66.3132562693376,6.269,9.797,0.797,62.24,0.885,-0.077,0.7509999999999999,0.764,0.25
SUR,Suriname,LCN,Upper-middle income,2013,24624.0219854601,105.284141540527,21.6,94.8572504353224,77.0,81.0,0.897,85.1304175026747,434.50332642,,19.9,70.11,2.651,66.2683575134509,,9.797,0.797,,0.885,-0.077,0.7509999999999999,0.764,0.25
SUR,Suriname,LCN,Upper-middle income,2014,24414.3554759734,106.412658691406,21.1,95.3013933634171,71.0,70.0,0.9515,85.8011033502861,440.95263672,,19.5,70.33,2.62,66.2249266178037,,9.797,0.797,,0.885,-0.077,0.7509999999999999,0.764,0.25
SUR,Suriname,LCN,Upper-middle income,2015,23327.5252497447,109.042251586914,20.6,95.747692023521,73.0,76.0,1.006,86.4788537727956,511.91244507,,19.0,70.567,2.57,66.1828815074718,,9.797,0.797,,0.885,-0.077,0.7509999999999999,0.764,0.25
SUR,Suriname,LCN,Upper-middle income,2016,21950.4122148625,106.808013710057,20.1,96.1954574091076,77.0,76.0,1.087,87.1630073725614,338.24822998,,18.6,70.979,2.5,66.1426466980469,,9.797,0.797,,0.885,-0.077,0.7509999999999999,0.764,0.25
SUR,Suriname,LCN,Upper-middle income,2017,22070.5137570835,102.229217428152,19.5,96.6441085330734,67.0,76.0,1.139,87.8530834622316,322.00415039,,18.0,71.247,2.431,66.1046467051207,,9.797,0.797,,0.885,-0.077,0.7509999999999999,0.764,0.25
SUR,Suriname,LCN,Upper-middle income,2018,22938.5353715545,100.726147342995,18.9,97.0931070190456,81.0,77.0,0.787,88.5487221622628,440.32211304,,17.6,71.468,2.381,66.0693060442846,,9.797,0.797,,0.885,-0.077,0.7509999999999999,0.764,0.25
SUR,Suriname,LCN,Upper-middle income,2019,22966.7405999124,101.247626796854,18.4,97.5417727368103,77.0,64.0,0.787,89.2491417475009,588.83825684,,17.1,71.773,2.347,66.0370492311305,,9.797,0.797,,0.885,-0.077,0.7509999999999999,0.764,0.25
SUR,Suriname,LCN,Upper-middle income,2020,19091.3617184226,102.277236938477,17.9,97.9896319071823,51.0,45.0,0.787,89.9542117560027,409.86743164,,16.6,72.321,2.314,66.00830078125,,9.797,0.797,,0.885,-0.077,0.7509999999999999,0.764,0.25
SVK,Slovak Republic,ECS,High income,2005,23257.1758521642,102.934013366699,8.3,97.966819867386,99.0,98.0,3.035,99.2778705224537,1029.30029297,29.3,6.9,73.9048780487805,1.27,55.4189847597721,,10.015,0.954,,0.542,-0.05,0.946,0.6779999999999999,0.308
SVK,Slovak Republic,ECS,High income,2006,25331.8740217421,102.14640045166,8.0,97.9636510753121,99.0,98.0,3.169,99.085354726035,1029.30029297,25.8,6.6,74.2048780487805,1.25,55.2464278407442,,10.015,0.954,66.0,0.542,-0.05,0.946,0.6779999999999999,0.308
SVK,Slovak Republic,ECS,High income,2007,28064.2457264668,102.25048828125,7.7,97.9604813763943,99.0,99.0,3.388,98.8921747745398,1029.30029297,24.7,6.3,74.2073170731707,1.27,55.0707354484001,,10.0535,0.9455,,0.5655,-0.06274999999999997,0.93625,0.6749999999999999,0.30024999999999996
SVK,Slovak Republic,ECS,High income,2008,29544.090596762,102.774559020996,7.4,97.9573332015085,99.0,99.0,3.369,98.6983446411072,1251.67724609,26.0,6.1,74.7048780487805,1.34,54.895930446636,,10.092,0.937,,0.589,-0.07549999999999996,0.9265,0.6719999999999999,0.2925
SVK,Slovak Republic,ECS,High income,2009,27880.4111227638,102.228988647461,7.1,98.2516516843309,99.0,99.0,3.305,98.5038356202912,1320.09301758,27.2,5.9,74.909756097561,1.44,54.7260356993483,,10.130500000000001,0.9285,,0.6125,-0.08824999999999993,0.91675,0.6689999999999999,0.28474999999999995
SVK,Slovak Republic,ECS,High income,2010,29745.9196662166,101.638298034668,6.9,98.6223366381553,99.0,98.0,3.359,98.3065426945289,1296.54284668,27.3,5.7,75.1121951219512,1.43,54.5650740704331,6.0520000000000005,10.169,0.92,66.8,0.636,-0.1009999999999999,0.907,0.6659999999999999,0.2769999999999999
SVK,Slovak Republic,ECS,High income,2011,30468.8257049455,100.502960205078,6.7,98.9975424818939,99.0,98.0,3.307,98.1082605200532,1352.43835449,26.5,5.5,75.9585365853659,1.45,54.4167387988534,5.945,10.196,0.917,67.04,0.727,0.01,0.907,0.637,0.287
SVK,Slovak Republic,ECS,High income,2012,30894.3118010926,99.1328735351562,6.6,99.3758319231796,99.0,99.0,3.366,97.9115016184272,1319.43823242,26.1,5.4,76.109756097561,1.34,54.2764528316182,5.9110000000000005,10.213,0.926,67.28,0.62,-0.0279999999999999,0.907,0.6559999999999999,0.302
SVK,Slovak Republic,ECS,High income,2013,31078.1848215695,98.6928482055664,6.4,99.5201711980616,98.0,98.0,3.393,97.7141281271847,1370.46765137,28.1,5.3,76.4121951219512,1.34,54.1384024098892,5.937,10.218,0.909,67.52,0.598,-0.051,0.915,0.698,0.2769999999999999
SVK,Slovak Republic,ECS,High income,2014,31888.805351531,98.5119476318359,6.3,99.7867504210911,97.0,97.0,3.43,97.516126759043,1289.34851074,26.1,5.2,76.8121951219512,1.37,54.0029125499893,6.138999999999999,10.244000000000002,0.924,67.76,0.635,-0.126,0.914,0.703,0.267
SVK,Slovak Republic,ECS,High income,2015,33507.7913603774,98.3121109008789,6.2,99.7871905460043,96.0,95.0,3.454,97.5208284449085,1108.87817383,26.5,5.2,76.5634146341463,1.4,53.8700628001622,,10.291,0.943,68.0,0.5870000000000001,-0.128,0.928,0.7140000000000001,0.2689999999999999
SVK,Slovak Republic,ECS,High income,2016,34116.4502039273,97.6210403442383,6.1,99.7875130290361,96.0,95.0,3.476,97.526250341086,1175.6270752,25.2,5.1,77.1658536585366,1.48,53.7399327086517,5.992999999999999,10.31,0.945,68.3,0.7,-0.061,0.917,0.774,0.2319999999999999
SVK,Slovak Republic,ECS,High income,2017,35042.7858925618,98.2659530639648,6.0,99.7877332249029,96.0,96.0,3.423,97.532398820711,1189.07983398,23.2,5.0,77.1658536585366,1.52,53.6126018237016,,10.339,0.913,68.6,0.7140000000000001,-0.055,0.92,0.7879999999999999,0.213
SVK,Slovak Republic,ECS,High income,2018,36415.7920529507,97.0244369506836,5.9,99.7878360952322,97.0,96.0,3.523,97.5317758845703,1299.91125488,25.0,5.0,77.2658536585366,1.54,53.4881496935559,,10.376,0.922,68.9,0.758,-0.1669999999999999,0.91,0.754,0.253
SVK,Slovak Republic,ECS,High income,2019,37194.2104548698,97.9945983886719,5.9,99.7878205729011,97.0,96.0,3.569,97.5318474506964,1342.07580566,23.2,5.0,77.6658536585366,1.57,53.3666558664583,6.242999999999999,10.398,0.933,69.2,0.7709999999999999,-0.129,0.926,0.75,0.252
SVK,Slovak Republic,ECS,High income,2020,36201.4863805533,99.9172286987305,5.9,99.7877016868458,97.0,96.0,3.671,97.5326284865492,1393.62438965,24.2,5.0,76.8658536585366,1.59,53.2481998906526,6.519,10.332,0.954,69.5,0.762,-0.075,0.901,0.764,0.2739999999999999
SVN,Slovenia,ECS,High income,2005,35565.0427189638,98.2098770141602,4.2,99.6643087040405,95.0,94.0,2.35,99.1116751269035,1449.18920898,24.6,3.5,77.6121951219512,1.53,50.648781400021,,10.403,0.936,,0.936,0.043,0.708,0.652,0.307
SVN,Slovenia,ECS,High income,2006,37546.4956078863,100.249351501465,4.0,99.6593245649829,97.0,96.0,2.366,99.1116751269035,1541.66430664,24.4,3.3,78.0865853658537,1.53,50.5672552816963,5.811,10.403,0.936,68.0,0.936,0.043,0.708,0.652,0.307
SVN,Slovenia,ECS,High income,2007,40002.7018991991,96.4375076293945,3.8,99.6543404259254,97.0,96.0,2.39,99.0583073018352,1795.95043945,24.4,3.1,78.5609756097561,1.53,50.4707127083144,,10.405333333333333,0.9303333333333333,,0.9226666666666666,0.02233333333333333,0.74,0.6483333333333333,0.30566666666666664
SVN,Slovenia,ECS,High income,2008,41286.3462491223,97.1056976318359,3.6,99.6493562868679,97.0,96.0,2.397,99.0049394767669,2179.45239258,23.7,2.9,78.7658536585366,1.53,50.3620036820409,,10.407666666666668,0.9246666666666667,,0.9093333333333333,0.0016666666666666635,0.772,0.6446666666666666,0.30433333333333334
SVN,Slovenia,ECS,High income,2009,37809.1735513927,97.7083587646484,3.4,99.6443721478104,96.0,95.0,2.415,98.9515716516986,2125.05688477,24.8,2.8,78.9707317073171,1.53,50.2439782050416,5.83,10.41,0.919,68.9,0.8959999999999999,-0.019,0.804,0.6409999999999999,0.303
SVN,Slovenia,ECS,High income,2010,38063.314683572,98.0614013671875,3.2,99.6393880087529,96.0,95.0,2.435,98.8982038266302,2017.14660645,24.9,2.6,79.4219512195122,1.57,50.1194862794826,6.082999999999999,10.419,0.917,69.2,0.8959999999999999,0.0289999999999999,0.845,0.6709999999999999,0.295
SVN,Slovenia,ECS,High income,2011,38233.2905622851,97.9861526489258,3.1,99.6344038696953,96.0,96.0,2.5,98.8448360015619,2147.80517578,24.9,2.5,79.9707317073171,1.56,49.9463818748723,6.0360000000000005,10.425999999999998,0.931,69.4,0.907,-0.025,0.893,0.652,0.285
SVN,Slovenia,ECS,High income,2012,37040.7082746106,98.2142868041992,2.9,99.6294197306378,96.0,95.0,2.546,98.7914681764936,1974.85400391,25.6,2.4,80.1243902439024,1.58,49.7619476318359,6.063,10.397,0.925,69.6,0.904,-0.02,0.8909999999999999,0.6559999999999999,0.284
SVN,Slovenia,ECS,High income,2013,36685.7496645094,98.6006774902344,2.8,99.6244355915803,95.0,94.0,2.634,98.7381003514252,2055.38134766,26.2,2.3,80.3219512195122,1.55,50.0466580754027,5.975,10.385,0.932,69.8,0.89,0.036,0.918,0.635,0.2739999999999999
SVN,Slovenia,ECS,High income,2014,37662.2559898098,98.5871734619141,2.7,99.6194514525228,95.0,94.0,2.775,98.6847325263569,2062.38476563,25.7,2.2,81.0780487804878,1.58,50.983470916748,5.678,10.412,0.908,70.0,0.888,0.052,0.909,0.62,0.291
SVN,Slovenia,ECS,High income,2015,38534.6437425951,98.381591796875,2.6,99.6144673134653,95.0,94.0,2.83,98.6313647012886,1775.86071777,25.4,2.1,80.7756097560976,1.57,53.6612160294144,,10.433,0.901,70.2,0.8959999999999999,0.008,0.892,0.659,0.261
SVN,Slovenia,ECS,High income,2016,39674.8931561968,97.9815826416016,2.5,99.6094831744078,94.0,92.0,3.019,98.5779968762202,1838.65405273,24.8,2.1,81.1756097560976,1.58,53.647274017334,5.937,10.463,0.934,70.5,0.904,-0.055,0.838,0.626,0.272
SVN,Slovenia,ECS,High income,2017,41700.651085028,98.1781311035156,2.5,99.6044990353502,94.0,93.0,3.107,98.5246290511519,1925.03466797,24.2,2.0,81.0292682926829,1.62,53.647274017334,6.167000000000001,10.509,0.928,70.8,0.921,-0.025,0.8290000000000001,0.615,0.286
SVN,Slovenia,ECS,High income,2018,43369.221946981,99.4630966186523,2.4,99.5995148962927,93.0,93.0,3.185,98.4712612260836,2169.57885742,24.6,2.0,81.3780487804878,1.6,53.647274017334,6.249,10.546,0.941,71.1,0.942,-0.119,0.8390000000000001,0.644,0.275
SVN,Slovenia,ECS,High income,2019,44577.9418583069,99.8418197631836,2.4,99.5945307572352,95.0,94.0,3.27,98.4178934010152,2219.09790039,24.4,2.0,81.5292682926829,1.61,53.647274017334,6.665,10.563,0.949,71.4,0.945,-0.102,0.785,0.679,0.228
SVN,Slovenia,ECS,High income,2020,42471.5228031277,100.231536865234,2.4,99.5895466181777,95.0,94.0,3.303,98.3645255759469,2417.20874023,24.0,1.9,80.5317073170732,1.59,53.647274017334,6.462000000000001,10.478,0.953,71.7,0.958,-0.081,0.797,0.61,0.314
SWE,Sweden,ECS,High income,2005,53198.67120001,100.282669067383,3.6,99.5447070775688,98.0,96.0,3.454,99.1600494494,3546.78686523,26.8,3.0,80.5463414634146,1.77,84.3499984741211,7.376,10.739,0.951,71.2,0.964,0.146,0.289,0.84,0.151
SWE,Sweden,ECS,High income,2006,55373.9338115393,100.304191589355,3.5,99.5571126332243,98.0,97.0,3.543,99.1374844622195,3755.67529297,26.4,2.8,80.7487804878049,1.85,84.4553200620359,,10.7725,0.9339999999999999,,0.937,0.146,0.289,0.818,0.16399999999999998
SWE,Sweden,ECS,High income,2007,56737.3689179302,100.05542755127,3.3,99.5698405523295,98.0,96.0,3.625,99.1149041183548,4295.55224609,27.1,2.7,80.9,1.88,84.5906875454778,7.241,10.806,0.917,71.48,0.91,0.146,0.289,0.7959999999999999,0.177
SWE,Sweden,ECS,High income,2008,55777.3973050094,100.137687683105,3.2,99.5824390950452,98.0,96.0,3.681,99.0922716215488,4609.91845703,28.1,2.6,81.1,1.91,84.7517366727063,7.516,10.793,0.923,71.62,0.912,0.125,0.314,0.804,0.134
SWE,Sweden,ECS,High income,2009,52950.7103332467,99.485237121582,3.1,99.5949006103398,98.0,97.0,3.749,99.0695949437167,4118.41650391,27.3,2.6,81.3512195121951,1.94,84.9341031919813,7.266,10.74,0.903,71.76,0.9085000000000001,0.221,0.292,0.82,0.151
SWE,Sweden,ECS,High income,2010,55520.4324178534,99.1634674072266,3.1,99.6072194103312,98.0,97.0,3.808,99.0468670356081,4391.1171875,27.7,2.5,81.4512195121951,1.98,85.1334228515625,7.496,10.79,0.97,71.9,0.905,0.141,0.253,0.833,0.2
SWE,Sweden,ECS,High income,2011,56846.1368290625,97.7859420776367,3.0,99.6200368706399,98.0,97.0,3.888,99.0240725950998,6363.61474609,27.6,2.5,81.8024390243903,1.9,85.3600748880524,7.382000000000001,10.814,0.921,71.98,0.941,0.161,0.2689999999999999,0.815,0.179
SWE,Sweden,ECS,High income,2012,56193.3287488246,99.5537185668945,3.0,99.6332110988659,98.0,97.0,3.967,99.0011691334878,6280.82519531,27.6,2.4,81.7048780487805,1.91,85.6250668883122,7.56,10.8,0.929,72.06,0.944,0.132,0.254,0.855,0.17
SWE,Sweden,ECS,High income,2013,56353.0856347897,118.135437011719,2.9,99.6460882913132,98.0,97.0,4.043,98.9781745144205,6716.21484375,28.8,2.4,81.9560975609756,1.89,85.9249771259894,,10.804,0.916,72.14,0.936,0.159,0.324,0.8290000000000001,0.184
SWE,Sweden,ECS,High income,2014,57077.6693544196,118.02986907959,2.9,99.6586774345315,98.0,97.0,4.109,98.9550794456992,6632.23681641,28.4,2.4,82.2536585365854,1.88,86.2563838747314,,10.82,0.933,72.22,0.945,0.2019999999999999,0.25,0.836,0.208
SWE,Sweden,ECS,High income,2015,58955.6412361461,119.62419128418,2.9,99.6710064082341,98.0,98.0,4.174,98.9319079494218,5626.04833984,29.2,2.3,82.2048780487805,1.85,86.6158654081858,7.289,10.853,0.929,72.3,0.935,0.211,0.2319999999999999,0.818,0.191
SWE,Sweden,ECS,High income,2016,59460.2872722689,121.448799133301,2.8,99.6830482298688,98.0,97.0,4.233,98.9086418804905,5719.45996094,29.6,2.3,82.3073170731707,1.85,87.0,,10.861,0.912,72.4,0.918,0.146,0.246,0.816,0.201
SWE,Sweden,ECS,High income,2017,59769.0136237,122.896057128906,2.8,99.694829304649,97.0,97.0,4.269,98.8852906425608,5871.52294922,28.8,2.3,82.409756097561,1.78,87.237373786911,7.287000000000001,10.873,0.914,72.5,0.935,0.17,0.239,0.8140000000000001,0.175
SWE,Sweden,ECS,High income,2018,60124.5711994179,123.754661560059,2.7,99.7063476379423,97.0,97.0,4.322,98.8618710894005,6042.13525391,30.0,2.2,82.5585365853659,1.76,87.4737430925296,7.375,10.880999999999998,0.931,72.6,0.942,0.077,0.263,0.823,0.161
SWE,Sweden,ECS,High income,2019,61070.5243445838,120.596801757812,2.6,99.7175968808231,98.0,97.0,4.288,98.8383650468889,5688.04492188,29.3,2.2,83.109756097561,1.71,87.7088420242759,7.398,10.882,0.934,72.7,0.942,0.091,0.25,0.826,0.2019999999999999
SWE,Sweden,ECS,High income,2020,59458.2805291969,119.500106811523,2.6,99.7286050632105,97.0,97.0,4.322,98.8147945547194,6030.53271484,28.9,2.1,82.3560975609756,1.67,87.9424046895699,7.314,10.838,0.936,72.8,0.951,0.091,0.203,0.7659999999999999,0.222
SWZ,Eswatini,SSF,Lower-middle income,2005,7142.1921864324,117.071746826172,117.0,57.6602730930279,86.0,93.0,0.157,52.9308437622057,217.26066589,51.4,72.2,43.958,3.704,22.2102447619336,,8.94,0.8370000000000001,,0.607,-0.067,0.917,0.821,0.251
SWZ,Eswatini,SSF,Lower-middle income,2006,7584.72030617794,117.071746826172,106.4,58.7341694131305,87.0,93.0,0.157,53.5034552326693,237.50752258,51.4,63.0,44.563,3.632,22.1505527018245,,8.94,0.8370000000000001,,0.607,-0.067,0.917,0.821,0.251
SWZ,Eswatini,SSF,Lower-middle income,2007,7866.73073455273,117.071746826172,100.3,59.8325678287226,87.0,94.0,0.157,54.091290182986,252.24301147,51.4,63.7,45.16,3.58,22.139989967508,,8.94,0.8370000000000001,,0.607,-0.067,0.917,0.821,0.251
SWZ,Eswatini,SSF,Lower-middle income,2008,7926.37961138221,117.071746826172,97.9,61.0508081483967,88.0,94.0,0.157,54.7111665894608,265.72091675,51.4,66.1,45.853,3.567,22.1692008829856,,8.94,0.8370000000000001,,0.607,-0.067,0.917,0.821,0.251
SWZ,Eswatini,SSF,Lower-middle income,2009,7988.59750005303,117.071746826172,92.4,62.2691676110764,88.0,94.0,0.157,55.3293473329565,279.68212891,51.4,63.8,46.913,3.504,22.2343865624794,,8.94,0.8370000000000001,,0.607,-0.067,0.917,0.821,0.251
SWZ,Eswatini,SSF,Lower-middle income,2010,8245.64153332215,123.160533409574,82.1,63.4875943995962,89.0,94.0,0.1275,55.9457205621273,343.04284668,51.857142857142854,60.4,48.331,3.375,22.3330792067471,,8.94,0.8370000000000001,,0.607,-0.067,0.917,0.821,0.251
SWZ,Eswatini,SSF,Lower-middle income,2011,8350.89190932865,122.704797199075,67.6,64.7063885949655,91.0,87.0,0.098,56.5601896645653,365.25265503,52.31428571428572,55.3,49.057,3.317,22.4634753665393,,8.94,0.8370000000000001,40.808,0.607,-0.067,0.917,0.821,0.251
SWZ,Eswatini,SSF,Lower-middle income,2012,8645.84478287802,122.64780160954,62.7,65.8999215766669,95.0,88.0,0.097,57.1723082291424,340.03012085,52.77142857142857,56.0,50.714,3.266,22.6237715926065,,8.957142857142857,0.8287142857142857,,0.6217142857142857,-0.08285714285714285,0.8848571428571429,0.8214285714285714,0.25114285714285717
SWZ,Eswatini,SSF,Lower-middle income,2013,8951.05749805891,122.925602493288,59.7,67.0946646886489,98.0,97.0,0.096,57.7849166217817,303.40438843,53.22857142857143,55.4,52.11,3.237,22.8121644356992,,8.974285714285713,0.8204285714285715,,0.6364285714285715,-0.09871428571428571,0.8527142857142858,0.8218571428571428,0.2512857142857143
SWZ,Eswatini,SSF,Lower-middle income,2014,9084.49405780635,123.990655603286,60.0,68.290236770265,98.0,97.0,0.095,58.3979502299524,282.43395996,53.68571428571428,56.5,53.491,3.181,23.026850446568,,8.991428571428571,0.8121428571428572,,0.6511428571428571,-0.11457142857142857,0.8205714285714286,0.8222857142857143,0.25142857142857145
SWZ,Eswatini,SSF,Lower-middle income,2015,9186.65344720515,124.645792886943,57.5,69.4869405286673,90.0,89.0,0.094,59.0113147479488,250.71520996,54.142857142857146,54.1,54.941,3.122,23.2660261759632,,9.008571428571429,0.8038571428571429,,0.6658571428571428,-0.13042857142857142,0.7884285714285715,0.8227142857142857,0.25157142857142856
SWZ,Eswatini,SSF,Lower-middle income,2016,9402.50834103681,123.849988082778,54.4,70.6869219395068,90.0,89.0,0.093,59.6244143156364,226.41770935,54.6,51.3,56.228,3.068,23.5278881746356,,9.025714285714287,0.7955714285714286,,0.6805714285714285,-0.14628571428571427,0.7562857142857143,0.8231428571428572,0.2517142857142857
SWZ,Eswatini,SSF,Lower-middle income,2017,9660.55161538086,123.79425580389,53.6,71.889631274468,90.0,89.0,0.18,60.236840423133,265.50152588,54.6,51.1,57.574,3.018,23.8052004963161,,9.042857142857143,0.7872857142857144,,0.6952857142857143,-0.16214285714285714,0.7241428571428572,0.8235714285714286,0.25185714285714284
SWZ,Eswatini,SSF,Lower-middle income,2018,9578.10061089805,123.906487641965,50.4,73.0951527386502,90.0,85.0,0.238,60.8480464368627,292.33929443,54.6,47.7,58.707,2.971,24.0579295404227,4.212,9.06,0.779,50.353,0.71,-0.178,0.6920000000000001,0.8240000000000001,0.252
SWZ,Eswatini,SSF,Lower-middle income,2019,10099.5863118406,123.596847259682,51.5,74.3032304184965,90.0,81.0,0.188,61.4575194811054,320.05084229,54.6,47.6,59.85,2.925,24.3459549517751,4.396,9.07,0.759,51.27,0.597,-0.191,0.7240000000000001,0.778,0.28
SWZ,Eswatini,SSF,Lower-middle income,2020,9695.82498058755,123.596847259682,50.5,75.5136191882992,83.0,76.0,0.138,62.0647533053702,236.99609375,54.6,47.3,59.862,2.888,24.6652798922192,,9.07,0.759,,0.597,-0.191,0.7240000000000001,0.778,0.28
SXM,Sint Maarten (Dutch part),LCN,High income,2005,50980.9400838983,116.358325219085,,98.8664620107444,,,,98.5369632084966,,,,74.681,1.708,100.0,,,,,,,,,
SXM,Sint Maarten (Dutch part),LCN,High income,2006,50980.9400838983,116.358325219085,,98.9220516756204,,,,98.5674711274844,,,,74.779,1.758,100.0,,,,,,,,,
SXM,Sint Maarten (Dutch part),LCN,High income,2007,50980.9400838983,116.358325219085,,98.9776413404963,,,,98.5979790464721,,,,74.812,1.572,100.0,,,,,,,,,
SXM,Sint Maarten (Dutch part),LCN,High income,2008,50980.9400838983,116.358325219085,,99.0332310053722,,,,98.6284869654599,,,,74.852,1.728,100.0,,,,,,,,,
SXM,Sint Maarten (Dutch part),LCN,High income,2009,50980.9400838983,116.358325219085,,99.0888206702481,,,,98.6589948844477,,,,74.796,1.713,100.0,,,,,,,,,
SXM,Sint Maarten (Dutch part),LCN,High income,2010,52140.59965779,116.358325219085,,99.1444103351241,,,,98.6895028034355,,,,74.821,1.848,100.0,,,,,,,,,
SXM,Sint Maarten (Dutch part),LCN,High income,2011,53786.2462000327,116.358325219085,,99.2,,,,98.7200107224233,,,,74.868,1.99,100.0,,,,,,,,,
SXM,Sint Maarten (Dutch part),LCN,High income,2012,53357.003462797,116.358325219085,,99.2555896648759,,,,98.750518641411,,,,75.125,1.959,100.0,,,,,,,,,
SXM,Sint Maarten (Dutch part),LCN,High income,2013,52801.4031054792,119.564805347439,,99.3111793297519,,,,98.7810265603988,,,,75.391,1.894,100.0,,,,,,,,,
SXM,Sint Maarten (Dutch part),LCN,High income,2014,52439.4736756048,122.771285475793,,99.3111793297519,,,,98.7810265603988,,,,75.735,1.817,100.0,,,,,,,,,
SXM,Sint Maarten (Dutch part),LCN,High income,2015,51375.6032503737,122.771285475793,,99.3111793297519,,,,98.7810265603988,,,,75.899,1.732,100.0,,,,,,,,,
SXM,Sint Maarten (Dutch part),LCN,High income,2016,50817.6814942681,122.771285475793,,99.3111793297519,,,,98.7810265603988,,,,75.952,1.642,100.0,,,,,,,,,
SXM,Sint Maarten (Dutch part),LCN,High income,2017,46088.3583839152,122.771285475793,,99.3111793297519,,,,98.7810265603988,,,,75.455,1.571,100.0,,,,,,,,,
SXM,Sint Maarten (Dutch part),LCN,High income,2018,42154.1020267504,122.771285475793,,99.3111793297519,,,,98.7810265603988,,,,75.693,1.522,100.0,,,,,,,,,
SXM,Sint Maarten (Dutch part),LCN,High income,2019,45996.7912346922,122.771285475793,,99.3111793297519,,,,98.7810265603988,,,,75.68,1.481,100.0,,,,,,,,,
SXM,Sint Maarten (Dutch part),LCN,High income,2020,39265.7616790568,122.771285475793,,99.3111793297519,,,,98.7810265603988,,,,75.002,1.467,100.0,,,,,,,,,
SYC,Seychelles,SSF,High income,2005,19917.1194534221,115.599098205566,13.8,94.4332663598628,99.0,99.0,1.165,96.4796966058475,457.77093506,42.8,12.1,72.1317073170732,2.2,42.8510349075107,,,,,,,,,
SYC,Seychelles,SSF,High income,2006,21341.8597526003,117.426132202148,13.8,94.6066380788986,99.0,99.0,0.83,96.6768159768572,487.17950439,42.8,12.2,72.2170731707317,2.11,42.7880431397027,,,,,,,,,
SYC,Seychelles,SSF,High income,2007,23117.8555224771,125.339370727539,13.9,94.7800097979343,99.0,99.0,0.995,96.8739353478668,428.61749268,43.37142857142857,12.3,73.1439024390244,2.24,42.7361330057413,,,,,,,,,
SYC,Seychelles,SSF,High income,2008,21990.3685269705,130.722076416016,13.9,94.9533815169701,99.0,99.0,0.757,97.0710547188765,367.36502075,43.94285714285714,12.4,73.1634146341463,2.33,42.696637125589,,,,,,,,,
SYC,Seychelles,SSF,High income,2009,21361.1307875284,127.479667663574,14.0,95.1267532360059,99.0,97.0,1.1,97.2681740898861,310.96310425,44.51428571428571,12.5,73.0829268292683,2.38,42.6708881192085,,,,,,,,,
SYC,Seychelles,SSF,High income,2010,21708.7554506566,111.253689208264,14.1,95.3001249550416,99.0,99.0,1.053,97.4652934608958,449.52416992,45.08571428571428,12.6,73.1975609756098,2.13,42.660307244583,,,,,,,,,
SYC,Seychelles,SSF,High income,2011,24406.4129764105,111.588809034908,14.2,95.4734966740774,99.0,99.0,1.103,97.6624128319055,457.16436768,45.65714285714285,12.7,72.7243902439024,2.3,42.6739844860866,,,,,,,,,
SYC,Seychelles,SSF,High income,2012,24919.955210328,113.471570161711,14.3,95.6468683931132,98.0,98.0,0.935,97.8595322029151,562.99871826,46.22857142857143,12.8,74.2756097560976,2.32,42.7261758463169,,,,,,,,,
SYC,Seychelles,SSF,High income,2013,24770.6514591794,113.371637503265,14.4,95.820240112149,98.0,97.0,1.1635,98.0566515739248,545.24871826,46.8,12.9,73.119512195122,2.21,42.815069634181,,,,,,,,,
SYC,Seychelles,SSF,High income,2014,25379.4180707013,118.250134192163,14.5,95.9936118311847,99.0,99.0,1.392,98.2537709449345,588.18261719,43.86,13.1,73.2292682926829,2.19,42.9386256186342,,,,,,,,,
SYC,Seychelles,SSF,High income,2015,27032.2083880002,119.9411921946,14.6,96.1669835502205,97.0,98.0,1.6205,98.4508903159442,566.96704102,40.92,13.2,74.2951219512195,2.26,43.094803568632,,,,,,,,,
SYC,Seychelles,SSF,High income,2016,29905.1347389952,126.219170403587,14.7,96.2317404863787,96.0,97.0,1.849,98.6480096869539,673.19622803,37.980000000000004,13.3,74.309756097561,2.33,43.2815632531296,,,,,,,,,
SYC,Seychelles,SSF,High income,2017,31595.6680570505,132.235879426397,14.7,96.2382549357375,97.0,99.0,1.968,98.8451290579635,667.09515381,35.04,13.4,74.3,2.34,43.4968644410824,,,,,,,,,
SYC,Seychelles,SSF,High income,2018,32841.4242467381,123.720432981425,14.8,96.2447469000147,99.0,96.0,2.087,98.8746286644801,685.10827637,32.1,13.5,72.8414634146341,2.34,43.7386669014459,,,,,,,,,
SYC,Seychelles,SSF,High income,2019,34346.0708923483,119.315869786368,14.8,96.8604704263635,99.0,99.0,1.869,98.885830584073,675.47839355,32.1,13.6,74.0463414634146,2.31,44.0049304031754,,,,,,,,,
SYC,Seychelles,SSF,High income,2020,30056.1994300968,114.153661464586,14.8,97.0338421453993,97.0,97.0,1.869,98.8969906145227,670.88684082,32.1,13.6,77.2365853658537,2.2,44.0049304031754,,,,,,,,,
SYR,Syrian Arab Republic,MEA,Low income,2005,9016.72035122178,116.219108581543,19.8,92.3127500006423,83.0,81.0,1.501,89.4008999377627,62.29284668,40.1,18.1,72.797,3.605,53.8227202374695,,8.652000000000001,0.7120000000000001,,0.6609999999999999,0.122,0.68,0.609,0.3379999999999999
SYR,Syrian Arab Republic,MEA,Low income,2006,9074.77248149943,116.517631530762,19.4,92.4468435279916,82.0,81.0,1.459,89.7438154668414,64.00552368,40.1,17.8,73.04,3.562,54.059770380523,,8.652000000000001,0.7120000000000001,,0.6609999999999999,0.122,0.68,0.609,0.3379999999999999
SYR,Syrian Arab Republic,MEA,Low income,2007,9017.08718303559,115.950576782227,19.1,92.5793268908565,82.0,81.0,1.417,90.0855961151044,72.10467529,40.2,17.6,73.256,3.538,54.2883969431774,,8.652000000000001,0.7120000000000001,,0.6609999999999999,0.122,0.68,0.609,0.3379999999999999
SYR,Syrian Arab Republic,MEA,Low income,2008,9093.12956891463,115.694946289062,18.9,92.7100619487553,81.0,81.0,1.419,90.4260958959399,82.92500305,40.3,17.5,73.368,3.481,54.5858464394493,5.323,8.652000000000001,0.7120000000000001,63.9,0.6609999999999999,0.122,0.68,0.609,0.3379999999999999
SYR,Syrian Arab Republic,MEA,Low income,2009,9481.56997895749,115.827239990234,18.8,92.8389950924631,81.0,82.0,1.362,90.765252574693,88.00678253,40.4,17.5,73.496,3.415,55.0293653833552,4.979,8.654,0.8420000000000001,64.0,0.748,0.0819999999999999,0.688,0.574,0.292
SYR,Syrian Arab Republic,MEA,Low income,2010,9749.57445219825,116.733467102051,18.8,92.9663113079077,81.0,82.0,1.388,91.1032333325641,91.5537796,40.4,17.5,73.542,3.355,55.6962002889119,4.465,8.729,0.934,64.1,0.647,0.008,0.743,0.5579999999999999,0.225
SYR,Syrian Arab Republic,MEA,Low income,2011,9854.03380162757,119.229217529297,21.6,93.0142407575588,72.0,80.0,1.399,91.3661532755884,78.28834534,40.4,18.7,72.259,3.285,58.4817704183521,,8.727,0.5760000000000001,62.32,0.53,0.131,0.741,0.599,0.496
SYR,Syrian Arab Republic,MEA,Low income,2012,7296.32886794228,119.229217529297,34.2,93.0666090748755,58.0,72.0,1.41,91.6346537137352,66.27796173,40.4,23.8,66.206,3.221,65.0896662830335,3.164,8.562999999999999,0.588,60.54,0.467,0.316,0.6729999999999999,0.4639999999999999,0.705
SYR,Syrian Arab Republic,MEA,Low income,2013,5648.60213025874,119.229217529297,36.9,93.1236567198274,54.0,69.0,1.4209999999999998,91.9089982459699,47.07229233,40.4,25.0,65.146,3.165,73.0620491886137,2.688,8.396,0.585,58.76,0.455,0.225,0.6629999999999999,0.387,0.622
SYR,Syrian Arab Republic,MEA,Low income,2014,5414.37509688242,119.229217529297,35.5,93.1852908581408,56.0,65.0,1.432,92.1891347366773,48.91549683,40.4,24.6,65.492,3.117,76.0,,8.419,0.5245,,0.45149999999999996,0.135,0.6739999999999999,0.378,0.6325000000000001
SYR,Syrian Arab Republic,MEA,Low income,2015,5414.83905242808,119.229217529297,37.1,93.3313690922038,54.0,64.0,1.302,92.5483239351902,38.17871475,40.4,25.5,63.265,3.067,75.7529067188542,,8.442,0.4639999999999999,55.2,0.4479999999999999,0.045,0.685,0.369,0.643
SYR,Syrian Arab Republic,MEA,Low income,2016,5128.91822862296,119.229217529297,32.2,93.4743194436067,55.0,73.0,1.172,92.9046403526053,27.40652657,40.4,23.7,65.19,3.012,75.15400963398,,8.442,0.4639999999999999,,0.4479999999999999,0.045,0.685,0.369,0.643
SYR,Syrian Arab Republic,MEA,Low income,2017,5083.65173888422,119.229217529297,32.9,93.6141078832072,61.0,78.0,1.468,93.258034132691,35.57104874,40.4,24.2,65.651,2.972,74.5395596323392,,8.442,0.4639999999999999,,0.4479999999999999,0.045,0.685,0.369,0.643
SYR,Syrian Arab Republic,MEA,Low income,2018,5061.49399424562,119.229217529297,32.5,93.7507061762982,60.0,74.0,1.5,93.6084625778636,46.24067307,40.4,24.2,67.371,2.932,74.0612602381775,,8.442,0.4639999999999999,,0.4479999999999999,0.045,0.685,0.369,0.643
SYR,Syrian Arab Republic,MEA,Low income,2019,4928.02885412028,119.229217529297,24.6,93.8841397011328,67.0,76.0,1.517,93.9559328365603,55.2208252,40.4,21.1,70.97,2.878,73.8248788261986,,8.442,0.4639999999999999,,0.4479999999999999,0.045,0.685,0.369,0.643
SYR,Syrian Arab Republic,MEA,Low income,2020,4810.61072632598,119.229217529297,21.9,94.0143506731298,62.0,70.0,1.5,94.3003801258049,37.03173065,40.4,20.0,71.944,2.837,73.4125031102512,,8.442,0.4639999999999999,,0.4479999999999999,0.045,0.685,0.369,0.643
TCA,Turks and Caicos Islands,LCN,High income,2005,21878.8206013071,95.3198776245117,8.9,98.6894074101365,,,,93.1209288772918,,,6.0,75.954,2.106,87.908436065312,,,,,,,,,
TCA,Turks and Caicos Islands,LCN,High income,2006,21878.8206013071,97.71450805664053,8.5,98.6894074101365,,,,93.1209288772918,,,5.8,76.197,2.078,88.4806167958296,,,,,,,,,
TCA,Turks and Caicos Islands,LCN,High income,2007,21878.8206013071,100.10913848876936,8.1,98.6894074101365,,,,93.1209288772918,,,5.5,76.427,2.049,89.0170385001222,,,,,,,,,
TCA,Turks and Caicos Islands,LCN,High income,2008,22689.3160133769,102.50376892089818,7.8,98.6894074101365,,,,93.1209288772918,,,5.2,76.084,2.005,89.5140091795268,,,,,,,,,
TCA,Turks and Caicos Islands,LCN,High income,2009,17512.1977777876,104.898399353027,7.5,98.6894074101365,,,,93.1209288772918,,,5.0,76.672,1.959,89.9678368353804,,,,,,,,,
TCA,Turks and Caicos Islands,LCN,High income,2010,17000.2227766463,103.37480163574192,7.3,98.6894074101365,,,,93.1209288772918,,,4.8,76.784,1.907,90.3748294690201,,,,,,,,,
TCA,Turks and Caicos Islands,LCN,High income,2011,17147.424764127,101.85120391845685,7.0,98.6894074101365,,,,93.1209288772918,,,4.6,76.87,1.859,90.7312950817828,,,,,,,,,
TCA,Turks and Caicos Islands,LCN,High income,2012,16024.6915652254,100.32760620117176,6.8,98.6894074101365,,,,93.1209288772918,,,4.5,76.969,1.805,91.0352667584286,,,,,,,,,
TCA,Turks and Caicos Islands,LCN,High income,2013,15461.873511271,98.80400848388669,6.6,98.6894074101365,,,,93.1209288772918,,,4.3,77.1,1.752,91.3168927865286,,,,,,,,,
TCA,Turks and Caicos Islands,LCN,High income,2014,16138.8487604249,97.2804107666016,6.4,98.6894074101365,,,,93.1209288772918,,,4.2,77.212,1.729,91.5971200472541,,,,,,,,,
TCA,Turks and Caicos Islands,LCN,High income,2015,17201.7720345933,93.802102210946,6.2,98.6894074101365,,,,93.1209288772918,,,4.1,77.321,1.718,91.8737937193851,,,,,,,,,
TCA,Turks and Caicos Islands,LCN,High income,2016,17625.7202843515,100.6549614287265,6.0,98.6894074101365,,,,93.1209288772918,,,3.9,77.437,1.713,92.1466904484552,,,,,,,,,
TCA,Turks and Caicos Islands,LCN,High income,2017,29540.3537473151,107.507820646507,5.8,98.7117916463255,,,,93.1258920918043,,,3.8,77.505,1.704,92.4155868799755,,,,,,,,,
TCA,Turks and Caicos Islands,LCN,High income,2018,30286.1196112151,129.213485717773,5.6,98.7327474313209,,,,93.1305309193473,,,3.7,77.596,1.677,92.6802596594323,,,,,,,,,
TCA,Turks and Caicos Islands,LCN,High income,2019,30611.2130237381,119.198606271777,5.5,98.75229483365,,,,93.1348642536176,,,3.6,77.691,1.617,92.9404854322845,,,,,,,,,
TCA,Turks and Caicos Islands,LCN,High income,2020,19702.5368196855,122.129144851658,5.3,98.7705716728616,,,,93.1389142647071,,,3.4,77.499,1.552,93.1960408439605,,,,,,,,,
TCD,Chad,SSF,Low income,2005,2705.81650832729,70.3077011108398,165.4,41.5662153725752,26.0,27.0,0.034,10.1080110721991,31.27608871,43.3,92.4,48.86,7.134,21.7519046977973,,7.36,0.7240000000000001,,0.306,0.0279999999999999,0.961,0.58,0.263
TCD,Chad,SSF,Low income,2006,2596.03235455456,69.8574600219727,161.8,42.1612381034332,41.0,39.0,0.034,10.1921113947544,33.8651123,43.3,90.4,48.747,7.118,21.7629797848529,3.435,7.36,0.7240000000000001,43.18,0.306,0.0279999999999999,0.961,0.58,0.263
TCD,Chad,SSF,Low income,2007,2613.47387385767,68.6545715332031,158.1,42.759391223653,29.0,31.0,0.035,10.2767459840374,34.0423584,43.3,88.3,49.21,7.092,21.7709046834576,4.141,7.359,0.479,43.66,0.295,-0.011,0.8740000000000001,0.614,0.245
TCD,Chad,SSF,Low income,2008,2601.36125803883,76.3880767822266,154.3,43.3598104531509,19.0,27.0,0.036000000000000004,10.3615175647599,36.89921951,43.3,86.2,49.503,7.063,21.7755796038887,4.632,7.356,0.5710000000000001,44.14,0.527,0.063,0.944,0.569,0.225
TCD,Chad,SSF,Low income,2009,2474.70758352529,80.8705368041992,150.5,43.9629137566651,26.0,36.0,0.037000000000000005,10.4835847980319,34.82435226,43.3,84.1,49.828,7.021,21.7784396568755,,7.364,0.6459999999999999,44.62,0.401,0.021,0.931,0.557,0.221
TCD,Chad,SSF,Low income,2010,2717.40540181819,80.9052801607022,146.7,44.5760310573362,40.0,46.0,0.038,10.6144013332631,35.26005936,43.3,82.0,50.107,6.99,21.8472378191095,3.743,7.457000000000001,0.7340000000000001,45.1,0.505,0.025,0.858,0.545,0.287
TCD,Chad,SSF,Low income,2011,2741.0708339941,87.1710523342165,142.9,45.1988546215139,33.0,54.0,0.039,10.7545443393763,37.35868073,43.3,79.9,50.426,6.948,21.9558736797638,4.393,7.425,0.8190000000000001,45.42,0.54,0.031,0.8759999999999999,0.591,0.289
TCD,Chad,SSF,Low income,2012,2886.27474563619,90.9022846027358,139.3,45.8314573063676,40.0,63.0,0.04,10.9048548883194,36.20247269,42.47142857142857,77.8,50.765,6.905,22.1061904148178,4.033,7.476,0.6729999999999999,45.74,0.563,-0.034,0.884,0.527,0.316
TCD,Chad,SSF,Low income,2013,2864.11301407361,97.5346820035218,135.8,46.473095846077,39.0,57.0,0.042,11.0657152698931,38.59413528,41.64285714285714,75.9,51.051,6.839,22.2975929852391,3.508,7.497999999999999,0.7140000000000001,46.06,0.488,-0.045,0.882,0.462,0.314
TCD,Chad,SSF,Low income,2014,2820.67795066663,98.3155212402344,132.3,47.123415071397,36.0,45.0,0.043,11.2377495765285,42.16276169,40.81428571428571,74.0,51.141,6.781,22.5294513486009,3.46,7.532,0.733,46.38,0.5670000000000001,-0.07,0.8809999999999999,0.536,0.3289999999999999
TCD,Chad,SSF,Low income,2015,2822.57929900014,87.9123364402014,128.7,47.7824336610333,42.0,46.0,0.048,11.421878644262,33.82092285,39.98571428571429,72.1,51.32,6.706,22.8011258828974,,7.527,0.7509999999999999,46.7,0.474,-0.0289999999999999,0.889,0.607,0.358
TCD,Chad,SSF,Low income,2016,2622.59780844501,82.5545773262248,125.0,48.4497536859394,41.0,37.0,0.036,11.6187911677525,31.96038055,39.15714285714286,70.2,51.603,6.623,23.1119734707179,4.029,7.431,0.616,47.2,0.525,0.052,0.82,0.5820000000000001,0.4679999999999999
TCD,Chad,SSF,Low income,2017,2496.26213643158,74.213606832584,121.4,49.124967257941,41.0,37.0,0.042,11.8291930674672,29.9935894,38.32857142857143,68.3,51.875,6.537,23.461349471105,,7.37,0.6609999999999999,47.7,0.615,0.008,0.792,0.628,0.5379999999999999
TCD,Chad,SSF,Low income,2018,2552.37036387707,84.3438820337693,117.6,49.8080053480297,47.0,41.0,0.05,12.0541194503815,31.2043705,37.5,66.4,52.447,6.464,23.8486084924975,4.486000000000001,7.362999999999999,0.5770000000000001,48.2,0.65,0.024,0.763,0.5529999999999999,0.544
TCD,Chad,SSF,Low income,2019,2604.53153661789,83.264215851602,114.0,50.4980631195055,53.0,40.0,0.052,12.2940184363217,30.23690224,37.5,64.6,52.993,6.412,24.2731047386633,4.251,7.365,0.64,48.7,0.537,0.055,0.8320000000000001,0.5870000000000001,0.46
TCD,Chad,SSF,Low income,2020,2513.02922729305,83.264215851602,110.6,51.195378612918,55.0,45.0,0.058,12.5503209104072,37.73088074,37.5,62.9,53.082,6.346,24.7341921795416,,7.365,0.64,,0.537,0.055,0.8320000000000001,0.5870000000000001,0.46
TGO,Togo,SSF,Lower-middle income,2005,2164.01599552728,109.478187561035,102.4,51.9453319211915,82.0,70.0,0.047,9.61445795262473,20.9699707,42.2,61.1,55.931,5.037823,35.3487650305291,,7.077999999999999,0.435,,0.628,-0.0069999999999999,0.85,0.615,0.348
TGO,Togo,SSF,Lower-middle income,2006,2158.94393995769,113.06999206543,99.3,52.8533718752421,84.0,78.0,0.047,10.2925202802465,22.74487495,42.2,59.4,56.154,5.076201,35.795057579151,3.202,7.077999999999999,0.435,49.26,0.628,-0.0069999999999999,0.85,0.615,0.348
TGO,Togo,SSF,Lower-middle income,2007,2067.21836135015,107.236228942871,96.5,53.7264798079458,82.0,71.0,0.047,10.9986369472506,22.34309769,42.96,57.7,56.395,5.102,36.2392154091353,,7.0649999999999995,0.363,,0.6192,-0.03099999999999995,0.891,0.611,0.3635
TGO,Togo,SSF,Lower-middle income,2008,2082.64201553182,107.988212585449,93.7,54.5651625096366,81.0,63.0,0.055,11.7327806563873,26.89384079,43.72,56.1,56.663,5.100197,36.6808327233827,2.8080000000000003,7.0520000000000005,0.291,50.18,0.6103999999999999,-0.055,0.932,0.607,0.379
TGO,Togo,SSF,Lower-middle income,2009,2126.4413192509,121.990951538086,90.9,55.3677359070846,78.0,66.0,0.0528,12.493855912589,28.3035717,44.480000000000004,54.5,56.94,5.104276,37.1195037247939,,7.083333333333334,0.295,,0.6016,-0.060000000000000005,0.8986666666666667,0.603,0.38433333333333336
TGO,Togo,SSF,Lower-middle income,2010,2181.59889262038,124.709514209282,88.3,56.1360720615008,83.0,68.0,0.0506,13.2824677060048,30.54597664,45.24,53.0,57.24,5.087324,37.5545882975638,,7.1146666666666665,0.299,,0.5928,-0.065,0.8653333333333334,0.599,0.38966666666666666
TGO,Togo,SSF,Lower-middle income,2011,2246.56204522679,122.784071157596,85.6,56.877895720393,85.0,72.0,0.04988,14.1028173218821,34.41139603,46.0,51.4,57.624,4.984234,37.9872305648732,2.9360000000000004,7.146,0.303,51.58,0.584,-0.07,0.8320000000000001,0.595,0.395
TGO,Togo,SSF,Lower-middle income,2012,2333.19276737886,125.758046516929,82.9,57.5887896171643,84.0,72.0,0.04916,14.9528006713975,35.40290833,45.25,49.8,57.953,4.853789,38.4194359598204,,7.179666666666667,0.35,,0.6103333333333333,-0.07500000000000001,0.8196666666666668,0.591,0.411
TGO,Togo,SSF,Lower-middle income,2013,2416.37805101152,126.10501578594,80.2,58.2632949727303,84.0,72.0,0.04844,15.8290583040509,39.56414795,44.5,48.3,58.356,4.753612,38.8516767884103,,7.213333333333334,0.397,,0.6366666666666666,-0.08,0.8073333333333333,0.587,0.42699999999999994
TGO,Togo,SSF,Lower-middle income,2014,2501.43253092917,122.304207926362,77.7,58.9022839214157,84.0,77.0,0.04772,16.7317561082878,41.96416092,43.75,46.8,58.776,4.701602,39.2839506458368,,7.247000000000001,0.444,53.02,0.6629999999999999,-0.085,0.795,0.583,0.4429999999999999
TGO,Togo,SSF,Lower-middle income,2015,2588.27260980499,125.602691931749,75.2,59.5058666846818,82.0,75.0,0.047,17.6606158910418,46.92110825,43.0,45.4,59.23,4.661566,39.7162551272934,3.768,7.277,0.479,53.5,0.772,-0.069,0.733,0.599,0.416
TGO,Togo,SSF,Lower-middle income,2016,2648.90084835076,121.476913528699,72.8,60.0753126449292,82.0,73.0,0.044,18.6162879264339,50.8783493,42.833333333333336,44.0,59.677,4.633942,40.1485878279739,3.879,7.306,0.509,53.9,0.73,-0.0069999999999999,0.815,0.604,0.483
TGO,Togo,SSF,Lower-middle income,2017,2708.61122396846,119.405694248485,70.4,60.6102462342239,84.0,78.0,0.072,19.5982705218929,51.5464592,42.666666666666664,42.6,60.145,4.576231,40.5809463430719,4.361000000000001,7.324,0.508,54.3,0.7170000000000001,-0.042,0.726,0.614,0.426
TGO,Togo,SSF,Lower-middle income,2018,2787.56398409759,117.836324490464,68.1,61.1106166110229,82.0,73.0,0.074,20.6062840876452,52.43610382,42.5,41.4,60.608,4.513072,41.013328267781,4.023,7.348,0.596,54.7,0.612,-0.0069999999999999,0.809,0.608,0.446
TGO,Togo,SSF,Lower-middle income,2019,2862.62661160331,117.747746676497,66.0,61.5763879815796,86.0,78.0,0.074,21.6400439153227,48.85387421,42.5,40.2,61.061,4.450408,41.445731197295,4.178999999999999,7.375,0.539,55.1,0.617,0.065,0.737,0.59,0.444
TGO,Togo,SSF,Lower-middle income,2020,2861.29796240513,119.266830948762,63.9,62.0075237539343,85.0,75.0,0.079,22.6992561746885,52.75213242,42.5,39.1,61.14,4.386312,41.8781527268075,,7.375,0.539,,0.617,0.065,0.737,0.59,0.444
THA,Thailand,EAS,Upper-middle income,2005,14459.825626203,98.4672393798828,17.2,95.5388009228928,98.0,96.0,0.284,93.4725323543909,90.61147308,41.8,14.5,72.894,1.644,38.1301594392881,,9.461,0.894,,0.863,0.331,0.935,0.8140000000000001,0.1639999999999999
THA,Thailand,EAS,Upper-middle income,2006,15052.6955101059,98.4360427856445,16.5,95.8682489978773,98.0,96.0,0.284,93.7441160220544,103.26116943,41.8,13.9,73.341,1.631,39.4424037014582,,9.461,0.894,64.14,0.863,0.331,0.935,0.8140000000000001,0.1639999999999999
THA,Thailand,EAS,Upper-middle income,2007,15744.3652449147,97.8308029174805,15.9,96.1916628762461,98.0,96.0,0.292,94.0200504764456,125.10979462,39.8,13.4,73.779,1.616,40.7036878697821,5.784,9.508,0.889,64.48,0.87,0.391,0.898,0.8320000000000001,0.18
THA,Thailand,EAS,Upper-middle income,2008,15893.5084947968,96.5354995727539,15.2,96.5089112924914,99.0,98.0,0.311,94.3003992134307,149.06762695,40.3,12.9,74.221,1.587,41.8954507430475,5.636,9.52,0.8320000000000001,64.82,0.868,0.425,0.933,0.8190000000000001,0.145
THA,Thailand,EAS,Upper-middle income,2009,15667.6047343164,93.5188827514648,14.7,96.8196905562878,99.0,98.0,0.333,94.5853633004337,149.67800903,39.6,12.4,74.669,1.565,42.9991311200422,5.476,9.508,0.893,65.16,0.868,0.525,0.904,0.898,0.166
THA,Thailand,EAS,Upper-middle income,2010,16732.187029014,89.2488479614258,14.1,97.1240162959277,99.0,98.0,0.383,94.8749317339833,168.61891174,39.4,11.9,75.012,1.562,44.0018736622496,6.2170000000000005,9.576,0.898,65.5,0.86,0.536,0.917,0.901,0.182
THA,Thailand,EAS,Upper-middle income,2011,16768.1688542486,95.6526031494141,13.6,97.4082908052725,99.0,98.0,0.397,95.1764985756383,191.74464417,37.5,11.5,75.302,1.571,44.8048723557374,6.664,9.579,0.884,65.72,0.927,0.4,0.923,0.934,0.1169999999999999
THA,Thailand,EAS,Upper-middle income,2012,17871.5786477565,96.4982681274414,13.1,97.6857256811255,99.0,98.0,0.41100000000000003,95.4825472825224,201.70690918,39.3,11.1,75.59,1.563,45.373565813715,6.3,9.645,0.906,65.94,0.847,0.38,0.909,0.855,0.138
THA,Thailand,EAS,Upper-middle income,2013,18244.4071505088,97.1840591430664,12.7,97.9592475537445,99.0,99.0,0.42500000000000004,95.7914583178376,207.81243896,37.8,10.8,75.96,1.526,45.8321343847773,6.231,9.667,0.926,66.16,0.7809999999999999,0.456,0.925,0.846,0.141
THA,Thailand,EAS,Upper-middle income,2014,18326.604873747,103.479377746582,12.3,98.2288774371451,99.0,99.0,0.439,96.1032346574694,213.74395752,37.0,10.4,76.279,1.484,46.3138799467897,6.985,9.672,0.933,66.38,0.9,0.5529999999999999,0.92,0.8109999999999999,0.1689999999999999
THA,Thailand,EAS,Upper-middle income,2015,18814.0408554566,103.333457946777,11.9,98.4945735276121,99.0,99.0,0.453,96.417885275126,219.15092468,36.0,10.1,76.563,1.451,46.9521043776171,6.202000000000001,9.699,0.866,66.6,0.885,0.316,0.914,0.91,0.174
THA,Thailand,EAS,Upper-middle income,2016,19372.7128024107,104.941299438477,11.5,98.7563664509808,99.0,99.0,0.433,96.7354102291453,229.7849884,36.7,9.8,76.769,1.4,47.8801095551247,6.074,9.729,0.908,66.8,0.924,0.356,0.878,0.835,0.218
THA,Thailand,EAS,Upper-middle income,2017,20096.8605455164,101.863590810489,11.1,99.0141678969544,99.0,99.0,0.788,97.0558447818026,247.08152771,36.4,9.5,76.989,1.363,49.2311973571777,5.939,9.765,0.877,67.0,0.923,0.212,0.884,0.816,0.2319999999999999
THA,Thailand,EAS,Upper-middle income,2018,20882.1707419576,102.013545184574,10.8,99.2453414879961,97.0,96.0,0.518,97.3791754669481,274.71221924,36.4,9.2,77.19,1.323,54.5843734741211,6.0120000000000005,9.803,0.873,67.2,0.905,0.259,0.907,0.843,0.198
THA,Thailand,EAS,Upper-middle income,2019,21280.1504518601,103.012241063391,10.4,99.4287701898312,97.0,96.0,0.548,97.705394777576,288.31097412,34.9,8.9,77.197,1.285,55.9266166687012,6.022,9.824,0.903,67.4,0.898,0.309,0.877,0.843,0.208
THA,Thailand,EAS,Upper-middle income,2020,19950.2844063147,103.859900460568,10.1,99.487572734038,97.0,96.0,0.509,98.0344733663979,304.3817749,35.0,8.7,77.331,1.259,57.2358779907227,,9.769,0.867,67.6,0.84,0.273,0.918,0.7829999999999999,0.326
TJK,Tajikistan,ECS,Lower-middle income,2005,1965.30020458256,97.2828369140625,50.3,62.9221859580014,93.0,94.0,1.917,92.7632910189712,17.38472557,32.2,40.0,66.531,3.398,26.5324878262051,,7.553999999999999,0.7240000000000001,,0.7020000000000001,-0.088,0.768,0.5660000000000001,0.195
TJK,Tajikistan,ECS,Lower-middle income,2006,2063.288508243,96.9107971191406,46.6,64.4341771355512,93.0,94.0,1.88,93.0010371753061,20.04485893,32.2,37.2,66.997,3.341,26.5321180842215,4.613,7.553999999999999,0.7240000000000001,60.64,0.7020000000000001,-0.088,0.768,0.5660000000000001,0.195
TJK,Tajikistan,ECS,Lower-middle income,2007,2181.89798056536,96.8137130737305,43.6,65.9535229781878,93.0,94.0,1.861,93.2384821622591,28.58950996,32.2,34.9,67.405,3.367,26.5315339938424,4.432,7.609,0.727,61.08,0.818,0.0,0.659,0.6940000000000001,0.133
TJK,Tajikistan,ECS,Lower-middle income,2008,2308.09430040334,99.660530090332,41.2,67.4802180746637,93.0,94.0,1.895,93.4756158486128,41.35135651,31.5,33.1,67.924,3.388,26.5306015116451,5.064,7.665,0.701,61.52,0.816,0.018,0.723,0.606,0.16
TJK,Tajikistan,ECS,Lower-middle income,2009,2349.50030269416,99.2148590087891,39.3,69.0142603257663,93.0,94.0,1.616,93.7124382355308,38.9187851,30.8,31.6,68.248,3.43,26.529186594207,4.575,7.682,0.6759999999999999,61.96,0.7440000000000001,0.001,0.792,0.605,0.203
TJK,Tajikistan,ECS,Lower-middle income,2010,2449.27358745359,99.0505828857422,37.6,70.5556572457132,93.0,94.0,1.67,93.9489613656333,42.28567886,31.333333333333336,30.4,68.37,3.457,26.5274312963978,,7.723,0.759,62.4,0.784,0.062,0.679,0.643,0.192
TJK,Tajikistan,ECS,Lower-middle income,2011,2572.48074895498,96.7038269042969,36.2,72.1041170163843,96.0,98.0,1.693,94.185174547708,48.8431282,31.866666666666667,29.3,68.698,3.456,26.4792213439941,4.263,7.772,0.7509999999999999,62.56,0.7759999999999999,-0.119,0.672,0.698,0.166
TJK,Tajikistan,ECS,Lower-middle income,2012,2700.09546037358,92.8905410766602,35.0,73.6660677042202,94.0,97.0,1.697,94.4209455801784,56.97117615,32.4,28.4,69.13,3.421,26.4102249145508,4.497,7.821000000000001,0.7290000000000001,62.72,0.7490000000000001,-0.073,0.7170000000000001,0.7140000000000001,0.198
TJK,Tajikistan,ECS,Lower-middle income,2013,2828.38542075147,91.7747421264648,34.0,75.2394845284164,96.0,97.0,1.677,94.6560052528961,67.62356567,32.93333333333334,27.6,69.579,3.433,26.4883155822754,4.967,7.87,0.701,62.88,0.693,0.063,0.764,0.677,0.17
TJK,Tajikistan,ECS,Lower-middle income,2014,2943.08867917317,90.3201599121094,33.0,76.8237114189289,97.0,98.0,1.727,94.8900877135893,73.06859589,33.46666666666667,26.9,69.697,3.459,26.5633735656738,4.896,7.911,0.81,63.04,0.853,0.002,0.698,0.6559999999999999,0.196
TJK,Tajikistan,ECS,Lower-middle income,2015,3041.44479553257,91.2645874023438,32.2,78.4172891677318,96.0,97.0,1.747,95.1229285632346,62.75804901,34.0,26.3,69.665,3.459,26.478832244873,5.124,7.945,0.8440000000000001,63.2,0.847,0.022,0.742,0.6890000000000001,0.196
TJK,Tajikistan,ECS,Lower-middle income,2016,3169.9667820524,93.281982421875,31.5,80.0192106177573,96.0,97.0,1.754,95.3542477429458,54.9213562,34.0,25.8,69.982,3.384,26.3718509674072,,7.987,0.857,63.5,0.703,0.01,0.632,0.644,0.22
TJK,Tajikistan,ECS,Lower-middle income,2017,3312.71202243506,95.7704162597656,31.0,81.6282043537707,97.0,98.0,1.785,95.5837707483272,56.85092545,34.0,25.5,70.524,3.29,26.2731513977051,5.829,8.036,0.6629999999999999,63.8,0.8320000000000001,0.124,0.718,0.603,0.278
TJK,Tajikistan,ECS,Lower-middle income,2018,3479.69235966041,97.31517342056107,30.7,83.2428335664729,96.0,98.0,1.934,95.8112529374464,58.51539993,34.0,25.3,70.737,3.294,26.2338752746582,5.497000000000001,8.082,0.875,64.1,0.8320000000000001,-0.065,0.578,0.695,0.22
TJK,Tajikistan,ECS,Lower-middle income,2019,3649.88375518646,98.85993058135654,30.4,84.8621252488683,97.0,98.0,1.933,95.9706194331764,60.51568222,34.0,25.0,70.962,3.281,26.1300735473633,5.464,8.126,0.88,64.4,0.8320000000000001,-0.045,0.49,0.7290000000000001,0.178
TJK,Tajikistan,ECS,Lower-middle income,2020,3724.7489591466,100.404687742152,30.1,86.2958090457045,97.0,98.0,1.995,95.9796685499025,74.17329407,34.0,24.9,68.605,3.211,26.1925442328719,5.372999999999999,8.08,0.79,64.7,0.8320000000000001,-0.04,0.55,0.7490000000000001,0.344
TKM,Turkmenistan,ECS,Upper-middle income,2005,5889.84657742616,99.5392692978993,48.1,92.0373759307942,99.0,99.0,2.356,93.6603556052315,324.81155396,,36.3,,2.706,46.7728683922582,,8.988999999999999,0.924,,0.7859999999999999,-0.102,,0.7809999999999999,0.152
TKM,Turkmenistan,ECS,Upper-middle income,2006,6415.71290854977,99.5392692978993,48.1,92.5306501265555,98.0,99.0,2.236,94.0385120989703,349.6842041,,36.3,,2.724,46.8060040482349,,8.988999999999999,0.924,,0.7859999999999999,-0.102,,0.7809999999999999,0.152
TKM,Turkmenistan,ECS,Upper-middle income,2007,6993.52911567076,99.5392692978993,48.1,93.0251197848515,98.0,99.0,2.175,94.4179027341964,261.83258057,,36.3,67.02,2.734,46.8369760333063,,8.988999999999999,0.924,,0.7859999999999999,-0.102,,0.7809999999999999,0.152
TKM,Turkmenistan,ECS,Upper-middle income,2008,7870.0271753063,99.5392692978993,46.4,93.5202593447869,96.0,99.0,2.126,94.7888881171857,235.91514587,,36.3,67.584,2.75,46.8658106736347,,8.988999999999999,0.924,,0.7859999999999999,-0.102,,0.7809999999999999,0.152
TKM,Turkmenistan,ECS,Upper-middle income,2009,8186.87833253045,99.5392692978993,45.0,94.0160473149034,96.0,99.0,2.105,95.1582461913449,178.44587708,,36.3,68.155,2.794,46.8925342953825,6.568,8.988999999999999,0.924,59.44,0.7859999999999999,-0.102,,0.7809999999999999,0.152
TKM,Turkmenistan,ECS,Upper-middle income,2010,8758.89686680508,99.5392692978993,44.0,94.4138672514986,96.0,99.0,2.079,95.5291246544019,202.7792511,,35.3,68.608,2.848,46.9171732247121,,9.0855,0.944,,0.7859999999999999,-0.041999999999999996,,0.71,0.137
TKM,Turkmenistan,ECS,Upper-middle income,2011,9837.56345513458,99.5392692978993,43.4,94.9164818491611,97.0,99.0,2.079,95.901679888436,251.85777283,,34.7,68.87,2.9,46.9397537877858,5.792000000000001,9.182,0.964,60.04,0.7859999999999999,0.018,,0.639,0.122
TKM,Turkmenistan,ECS,Upper-middle income,2012,10689.3537347285,99.5392692978993,42.9,95.4189411344182,97.0,99.0,2.029,96.2760286614644,289.13015747,,34.2,68.961,2.955,46.9603023107661,5.464,9.269,0.946,60.28,0.7859999999999999,-0.123,,0.584,0.1169999999999999
TKM,Turkmenistan,ECS,Upper-middle income,2013,11516.3741234527,99.5392692978993,42.8,95.9209538308361,98.0,99.0,1.999,96.6523278427633,339.92349243,,33.9,68.968,3.007,46.9788451198152,5.392,9.348,0.846,60.52,0.705,-0.071,,0.599,0.16
TKM,Turkmenistan,ECS,Upper-middle income,2014,12423.9246417745,99.5392692978993,42.9,96.4221394795384,98.0,99.0,2.002,97.0307986182985,393.86843872,,33.9,69.001,3.023,46.9954085410955,5.787000000000001,9.427,0.909,60.76,0.805,0.032,,0.695,0.154
TKM,Turkmenistan,ECS,Upper-middle income,2015,12926.6637306966,99.5392692978993,43.2,96.9223218117375,99.0,99.0,1.974,97.4115357683835,362.72949219,,33.9,69.061,3.033,47.0100189007695,,9.472,0.96,61.0,0.701,0.093,,0.705,0.301
TKM,Turkmenistan,ECS,Upper-middle income,2016,13420.3849717471,99.5392692978993,43.5,97.4211611367234,98.0,99.0,1.959,97.7947178741168,376.65567017,,34.1,69.142,2.99,47.0227025249994,,9.515,0.929,61.4,0.7490000000000001,0.005,,0.636,0.255
TKM,Turkmenistan,ECS,Upper-middle income,2017,13963.4045877295,99.5392692978993,43.8,97.9183405901452,99.0,99.0,1.969,98.1805141094557,410.81082153,,34.2,69.19,2.934,47.0334857399476,5.229,9.561,0.908,61.8,0.72,0.066,,0.521,0.35
TKM,Turkmenistan,ECS,Upper-middle income,2018,14499.1684377606,99.5392692978993,43.8,98.3109148568141,99.0,99.0,1.971,98.5690477632557,411.32562256,,34.1,69.272,2.875,47.0423948717765,4.621,9.605,0.984,62.2,0.858,0.26,,0.612,0.1889999999999999
TKM,Turkmenistan,ECS,Upper-middle income,2019,15080.9034007693,99.5392692978993,43.5,98.9744384290085,99.0,99.0,1.957,98.960474453072,432.78118896,,33.9,69.405,2.834,47.0494562466485,5.474,9.651,0.982,62.6,0.892,0.285,,0.51,0.183
TKM,Turkmenistan,ECS,Upper-middle income,2020,15630.9145192529,100.048094898202,42.9,99.3966548614914,98.0,98.0,1.96,99.3549516187618,420.0083313,,33.4,68.846,2.793,47.0546961907259,,9.651,0.982,,0.892,0.285,,0.51,0.183
TLS,Timor-Leste,EAS,Lower-middle income,2005,3263.94446005573,121.387603759766,88.0,54.6754050235907,55.0,61.0,0.034,26.1851944213066,25.72540092,27.8,65.6,61.272,5.611,28.0011655196859,,,,,,,,,
TLS,Timor-Leste,EAS,Lower-middle income,2006,3038.9523176563,122.245145161947,84.0,56.3470575289693,63.0,61.0,0.034,28.6397241043122,27.90169907,27.8,62.5,61.881,5.474,28.0011655196859,,,,,,,,,
TLS,Timor-Leste,EAS,Lower-middle income,2007,3256.56980118129,123.102686564128,80.4,58.0156475742205,70.0,63.0,0.034,31.0966445042485,30.51906586,27.8,59.5,62.396,5.333,28.0011655196859,,,,,,,,,
TLS,Timor-Leste,EAS,Lower-middle income,2008,3530.88217479074,123.960227966309,76.9,59.6817264826487,79.0,73.0,0.037,33.5563864330636,43.71953964,27.92857142857143,56.8,62.858,5.171,28.8076745459306,,,,,,,,,
TLS,Timor-Leste,EAS,Lower-middle income,2009,3792.35831612987,125.8955078125,73.9,61.438249315098,72.0,70.0,0.044,36.0178392685678,50.18856049,28.057142857142857,54.3,63.265,4.994,29.4007657042596,,,,,,,,,
TLS,Timor-Leste,EAS,Lower-middle income,2010,4047.24940614314,128.029085001864,71.0,63.1966745548591,72.0,66.0,0.079,38.4806929868607,52.6151619,28.185714285714287,52.0,63.66,4.816,29.6398840020416,,,,,,,,,
TLS,Timor-Leste,EAS,Lower-middle income,2011,4189.79978481015,130.796519519568,68.4,64.9574170311788,67.0,62.0,0.078,40.9452765286363,64.43626404,28.314285714285713,50.0,64.022,4.614,29.633352306451,,,,,,,,,
TLS,Timor-Leste,EAS,Lower-middle income,2012,4297.91482449132,129.969976978814,65.9,66.7197738098251,83.0,73.0,0.34650000000000003,43.41056257646,71.46888733,28.442857142857143,48.1,64.384,4.404,29.6136082349605,,,,,,,,,
TLS,Timor-Leste,EAS,Lower-middle income,2013,4340.27839503511,128.884641566738,63.9,68.4836127023317,82.0,70.0,0.615,45.8762265623181,102.79840851,28.57142857142857,46.5,64.719,4.208,29.5836906253246,,,,,,,,,
TLS,Timor-Leste,EAS,Lower-middle income,2014,4445.35926887033,127.791979258318,61.9,70.2490467993202,77.0,74.0,0.678,48.3422173517987,93.10574341,28.7,45.0,65.027,3.999,29.5463092024041,,,,,,,,,
TLS,Timor-Leste,EAS,Lower-middle income,2015,4467.80007184896,126.646454350675,60.2,72.0159260209215,76.0,70.0,0.69,50.808161320469,101.4779892,28.7,43.6,65.326,3.779,29.5043315008419,,,,,,,,,
TLS,Timor-Leste,EAS,Lower-middle income,2016,4515.422459894,123.315981015137,58.7,73.7840931370356,79.0,73.0,0.7175,53.273678577949,92.69400787,28.7,42.5,65.61,3.582,29.4462907628171,,,,,,,,,
TLS,Timor-Leste,EAS,Lower-middle income,2017,4290.02709296562,117.545590260011,57.3,75.5531586283782,83.0,77.0,0.745,55.7381542550198,86.16269684,28.7,41.4,65.898,3.399,29.3600996787092,,,,,,,,,
TLS,Timor-Leste,EAS,Lower-middle income,2018,4188.84099191337,113.613823069409,56.0,77.3234209050104,83.0,77.0,0.718,58.2016694124243,78.07413483,28.7,40.6,66.204,3.244,29.248617510057,,,,,,,,,
TLS,Timor-Leste,EAS,Lower-middle income,2019,5103.14964292207,111.537505941321,54.8,79.094491992256,83.0,75.0,0.764,60.663593946828,78.01346588,28.7,39.6,66.496,3.116,29.1148755245217,,,,,,,,,
TLS,Timor-Leste,EAS,Lower-middle income,2020,5103.14964292207,110.606703667428,53.4,80.8664062920622,83.0,74.0,0.752,63.1237035257288,118.49451447,28.7,38.7,66.919,3.011,28.9619049897647,,,,,,,,,
TON,Tonga,EAS,Upper-middle income,2005,5829.1173260211,111.582809448242,14.8,98.6769462069557,99.0,99.0,0.533,89.6551557415148,108.29302216,37.5,12.0,70.56,4.195,23.1473956500293,,,,,,,,,
TON,Tonga,EAS,Upper-middle income,2006,5671.64079163565,110.631492614746,14.4,98.6769462069557,99.0,99.0,0.533,90.1063131747226,149.22753906,37.5,11.7,70.71,4.141,23.1801421282521,,,,,,,,,
TON,Tonga,EAS,Upper-middle income,2007,5507.35733894364,110.225120544434,14.0,98.6769462069557,99.0,99.0,0.533,90.558457375061,134.56217957,37.5,11.4,70.887,4.086,23.2239976577967,,,,,,,,,
TON,Tonga,EAS,Upper-middle income,2008,5759.30612501464,112.813049316406,13.7,98.7225624072798,99.0,99.0,0.533,91.0111252112613,190.86582947,37.5,11.1,71.041,4.012,23.2889000757567,,,,,,,,,
TON,Tonga,EAS,Upper-middle income,2009,5454.57394388907,113.065528869629,13.4,98.7682421108779,99.0,99.0,0.578,91.4632691263774,118.79367065,37.5,10.9,70.949,3.946,23.3612068183251,,,,,,,,,
TON,Tonga,EAS,Upper-middle income,2010,5489.45367019062,113.930206298828,13.1,98.8139923432634,99.0,99.0,0.54,91.914895774654,166.58139038,36.833333333333336,10.6,71.319,3.879,23.4243619099178,,,,,,,,,
TON,Tonga,EAS,Upper-middle income,2011,5848.19312009382,115.24356842041,12.8,98.8097360298525,99.0,99.0,0.5313333333333333,92.0921967178499,193.43716431,36.166666666666664,10.4,71.437,3.829,23.46075468367,,,,,,,,,
TON,Tonga,EAS,Upper-middle income,2012,5908.02400699798,117.420058635031,12.6,98.8058202724573,95.0,95.0,0.5226666666666667,92.2619222236095,318.4196167,35.5,10.2,71.546,3.768,23.4589062635692,,,,,,,,,
TON,Tonga,EAS,Upper-middle income,2013,5952.45690447913,117.891068133671,12.3,98.8019244079513,99.0,99.0,0.514,92.4258220900949,171.82066345,34.833333333333336,10.0,71.65,3.696,23.4170795020344,,,,,,,,,
TON,Tonga,EAS,Upper-middle income,2014,6097.65041861635,117.461517317207,12.1,98.7978307642076,98.0,99.0,0.514,92.587068935407,210.86004639,34.166666666666664,9.8,71.721,3.619,23.3431040935971,,,,,,,,,
TON,Tonga,EAS,Upper-middle income,2015,6195.43302733786,117.3600552868,11.9,98.7935498846236,96.0,99.0,0.514,92.7457956111317,181.91452026,33.5,9.6,71.851,3.54,23.2434422818439,,,,,,,,,
TON,Tonga,EAS,Upper-middle income,2016,6639.98719699561,116.935962185456,11.6,98.7890715916912,96.0,98.0,0.514,92.9019205295168,208.53982544,33.5,9.4,71.951,3.463,23.1277038505921,,,,,,,,,
TON,Tonga,EAS,Upper-middle income,2017,6863.54796430087,116.51186908411199,11.4,98.7844002121241,99.0,99.0,0.514,93.0554424910355,246.34036255,33.5,9.2,72.066,3.388,22.9711300654966,,,,,,,,,
TON,Tonga,EAS,Upper-middle income,2018,6885.98490469718,116.087775982768,11.1,98.7796364058123,99.0,99.0,0.514,93.2070910925577,278.49508667,33.5,9.1,72.169,3.326,22.7017138925547,,,,,,,,,
TON,Tonga,EAS,Upper-middle income,2019,6859.71739851786,113.312034078807,10.9,98.7748337024529,99.0,99.0,0.514,93.3566618540617,266.68792725,33.5,8.8,72.292,3.274,22.3288155626206,,,,,,,,,
TON,Tonga,EAS,Upper-middle income,2020,6981.30436453629,112.25483743583,10.6,98.7700847369517,99.0,99.0,0.514,93.5041088737025,262.55459595,33.5,8.7,72.379,3.234,22.3288155626206,,,,,,,,,
TTO,Trinidad and Tobago,LCN,High income,2005,29536.4394101096,93.3887710571289,26.9,97.3094204121503,95.0,93.0,1.172,94.3756517863125,530.35229492,,24.5,70.185,1.625,53.9253615474727,,10.224,0.887,,0.84,0.141,0.917,0.7979999999999999,0.2289999999999999
TTO,Trinidad and Tobago,LCN,High income,2006,33348.7507470886,95.59687423706055,26.5,97.3097399307231,92.0,89.0,1.172,94.3805673799329,568.72583008,,24.1,70.437,1.624,53.9253615474727,5.832000000000001,10.224,0.887,61.76,0.84,0.141,0.917,0.7979999999999999,0.2289999999999999
TTO,Trinidad and Tobago,LCN,High income,2007,34793.6457521105,97.8049774169922,26.1,97.3100621994255,88.0,91.0,1.13,94.3855102571565,667.35321045,,23.7,70.797,1.622,53.9253615474727,,10.2595,0.8725,,0.839,0.11399999999999999,0.938,0.8075,0.20649999999999996
TTO,Trinidad and Tobago,LCN,High income,2008,35825.3333456362,99.6391372680664,25.7,97.3103838303241,90.0,91.0,1.287,94.3904280017838,751.54608154,,23.3,71.117,1.617,53.9253615474727,6.696000000000001,10.295,0.858,62.08,0.838,0.087,0.959,0.8170000000000001,0.184
TTO,Trinidad and Tobago,LCN,High income,2009,34212.2683057008,100.591651916504,25.3,97.3107038668244,90.0,94.0,1.444,94.3953687318109,776.62243652,,22.9,71.404,1.618,53.9253615474727,,10.284333333333333,0.8596666666666667,,0.8398,0.08399999999999999,0.9393333333333334,0.8466666666666667,0.16733333333333333
TTO,Trinidad and Tobago,LCN,High income,2010,35145.1253639062,101.466957092285,24.8,97.4402693697619,90.0,92.0,1.732,94.3852371604895,825.16088867,,22.5,71.809,1.614,53.9253615474727,,10.273666666666667,0.8613333333333333,,0.8416,0.081,0.9196666666666666,0.8763333333333334,0.15066666666666667
TTO,Trinidad and Tobago,LCN,High income,2011,34769.7620251376,101.466957092285,24.4,97.5697030865947,90.0,92.0,1.743,94.3740852058431,872.96398926,,22.1,72.232,1.611,53.9253615474727,6.519,10.263,0.863,62.54,0.8433999999999999,0.078,0.9,0.906,0.134
TTO,Trinidad and Tobago,LCN,High income,2012,36903.6898574094,101.466957092285,23.9,97.6989849398985,92.0,85.0,1.9425000000000001,94.3614743999076,895.08026123,,21.7,72.513,1.609,53.9254053431618,,10.274000000000001,0.873,,0.8452,0.10300000000000001,0.9239999999999999,0.8694999999999999,0.21
TTO,Trinidad and Tobago,LCN,High income,2013,37994.0686480473,101.466957092285,23.5,97.828150538828,92.0,91.0,2.142,94.3476328778078,970.90222168,,21.3,72.785,1.603,53.9255789963372,6.167999999999999,10.285,0.883,62.82,0.847,0.128,0.948,0.833,0.286
TTO,Trinidad and Tobago,LCN,High income,2014,39248.6570516023,101.466957092285,23.1,97.9572291808289,92.0,96.0,2.3415,94.3327824248919,1010.82769775,,20.9,72.898,1.602,53.9259699537793,,10.2595,0.89125,,0.85,0.09975,0.93875,0.8362499999999999,0.27649999999999997
TTO,Trinidad and Tobago,LCN,High income,2015,38963.9641783011,101.466957092285,22.7,98.0862562464858,96.0,89.0,2.541,94.317158860963,1061.58666992,,20.6,72.882,1.598,53.926665238022,,10.234,0.8995,,0.853,0.07150000000000001,0.9295,0.8394999999999999,0.267
TTO,Trinidad and Tobago,LCN,High income,2016,35914.9901970983,101.466957092285,22.3,98.2152623526831,97.0,86.0,2.8815,94.3009655351862,1064.41772461,,20.2,72.935,1.601,53.9277523084951,,10.2085,0.9077500000000001,,0.8560000000000001,0.04325,0.92025,0.84275,0.2575
TTO,Trinidad and Tobago,LCN,High income,2017,34095.9899256152,101.466957092285,22.0,98.344276330186,89.0,93.0,3.222,94.2844344672468,1083.37609863,,19.9,72.984,1.594,53.9293186833833,,10.183,0.916,63.5,0.8590000000000001,0.015,0.911,0.846,0.248
TTO,Trinidad and Tobago,LCN,High income,2018,33710.0178540008,101.466957092285,21.6,98.4733339387866,99.0,90.0,3.939,94.2677930697495,1080.45397949,,19.5,72.658,1.588,53.9314518934907,,10.183,0.916,,0.8590000000000001,0.015,0.911,0.846,0.248
TTO,Trinidad and Tobago,LCN,High income,2019,33748.7060849924,101.466957092285,21.2,98.6024616253734,93.0,99.0,4.205,94.251259726399,1097.20556641,,19.2,72.836,1.578,53.9342394732739,,10.183,0.916,,0.8590000000000001,0.015,0.911,0.846,0.248
TTO,Trinidad and Tobago,LCN,High income,2020,30720.8876936042,101.466957092285,20.8,98.7316957265811,96.0,91.0,4.298,94.2350621411755,1059.72583008,,18.8,72.645,1.572,53.9377689584806,,10.183,0.916,,0.8590000000000001,0.015,0.911,0.846,0.248
TUN,Tunisia,MEA,Lower-middle income,2005,10529.1598956845,109.876342773438,21.6,88.9588512587041,98.0,96.0,0.919,81.9968796979531,169.84550476,37.7,18.9,73.712,1.953,65.2340901739004,,9.197,0.863,,0.7809999999999999,-0.119,0.722,0.725,0.249
TUN,Tunisia,MEA,Lower-middle income,2006,10983.9221903991,107.92707824707,20.7,89.2096520385554,99.0,98.0,0.965,82.8949793127084,178.82592773,37.86,18.2,73.888,1.952,65.5209809651521,,9.197,0.863,,0.7809999999999999,-0.119,0.722,0.725,0.249
TUN,Tunisia,MEA,Lower-middle income,2007,11613.9247511428,103.860992431641,20.0,89.4569801310422,98.0,98.0,1.011,83.7929328669292,202.32022095,38.02,17.7,74.039,1.957,65.8000030517578,,9.197,0.863,,0.7809999999999999,-0.119,0.722,0.725,0.249
TUN,Tunisia,MEA,Lower-middle income,2008,11990.1962371716,102.377777099609,19.4,89.8868255561027,99.0,98.0,1.094,84.6908993579876,230.50152588,38.18,17.2,74.192,1.975,66.0676053984361,,9.197,0.863,,0.7809999999999999,-0.119,0.722,0.725,0.249
TUN,Tunisia,MEA,Lower-middle income,2009,12229.7752536693,102.455841064453,19.0,90.3433938079576,99.0,98.0,1.1505,85.5886831809273,231.3591156,38.34,16.9,74.32,2.004,66.3362197875977,5.025,9.197,0.863,64.96,0.7809999999999999,-0.119,0.722,0.725,0.249
TUN,Tunisia,MEA,Lower-middle income,2010,12458.2710366551,103.629150390625,18.7,90.7959166490344,98.0,97.0,1.207,86.4858177057762,240.75447083,38.5,16.7,74.438,2.075,66.6280059814453,5.131,9.222,0.863,65.1,0.624,-0.135,0.732,0.725,0.249
TUN,Tunisia,MEA,Lower-middle income,2011,12068.7136257667,103.612007141113,18.5,91.2448200352834,98.0,96.0,1.2185000000000001,87.3826542238521,270.67507935,37.36,16.5,74.471,2.189,66.9191886197857,4.876,9.192,0.715,65.28,0.603,-0.1989999999999999,0.913,0.588,0.248
TUN,Tunisia,MEA,Lower-middle income,2012,12436.3958115735,105.188629150391,18.4,91.6898273701058,97.0,96.0,1.23,88.2787188281284,270.29055786,36.22,16.4,74.599,2.277,67.2098922729492,4.464,9.222,0.614,65.46,0.568,-0.176,0.899,0.521,0.327
TUN,Tunisia,MEA,Lower-middle income,2013,12587.9950645596,106.021850585938,18.3,92.130516839447,98.0,94.0,1.2414999999999998,89.1734065275524,284.64538574,35.08,16.3,74.674,2.31,67.4999542236328,5.246,9.24,0.648,65.64,0.536,-0.207,0.8859999999999999,0.517,0.239
TUN,Tunisia,MEA,Lower-middle income,2014,12824.0028914441,106.861503601074,18.3,92.5674570508114,98.0,98.0,1.253,90.0672030566408,287.60955811,33.94,16.1,74.784,2.316,67.7524643379101,4.763999999999999,9.26,0.68,65.82,0.589,-0.2319999999999999,0.7829999999999999,0.503,0.321
TUN,Tunisia,MEA,Lower-middle income,2015,12802.7917211433,106.851280212402,18.2,93.0017471400427,98.0,98.0,1.285,90.9610365626904,249.46418762,32.8,16.0,74.875,2.306,67.8807907104492,5.132000000000001,9.261,0.609,66.0,0.711,-0.226,0.815,0.573,0.32
TUN,Tunisia,MEA,Lower-middle income,2016,12803.8797371543,106.044746398926,18.1,93.4329020352708,98.0,96.0,1.258,91.8540914293083,240.40258789,32.8,15.8,75.007,2.275,68.0623356528248,4.521,9.262,0.7020000000000001,66.3,0.614,-0.165,0.8109999999999999,0.612,0.3779999999999999
TUN,Tunisia,MEA,Lower-middle income,2017,12955.4014814241,105.552917480469,17.9,93.8606207367796,98.0,98.0,1.278,92.7457440160073,223.85903931,32.8,15.5,75.177,2.205,68.2877807617188,,9.269,0.7170000000000001,66.6,0.478,-0.2189999999999999,0.8690000000000001,0.421,0.377
TUN,Tunisia,MEA,Lower-middle income,2018,13163.1952230357,105.109878540039,17.5,94.2847367416076,97.0,96.0,1.2885,93.6354735142668,215.418396,32.8,15.1,75.37,2.133,68.5485240272509,4.7410000000000005,9.284,0.733,66.9,0.65,-0.191,0.84,0.5920000000000001,0.365
TUN,Tunisia,MEA,Lower-middle income,2019,13243.9024233246,104.542694091797,16.9,94.7047945067718,98.0,98.0,1.299,94.5224940632681,212.60031128,32.8,14.4,75.599,2.1,68.8206382576031,4.315,9.283,0.61,67.2,0.659,-0.209,0.889,0.539,0.433
TUN,Tunisia,MEA,Lower-middle income,2020,11955.5983698479,103.975509643555,16.0,95.120374054685,97.0,98.0,1.315,95.4060813673203,250.40145874,32.8,13.5,75.004,2.0,69.1043166438476,4.731,9.231,0.7190000000000001,67.5,0.6679999999999999,-0.2019999999999999,0.877,0.585,0.439
TUR,Turkiye,ECS,Upper-middle income,2005,17902.5966004487,104.605560302734,25.3,93.4249804113802,90.0,91.0,1.455,89.7785316915136,357.40197754,42.6,20.9,73.51,2.197,63.3302470273874,4.718999999999999,9.809,0.82,62.6,0.623,-0.178,0.877,0.557,0.395
TUR,Turkiye,ECS,Upper-middle income,2006,18972.0089563632,104.943740844727,23.5,93.6194753638319,90.0,98.0,1.492,90.5110315275318,409.25881958,39.6,19.3,73.804,2.193,64.2873893939536,,9.856,0.806,,0.5409999999999999,-0.178,0.8385,0.604,0.395
TUR,Turkiye,ECS,Upper-middle income,2007,19909.083519675,105.445426940918,21.8,93.8100251611177,96.0,96.0,1.532,91.2280737248533,504.37646484,38.4,17.9,74.129,2.16,65.3389618154687,,9.903,0.792,63.32,0.4589999999999999,-0.178,0.8,0.6509999999999999,0.395
TUR,Turkiye,ECS,Upper-middle income,2008,19839.5845462269,102.862808227539,20.3,93.9967938201436,96.0,97.0,1.581,91.9302207848415,561.73529053,39.0,16.7,74.38,2.15,66.513650890377,,9.899,0.645,63.68,0.415,-0.1889999999999999,0.785,0.614,0.345
TUR,Turkiye,ECS,Upper-middle income,2009,18612.1925231905,101.92414855957,18.9,94.1796628732745,96.0,97.0,1.637,92.6170977664848,492.30032349,39.0,15.5,74.679,2.1,67.8401432171223,5.212999999999999,9.838,0.755,64.04,0.456,-0.2269999999999999,0.853,0.598,0.316
TUR,Turkiye,ECS,Upper-middle income,2010,19897.4464836887,104.570068359375,17.6,94.3588134972971,97.0,97.0,1.683,93.2892782391218,531.82861328,38.8,14.5,74.964,2.08,69.3471253941487,5.49,9.906,0.795,64.4,0.515,-0.187,0.8109999999999999,0.652,0.327
TUR,Turkiye,ECS,Upper-middle income,2011,21760.4291923634,105.751289367676,16.6,94.5342469768029,97.0,98.0,1.698,93.9467893956226,525.89105225,40.0,13.6,74.823,2.05,71.0028723528334,5.272,9.996,0.6920000000000001,64.64,0.446,-0.242,0.649,0.621,0.38
TUR,Turkiye,ECS,Upper-middle income,2012,22517.7148287875,104.708396911621,15.6,94.7061073056509,97.0,96.0,1.726,94.5901003264673,520.44274902,40.2,12.8,75.552,2.11,73.7788680234324,5.309,10.026,0.7390000000000001,64.88,0.471,-0.216,0.7020000000000001,0.645,0.335
TUR,Turkiye,ECS,Upper-middle income,2013,24117.3121099839,108.3220596313475,14.7,94.8740402203655,98.0,98.0,1.751,95.2181862351683,547.95465088,40.2,12.1,76.171,2.11,78.5218368384696,4.888,10.091,0.795,65.12,0.541,-0.2289999999999999,0.698,0.635,0.392
TUR,Turkiye,ECS,Upper-middle income,2014,24888.8521742576,111.935722351074,14.0,95.0383332367469,96.0,94.0,1.738,95.8319919153338,520.40753174,41.2,11.5,76.452,2.19,83.6024850744433,5.58,10.124,0.863,65.36,0.649,-0.024,0.764,0.483,0.377
TUR,Turkiye,ECS,Upper-middle income,2015,25984.8027306177,107.29418182373,13.3,95.1990408276222,97.0,97.0,1.765,96.4317908505569,444.70803833,42.9,11.0,76.539,2.16,87.2167107972537,5.513999999999999,10.166,0.851,65.6,0.653,-0.016,0.8059999999999999,0.46,0.382
TUR,Turkiye,ECS,Upper-middle income,2016,26489.6436816046,105.28328704834,12.7,95.3562997823,98.0,98.0,1.774,97.0180744384543,456.3659668,41.9,10.5,76.595,2.11,88.1020958581776,5.3260000000000005,10.181,0.88,66.0,0.644,-0.065,0.764,0.465,0.39
TUR,Turkiye,ECS,Upper-middle income,2017,28194.688309381,97.4918975830078,12.2,95.5101526427098,96.0,96.0,1.805,97.5910900486757,432.13754272,43.5,10.1,77.037,2.08,88.0320472717286,5.607,10.238,0.8759999999999999,66.4,0.644,-0.237,0.6709999999999999,0.45,0.313
TUR,Turkiye,ECS,Upper-middle income,2018,28780.3036458151,100.931251525879,11.7,95.6607630886075,98.0,96.0,1.814,98.1513969936455,380.27835083,42.4,9.7,77.454,2.0,88.1655749576173,5.186,10.251,0.847,66.8,0.529,-0.176,0.805,0.435,0.351
TUR,Turkiye,ECS,Upper-middle income,2019,28741.0535082701,103.962959289551,11.3,95.8081999457908,99.0,97.0,1.884,98.6993304992011,388.67486572,43.8,9.4,77.737,1.89,88.6618152857124,4.872,10.246,0.792,67.2,0.631,-0.136,0.76,0.422,0.368
TUR,Turkiye,ECS,Upper-middle income,2020,28976.7179161611,103.296417236328,10.9,95.9525757495893,98.0,95.0,1.989,99.2307423449242,386.2593689,43.0,9.1,76.525,1.77,88.9303114965222,4.862,10.219,0.857,67.6,0.51,-0.111,0.774,0.384,0.44
TUV,Tuvalu,EAS,Upper-middle income,2005,3682.89175926232,101.186317443848,38.1,98.9659492701757,93.0,84.0,0.971,81.1061453638606,232.03250122,39.1,32.3,64.096,3.546,49.4209790930126,,,,,,,,,
TUV,Tuvalu,EAS,Upper-middle income,2006,3687.77123312778,102.600143432617,36.9,98.9649313855609,97.0,84.0,0.971,81.6022136044618,291.76730347,39.1,31.3,64.247,3.525,50.5229861226256,,,,,,,,,
TUV,Tuvalu,EAS,Upper-middle income,2007,3893.64259975408,102.72221939325675,35.6,98.9624863760549,97.0,95.0,0.971,82.0929697634575,292.23049927,39.1,30.2,64.402,3.446,51.6722693652096,,,,,,,,,
TUV,Tuvalu,EAS,Upper-middle income,2008,4093.92473951632,102.8442953538965,34.2,98.958630738777,99.0,93.0,0.971,82.5784281170616,319.3182373,39.1,29.0,64.516,3.415,52.8338644492855,,,,,,,,,
TUV,Tuvalu,EAS,Upper-middle income,2009,3812.13929570827,102.96637131453625,32.8,98.953383966919,88.0,90.0,1.143,83.0584767783353,349.2015686,39.1,27.9,64.693,3.425,53.9728070033742,,,,,,,,,
TUV,Tuvalu,EAS,Upper-middle income,2010,3664.45034598789,103.08844727517601,31.4,98.9467468568781,89.0,85.0,1.0962,83.5331982349857,490.41107178,39.1,26.7,64.834,3.442,55.0541326559964,,,,,,,,,
TUV,Tuvalu,EAS,Upper-middle income,2011,3879.3490996995,103.21052323581576,30.2,98.9387256390915,96.0,98.0,1.0494,84.0026188953189,536.10473633,39.1,25.7,64.96,3.463,56.0428770356731,,,,,,,,,
TUV,Tuvalu,EAS,Upper-middle income,2012,3715.60046956613,103.3325991964555,29.0,98.929330064394,97.0,98.0,1.0026000000000002,84.4667679679391,499.21899414,39.1,24.7,65.079,3.47,56.8964903305448,,,,,,,,,
TUV,Tuvalu,EAS,Upper-middle income,2013,3833.48955456181,103.45467515709525,28.0,98.9186170640434,90.0,96.0,0.9558,84.9256140127628,484.58966064,39.1,23.8,65.171,3.389,57.6314336806359,,,,,,,,,
TUV,Tuvalu,EAS,Upper-middle income,2014,3903.4345149878,103.576751117735,26.9,98.9067978780049,89.0,94.0,0.909,85.3791357361949,512.64215088,39.1,23.0,65.278,3.33,58.2999596618832,,,,,,,,,
TUV,Tuvalu,EAS,Upper-middle income,2015,4277.7146690273,105.26706231454,26.0,98.8939303808876,96.0,94.0,0.9818333333333333,85.8275541717816,451.35287476,39.1,22.2,65.365,3.308,58.9148502652344,,,,,,,,,
TUV,Tuvalu,EAS,Upper-middle income,2016,4495.57215692486,100.0,25.2,98.8800941799152,94.0,96.0,1.0546666666666666,86.2711177988143,697.99798584,39.1,21.5,65.51,3.297,59.4744768348285,,,,,,,,,
TUV,Tuvalu,EAS,Upper-middle income,2017,4668.54376684727,97.48923873901364,24.3,98.8653597782107,96.0,95.0,1.1275,86.7100762257543,1017.49633789,39.1,20.8,65.683,3.301,59.9531274910912,,,,,,,,,
TUV,Tuvalu,EAS,Upper-middle income,2018,4785.23289965077,94.9784774780273,23.5,98.8497651952118,89.0,88.0,1.2003333333333335,87.1446773088525,819.41162109,39.1,20.1,65.871,3.328,60.5596409590777,,,,,,,,,
TUV,Tuvalu,EAS,Upper-middle income,2019,5113.79805543185,96.4860907759883,22.7,98.8333705888805,92.0,96.0,1.2731666666666668,87.5751591368596,1138.82617188,39.1,19.4,66.109,3.331,61.2406529218636,,,,,,,,,
TUV,Tuvalu,EAS,Upper-middle income,2020,5442.36321121293,102.034664657121,21.9,98.8162535576204,95.0,93.0,1.346,88.0017857400393,899.59460449,39.1,18.7,66.357,3.309,61.9212610534937,,,,,,,,,
TZA,Tanzania,SSF,Lower-middle income,2005,2253.09326171875,105.037376403809,92.2,35.4283532789457,90.0,91.0,0.031,10.0407875300945,27.71374512,40.3,62.3,57.675,5.579,24.7061884538741,,7.485,0.7829999999999999,,0.787,-0.027,0.649,0.748,0.209
TZA,Tanzania,SSF,Lower-middle income,2006,2334.1044921875,107.455772399902,86.7,36.9195071413939,90.0,93.0,0.031,11.3955838103187,35.59762955,40.3,58.9,58.512,5.511,25.3741033202009,3.922,7.485,0.7829999999999999,48.7,0.787,-0.027,0.649,0.748,0.209
TZA,Tanzania,SSF,Lower-middle income,2007,2423.61596679688,108.751991271973,81.3,38.4195983532873,88.0,90.0,0.031,12.7548704063114,36.23610306,40.3,55.5,59.26,5.403,26.0720614791471,4.3180000000000005,7.522,0.708,49.6,0.716,-0.013,0.7070000000000001,0.755,0.22
TZA,Tanzania,SSF,Lower-middle income,2008,2493.25927734375,109.176727294922,76.6,39.9290568171928,86.0,88.0,0.031,14.1197491698762,36.26182556,39.675,53.0,59.896,5.324,26.7851328989335,4.385,7.548999999999999,0.774,50.5,0.562,0.256,0.93,0.7440000000000001,0.178
TZA,Tanzania,SSF,Lower-middle income,2009,2560.81103515625,103.463706970215,72.0,41.4454872812529,85.0,91.0,0.031,15.4903054261921,33.9993782,39.05,50.3,60.494,5.26,27.498387547781,3.408,7.572,0.8370000000000001,51.4,0.607,0.308,0.903,0.778,0.161
TZA,Tanzania,SSF,Lower-middle income,2010,2654.80346679688,100.14820098877,68.2,42.9702242043012,91.0,92.0,0.031,16.8680409613497,37.18493271,38.425,48.3,61.127,5.225,28.1968953939105,3.229,7.604,0.813,52.3,0.597,0.139,0.866,0.7170000000000001,0.146
TZA,Tanzania,SSF,Lower-middle income,2011,2779.70776367188,95.0884666333147,64.6,44.5013525843349,90.0,93.0,0.031,18.2532282424589,37.75179672,37.8,46.4,61.618,5.141,28.865726405543,4.074,7.649,0.883,53.04,0.736,-0.046,0.816,0.765,0.145
TZA,Tanzania,SSF,Lower-middle income,2012,2822.4853515625,91.9735025482608,61.7,46.0392257141693,92.0,97.0,0.031,19.6470733482155,41.99654007,38.18571428571428,44.8,62.286,5.137,29.4878764597911,4.007,7.662999999999999,0.8320000000000001,53.78,0.5770000000000001,0.213,0.887,0.679,0.195
TZA,Tanzania,SSF,Lower-middle income,2013,2924.86328125,88.8300914467545,59.0,47.5819698290827,91.0,99.0,0.0455,21.049832968174,43.46931839,38.57142857142857,43.5,62.788,5.156,30.0725108782502,3.852,7.699,0.8029999999999999,54.52,0.654,0.054,0.8590000000000001,0.738,0.191
TZA,Tanzania,SSF,Lower-middle income,2014,3027.56909179688,85.9364790514687,56.3,49.1277716374045,97.0,97.0,0.06,22.4616949820223,39.85456848,38.957142857142856,42.1,63.364,5.122,30.6443077170742,3.483,7.734,0.789,55.26,0.654,0.11,0.878,0.731,0.241
TZA,Tanzania,SSF,Lower-middle income,2015,3111.44458007813,84.2207717895508,54.3,50.6761681803936,96.0,95.0,0.057499999999999996,23.8834363913571,33.27184296,39.34285714285714,40.8,63.928,5.025,31.2061566592472,3.661,7.763999999999999,0.79,56.0,0.759,0.149,0.906,0.619,0.192
TZA,Tanzania,SSF,Lower-middle income,2016,3214.24682617188,85.2800976460579,52.0,52.2258564710625,92.0,83.0,0.055,25.3153858621226,36.65267563,39.72857142857143,39.3,64.404,5.006,31.7577303242916,2.903,7.8,0.638,56.5,0.775,0.179,0.7390000000000001,0.6940000000000001,0.246
TZA,Tanzania,SSF,Lower-middle income,2017,3318.28833007813,89.5967210005503,49.8,53.7768153446022,90.0,90.0,0.052500000000000005,26.7585271322434,39.03767014,40.114285714285714,37.5,64.963,4.988,32.2987013317296,3.347,7.836,0.705,57.0,0.8,0.1159999999999999,0.654,0.715,0.255
TZA,Tanzania,SSF,Lower-middle income,2018,3392.68872070313,94.9840282240997,47.6,55.3281861083023,89.0,88.0,0.05,28.2133927251419,41.27171326,40.5,35.9,65.488,4.932,32.8287423010834,,7.859,0.675,57.5,0.807,0.153,0.612,0.762,0.221
TZA,Tanzania,SSF,Lower-middle income,2019,3484.63256835938,97.6456520812412,45.6,56.8787467857379,91.0,89.0,0.05,29.6802357492442,39.97783661,40.5,34.5,66.007,4.866,33.3475258518752,3.64,7.886,0.687,58.0,0.85,0.1,0.589,0.726,0.243
TZA,Tanzania,SSF,Lower-middle income,2020,3449.82153320313,98.5753622403869,43.8,58.4288709914851,91.0,87.0,0.05,31.1602899873696,31.7036171,40.5,33.2,66.771,4.801,33.8547246036273,,7.881,0.74,58.5,0.83,0.295,0.521,0.6859999999999999,0.271
UGA,Uganda,SSF,Low income,2005,1765.03788457066,121.473258972168,106.5,32.9633010331223,64.0,68.0,0.12,16.6697698999299,25.86819267,42.9,67.3,54.926,6.525,13.7907239496723,,7.37,0.76,,0.747,-0.0409999999999999,0.807,0.59,0.254
UGA,Uganda,SSF,Low income,2006,1898.97915280479,120.099899291992,99.2,34.3826242141433,64.0,75.0,0.11685714285714285,17.0595600245412,31.60310555,42.89090909090909,63.0,56.118,6.429,14.5851520274647,3.734,7.37,0.76,46.48,0.747,-0.0409999999999999,0.807,0.59,0.254
UGA,Uganda,SSF,Low income,2007,1999.0624896434,119.325012207031,92.5,35.824381726143,73.0,75.0,0.11371428571428571,17.4484827686049,36.10126495,42.88181818181818,58.9,57.248,6.326,15.494298100139,4.456,7.419,0.845,47.46,0.708,-0.001,0.8809999999999999,0.708,0.228
UGA,Uganda,SSF,Low income,2008,2110.10049271503,122.437309265137,86.4,37.2887308722368,71.0,70.0,0.11057142857142857,17.8367866196346,40.04308701,42.87272727272727,55.3,58.253,6.202,16.5070641943955,4.569,7.471,0.813,48.44,0.578,-0.055,0.848,0.6409999999999999,0.24
UGA,Uganda,SSF,Low income,2009,2188.29916246327,123.943656921387,81.2,38.7739967915564,79.0,77.0,0.10742857142857143,18.2241387733923,44.3670578,42.86363636363636,52.7,59.157,6.124,17.6123523369348,4.612,7.505,0.852,49.42,0.76,-0.037,0.84,0.64,0.296
UGA,Uganda,SSF,Low income,2010,2244.60595194584,121.312210083008,76.0,40.2802562427772,80.0,73.0,0.10428571428571429,18.6107811745522,51.88574982,42.85454545454545,49.9,59.959,6.019,18.7990645544572,4.1930000000000005,7.528,0.83,50.4,0.8009999999999999,-0.015,0.855,0.648,0.251
UGA,Uganda,SSF,Low income,2011,2384.4653273154,113.871620178223,70.9,41.8062522892618,82.0,75.0,0.10114285714285715,18.9965285314938,55.2076683,42.845454545454544,47.0,60.791,5.885,20.0561028736631,4.8260000000000005,7.586,0.882,51.22,0.733,0.032,0.83,0.6779999999999999,0.254
UGA,Uganda,SSF,Low income,2012,2405.09455932767,113.70002746582,66.5,43.3515394345294,83.0,80.0,0.098,19.3814718588075,55.03918457,42.836363636363636,44.4,61.579,5.729,21.372369321253,4.309,7.592,0.885,52.04,0.649,0.081,0.838,0.754,0.265
UGA,Uganda,SSF,Low income,2013,2420.88808087266,112.329948425293,62.8,44.9140772703055,84.0,83.0,0.09766666666666667,19.7651604775123,52.906353,42.82727272727273,42.9,62.353,5.563,22.7367659239271,3.71,7.595,0.878,52.86,0.763,0.053,0.82,0.6759999999999999,0.346
UGA,Uganda,SSF,Low income,2014,2470.50380909598,108.2895889282225,60.2,46.4945464801436,85.0,85.0,0.09733333333333334,20.1480923027985,50.957798,42.81818181818181,41.6,63.057,5.408,24.1938503391826,3.77,7.611000000000001,0.821,53.68,0.8340000000000001,0.009,0.898,0.6809999999999999,0.397
UGA,Uganda,SSF,Low income,2015,2520.0201028843,104.249229431152,57.9,48.0912598324733,89.0,79.0,0.097,20.5299518497404,40.09843445,42.809090909090905,40.3,63.831,5.251,24.9777856560427,,7.627000000000001,0.747,54.5,0.758,0.135,0.873,0.703,0.353
UGA,Uganda,SSF,Low income,2016,2554.22769062073,106.540283203125,55.6,49.7026063632453,93.0,79.0,0.1345,20.9104342628765,39.08125305,42.8,39.1,64.494,5.112,25.6953567134098,4.2330000000000005,7.637,0.754,54.9,0.7390000000000001,0.132,0.8109999999999999,0.6679999999999999,0.41
UGA,Uganda,SSF,Low income,2017,2543.84754394956,106.169578552246,54.0,51.32772813986,94.0,83.0,0.172,21.2895047336164,31.43818092,42.766666666666666,38.1,65.174,4.987,26.4139260579546,4.001,7.638,0.74,55.3,0.772,0.06,0.816,0.703,0.4
UGA,Uganda,SSF,Low income,2018,2613.87976413963,106.169578552246,52.7,52.9651082839112,93.0,86.0,0.16733333333333333,21.6668720905552,32.9515686,42.733333333333334,37.3,65.775,4.867,27.1280475018884,4.322,7.66,0.74,55.7,0.7290000000000001,0.079,0.856,0.685,0.39
UGA,Uganda,SSF,Low income,2019,2689.41009144919,106.169578552246,51.6,54.6148662999288,93.0,87.0,0.16266666666666665,22.0428914452572,33.36559677,42.7,36.9,66.354,4.744,27.8369781799403,4.948,7.688,0.805,56.1,0.7040000000000001,0.139,0.826,0.693,0.385
UGA,Uganda,SSF,Low income,2020,2678.00907202293,106.169578552246,50.9,56.2751724073816,89.0,89.0,0.158,22.4171466106688,44.73381805,42.7,36.6,66.41,4.621,28.5399752271502,4.641,7.684,0.8,56.5,0.687,0.147,0.878,0.6990000000000001,0.425
UKR,Ukraine,ECS,Upper-middle income,2005,15610.5732421875,109.224052429199,14.5,97.3192965244118,96.0,96.0,2.974,95.1373679572065,114.63265228,29.0,14.1,67.517,1.221,67.8136046317755,,9.38,0.852,,0.624,-0.257,0.929,0.622,0.249
UKR,Ukraine,ECS,Upper-middle income,2006,16901.5078125,103.984046936035,14.0,96.8423737285602,98.0,98.0,3.04,95.3185357936314,146.27377319,29.8,13.6,67.49,1.297,68.0293347798948,4.803999999999999,9.38,0.852,60.12,0.624,-0.257,0.929,0.622,0.249
UKR,Ukraine,ECS,Upper-middle income,2007,18374.013671875,102.665367126465,13.4,96.3624898983504,98.0,97.0,3.043,95.4986097698596,183.18217468,27.0,13.1,67.715,1.343,68.2102322372037,5.252000000000001,9.459,0.82,60.64,0.494,-0.241,0.968,0.636,0.208
UKR,Ukraine,ECS,Upper-middle income,2008,18883.986328125,101.713829040527,12.9,95.8796583793092,90.0,94.0,3.074,95.6776417950995,212.75292969,26.6,12.5,68.262,1.444,68.3752085755346,5.172000000000001,9.488,0.86,61.16,0.487,-0.265,0.929,0.573,0.186
UKR,Ukraine,ECS,Upper-middle income,2009,16092.7958984375,100.661819458008,12.3,95.3939041570529,71.0,75.0,3.442,95.8555810343647,165.98542786,25.3,12.0,69.159,1.47,68.5251442249547,5.166,9.332,0.845,61.68,0.46,-0.241,0.962,0.583,0.1889999999999999
UKR,Ukraine,ECS,Upper-middle income,2010,16811.794921875,100.067630734888,11.7,94.9072076432708,52.0,56.0,3.433,96.0284615654647,199.49559021,24.8,11.4,70.188,1.436,68.637397133357,5.058,9.374,0.884,62.2,0.484,-0.1889999999999999,0.954,0.513,0.2269999999999999
UKR,Ukraine,ECS,Upper-middle income,2011,17783.95703125,98.9314565375041,11.2,94.4191011377328,50.0,67.0,3.432,96.2008848286648,240.17747498,24.6,10.9,70.711,1.464,68.7234299826222,,9.431,0.8590000000000001,62.5,0.579,-0.228,0.933,0.59,0.22
UKR,Ukraine,ECS,Upper-middle income,2012,17848.740234375,97.1419917645414,10.7,93.9295625796783,76.0,79.0,3.434,96.3728907161999,270.76205444,24.7,10.4,71.09,1.528,68.8241983107739,,9.436,0.898,62.8,0.564,-0.223,0.8959999999999999,0.57,0.193
UKR,Ukraine,ECS,Upper-middle income,2013,17889.091796875,96.3140767527901,10.2,93.7584244839538,76.0,79.0,3.433,96.5444853667447,275.94143677,24.6,10.0,71.474,1.515,68.9326288082226,4.711,9.438,0.897,63.1,0.569,-0.216,0.937,0.643,0.225
UKR,Ukraine,ECS,Upper-middle income,2014,16978.8125,95.4720427707137,9.8,93.2856866411736,23.0,56.0,2.936,96.7156593530627,208.94400024,24.0,9.6,71.803,1.466,69.0554339301313,,9.426,0.877,63.4,0.5329999999999999,0.084,0.927,0.594,0.249
UKR,Ukraine,ECS,Upper-middle income,2015,15403.7099609375,87.8509930688999,9.5,93.3187311569397,23.0,56.0,2.936,96.8342062972295,154.75454712,25.5,9.2,72.686,1.387,69.1587317201337,3.965,9.327,0.909,63.7,0.431,-0.033,0.952,0.574,0.241
UKR,Ukraine,ECS,Upper-middle income,2016,15856.8125,87.4091952779085,9.1,93.3513783452098,19.0,42.0,2.936,96.9523458246156,154.5546875,25.0,8.9,73.389,1.391,69.2102241609089,4.029,9.353,0.885,64.0,0.503,0.011,0.8909999999999999,0.589,0.22
UKR,Ukraine,ECS,Upper-middle income,2017,16310.3603515625,88.2140898931621,8.9,93.3837080756642,50.0,86.0,2.936,97.0700543014006,183.69506836,26.0,8.7,73.993,1.3,69.2633108489282,,9.382,0.858,64.3,0.599,-0.002,0.937,0.597,0.235
UKR,Ukraine,ECS,Upper-middle income,2018,16978.984375,88.5728806539141,8.7,93.4145409496179,69.0,91.0,2.936,97.1876990557354,217.73760986,26.1,8.5,73.569,1.233,69.3157992777909,4.662,9.42,0.901,64.6,0.6629999999999999,-0.074,0.943,0.609,0.222
UKR,Ukraine,ECS,Upper-middle income,2019,17636.5546875,90.6809653278847,8.5,93.443715883617,80.0,93.0,2.936,97.3052193099168,242.81388855,26.6,8.3,73.92,1.218,69.3527648708735,4.702,9.458,0.883,64.9,0.715,-0.081,0.885,0.634,0.201
UKR,Ukraine,ECS,Upper-middle income,2020,17092.5390625,91.1122134493007,8.4,93.4712072863379,81.0,85.0,2.936,97.3954990991366,265.07846069,25.6,8.2,73.283,1.208,69.3839100516745,5.27,9.428,0.885,65.2,0.784,0.126,0.946,0.688,0.285
URY,Uruguay,LCN,High income,2005,18811.3124755641,110.983726501465,14.4,97.5328552495879,96.0,95.0,3.996,93.6843491795697,445.28201294,44.7,12.4,75.829,2.097,92.0812710048572,,9.543,0.912,,0.807,-0.113,0.477,0.784,0.306
URY,Uruguay,LCN,High income,2006,19560.0743506382,111.688217163086,13.6,97.7230375834935,95.0,94.0,3.996,93.9897585152977,500.65515137,45.9,11.7,75.888,2.07,92.4845482788191,5.7860000000000005,9.543,0.912,67.44,0.807,-0.113,0.477,0.784,0.306
URY,Uruguay,LCN,High income,2007,20803.885306175,111.181259155273,12.7,97.9057149846883,94.0,96.0,3.996,94.2928439253095,578.34454346,45.5,10.9,76.15,2.048,92.9603688038713,5.694,9.604,0.875,67.58,0.7859999999999999,-0.165,0.614,0.777,0.2739999999999999
URY,Uruguay,LCN,High income,2008,22249.3750934425,110.917297363281,11.9,98.0813881282661,94.0,95.0,3.996,94.5937831802879,811.7020874,45.1,10.2,76.275,2.03,93.45975578621,5.664,9.671,0.879,67.72,0.8079999999999999,-0.143,0.597,0.7509999999999999,0.264
URY,Uruguay,LCN,High income,2009,23138.0733091496,110.820098876953,11.3,98.2501537538036,95.0,94.0,3.9975,94.8926045747565,826.05682373,45.5,9.7,76.67,2.018,93.9337324320314,6.296,9.71,0.924,67.86,0.825,-0.118,0.544,0.7929999999999999,0.255
URY,Uruguay,LCN,High income,2010,24879.8256003219,109.976485423214,10.8,98.4126195447571,95.0,95.0,3.999,95.1895101700608,1043.26000977,44.5,9.2,76.691,2.011,94.3333219475319,6.062,9.782,0.893,68.0,0.8320000000000001,-0.158,0.471,0.807,0.231
URY,Uruguay,LCN,High income,2011,26099.3116487704,109.464016342435,10.4,98.5688827788453,95.0,95.0,4.0005,95.4845379432559,1244.93884277,42.2,8.9,76.614,1.987,94.6036824756941,,9.83,0.8909999999999999,68.14,0.851,-0.08,0.556,0.805,0.252
URY,Uruguay,LCN,High income,2012,26953.2709026389,108.71352566009,10.0,98.7111485515081,95.0,96.0,4.002,95.7751867461269,1347.02868652,39.9,8.5,76.691,2.012,94.7606597546186,6.45,9.861,0.865,68.28,0.871,0.067,0.615,0.7879999999999999,0.214
URY,Uruguay,LCN,High income,2013,28119.4726887432,108.655161774964,9.7,98.8475729341286,95.0,96.0,4.0035,96.0641764624979,1516.80664063,40.5,8.2,76.953,2.034,94.8844735142936,6.444,9.904,0.917,68.42,0.888,-0.043,0.586,0.826,0.253
URY,Uruguay,LCN,High income,2014,28935.086486757,108.393033302718,9.3,98.9811512329588,95.0,96.0,4.005,96.352485578308,1495.59777832,40.1,7.9,77.194,2.026,94.9897821210514,6.561,9.932,0.902,68.56,0.904,-0.073,0.5329999999999999,0.8690000000000001,0.251
URY,Uruguay,LCN,High income,2015,28941.6184540581,108.159318212376,8.9,99.1119536315353,95.0,96.0,4.0065,96.6401328300575,1424.8939209,40.1,7.5,77.285,2.041,95.0800002298303,6.627999999999999,9.932,0.8909999999999999,68.7,0.917,-0.032,0.6729999999999999,0.893,0.3
URY,Uruguay,LCN,High income,2016,29332.5561568815,108.082291663033,8.4,99.240133418196,95.0,95.0,4.008,96.9271658776364,1469.38964844,39.7,7.1,77.351,1.966,95.1585424955685,6.171,9.946,0.9,68.8,0.8859999999999999,-0.072,0.6759999999999999,0.8420000000000001,0.283
URY,Uruguay,LCN,High income,2017,29762.4220666605,107.146529019901,8.0,99.3656002482881,93.0,96.0,5.01,97.2135571051318,1672.3314209,39.5,6.8,77.618,1.824,95.2288235732042,6.336,9.968,0.914,68.9,0.898,-0.091,0.627,0.836,0.28
URY,Uruguay,LCN,High income,2018,29757.9276055415,105.119927660277,7.7,99.4885272637331,91.0,97.0,5.01,97.4993671618489,1713.26611328,39.7,6.5,77.527,1.824,95.2942581176758,,9.98,0.917,69.0,0.8759999999999999,-0.0969999999999999,0.6829999999999999,0.877,0.275
URY,Uruguay,LCN,High income,2019,30010.5628834294,104.354154032747,7.5,99.5545465859782,94.0,96.0,5.01,97.784620083579,1692.50195313,39.7,6.2,77.503,1.824,95.3479309082031,,9.979,0.933,69.1,0.903,-0.095,0.599,0.889,0.222
URY,Uruguay,LCN,High income,2020,27788.1749600196,105.236604559537,7.3,99.5703038278437,92.0,95.0,5.01,98.0693333151527,1432.00463867,40.2,6.1,78.381,1.824,95.3997650146484,6.31,9.937,0.921,69.2,0.908,-0.084,0.491,0.807,0.265
USA,United States,NAC,High income,2005,59612.3907215559,101.8740234375,8.0,98.8969723453507,96.0,92.0,2.548,99.8713252821496,6428.60205078,41.3,6.8,77.4878048780488,2.057,80.1961581748464,,10.924,0.965,,0.911,0.1969999999999999,0.6,0.8270000000000001,0.261
USA,United States,NAC,High income,2006,60684.3399832539,101.57170009613037,7.9,98.9038126009011,96.0,92.0,2.548,99.8710519405417,6802.47509766,41.7,6.7,77.6878048780488,2.108,80.3713066436159,7.182,10.924,0.965,68.06,0.911,0.1969999999999999,0.6,0.8270000000000001,0.261
USA,United States,NAC,High income,2007,61314.4520816367,101.26937675476074,7.7,98.9106080907842,96.0,92.0,2.548,99.8707752095931,7153.73144531,41.1,6.6,77.9878048780488,2.12,80.5153172872016,7.513,10.933,0.959,68.22,0.872,0.1969999999999999,0.633,0.8290000000000001,0.2319999999999999
USA,United States,NAC,High income,2008,60806.2238713713,100.96705341339113,7.6,98.9173671062071,96.0,92.0,2.548,99.8705039493181,7364.93847656,41.1,6.5,78.0390243902439,2.072,80.6219682896606,7.28,10.922,0.953,68.38,0.878,0.255,0.6679999999999999,0.872,0.2269999999999999
USA,United States,NAC,High income,2009,58722.496767251,100.6647300720215,7.5,98.92408685212,95.0,90.0,2.548,99.8702348006488,7614.82421875,40.9,6.4,78.390243902439,2.002,80.6850378350499,7.158,10.888,0.912,68.54,0.831,0.201,0.665,0.843,0.262
USA,United States,NAC,High income,2010,59797.0736545937,100.36240673065187,7.3,99.0106474401103,95.0,92.0,2.548,99.8705368602466,7836.08837891,40.2,6.2,78.5414634146342,1.931,80.6997744673366,7.164,10.905,0.926,68.7,0.828,0.244,0.69,0.861,0.231
USA,United States,NAC,High income,2011,60253.2035796719,100.06008338928225,7.2,99.0963699785745,96.0,92.0,2.548,99.8480037254906,8015.78076172,41.2,6.1,78.6414634146341,1.8945,80.6957554256024,,10.913,0.922,68.68,0.863,0.161,0.6970000000000001,0.836,0.273
USA,United States,NAC,High income,2012,61142.3637034265,99.75776004791263,7.0,99.1811105889535,94.0,91.0,2.548,99.8259022136233,8262.29296875,41.2,6.0,78.7414634146342,1.8805,80.6837493386238,7.026,10.928,0.903,68.66,0.823,0.215,0.71,0.8340000000000001,0.26
USA,United States,NAC,High income,2013,61966.6621370894,99.455436706543,6.9,99.2648895869455,94.0,92.0,2.548,99.8042412350329,8412.25195313,40.9,5.9,78.7414634146342,1.8575,80.660889281215,7.249,10.939,0.925,68.64,0.792,0.2739999999999999,0.747,0.8140000000000001,0.26
USA,United States,NAC,High income,2014,63026.8779187814,99.6733779907227,6.8,99.3476415086967,95.0,92.0,2.548,99.7830418254313,8796.33886719,41.7,5.8,78.8414634146341,1.8625,80.6242231779766,7.151,10.956,0.902,68.62,0.866,0.221,0.7020000000000001,0.8340000000000001,0.281
USA,United States,NAC,High income,2015,64367.7188912582,100.299911499023,6.8,99.4293350987693,95.0,92.0,2.548,99.7623251311093,9200.93164063,41.5,5.8,78.690243902439,1.8435,80.5707989535091,6.864,10.977,0.904,68.6,0.8490000000000001,0.2189999999999999,0.698,0.8140000000000001,0.275
USA,United States,NAC,High income,2016,65025.9855980616,101.362861633301,6.7,99.509898178586,95.0,92.0,2.548,99.7420835602062,9535.60058594,41.3,5.7,78.5390243902439,1.8205,80.4976645324131,6.803999999999999,10.986,0.897,68.5,0.758,0.144,0.7390000000000001,0.8059999999999999,0.264
USA,United States,NAC,High income,2017,66164.0320014289,101.821441650391,6.6,99.5893429085867,94.0,91.0,2.548,99.7223530086904,9822.60644531,41.4,5.6,78.5390243902439,1.7655,80.4018678392891,6.992000000000001,11.001,0.921,68.4,0.868,0.1969999999999999,0.6809999999999999,0.8270000000000001,0.268
USA,United States,NAC,High income,2018,67728.4424921024,101.256561279297,6.5,99.6675822614626,94.0,92.0,2.548,99.7031223122571,10180.48242188,41.8,5.6,78.6390243902439,1.7295,80.2804567987377,6.882999999999999,11.025,0.904,68.3,0.825,0.1159999999999999,0.71,0.815,0.292
USA,United States,NAC,High income,2019,69121.4580016741,100.981300354004,6.5,99.7446316773149,94.0,90.0,3.482,99.6844358089122,10550.22070313,41.9,5.5,78.7878048780488,1.706,80.1304793353594,6.944,11.043,0.917,68.2,0.836,0.144,0.7070000000000001,0.815,0.244
USA,United States,NAC,High income,2020,67406.8311325507,100.305793762207,6.5,99.8204204612721,93.0,91.0,3.518,99.6662725669219,11648.49511719,40.0,5.5,,1.6415,79.997451762548,7.028,11.001,0.937,68.1,0.85,0.034,0.6779999999999999,0.787,0.295
UZB,Uzbekistan,ECS,Lower-middle income,2005,4185.63947675734,96.85986328125,45.2,89.7235443851792,99.0,99.0,2.677,94.1508115621162,32.51261139,,41.4,67.481,2.438,51.0781236333777,,8.193,0.903,,0.784,-0.115,0.609,0.728,0.195
UZB,Uzbekistan,ECS,Lower-middle income,2006,4439.90667205623,96.1964797973633,41.9,90.1922179828623,96.0,98.0,2.662,94.2961900036945,37.97257233,,38.5,67.905,2.461,51.4638817209862,,8.193,0.903,61.44,0.784,-0.115,0.609,0.728,0.195
UZB,Uzbekistan,ECS,Lower-middle income,2007,4792.8290951141,96.3551483154297,38.6,90.6561809339035,96.0,98.0,2.645,94.4383835544442,46.89629364,,35.7,68.483,2.573,51.7087010288873,,8.266,0.8985000000000001,,0.8075,-0.069,0.6093333333333333,0.7210000000000001,0.191
UZB,Uzbekistan,ECS,Lower-middle income,2008,5145.99183378479,96.6052932739258,35.5,91.1153784744922,98.0,98.0,2.617,94.5773829040307,61.29156876,,32.9,69.035,2.635,51.7943572998047,5.311,8.339,0.894,62.32,0.831,-0.023,0.6096666666666667,0.7140000000000001,0.187
UZB,Uzbekistan,ECS,Lower-middle income,2009,5471.82013683888,96.9954833984375,32.6,91.5696691723267,98.0,95.0,2.582,94.7131786514005,71.95819092,,30.2,69.517,2.559,51.6105041503906,5.261,8.4,0.905,62.76,0.8653333333333333,0.013,0.61,0.736,0.159
UZB,Uzbekistan,ECS,Lower-middle income,2010,5794.98037704358,96.5092245610272,29.8,92.0192259978027,99.0,98.0,2.555,94.8458120621379,92.87456512,,27.8,69.836,2.442,51.3321647644043,,8.445,0.903,63.2,0.8996666666666667,-0.03,0.519,0.7759999999999999,0.152
UZB,Uzbekistan,ECS,Lower-middle income,2011,6170.84149747534,95.3840203093902,27.3,92.4356757645122,99.0,99.0,2.517,94.9701820730614,109.86156464,,25.5,70.143,2.354,51.3395500183105,5.739,8.493,0.924,63.4,0.934,0.042,0.522,0.787,0.123
UZB,Uzbekistan,ECS,Lower-middle income,2012,6525.4971525889,95.1214838175598,25.0,92.8244223164543,99.0,99.0,2.461,95.0891018078637,127.94210052,,23.4,70.411,2.337,51.3359680175781,6.019,8.55,0.933,63.6,0.914,-0.037,0.4629999999999999,0.7859999999999999,0.118
UZB,Uzbekistan,ECS,Lower-middle income,2013,6932.93371228586,95.4464545934085,23.0,93.2160214919193,99.0,97.0,2.421,95.2086769326238,140.71011353,,21.6,70.692,2.445,51.1276969909668,5.94,8.607000000000001,0.963,63.8,0.95,-0.034,0.434,0.7490000000000001,0.13
UZB,Uzbekistan,ECS,Lower-middle income,2014,7344.44304405623,96.7769517984519,21.3,93.6104838496586,99.0,99.0,2.39,95.3289091117186,118.44307709,,20.0,70.973,2.546,50.8868713378906,6.049,8.658999999999999,0.952,64.0,0.954,0.061,0.536,0.805,0.106
UZB,Uzbekistan,ECS,Lower-middle income,2015,7792.23605983713,96.8469627244173,19.7,94.007820761431,99.0,99.0,2.363,95.4497993116875,132.60565186,,18.6,71.33,2.583,50.6597328186035,,8.714,0.968,64.2,0.98,0.375,0.471,0.84,0.103
UZB,Uzbekistan,ECS,Lower-middle income,2016,8172.9216949615,97.6622984985898,18.4,94.4080443889354,99.0,99.0,2.298,95.5713512500574,129.82177734,,17.4,71.58,2.564,50.6572189331055,5.893,8.756,0.945,64.5,0.984,0.208,0.46799999999999997,0.8420000000000001,0.147
UZB,Uzbekistan,ECS,Lower-middle income,2017,8413.29975299494,98.0486526909282,17.3,94.8111572515512,99.0,99.0,2.27,95.6935576486234,93.4151535,,16.4,71.737,2.57,50.6787376403809,6.421,8.782,0.942,64.8,0.985,0.123,0.465,0.8390000000000001,0.203
UZB,Uzbekistan,ECS,Lower-middle income,2018,8742.5491991216,98.2866521653154,16.4,95.2185733603862,98.0,96.0,2.329,95.8162707017891,82.53038788,,15.6,71.999,2.713,50.5814971923828,,8.818,0.921,65.1,0.97,0.318,0.52,0.825,0.209
UZB,Uzbekistan,ECS,Lower-middle income,2019,9169.01147508351,98.2569298360836,15.7,95.6274388152752,96.0,98.0,2.322,95.9392204824787,98.6240387,,14.9,72.093,2.869,50.5920104980469,6.154,8.853,0.915,65.4,0.97,0.304,0.511,0.845,0.22
UZB,Uzbekistan,ECS,Lower-middle income,2020,9145.23119844239,98.615310525126,15.1,95.9578060001248,95.0,99.0,2.31,96.0621184881157,120.29019165,,14.4,71.461,3.062,50.7670402526855,,8.853,0.915,,0.97,0.304,0.511,0.845,0.22
VCT,St. Vincent and the Grenadines,LCN,Upper-middle income,2005,12320.0710011077,113.448951721191,22.8,96.2393271059169,99.0,97.0,0.655,74.6608057101443,197.63206482,,19.8,70.454,2.068,45.4681221654846,,,,,,,,,
VCT,St. Vincent and the Grenadines,LCN,Upper-middle income,2006,13233.4068930431,110.253177642822,22.8,96.3994046363042,99.0,99.0,0.655,76.2797356313722,209.83639526,,19.9,70.434,2.033,45.5853616874371,,,,,,,,,
VCT,St. Vincent and the Grenadines,LCN,Upper-middle income,2007,13732.3622591495,107.057403564453,22.7,96.5601560637543,99.0,99.0,0.655,77.9089003654313,244.32910156,,19.9,70.446,2.063,45.7034351404912,,,,,,,,,
VCT,St. Vincent and the Grenadines,LCN,Upper-middle income,2008,13850.3936790063,107.748870849609,22.4,96.7215983096393,99.0,99.0,0.655,79.5483293300492,256.13983154,,19.7,70.611,2.15,45.8223405756329,,,,,,,,,
VCT,St. Vincent and the Grenadines,LCN,Upper-middle income,2009,13723.7838252622,106.775047302246,22.0,96.8837370497035,99.0,99.0,0.655,81.1977080162168,264.6159668,,19.4,70.712,2.174,45.9420760438477,,,,,,,,,
VCT,St. Vincent and the Grenadines,LCN,Upper-middle income,2010,13175.7230154228,106.8388671875,21.4,97.0465791396489,99.0,99.0,0.655,82.8568333078063,281.91867065,,18.9,70.66,2.144,46.0626395961215,,,,,,,,,
VCT,St. Vincent and the Grenadines,LCN,Upper-middle income,2011,13168.8964291743,102.390617370605,20.7,97.2101310501317,96.0,97.0,0.7965,84.5254997766492,276.15722656,,18.3,70.609,2.076,46.18402928344,,,,,,,,,
VCT,St. Vincent and the Grenadines,LCN,Upper-middle income,2012,13397.9632982701,109.249149458027,19.9,97.3744027323459,96.0,94.0,0.938,86.2035023550135,298.78082275,,17.6,70.539,2.113,46.3063114823836,,,,,,,,,
VCT,St. Vincent and the Grenadines,LCN,Upper-middle income,2013,13804.1837951887,110.921835520417,19.1,97.5393846955351,97.0,99.0,0.938,87.8905519339678,300.01953125,,16.9,70.091,2.106,46.4319347036311,,,,,,,,,
VCT,St. Vincent and the Grenadines,LCN,Upper-middle income,2014,14040.2460690452,112.041054739653,18.2,97.7051158263288,98.0,99.0,0.938,89.586601063137,299.33129883,,16.2,70.355,2.141,46.5579930468544,,,,,,,,,
VCT,St. Vincent and the Grenadines,LCN,Upper-middle income,2015,14508.8609465459,113.448802852776,17.4,97.7108598901837,99.0,99.0,0.938,89.6149399647848,302.58422852,,15.5,70.463,2.133,46.6845638727475,,,,,,,,,
VCT,St. Vincent and the Grenadines,LCN,Upper-middle income,2016,15197.7482513352,113.22846828262,16.6,97.716640114989,99.0,99.0,0.938,89.6434827883976,313.66229248,,14.8,70.7,2.055,46.8116589511271,,,,,,,,,
VCT,St. Vincent and the Grenadines,LCN,Upper-middle income,2017,15533.2212821544,113.04347826087,15.8,97.7224514289518,99.0,99.0,0.938,89.6721678912107,337.89614868,,14.1,71.013,1.94,46.9392900518098,,,,,,,,,
VCT,St. Vincent and the Grenadines,LCN,Upper-middle income,2018,16139.0661084965,115.120844603438,15.0,97.7283062747314,97.0,99.0,0.938,89.7010629819102,358.53372192,,13.5,71.017,1.9,47.0674689446123,,,,,,,,,
VCT,St. Vincent and the Grenadines,LCN,Upper-middle income,2019,16365.3255785124,113.97168732964,14.3,97.7283062747314,97.0,99.0,0.938,89.7010629819102,372.05615234,,12.8,70.994,1.864,47.1962073993512,,,,,,,,,
VCT,St. Vincent and the Grenadines,LCN,Upper-middle income,2020,15763.7054382539,115.484843112923,13.6,97.7283062747314,97.0,99.0,0.938,89.7010629819102,406.3571167,,12.2,69.605,1.83,47.3255171858432,,,,,,,,,
VEN,"Venezuela, RB",LCN,Lower-middle income,2005,,102.275398254395,18.5,96.3422236087065,87.0,76.0,1.664,89.1256198268765,164.68154907,49.3,15.3,73.075,2.629,88.638673298371,7.17,9.313,0.955,65.4,0.838,-0.031,0.72,0.8190000000000001,0.233
VEN,"Venezuela, RB",LCN,Lower-middle income,2006,,102.063499450684,17.9,96.1651287487491,71.0,82.0,1.664,89.6709119534588,164.68154907,44.7,14.8,72.972,2.595,88.6870816028803,,9.46,0.946,65.46,0.7979999999999999,-0.031,0.6459999999999999,0.8590000000000001,0.178
VEN,"Venezuela, RB",LCN,Lower-middle income,2007,,103.891387939453,17.4,95.9880338887916,62.0,87.0,1.664,90.2162040800412,164.68154907,44.7,14.5,73.348,2.524,88.7282308562487,,9.5805,0.9339999999999999,,0.738,-0.128,0.7109999999999999,0.8305,0.20099999999999996
VEN,"Venezuela, RB",LCN,Lower-middle income,2008,,101.032890319824,17.2,95.8109390288342,50.0,93.0,1.664,90.7614962066235,164.68154907,44.7,14.4,72.578,2.475,88.7615723567652,6.257999999999999,9.701,0.922,65.58,0.6779999999999999,-0.225,0.7759999999999999,0.802,0.2239999999999999
VEN,"Venezuela, RB",LCN,Lower-middle income,2009,,101.235862731934,17.1,95.6338441688768,84.0,87.0,1.664,91.3067883332061,164.68154907,44.7,14.4,72.785,2.422,88.7865574027187,,9.542,0.945,65.64,0.677,-0.1159999999999999,0.828,0.825,0.18
VEN,"Venezuela, RB",LCN,Lower-middle income,2010,,100.685157775879,17.2,95.4567493089194,78.0,79.0,1.664,91.8520804597885,164.68154907,44.7,14.5,73.092,2.396,88.8026372923982,7.478,9.717,0.932,65.7,0.768,-0.155,0.754,0.862,0.13
VEN,"Venezuela, RB",LCN,Lower-middle income,2011,,100.664756774902,17.4,95.279654448962,78.0,86.0,1.664,92.3973725863708,164.68154907,44.7,14.8,73.09,2.398,88.8079278904659,,9.822,0.931,65.74,0.7659999999999999,-0.226,0.772,0.828,0.1989999999999999
VEN,"Venezuela, RB",LCN,Lower-middle income,2012,,100.787887573242,17.6,95.1025595890046,81.0,87.0,1.664,92.9426647129532,164.68154907,44.7,15.1,73.086,2.379,88.8401868543141,7.067,9.826,0.932,65.78,0.804,-0.193,0.743,0.858,0.176
VEN,"Venezuela, RB",LCN,Lower-middle income,2013,,101.162292480469,17.9,94.9254647290471,82.0,85.0,1.664,93.4879568395357,164.68154907,44.7,15.4,73.076,2.334,88.8786817039721,6.553,9.739,0.8959999999999999,65.82,0.642,-0.22,0.8370000000000001,0.84,0.238
VEN,"Venezuela, RB",LCN,Lower-middle income,2014,,100.276649475098,18.3,94.7483698690897,78.0,89.0,1.664,94.0332489661181,164.68154907,44.7,15.8,72.837,2.296,88.9163913525251,6.136,9.557,0.904,65.86,0.57,-0.1989999999999999,0.8270000000000001,0.8109999999999999,0.244
VEN,"Venezuela, RB",LCN,Lower-middle income,2015,,99.8761825561523,19.1,94.5712750091323,87.0,92.0,1.664,94.5785410927004,164.68154907,44.7,16.5,73.004,2.253,88.9539804079292,,9.001,0.911,65.9,0.512,-0.1169999999999999,0.813,0.867,0.223
VEN,"Venezuela, RB",LCN,Lower-middle income,2016,,97.506591796875,24.2,94.3941801491749,84.0,88.0,1.664,95.1238332192828,164.68154907,44.7,21.2,72.002,2.217,88.9914428378712,,9.01,0.902,66.1,0.4579999999999999,-0.155,0.89,0.688,0.392
VEN,"Venezuela, RB",LCN,Lower-middle income,2017,,97.506591796875,24.2,94.2170852892175,66.0,96.0,1.664,95.6691253458652,164.68154907,44.7,21.2,71.903,2.183,89.0287726100378,5.071000000000001,9.073,0.8959999999999999,66.3,0.636,-0.1689999999999999,0.8440000000000001,0.726,0.363
VEN,"Venezuela, RB",LCN,Lower-middle income,2018,,97.506591796875,24.2,94.0399904292601,60.0,74.0,1.664,96.2144174724477,164.68154907,44.7,21.2,72.641,2.151,89.0659636921159,5.006,9.073,0.887,66.5,0.611,-0.1689999999999999,0.828,0.759,0.374
VEN,"Venezuela, RB",LCN,Lower-middle income,2019,,97.506591796875,24.2,93.8628955693026,64.0,93.0,1.664,96.7597095990301,112.72974396,44.7,21.2,72.766,2.131,89.1030100517924,5.081,9.073,0.888,66.7,0.626,-0.1689999999999999,0.8390000000000001,0.7609999999999999,0.351
VEN,"Venezuela, RB",LCN,Lower-middle income,2020,,97.506591796875,24.2,93.6858007093452,54.0,76.0,1.664,96.9860648116858,153.21711731,44.7,21.2,72.369,2.116,89.1399056567545,,9.073,0.805,66.9,0.612,-0.1689999999999999,0.8109999999999999,0.722,0.396
VGB,British Virgin Islands,LCN,High income,2005,,109.234832763672,15.9,97.2034246575344,,,,96.8155238492771,,,14.0,75.569,1.34,43.741214134139,,,,,,,,,
VGB,British Virgin Islands,LCN,High income,2006,,108.500366210938,15.8,97.5835616438357,,,,96.8215889399056,,,13.9,75.745,1.234,44.2181116035727,,,,,,,,,
VGB,British Virgin Islands,LCN,High income,2007,,112.366188049316,15.7,97.9636986301371,,,,96.8276540305341,,,13.9,75.893,1.312,44.7167266908574,,,,,,,,,
VGB,British Virgin Islands,LCN,High income,2008,,112.3209228515625,15.7,98.3438356164385,,,,96.8337191211627,,,14.0,76.07,1.272,45.2370503473687,,,,,,,,,
VGB,British Virgin Islands,LCN,High income,2009,,112.275657653809,15.6,98.7239726027398,,,,96.8397842117912,,,14.0,76.205,1.23,45.7790735229619,,,,,,,,,
VGB,British Virgin Islands,LCN,High income,2010,,111.455431754875,15.6,99.1041095890412,,,,96.8458493024197,,,14.0,76.289,1.183,46.3427871662626,,,,,,,,,
VGB,British Virgin Islands,LCN,High income,2011,,108.731808731809,15.6,99.4842465753426,,,,96.8519143930482,,,14.1,76.363,1.268,46.9281822248936,,,,,,,,,
VGB,British Virgin Islands,LCN,High income,2012,,104.872389791183,15.6,99.8643835616439,,,,96.8579794836767,,,14.1,76.433,1.103,47.5352496456526,,,,,,,,,
VGB,British Virgin Islands,LCN,High income,2013,,101.782871696912,15.6,99.8643835616439,,,,96.8579794836767,,,14.1,76.472,1.086,48.1639803746541,,,,,,,,,
VGB,British Virgin Islands,LCN,High income,2014,,97.7333730987176,15.6,99.8643835616439,,,,96.8579794836767,,,14.2,76.527,1.235,48.8143653574427,,,,,,,,,
VGB,British Virgin Islands,LCN,High income,2015,,96.3834672789897,15.5,99.8643835616439,,,,96.8579794836767,,,14.1,76.558,1.186,49.4863955390847,,,,,,,,,
VGB,British Virgin Islands,LCN,High income,2016,,91.9933277731443,15.2,99.8643835616439,,,,96.8579794836767,,,13.9,76.624,0.987,50.1800618642422,,,,,,,,,
VGB,British Virgin Islands,LCN,High income,2017,,100.15019525383,14.9,99.8643835616439,,,,96.8579794836767,,,13.6,75.67,0.873,50.8953552772346,,,,,,,,,
VGB,British Virgin Islands,LCN,High income,2018,,78.5891858297079,14.9,99.8643835616439,,,,96.8579794836767,,,13.4,76.728,0.905,51.6322667220883,,,,,,,,,
VGB,British Virgin Islands,LCN,High income,2019,,85.2448853068816,14.9,99.8643835616439,,,,96.8579794836767,,,13.4,76.845,0.941,52.3907871425786,,,,,,,,,
VGB,British Virgin Islands,LCN,High income,2020,,86.852207293666,14.9,99.8643835616439,,,,96.8579794836767,,,13.4,76.894,0.975,53.1709074822645,,,,,,,,,
VIR,Virgin Islands (U.S.),LCN,High income,2005,57838.0977142823,,,98.7174653474566,,,,99.089409741491,,,,77.4219512195122,2.24,93.9100783822029,,,,,,,,,
VIR,Virgin Islands (U.S.),LCN,High income,2006,59911.7224453162,,,98.7614779915338,,,,99.099378700016,,,,78.3243902439024,2.03,94.0875454279337,,,,,,,,,
VIR,Virgin Islands (U.S.),LCN,High income,2007,62332.9445371347,,,98.805490635611,,,,99.109347658541,,,,76.8634146341463,2.235,94.2409825406024,,,,,,,,,
VIR,Virgin Islands (U.S.),LCN,High income,2008,63057.6263123638,,,98.8495032796881,,,,99.119316617066,,,,77.1634146341463,2.44,94.3718227372483,,,,,,,,,
VIR,Virgin Islands (U.S.),LCN,High income,2009,58895.3056899496,,,98.8935159237653,,,,99.129285575591,,,,77.5146341463415,2.37,94.4814990349105,,,,,,,,,
VIR,Virgin Islands (U.S.),LCN,High income,2010,59272.2456856343,,,98.9375285678425,,,,99.1392545341161,,,,77.8658536585366,2.3,94.5724392667003,,,,,,,,,
VIR,Virgin Islands (U.S.),LCN,High income,2011,54443.0686942498,,,98.9815412119196,,,,99.1492234926411,,,,78.3170731707317,2.16,94.6553578863453,,,,,,,,,
VIR,Virgin Islands (U.S.),LCN,High income,2012,46422.4151236223,,,99.0255538559968,,,,99.1591924511661,,,,78.5170731707317,2.06,94.7353591077883,,,,,,,,,
VIR,Virgin Islands (U.S.),LCN,High income,2013,43563.8864931407,,,99.069566500074,,,,99.1691614096911,,,,78.7170731707317,2.08,94.8105958193224,,,,,,,,,
VIR,Virgin Islands (U.S.),LCN,High income,2014,42853.8986599185,,,99.1135791441512,,,,99.1791303682161,,,,78.8682926829268,2.09,94.8797070702488,,,,,,,,,
VIR,Virgin Islands (U.S.),LCN,High income,2015,42739.0835022993,,,99.1575917882283,,,,99.1890993267411,,,,79.0170731707317,2.11,94.9413319098685,,,,,,,,,
VIR,Virgin Islands (U.S.),LCN,High income,2016,43502.4336941564,,,99.2016044323055,,,,99.1990682852662,,,,79.1682926829268,2.09,94.9941093874829,,,,,,,,,
VIR,Virgin Islands (U.S.),LCN,High income,2017,43277.1546523522,,,99.2456170763827,,,,99.2090372437912,,,,79.3682926829268,2.08,95.0366785523929,,,,,,,,,
VIR,Virgin Islands (U.S.),LCN,High income,2018,44205.4071324394,,,99.2896297204598,,,,99.2190062023162,,,,79.5195121951219,2.06,95.0676784538999,,,,,,,,,
VIR,Virgin Islands (U.S.),LCN,High income,2019,45632.6364715693,,,99.333642364537,,,,99.2289751608412,,,,79.6682926829268,2.05,95.0857481413049,,,,,,,,,
VIR,Virgin Islands (U.S.),LCN,High income,2020,45055.7829303523,,,99.3776550086142,,,,99.2389441193662,,,,79.819512195122,2.03,95.0974024521293,,,,,,,,,
VNM,Viet Nam,EAS,Upper-middle income,2005,5776.36304451268,104.89729309082,25.4,84.7504123379551,95.0,95.0,0.635,58.966321324654,38.96974945,35.8,18.5,73.198,1.887,27.4285898187702,,8.335,0.888,,0.8859999999999999,0.015,0.754,0.682,0.204
VNM,Viet Nam,EAS,Upper-middle income,2006,6098.24495436514,103.91251373291,24.8,85.5499500318679,94.0,93.0,0.643,61.0003176611455,46.86905289,35.8,18.0,73.293,1.873,28.0458290558422,5.294,8.335,0.888,65.86,0.8859999999999999,0.015,0.754,0.682,0.204
VNM,Viet Nam,EAS,Upper-middle income,2007,6418.54381402878,102.282257080078,24.3,86.3421129091112,92.0,92.5,0.655,63.0278584517406,54.40701294,35.7,17.6,73.385,1.911,28.6456370509099,5.422000000000001,8.394,0.856,66.02,0.918,0.089,0.754,0.588,0.206
VNM,Viet Nam,EAS,Upper-middle income,2008,6659.13561432065,100.98104095459,23.8,87.1265536349234,93.0,92.0,0.673,65.0481671536166,64.433815,35.6,17.3,73.455,1.933,29.2198330128693,5.48,8.44,0.805,66.18,0.889,0.201,0.789,0.665,0.218
VNM,Viet Nam,EAS,Upper-middle income,2009,6914.33863589545,100.057693481445,23.4,87.9033221889861,96.0,97.0,0.703,67.0613483120441,69.82720184,35.6,17.0,73.525,1.92,29.7581347355675,5.303999999999999,8.482999999999999,0.815,66.34,0.8340000000000001,-0.062,0.838,0.583,0.19
VNM,Viet Nam,EAS,Upper-middle income,2010,7274.73310698016,100.919677734375,23.1,88.6734023519778,93.0,98.0,0.714,69.0697259411946,85.36088562,35.6,16.7,73.611,1.906,30.2504027258526,5.296,8.535,0.787,66.5,0.831,-0.006,0.743,0.685,0.216
VNM,Viet Nam,EAS,Upper-middle income,2011,7652.61895672271,101.384051611447,22.8,89.4349602173231,95.0,96.0,0.7689999999999999,71.0691084361626,97.05238342,35.6,16.4,73.713,1.927,30.6996041680996,5.767,8.585,0.898,66.66,0.818,0.105,0.742,0.532,0.193
VNM,Viet Nam,EAS,Upper-middle income,2012,7979.86828926858,102.054953695526,22.5,90.1878966419353,97.0,96.0,0.824,73.0592696760739,109.29483795,35.6,16.2,73.762,1.967,31.1222779403029,5.535,8.626,0.775,66.82,0.856,-0.11,0.815,0.615,0.221
VNM,Viet Nam,EAS,Upper-middle income,2013,8324.19871250047,102.262367182756,22.3,90.9316441418206,96.0,98.0,0.8035,75.0388383321338,104.10972595,35.2,16.0,73.821,1.98,31.5334201724543,5.023,8.668,0.759,66.98,0.92,-0.027,0.7709999999999999,0.718,0.165
VNM,Viet Nam,EAS,Upper-middle income,2014,8751.88280634375,103.083557760139,22.0,91.6663943913083,95.0,97.0,0.783,77.008286684504,119.44549561,34.8,15.7,73.886,2.09,31.9480269945454,5.085,8.716000000000001,0.792,67.14,0.9113333333333333,0.0,0.7803333333333333,0.701,0.241
VNM,Viet Nam,EAS,Upper-middle income,2015,9248.02396069622,103.278372065069,21.6,92.3918615614749,97.0,97.0,0.795,78.9669212576084,121.43981171,35.05,15.5,73.955,2.1,32.3810945365679,5.0760000000000005,8.77,0.8490000000000001,67.3,0.9026666666666667,0.086,0.7896666666666666,0.642,0.2319999999999999
VNM,Viet Nam,EAS,Upper-middle income,2016,9743.1882231455,105.947597481197,21.3,93.1077859229268,96.0,99.0,0.825,80.9140981082283,133.1960144,35.3,15.2,73.984,2.0,32.8476189285136,5.062,8.82,0.8759999999999999,67.5,0.894,-0.09,0.799,0.536,0.223
VNM,Viet Nam,EAS,Upper-middle income,2017,10290.5487142244,104.437659436385,20.9,93.8136963360805,94.0,97.0,0.853,82.8485783033642,147.51425171,35.5,14.9,74.026,1.985,33.3625963003742,5.175,8.876,0.854,67.7,0.9015,-0.06549999999999995,0.8035,0.6140000000000001,0.20700000000000002
VNM,Viet Nam,EAS,Upper-middle income,2018,10936.8937859558,104.190504718464,20.5,94.8327946840432,91.5,97.0,0.881,84.7702960974693,161.97871399,35.7,14.5,74.1,1.88,33.9410227821412,5.296,8.934,0.8320000000000001,67.9,0.909,-0.0409999999999999,0.8079999999999999,0.6920000000000001,0.191
VNM,Viet Nam,EAS,Upper-middle income,2019,11628.6139147451,103.337272102979,20.0,95.6342556825242,89.0,95.0,0.99,86.6789932516384,171.15296936,36.25,14.1,74.211,1.943,34.6239134999511,5.4670000000000005,8.992,0.848,68.1,0.952,-0.126,0.7879999999999999,0.7509999999999999,0.186
VNM,Viet Nam,EAS,Upper-middle income,2020,11851.3965685649,102.847744602601,19.5,96.2941639364055,94.0,97.0,0.856,88.5744092568809,153.10160828,36.8,13.7,75.383,1.957,35.5706676299742,,8.992,0.848,,0.952,-0.126,0.7879999999999999,0.7509999999999999,0.186
VUT,Vanuatu,EAS,Lower-middle income,2005,3517.84619857461,117.433708190918,24.5,85.7460412564871,68.0,54.0,0.118,54.6248564154339,61.93361664,37.4,19.9,69.166,4.133,23.0020186653551,,,,,,,,,
VUT,Vanuatu,EAS,Lower-middle income,2006,3724.24741699945,112.991249084473,24.1,85.8467063690572,68.0,53.0,0.118,54.315607363214,67.60163116,37.4,19.5,69.126,4.1,23.2888338847199,,,,,,,,,
VUT,Vanuatu,EAS,Lower-middle income,2007,3738.66656241804,114.875457763672,23.5,85.9465127885309,70.0,56.0,0.118,54.001715264459,72.5284729,37.4,19.1,69.144,4.117,23.5955155378332,,,,,,,,,
VUT,Vanuatu,EAS,Lower-middle income,2008,3850.27902468628,116.41520690918,22.7,86.0456045932054,73.0,62.0,0.115,53.6833095586201,81.72294617,37.4,18.5,69.302,4.159,23.9280261965467,,,,,,,,,
VUT,Vanuatu,EAS,Lower-middle income,2009,3867.75799280135,115.380256652832,21.9,86.1439821313049,75.0,65.0,0.1325,53.3603409473561,82.80382538,37.4,17.9,69.422,4.157,24.2861753285463,,,,,,,,,
VUT,Vanuatu,EAS,Lower-middle income,2010,3825.75653571613,122.730741733738,21.1,86.2227390856151,77.0,71.0,0.15,53.0140862870426,99.27418518,37.4,17.3,69.57,4.126,24.742504119873,,,,,,,,,
VUT,Vanuatu,EAS,Lower-middle income,2011,3861.18223002309,123.12929365480667,20.3,86.2892357957447,79.0,75.0,0.16749999999999998,52.6540863123359,113.80240631,36.83333333333333,16.7,69.729,4.093,24.7861634049013,,,,,,,,,
VUT,Vanuatu,EAS,Lower-middle income,2012,3815.41895246816,123.52784557587533,19.7,86.3550557716608,82.0,80.0,0.185,52.2923051836702,118.27751923,36.266666666666666,16.2,69.898,4.059,24.8183551383933,,,,,,,,,
VUT,Vanuatu,EAS,Lower-middle income,2013,3748.76509025679,123.926397496944,19.2,86.4200452584369,84.0,84.0,0.181,51.9285986324004,130.88458252,35.699999999999996,15.8,69.986,4.039,24.8407362750263,,,,,,,,,
VUT,Vanuatu,EAS,Lower-middle income,2014,3779.64941165998,122.9038954647805,18.8,86.4842118882778,86.0,90.0,0.177,51.5629765041894,108.2263031,35.13333333333333,15.5,70.043,3.999,24.8549637694775,,,,,,,,,
VUT,Vanuatu,EAS,Lower-middle income,2015,3825.81231400229,121.881393432617,18.6,86.547558622675,80.0,76.0,0.17300000000000001,51.1954457861803,118.71543121,34.56666666666666,15.4,70.163,3.952,24.8626945764242,,,,,,,,,
VUT,Vanuatu,EAS,Lower-middle income,2016,3877.08354643548,122.78767888362626,18.4,86.6102249410462,81.0,84.0,0.169,50.826109673151,88.35998535,34.0,15.3,70.397,3.915,24.8654875642873,,,,,,,,,
VUT,Vanuatu,EAS,Lower-middle income,2017,3947.67824193203,123.6939643346355,18.3,86.6720700625573,85.0,80.0,0.15300000000000002,50.4548604763526,91.04128265,33.43333333333333,15.2,70.5,3.875,24.7644441456437,,,,,,,,,
VUT,Vanuatu,EAS,Lower-middle income,2018,3951.18453122592,124.60024978564475,18.2,86.734509639606,85.0,75.0,0.137,50.0825530456951,110.32492065,32.86666666666666,15.2,70.626,3.834,24.2729727045038,,,,,,,,,
VUT,Vanuatu,EAS,Lower-middle income,2019,3986.65620021472,125.506535236654,18.1,86.7973816608414,90.0,80.0,0.164,49.7088902543103,112.13746643,32.3,15.1,70.783,3.79,23.5024668917075,,,,,,,,,
VUT,Vanuatu,EAS,Lower-middle income,2020,3671.97390565303,125.124809265137,18.1,86.8609488493879,78.0,78.0,0.164,49.3338166328635,125.41011047,32.3,15.1,70.385,3.738,22.4186852094794,,,,,,,,,
WSM,Samoa,EAS,Upper-middle income,2005,5915.6475736791,102.360328674316,19.0,87.4968982222586,59.0,57.0,0.267,92.2057450024926,121.24176788,42.0,15.0,71.487,4.322,21.2352904191687,,,,,,,,,
WSM,Samoa,EAS,Upper-middle income,2006,6018.2480546697,102.457702636719,19.0,87.7333448331469,50.0,54.0,0.327,92.4608198651495,133.41867065,42.0,15.0,71.62,4.322,20.9567957063672,,,,,,,,,
WSM,Samoa,EAS,Upper-middle income,2007,6014.046762066,103.185127258301,19.0,87.9688973034704,65.0,63.0,0.387,92.7164186931518,147.84771729,42.0,15.1,71.605,4.358,20.6944481303605,,,,,,,,,
WSM,Samoa,EAS,Upper-middle income,2008,6183.55546849942,103.064018249512,19.0,88.203619647933,39.0,44.0,0.447,92.9725367356222,156.89399719,42.0,15.1,71.531,4.417,20.4038457706991,,,,,,,,,
WSM,Samoa,EAS,Upper-middle income,2009,6104.90962936041,102.942909240723,19.05,88.4375945793653,64.0,45.0,0.3895,93.2291209433411,172.45288086,41.34,15.149999999999999,69.486,4.466,20.1045321482817,,,,,,,,,
WSM,Samoa,EAS,Upper-middle income,2010,6428.13508590333,107.650732168777,19.1,88.6708392965086,78.0,56.0,0.332,93.4861794457482,185.43850708,40.68,15.2,71.451,4.52,19.8302101862085,,,,,,,,,
WSM,Samoa,EAS,Upper-middle income,2011,6617.61889509588,104.303479903574,19.0,88.903392297442,82.0,59.0,0.376,93.7437084843245,211.88684082,40.02,15.2,71.393,4.56,19.6174273708146,,,,,,,,,
WSM,Samoa,EAS,Upper-middle income,2012,6312.76944621145,104.036920795239,18.8,89.1355150319512,82.0,76.0,0.42000000000000004,94.0015585083901,197.01564026,39.36,15.1,71.159,4.545,19.478718368689,,,,,,,,,
WSM,Samoa,EAS,Upper-middle income,2013,6263.12610411359,105.3420420033455,18.7,90.0360750251158,84.0,92.0,0.464,94.2598072441115,247.41108704,38.7,15.0,71.229,4.491,19.3865949620667,,,,,,,,,
WSM,Samoa,EAS,Upper-middle income,2014,6248.70534550413,106.647163211452,18.5,90.9382375010808,78.0,85.0,0.41900000000000004,94.5185492730746,252.30943298,38.7,14.9,71.142,4.423,19.3126679480432,,,,,,,,,
WSM,Samoa,EAS,Upper-middle income,2015,6433.1839621351,107.081187816349,18.3,91.8420321668066,80.0,75.0,0.374,94.7777698879904,232.50479126,38.7,14.8,71.06,4.344,19.2340105383551,,,,,,,,,
WSM,Samoa,EAS,Upper-middle income,2016,6888.18769751001,107.318115040963,18.1,92.7474260962852,74.0,75.0,0.329,95.0374675364972,238.35044861,38.7,14.6,71.003,4.262,19.126462366749,,,,,,,,,
WSM,Samoa,EAS,Upper-middle income,2017,6919.90225366914,106.410464540724,17.8,93.6544245395326,67.0,67.0,0.4053333333333334,95.2976717259871,220.82336426,38.7,14.5,70.991,4.196,18.9657191879831,,,,,,,,,
WSM,Samoa,EAS,Upper-middle income,2018,6805.91709392797,103.775300035196,17.5,94.5630996694418,44.0,40.0,0.4816666666666667,95.5585181223598,200.40919495,38.7,14.2,71.052,4.136,18.7241267935467,,,,,,,,,
WSM,Samoa,EAS,Upper-middle income,2019,7034.42233036815,103.104626360701,20.0,95.4736980021055,68.0,96.0,0.558,95.8200173728915,242.91064453,38.7,14.9,70.269,4.061,18.4147344481283,,,,,,,,,
WSM,Samoa,EAS,Upper-middle income,2020,6746.15667963109,101.994834813153,16.7,96.3864371758172,89.0,66.0,0.562,96.0821241161349,252.77748108,38.7,14.9,70.727,4.002,18.0516608994722,,,,,,,,,
XKX,Kosovo,ECS,Upper-middle income,2005,7098.40301909042,,30.6,,,,,,,31.2,27.8,73.437,2.623,37.627884150598,,8.927999999999999,0.848,,0.381,0.144,0.894,0.655,0.237
XKX,Kosovo,ECS,Upper-middle income,2006,7098.40301909042,,28.0,,,,,,,30.3,25.4,73.63,2.494,37.6697481182649,,8.927999999999999,0.848,,0.381,0.144,0.894,0.655,0.237
XKX,Kosovo,ECS,Upper-middle income,2007,7098.40301909042,,25.7,,,,,,,30.8,23.4,74.422,2.393,37.7193962866165,5.104,8.927999999999999,0.848,,0.381,0.144,0.894,0.655,0.237
XKX,Kosovo,ECS,Upper-middle income,2008,7098.40301909042,,23.6,,,,,,,31.3,21.5,74.711,2.359,37.7783181358957,,8.981,0.884,,0.4435,0.09,0.8490000000000001,0.6265000000000001,0.318
XKX,Kosovo,ECS,Upper-middle income,2009,7481.45889832785,,21.7,,,,,,,31.8,19.8,74.79,2.317,37.8480031463455,5.891,9.008,0.83,,0.506,0.201,0.968,0.598,0.1689999999999999
XKX,Kosovo,ECS,Upper-middle income,2010,7877.10199850556,,20.1,,,,,,,33.3,18.3,74.609,2.223,37.929940798209,5.1770000000000005,9.033,0.708,,0.451,0.17,0.967,0.695,0.118
XKX,Kosovo,ECS,Upper-middle income,2011,8359.93621479336,,18.7,,,,,,,27.8,17.0,75.323,2.038,38.0255184272137,,9.067,0.759,,0.589,0.004,0.919,0.696,0.124
XKX,Kosovo,ECS,Upper-middle income,2012,8431.66232694657,,17.4,,,,,,,29.0,15.9,75.75,1.969,38.2296959226488,5.64,9.086,0.757,,0.636,0.027,0.95,0.596,0.1
XKX,Kosovo,ECS,Upper-middle income,2013,8828.27683251638,,16.3,,,,,,,26.3,14.8,76.336,1.953,38.6251749487938,6.126,9.113,0.721,,0.568,0.115,0.935,0.6920000000000001,0.203
XKX,Kosovo,ECS,Upper-middle income,2014,9150.74997293883,,15.2,,,,,,,27.3,13.9,76.179,1.87,39.1938922761744,5.0,9.129,0.706,,0.441,0.012,0.775,0.636,0.206
XKX,Kosovo,ECS,Upper-middle income,2015,9824.99105955319,,14.3,,,,,,,26.5,13.1,76.024,1.763,39.917681154075,5.077,9.182,0.805,,0.561,0.181,0.851,0.753,0.18
XKX,Kosovo,ECS,Upper-middle income,2016,10434.8888259268,,13.4,,,,,,,26.7,12.3,76.748,1.641,40.7783748317802,,9.228,0.8240000000000001,,0.8270000000000001,0.125,0.941,0.7040000000000001,0.15
XKX,Kosovo,ECS,Upper-middle income,2017,10856.2902074239,,12.6,,,,,,,44.2,11.5,77.105,1.618,41.7578065585746,,9.262,0.792,,0.858,0.1169999999999999,0.925,0.738,0.186
XKX,Kosovo,ECS,Upper-middle income,2018,11188.2244627966,,11.9,,,,,,,44.6,10.8,77.117,1.581,42.8378095837429,,9.296,0.8220000000000001,,0.89,0.2689999999999999,0.922,0.778,0.17
XKX,Kosovo,ECS,Upper-middle income,2019,11774.1178510908,,11.2,,,,,,,40.2,10.2,77.249,1.575,44.0002171565695,6.425,9.339,0.843,,0.841,0.247,0.92,0.7490000000000001,0.141
XKX,Kosovo,ECS,Upper-middle income,2020,11137.5028560404,,10.5,,,,,,,57.4,9.6,74.212,1.567,44.0002171565695,6.294,9.339,0.792,,0.88,0.247,0.91,0.726,0.201
YEM,"Yemen, Rep.",MEA,Low income,2005,,79.4165573120117,70.6,44.0403246300673,79.0,73.0,0.275,46.737084522042,38.27000809,34.7,58.8,65.356,4.63,28.8523786558834,,8.214,0.825,,0.6729999999999999,0.011,0.8320000000000001,0.5920000000000001,0.379
YEM,"Yemen, Rep.",MEA,Low income,2006,,78.91756947835287,66.9,45.5579291881896,78.0,65.0,0.275,47.6441864752994,44.81512451,34.922222222222224,55.9,65.8,4.63,29.2379493450977,,8.214,0.825,,0.6729999999999999,0.011,0.8320000000000001,0.5920000000000001,0.379
YEM,"Yemen, Rep.",MEA,Low income,2007,,78.41858164469403,63.4,47.0920975832171,79.0,71.0,0.275,48.5478342567652,51.83703613,35.144444444444446,53.2,66.23,4.63,29.6091538946366,4.477,8.214,0.825,53.4,0.6729999999999999,0.011,0.8320000000000001,0.5920000000000001,0.379
YEM,"Yemen, Rep.",MEA,Low income,2008,,77.9195938110352,60.2,48.6422261965066,78.0,69.0,0.275,49.4478001068261,61.74676514,35.36666666666667,50.8,66.609,4.63,29.9646637170333,,8.245999999999999,0.7905,,0.6585,-0.0205,0.8320000000000001,0.5875,0.3765
YEM,"Yemen, Rep.",MEA,Low income,2009,,77.8876762390137,57.5,50.2076979867372,76.0,65.0,0.275,50.3438521211975,58.02085114,35.58888888888889,48.6,66.905,4.63,30.3031502248211,4.809,8.277999999999999,0.7559999999999999,54.0,0.644,-0.052,0.8320000000000001,0.583,0.374
YEM,"Yemen, Rep.",MEA,Low income,2010,,77.8557586669922,55.0,51.787883376695,76.0,68.0,0.274,51.235755853278,59.60072327,35.81111111111112,46.7,67.223,4.63,30.6232848305331,4.35,8.453,0.727,54.3,0.659,-0.104,0.853,0.5820000000000001,0.308
YEM,"Yemen, Rep.",MEA,Low income,2011,,80.8095016479492,53.1,53.3817845403545,69.0,66.0,0.273,52.1227789441392,56.58930588,36.03333333333334,45.2,67.412,4.63,30.9237389467026,,8.336,0.6629999999999999,54.3,0.638,-0.173,0.754,0.503,0.285
YEM,"Yemen, Rep.",MEA,Low income,2012,,79.963249206543,51.6,54.9887784253918,67.0,63.0,0.272,53.0047122525844,64.67756653,36.25555555555556,44.0,67.569,4.633,31.2031839858628,4.061,8.236,0.682,54.3,0.706,-0.171,0.7929999999999999,0.502,0.263
YEM,"Yemen, Rep.",MEA,Low income,2013,,82.0730895996094,49.6,56.6085662979194,71.0,68.0,0.271,53.8818214244113,68.39746857,36.47777777777778,42.6,67.961,4.623,31.4427187944215,4.218,8.242,0.6940000000000001,54.3,0.5429999999999999,-0.179,0.885,0.5579999999999999,0.266
YEM,"Yemen, Rep.",MEA,Low income,2014,,80.37385304768884,48.7,58.2398155721422,70.0,64.0,0.27,54.7529231819499,83.48936462,36.7,41.8,68.003,4.62,31.8626162180918,,8.117,0.638,54.3,0.664,-0.157,0.885,0.611,0.276
YEM,"Yemen, Rep.",MEA,Low income,2015,,78.67461649576826,49.3,59.8822273662307,63.0,61.0,0.25433333333333336,55.6182996414083,88.40743256,36.7,41.6,66.761,4.617,32.3883178702702,2.983,7.858,0.669,54.3,0.61,-0.139,0.8290000000000001,0.507,0.321
YEM,"Yemen, Rep.",MEA,Low income,2016,,76.9753799438477,47.9,61.5348134587161,63.0,62.0,0.23866666666666667,56.4772672906306,75.22454071,36.7,40.7,67.105,4.613,32.9512008005236,3.826,7.715,0.775,55.1,0.5329999999999999,-0.151,0.8170000000000001,0.469,0.228
YEM,"Yemen, Rep.",MEA,Low income,2017,,76.9753799438477,47.5,63.1969435270972,59.0,56.0,0.223,57.3296474501288,87.29970551,36.7,40.1,67.12,4.61,33.5586912522175,3.254,7.577999999999999,0.79,55.9,0.595,-0.147,0.8049999999999999,0.455,0.295
YEM,"Yemen, Rep.",MEA,Low income,2018,,76.9753799438477,47.3,64.8676643206495,54.0,53.0,0.20733333333333331,58.1748003487901,143.68727112,36.7,39.7,65.915,4.607,34.2106045810864,3.0580000000000003,7.577999999999999,0.789,56.7,0.5529999999999999,-0.147,0.7929999999999999,0.461,0.315
YEM,"Yemen, Rep.",MEA,Low income,2019,,76.9753799438477,46.1,66.54663625928,60.0,54.0,0.19166666666666665,59.0129962088495,80.94759369,36.7,39.0,66.567,4.603,34.9067561732024,4.197,7.577999999999999,0.87,57.5,0.6509999999999999,-0.147,0.7979999999999999,0.5429999999999999,0.213
YEM,"Yemen, Rep.",MEA,Low income,2020,,76.9753799438477,43.4,68.2329200343338,57.0,53.0,0.176,59.8436190728003,65.17704773,36.7,37.6,66.435,4.6,35.7025604580302,,7.577999999999999,0.87,,0.6509999999999999,-0.147,0.7979999999999999,0.5429999999999999,0.213
ZAF,South Africa,SSF,Upper-middle income,2005,13444.2332126058,97.5326766967773,79.8,88.4775318362901,81.0,64.0,0.679,64.3920939153514,400.5355835,65.0,47.7,53.914,2.512,60.5276465215157,,9.386,0.913,,0.649,-0.084,0.8590000000000001,0.802,0.223
ZAF,South Africa,SSF,Upper-middle income,2006,13444.2332126058,98.6235504150391,76.9,88.9593651216847,84.0,69.0,0.679,65.1530628772458,417.91174316,64.16666666666667,46.0,54.22,2.548,60.5276465215157,5.084,9.386,0.913,48.02,0.649,-0.084,0.8590000000000001,0.802,0.223
ZAF,South Africa,SSF,Upper-middle income,2007,14016.2444716386,101.155158996582,71.2,89.4320344752116,85.0,68.0,0.679,65.9061304060194,455.17498779,63.333333333333336,44.0,54.948,2.545,61.1840533154988,5.204,9.426,0.7879999999999999,48.64,0.69,-0.158,0.8590000000000001,0.735,0.21
ZAF,South Africa,SSF,Upper-middle income,2008,14297.6887802632,102.36882019043,63.7,89.895824706748,82.0,73.0,0.679,66.6513463502515,442.10626221,62.5,41.0,55.982,2.679,61.7692983894896,,9.444,0.81,49.26,0.7490000000000001,-0.095,0.866,0.773,0.206
ZAF,South Africa,SSF,Upper-middle income,2009,13910.7017093394,102.598709106445,56.9,90.3498541806487,81.0,77.0,0.69,67.3878839823923,487.62774658,61.7,38.2,57.413,2.501,62.2592839131287,5.218,9.414,0.877,49.88,0.7390000000000001,-0.154,0.904,0.727,0.231
ZAF,South Africa,SSF,Upper-middle income,2010,14164.9958363115,103.439766353826,50.3,90.7948993263466,77.0,72.0,0.705,68.1161861329021,621.41906738,60.9,36.0,58.886,2.445,62.6299120560569,4.652,9.43,0.917,50.5,0.7390000000000001,-0.2019999999999999,0.7909999999999999,0.794,0.124
ZAF,South Africa,SSF,Upper-middle income,2011,14434.2611456048,104.046046582293,45.6,91.2307992186561,75.0,77.0,0.709,68.8359875393952,686.87243652,60.575,34.5,60.602,2.436,62.850627754452,,9.447,0.858,51.46,0.835,-0.154,0.8190000000000001,0.763,0.23
ZAF,South Africa,SSF,Upper-middle income,2012,14563.7624041032,104.707209964618,43.1,91.6578231075925,71.0,79.0,0.715,69.5473276761195,646.49920654,60.25,33.3,61.737,2.447,62.9616560303263,5.134,9.453,0.907,52.42,0.59,-0.163,0.838,0.7609999999999999,0.178
ZAF,South Africa,SSF,Upper-middle income,2013,14681.096638957,104.091085183075,41.4,92.0754416048639,81.0,78.0,0.729,70.2497373907273,593.80157471,59.925,32.1,62.388,2.428,63.0524024097034,3.661,9.461,0.8390000000000001,53.38,0.7140000000000001,-0.077,0.8,0.773,0.1669999999999999
ZAF,South Africa,SSF,Upper-middle income,2014,14643.3384782936,104.198023633162,39.7,92.4843371456174,85.0,84.0,0.74,70.9435261806792,539.30780029,59.6,30.7,63.184,2.424,63.1352327065742,4.828,9.464,0.8809999999999999,54.34,0.794,-0.1169999999999999,0.82,0.7979999999999999,0.243
ZAF,South Africa,SSF,Upper-middle income,2015,14541.6748613669,107.31211891045,38.2,92.2766813341795,85.0,86.0,0.763,71.6284763129344,491.90652466,59.6,29.3,64.053,2.359,63.2096349937231,4.887,9.46,0.898,55.3,0.862,-0.127,0.853,0.7809999999999999,0.161
ZAF,South Africa,SSF,Upper-middle income,2016,14501.2807823402,103.418217474354,36.8,92.0633898282653,85.0,84.0,0.753,72.3045193020221,456.56936646,59.6,28.0,64.749,2.261,63.2750973439347,4.77,9.45,0.875,55.7,0.774,-0.07,0.813,0.7859999999999999,0.301
ZAF,South Africa,SSF,Upper-middle income,2017,14573.5980840004,101.580084478322,35.7,91.844654961916,84.0,81.0,0.775,72.9715054204693,527.52026367,59.6,26.8,65.422,2.283,63.3311078299936,4.513999999999999,9.45,0.87,56.1,0.787,-0.129,0.865,0.785,0.268
ZAF,South Africa,SSF,Upper-middle income,2018,14553.5615668957,100.424313489355,34.9,91.6208678269317,82.0,81.0,0.742,73.6294078282668,558.80145264,59.6,25.8,65.726,2.27,63.3771545246841,4.884,9.444,0.841,56.5,0.753,-0.05,0.841,0.812,0.283
ZAF,South Africa,SSF,Upper-middle income,2019,14352.6698709871,101.120463910543,34.3,91.3923995625225,85.0,83.0,0.779,74.2781920666219,538.80438232,59.6,25.1,66.071,2.264,63.4127255007908,5.035,9.432,0.848,56.9,0.738,-0.134,0.82,0.8009999999999999,0.268
ZAF,South Africa,SSF,Upper-middle income,2020,13250.5666594456,101.300342707463,33.9,91.1598368082793,84.0,84.0,0.779,74.917857781457,503.46759033,59.6,24.5,65.15,2.257,63.4373088310982,4.947,9.432,0.8909999999999999,57.3,0.757,-0.015,0.912,0.82,0.294
ZMB,Zambia,SSF,Lower-middle income,2005,2564.47560965912,113.556289672852,102.7,52.2193583121082,82.0,85.0,0.055,24.5900224977226,44.99598694,54.6,60.2,51.615,5.697,37.2969823813059,,7.917999999999999,0.7979999999999999,,0.721,-0.006,0.785,0.701,0.226
ZMB,Zambia,SSF,Lower-middle income,2006,2673.46151928529,114.722457885742,94.8,53.4162602894897,81.0,85.0,0.054,25.3042918374618,58.68175507,54.6,56.4,52.693,5.679,37.8392213204204,4.824,7.917999999999999,0.7979999999999999,44.26,0.721,-0.006,0.785,0.701,0.226
ZMB,Zambia,SSF,Lower-middle income,2007,2796.3529332184,115.843597412109,89.1,54.6025079939217,80.0,93.0,0.057499999999999996,26.0121310175446,51.02414322,53.95,54.3,53.73,5.613,38.4034874343601,3.998,7.917999999999999,0.688,45.72,0.682,-0.067,0.948,0.687,0.246
ZMB,Zambia,SSF,Lower-middle income,2008,2908.14362510668,117.088676452637,84.2,55.7790386634547,87.0,87.0,0.061,26.7137426857946,61.82287216,53.3,52.1,54.835,5.53,38.9629632271162,4.73,7.917999999999999,0.624,47.18,0.7170000000000001,0.0559999999999999,0.89,0.7440000000000001,0.206
ZMB,Zambia,SSF,Lower-middle income,2009,3065.84420108998,110.933853149414,78.4,56.943932113866,94.0,90.0,0.059,27.4075582632773,59.38909531,52.65,50.2,55.886,5.453,39.4908312026796,5.26,7.978,0.782,48.64,0.696,-0.096,0.917,0.728,0.123
ZMB,Zambia,SSF,Lower-middle income,2010,3266.50749293828,109.873668045679,74.3,58.0990602531588,83.0,96.0,0.06,28.094335855896,59.98767853,52.0,48.6,56.896,5.359,39.9558857709992,,8.0245,0.8230000000000001,,0.6795,-0.0465,0.8995,0.7805,0.16349999999999998
ZMB,Zambia,SSF,Lower-middle income,2011,3335.64339500657,111.4007333775,71.8,59.2434638607951,81.0,83.0,0.065,28.7731031923329,64.3181076,52.76,47.4,57.843,5.256,40.3684491825881,,8.071,0.8640000000000001,50.84,0.6629999999999999,0.003,0.882,0.833,0.204
ZMB,Zambia,SSF,Lower-middle income,2012,3474.55252844092,111.618507192772,69.2,60.3793166829556,78.0,82.0,0.06999999999999999,29.4446855204494,69.17604828,53.519999999999996,46.1,58.704,5.136,40.7698556821596,5.013,8.113999999999999,0.78,51.58,0.7879999999999999,0.008,0.8059999999999999,0.726,0.25
ZMB,Zambia,SSF,Lower-middle income,2013,3535.22449043144,105.88755640154,66.0,61.5068944546716,79.0,80.0,0.075,30.1087309769234,83.29361725,54.28,44.5,59.445,5.014,41.1682266235825,5.244,8.131,0.7609999999999999,52.32,0.77,-0.104,0.732,0.735,0.308
ZMB,Zambia,SSF,Lower-middle income,2014,3585.57748507131,107.06889082465,62.6,62.6251910477069,86.0,85.0,0.08,30.7641759274322,65.39261627,55.04,43.0,60.109,4.89,41.5634741658525,,8.146,0.706,53.06,0.812,-0.011,0.809,0.6920000000000001,0.327
ZMB,Zambia,SSF,Lower-middle income,2015,3576.92544834125,103.413818253854,60.2,63.73489906676,90.0,90.0,0.08499999999999999,31.4108659962422,57.38765335,55.8,42.4,60.728,4.775,41.9555104679652,4.843,8.144,0.691,53.8,0.759,-0.039,0.871,0.69,0.382
ZMB,Zambia,SSF,Lower-middle income,2016,3598.17166023389,99.5715577511118,57.1,64.8350544845437,95.0,97.0,0.09,32.0477720583314,55.39532089,55.8,40.6,61.129,4.669,42.3442476889162,4.348,8.151,0.767,54.3,0.812,0.122,0.7709999999999999,0.731,0.372
ZMB,Zambia,SSF,Lower-middle income,2017,3612.50597664593,98.7950035279193,55.2,65.9259259812071,94.0,96.0,0.09,32.674491350081,70.93283844,55.8,38.8,61.564,4.567,42.7295979877011,,8.156,0.7440000000000001,54.8,0.823,0.14,0.74,0.685,0.387
ZMB,Zambia,SSF,Lower-middle income,2018,3646.95966481655,98.7950035279193,54.7,67.0073710429066,90.0,94.0,0.09,33.2903966380539,69.82767487,55.8,37.7,62.138,4.492,43.1114735233156,4.041,8.167,0.718,55.3,0.7909999999999999,0.048,0.8109999999999999,0.703,0.351
ZMB,Zambia,SSF,Lower-middle income,2019,3591.56418883108,98.7950035279193,53.5,68.0788852086192,88.0,93.0,0.09,33.8947045843208,85.02349854,55.8,36.1,62.914,4.418,43.4897864547552,3.307,8.155,0.638,55.8,0.8109999999999999,0.077,0.8320000000000001,0.743,0.3939999999999999
ZMB,Zambia,SSF,Lower-middle income,2020,3391.59541156095,98.7950035279193,52.5,69.1403580014109,84.0,96.0,0.09,34.4868129715486,60.01779938,55.8,35.7,63.361,4.323,43.8644489410157,4.838,8.117,0.767,56.3,0.75,0.0559999999999999,0.81,0.691,0.345
ZWE,Zimbabwe,SSF,Lower-middle income,2005,4004.68178301248,100.09812912727,91.6,68.0898216410004,68.0,67.0,0.121,44.2555884952354,94.44809723,43.2,64.5,46.57,3.693,32.6482709722903,,7.711,0.8220000000000001,,0.431,-0.076,0.905,0.715,0.297
ZWE,Zimbabwe,SSF,Lower-middle income,2006,3819.24997116607,100.09812912727,87.6,68.0173816965522,70.0,68.0,0.0877,43.6313729086374,94.44809723,43.2,65.9,47.056,3.635,32.6640794641194,3.826,7.711,0.8220000000000001,41.58,0.431,-0.076,0.905,0.715,0.297
ZWE,Zimbabwe,SSF,Lower-middle income,2007,3631.55334530411,100.09812912727,90.6,67.943621136193,73.0,69.0,0.0544,43.0093163519356,94.44809723,43.2,68.8,47.576,3.677,32.67762208489,,7.666,0.828,42.86,0.456,-0.0819999999999999,0.946,0.6609999999999999,0.265
ZWE,Zimbabwe,SSF,Lower-middle income,2008,2954.11211916469,100.09812912727,91.1,67.8681221478377,75.0,70.0,0.0596,42.3891736287953,94.44809723,43.2,69.8,48.456,3.783,32.6912786206175,,7.461,0.843,44.14,0.344,-0.09,0.964,0.631,0.25
ZWE,Zimbabwe,SSF,Lower-middle income,2009,3299.42808702922,100.09812912727,89.8,67.7912667588109,73.0,76.0,0.115,41.771197354799,94.44809723,43.2,69.8,49.75,3.95,32.7074288573175,4.056,7.563,0.8059999999999999,45.42,0.411,-0.078,0.931,0.736,0.218
ZWE,Zimbabwe,SSF,Lower-middle income,2010,3885.41061373756,100.09812912727,85.2,67.7126398227238,89.0,90.0,0.121,41.1551654585239,94.44809723,43.2,67.4,51.925,4.04,32.7284525810054,4.682,7.729,0.857,46.7,0.665,-0.093,0.828,0.748,0.122
ZWE,Zimbabwe,SSF,Lower-middle income,2011,4358.94470674386,100.09812912727,77.2,67.6326265386138,93.0,92.0,0.078,40.5413099103148,83.82868195,43.2,64.2,53.911,4.126,32.7567295776968,,7.846,0.865,48.12,0.633,-0.088,0.83,0.7809999999999999,0.211
ZWE,Zimbabwe,SSF,Lower-middle income,2012,5003.50873397069,100.09812912727,68.0,67.550802949421,95.0,97.0,0.077,39.929425197268,85.69155121,43.38333333333333,58.8,55.386,4.134,32.7931752128328,,7.983,0.8959999999999999,49.54,0.47,-0.103,0.8590000000000001,0.669,0.177
ZWE,Zimbabwe,SSF,Lower-middle income,2013,5031.70923825425,99.1726387639853,62.6,67.4675567678249,95.0,93.0,0.08,39.3197220289687,96.86148834,43.56666666666667,56.6,56.842,4.111,32.9019343169941,4.69,7.985,0.799,50.96,0.5760000000000001,-0.104,0.831,0.7120000000000001,0.182
ZWE,Zimbabwe,SSF,Lower-middle income,2014,5081.13441232186,98.2478143871674,59.8,67.3943560141551,91.0,92.0,0.119,38.7170842481052,111.61201477,43.75,54.7,58.106,4.011,33.1628075970801,4.184,7.991,0.7659999999999999,52.38,0.642,-0.074,0.82,0.725,0.239
ZWE,Zimbabwe,SSF,Lower-middle income,2015,5102.73642537223,97.2290747819179,59.2,67.3315481450838,87.0,86.0,0.174,38.1206484665361,103.31652832,43.93333333333333,54.7,58.989,3.911,33.5612641766874,3.703,7.992000000000001,0.736,53.8,0.667,-0.123,0.81,0.715,0.179
ZWE,Zimbabwe,SSF,Lower-middle income,2016,5070.42413209981,95.7340946958404,57.5,67.2786727528728,90.0,95.0,0.172,37.5291927779865,102.15909576,44.11666666666667,54.3,59.76,3.828,34.0799460726314,3.735,7.984,0.768,54.4,0.733,-0.095,0.7240000000000001,0.738,0.209
ZWE,Zimbabwe,SSF,Lower-middle income,2017,5234.4065377844,94.3341728822186,56.7,67.2356795993569,89.0,90.0,0.179,36.9416715486173,91.87199402,44.3,54.2,60.263,3.768,34.0799460726314,3.638,8.016,0.754,55.0,0.753,-0.098,0.7509999999999999,0.8059999999999999,0.2239999999999999
ZWE,Zimbabwe,SSF,Lower-middle income,2018,5415.49322028193,93.755201992062,56.3,67.2029312965769,89.0,88.0,0.201,36.3571595127659,114.76815033,47.3,54.4,60.906,3.744,34.0799460726314,3.616,8.049,0.775,55.6,0.763,-0.068,0.8440000000000001,0.71,0.212
ZWE,Zimbabwe,SSF,Lower-middle income,2019,4993.86546928208,93.4270967154238,58.6,67.1795926488522,90.0,85.0,0.123,35.7743353702206,55.10725403,50.3,55.8,61.06,3.748,34.0799460726314,,7.95,0.759,56.2,0.632,-0.064,0.831,0.716,0.235
ZWE,Zimbabwe,SSF,Lower-middle income,2020,4527.73949219254,93.6125855639325,61.7,67.1664236498224,86.0,85.0,0.128,35.1923620543494,51.14250565,50.3,57.8,61.53,3.754,34.0799460726314,3.16,7.829,0.7170000000000001,56.8,0.643,-0.009,0.789,0.703,0.346
