iso3,year,gdp_pc_ppp,primary_enrollment,under5_mortality,water_access,dtp3_immunization,measles_immunization,physicians_per_1000,sanitation_access,health_exp_pc,gini_index,infant_mortality,life_expectancy,fertility_rate,urban_pop_pct
ABW,2005,38926.4750002706,116.929039001465,,95.8611360200924,,,,98.1701260433217,,,,73.415,1.844,64.9580226442175
ABW,2006,38664.3995098654,117.987739562988,,95.9866559820949,,,,98.2095304946046,,,,73.498,1.862,64.811270283981
ABW,2007,39562.4488484876,116.970039367676,,96.1121759440973,,,,98.2489349458875,,,,73.642,1.881,64.6532664765254
ABW,2008,39982.5119922148,116.013900756836,,96.2376959060998,,,,98.2883393971704,,,,73.783,1.889,64.4888814129295
ABW,2009,35074.6841221014,117.527481079102,,96.3632158681023,,,,98.3277438484533,,,,73.974,1.875,64.3229852842726
ABW,2010,34037.5423205595,119.795837402344,,96.4887358301048,,,,98.3671482997362,,,,74.297,1.855,64.1612965549477
ABW,2011,34926.1008924322,106.374038696289,,96.6142557921072,,,,98.4065527510191,,,,74.578,1.858,63.9992605838571
ABW,2012,34058.3102329903,104.07494354248,,96.7397757541097,,,,98.445957202302,,,,74.841,1.907,63.8252085199599
ABW,2013,35711.9290506967,114.985320023488,,96.7397757541097,,,,98.4853616535849,,,,75.072,1.944,63.6382914355326
ABW,2014,35837.3240929711,116.261992182873,,96.7397757541097,,,,98.5247661048679,,,,75.261,1.944,63.4392531303795
ABW,2015,36753.4041726178,115.01140867059,,96.7397757541097,,,,98.5641705561508,,,,75.405,1.899,63.2288374043053
ABW,2016,36926.1130685729,113.637463697967,,96.7397757541097,,,,98.6035750074337,,,,75.54,1.848,63.0077880571142
ABW,2017,38213.2892388309,,,,,,,98.6429794587166,,,,75.62,1.785,62.7768488886109
ABW,2018,39378.2284109047,107.985168457031,,,,,,98.6823839099995,,,,75.88,1.732,62.5367636985996
ABW,2019,39754.5600722149,108.025001525879,,,,,,98.7217883612824,,,,76.019,1.701,62.288276286885
ABW,2020,30408.8270901983,107.235336303711,,,,,,98.7611928125653,,,,75.406,1.662,62.0028837566365
AFE,2005,3578.21297897429,92.893928527832,106.324608181285,45.3425812329792,68.0835616233532,64.554170337208,,23.9230528506151,68.7259030701744,,67.813314792369,54.8076807136336,5.35039851932097,30.5372758629303
AFE,2006,3718.69348523405,95.3214797973633,99.9110205751859,46.1832832198313,69.2083937411649,67.7241828941045,,24.468060928214,75.1738953911871,,64.3502416273654,55.6935152578453,5.30592047242956,30.9876495544836
AFE,2007,3867.50878828538,98.4766082763672,94.6953490064832,46.9954856374267,70.8929877098943,70.0696424911896,,25.006677364972,84.2036395657671,,61.4827803410729,56.4843531784534,5.25398480103277,31.3629773942904
AFE,2008,3935.02291750962,102.146499633789,89.6062041509218,47.8970066891129,72.47780157077,71.0854103024403,,25.6024226914764,86.606132950143,,58.8008638119919,57.2401063228798,5.21940349533757,31.848999584948
AFE,2009,3870.96186560735,101.704643249512,85.0921790428166,48.8087656211986,74.3408637986631,73.893045323056,,26.2117702405332,90.3051319842631,,56.4823860296468,58.0955271436463,5.14253544179731,32.2400677597918
AFE,2010,3978.12957148745,101.005401611328,81.9293217658242,49.721758705411,74.3848338280294,75.7346145208391,0.164466780026955,26.8237867685247,104.353723653982,,54.9583288336377,58.8272792062821,5.06649130694819,32.5903609820214
AFE,2011,4033.18732362122,100.985237121582,83.5500388786075,50.4410780550035,77.2591285040036,76.2290509026957,,27.0458642385177,112.500235569633,,56.0934207952868,59.2000040300701,4.98101022132388,32.9380985869792
AFE,2012,4051.44571135342,101.240112304688,75.1809855113981,51.3326522371779,76.5931229554948,76.8121747084135,,27.6510504933713,109.276549861823,,51.2375169680413,60.2495123598467,4.89962717527948,33.2867060801392
AFE,2013,4126.33539547848,100.529190063477,71.3718833965859,52.2308721249225,76.2480891195654,75.7186584649001,,28.2732379856868,104.979280345368,,49.2064251503149,60.895739752772,4.81957931743396,33.6673142772775
AFE,2014,4186.24851129339,100.930152893066,70.8075544059449,53.1389747894943,78.3273847105124,75.9823881525848,,28.9150756451662,98.492735401455,,48.867389030785,61.251436015671,4.74808797669378,34.0775774023013
AFE,2015,4207.36357863407,99.6975326538086,69.7257641113397,54.0095159166252,77.6619612527474,74.9219021561458,,29.5806299792428,90.7980923306796,,48.2370491089235,61.713030523495,4.67652267089581,34.4906809355644
AFE,2016,4210.93569503277,100.342109680176,68.3630285644492,54.8424336805942,78.2381268757419,73.357630742027,,30.2072987113231,85.6874598126392,,47.4807789385276,62.1679813169199,4.61575640708229,34.8812106693274
AFE,2017,4223.1880503424,101.228408813477,67.7377996223608,55.6943475745406,78.0278877649092,73.8684893595885,,30.9334876885869,89.8672604899708,,47.0022580758801,62.5912750961501,4.56991525358056,35.2829868326458
AFE,2018,4229.83963374442,102.624809265137,63.4229471071232,56.5693603466254,78.7384565075682,74.3573942906973,,31.6082193350839,89.9693693736129,,44.463549484202,63.3306913582336,4.52145351469467,35.714718464725
AFE,2019,4200.53104400094,103.610618591309,61.4916357499261,57.4022346532126,79.227393266777,75.1035097393567,,32.2445544986626,87.0398773156759,,43.3491582121366,63.8572612837043,4.47135093640992,36.0973307017698
AFE,2020,3978.13350151887,104.591941833496,60.6228105603126,58.2294806953854,76.9147226329942,73.2448236916397,,32.8799940328049,81.4461401594807,,42.8500928778465,63.7664840026943,4.4129987402204,36.4883219609866
AFG,2005,1908.11478234587,99.50390625,109.3,38.1080542246859,58.0,50.0,,28.0329173729232,25.11388779,,93.8,58.247,6.858,19.7059095753667
AFG,2006,1929.72389709372,102.284866333008,104.8,40.2157630407476,58.0,53.0,0.166,29.4737113537171,28.9412632,,90.3,58.553,6.686,20.1104530189181
AFG,2007,2155.35306784413,99.3228988647461,100.4,42.4294955631251,63.0,55.0,0.182,30.8753174900848,32.70893097,,86.8,58.956,6.508,20.5906579215423
AFG,2008,2191.50435559062,104.445137023926,96.1,44.6537922388598,64.0,59.0,0.183,32.2737202067488,39.88624954,,83.4,59.708,6.392,21.1241481349633
AFG,2009,2565.02208584099,99.7054214477539,91.9,46.8885842088645,63.0,60.0,0.22,33.6691080892303,43.13351822,,80.1,60.248,6.295,21.6885475109053
AFG,2010,2848.58606111495,103.48560333252,88.0,49.1337948047642,66.0,62.0,0.244,35.0616668763216,46.42438889,,76.9,60.702,6.195,22.2614799010924
AFG,2011,2757.05258747725,101.542083740234,84.3,51.3896718184372,68.0,64.0,0.258,36.4517450288191,52.18721771,,74.0,61.25,6.094,22.8205691572485
AFG,2012,2985.31914452845,106.575317382812,80.8,53.6558094830286,67.0,59.0,0.246,37.8393855148321,52.45247269,,71.2,61.735,5.985,23.3434391310979
AFG,2013,3046.57993117128,107.942840576172,77.6,55.9321352223542,64.0,57.0,0.29,39.2247837532389,56.16043472,,68.6,62.188,5.879,23.8077136743646
AFG,2014,3017.94254424696,109.829452514648,74.6,58.2185747849882,62.0,60.0,0.304,40.6081362553092,60.04951096,,66.2,62.26,5.77,24.1910166387726
AFG,2015,2967.692067153,106.773551940918,71.9,60.5153476686209,64.0,62.0,0.29,41.9898186307368,59.91960526,,64.0,62.27,5.652,24.4649118421568
AFG,2016,2958.7853992308,106.784042358398,69.4,62.8220704134542,66.0,64.0,0.284,43.3698641937307,61.37234497,,61.9,62.646,5.542,24.6588345720126
AFG,2017,2952.99891598909,106.54354095459,67.1,65.142136058033,64.0,64.0,0.245,44.7508111861658,66.82388306,,60.1,62.406,5.433,24.8352821238871
AFG,2018,2902.39211285546,107.687660217285,64.8,67.4758694595857,68.0,66.0,0.303,46.1335435081079,71.22509003,,58.3,62.443,5.327,24.9991645191406
AFG,2019,2927.2451435353,109.075309753418,62.7,69.8226976480641,65.0,57.0,0.214,47.5183902057843,74.0642395,,56.6,62.941,5.238,25.1437258839803
AFG,2020,2769.68574507111,,60.7,72.1820710205908,61.0,57.0,0.253,48.9056813120247,80.0892334,,54.9,61.454,5.145,25.2622103446137
AFW,2005,4782.44213997441,86.3789825439453,138.055291695204,55.7425589557319,53.8185764041716,55.1006645932034,,24.6623493770357,41.8512729386852,,78.0044872809646,52.5514240106227,5.87255288384985,41.8453135723565
AFW,2006,4899.65713639306,87.1062622070312,133.167260085583,56.8479854827584,57.1660139670458,57.2432665443976,,25.3858404631754,48.6833922674256,,75.6044418186699,52.9746257663093,5.84672656274002,42.4489363789709
AFW,2007,5023.69882254656,84.3852386474609,128.649851237291,57.9508572128509,59.1996259687692,56.6636383390366,,26.1237807167309,52.8176392390014,,73.3693796154434,53.4788420646953,5.8102777837122,43.0212188517424
AFW,2008,5188.67101371784,81.9908599853516,124.411471397873,59.0493950602096,64.353779494089,61.9924736316481,,26.8762792812392,60.5965909459332,,71.3255924562018,53.9130304683259,5.78607830792923,43.5885609704807
AFW,2009,5362.1536063345,83.7195510864258,125.445488444603,60.1495907502817,69.5913838878957,68.2381549725883,,27.6486402767911,55.5356742235589,,71.6591954131986,53.8488138665276,5.75169437925293,44.1595723394052
AFW,2010,5582.43094395132,84.4784698486328,117.476014195508,61.251640077897,66.9918850904956,65.202302256882,0.210550044248415,28.4395634778073,59.612243679929,,68.0235061080068,54.6006466175842,5.71344560011985,44.7340356184081
AFW,2011,5698.38949989214,87.8220062255859,114.067745131608,62.3619804615515,64.330589853041,63.1707956702984,,29.2448215678912,65.3991364279652,,66.4327214131134,54.961240165203,5.66627507528846,45.306921990073
AFW,2012,5823.41894631103,89.4396514892578,111.214049041921,63.4714533192758,57.8716445944692,59.3512322777548,,30.0680821303655,67.9967996588326,,65.0950697267466,55.2898561158278,5.59747202018279,45.8819111655464
AFW,2013,6009.65186054619,90.5897598266602,108.913498765347,64.5780010278288,58.0754839548792,58.477232946681,,30.9102980231369,75.534904669735,,64.0389873868971,55.5516641369456,5.51615684120548,46.4556737847896
AFW,2014,6183.24116217304,89.1206970214844,107.620975614798,65.6879174012317,60.5207677039656,57.740718248912,,31.7705994354866,78.7849895958275,,63.4187251491131,55.691576869905,5.44066731273946,47.0323463433828
AFW,2015,6194.43449404851,87.0966186523438,104.792583996923,66.7980833330676,60.2032858252718,58.3773058984828,,32.646274555473,70.738706184874,,62.2249762468944,56.0339962553159,5.34716145019447,47.6135647497926
AFW,2016,6034.82698886686,86.6979904174805,103.14513535298,67.9005741420609,66.3164914082952,61.3210667627942,,33.5321845170052,61.7168342971552,,61.5484879851734,56.3875627997136,5.2294334981165,48.1862744131428
AFW,2017,6009.51611369801,86.7825393676758,102.05803690267,68.9990871776552,67.6491114709772,64.1011926842282,,34.4325557404153,58.5214095205365,,61.089851563164,56.6207642286762,5.0992555835747,48.7610092648065
AFW,2018,6026.52757172836,86.6523513793945,100.218415291562,70.1022934577208,69.8195928168207,64.5822613071985,,35.2275901324312,56.2928689276805,,60.3832231751609,57.0307711269764,4.96288509692401,49.3326762524323
AFW,2019,6070.28476944465,87.5555572509766,100.836050788105,71.1874670177329,72.1425790218181,65.3008697302612,,36.1506065844091,59.2861168406291,,60.6359506778456,57.1428268060515,4.82945527873639,49.9054685471984
AFW,2020,5698.76670161724,88.1576232910156,97.6133123185047,72.2680238989231,69.0036261289124,64.7915521297236,,37.0867318547095,64.6462871223599,,59.3217984756743,57.3577091392887,4.70773888647275,50.4923214842153
AGO,2005,8892.92106099154,,131.5,43.5743439976406,47.0,45.0,,37.8465318357126,54.66142273,,78.9,52.13,6.461,56.0
AGO,2006,9586.17542123825,,119.8,45.0139996038983,44.0,48.0,,38.7338819151989,70.28185272,,72.2,52.965,6.419,56.8939032662772
AGO,2007,10434.7087224445,106.341453552246,109.0,46.4686546771725,43.0,58.0,,39.6205689404056,93.42698669,,66.0,54.2,6.372,57.7564632930133
AGO,2008,11131.6310145389,113.292236328125,99.2,47.9390179800655,45.0,58.0,,40.5073529931406,136.34094238,42.7,60.3,55.281,6.32,58.5851745819614
AGO,2009,10930.2531201205,112.278953552246,90.7,49.4231763682417,47.0,58.0,0.132,41.3926874563562,120.5289917,,55.4,56.225,6.26,59.3775316348744
AGO,2010,11074.0723813984,113.87258174337,83.4,50.922281472487,49.0,59.0,,42.2777189153195,96.95197296,,51.1,57.242,6.194,60.1310289535053
AGO,2011,11034.5919687814,128.386344899029,77.2,52.4357414255652,50.0,59.0,,43.1620627220945,122.11888123,,47.6,58.093,6.12,60.8431610396073
AGO,2012,11516.8133246588,,72.0,53.962934811933,52.0,59.0,,44.0453181222275,121.84848022,,44.6,58.916,6.039,61.5114223949332
AGO,2013,11622.978345524,,67.9,55.5032279600653,54.0,59.0,,44.9270819739207,142.78450012,,42.2,59.705,5.953,62.1333075212361
AGO,2014,11718.4286832376,,64.5,57.0569115656449,55.0,56.0,,45.8077399649675,130.5861969,,40.3,60.396,5.864,62.723115793241
AGO,2015,11389.7609549481,120.580276489258,61.8,58.6196312007677,57.0,52.0,,46.6837650963553,107.52857208,,38.8,61.042,5.774,63.51567832685
AGO,2016,10963.9967887173,,59.6,60.1920620185519,59.0,49.0,,47.555908833618,94.01481628,,37.6,61.619,5.686,64.2992302517989
AGO,2017,10565.1676483607,,57.9,61.7735122104541,58.0,47.0,0.212,48.4237656848917,112.75364685,,36.7,62.122,5.6,65.0850525086068
AGO,2018,10154.8389228005,,56.5,63.3627907388021,67.0,56.0,0.211,49.2865229934191,83.87555695,51.3,36.0,62.622,5.519,65.8732136723372
AGO,2019,9712.97944927269,,55.3,64.1599110373067,64.0,59.0,,49.5470237290202,64.4466095,,35.5,63.051,5.442,66.6637823180533
AGO,2020,8904.94900580168,,54.2,64.9440305436538,59.0,54.0,,49.8016376564917,56.01641846,,34.9,63.116,5.371,67.4568270208187
ALB,2005,8964.28082219496,107.016143798828,20.0,89.0211900611453,98.0,97.0,,92.32297892735,149.97515869,30.6,13.5,76.427,1.787,45.9937666920583
ALB,2006,9563.98954154527,105.477783203125,18.5,89.519134788664,97.0,95.0,1.189,92.9214090363528,164.22090149,,12.7,76.994,1.686,47.0701050949378
ALB,2007,10262.9242359026,103.488441467285,17.1,90.0041896316486,98.0,97.0,1.2,93.5057448871061,209.31910706,,11.9,77.691,1.633,48.2022815728384
ALB,2008,11056.3059173381,100.383003234863,15.8,90.4761525015769,99.0,98.0,,94.075815843771,237.10340881,30.0,11.1,78.248,1.616,49.3850699230207
ALB,2009,11430.5746310655,100.923736572266,14.5,90.9344131913267,98.0,97.0,1.235,94.6311562732715,236.94244385,,10.3,78.509,1.638,50.6132439427449
ALB,2010,11829.0042369631,99.8618342722087,13.3,91.3794795002437,99.0,99.0,1.243,95.1721611108923,253.98246765,,9.6,78.414,1.653,51.8815774292716
ALB,2011,12153.0636591785,101.580273662891,12.2,91.8108839327421,99.0,99.0,1.229,95.6984906230124,273.75292969,,9.0,78.303,1.677,53.2917382892465
ALB,2012,12463.518369846,102.067360891559,11.2,92.2287796980299,99.0,98.0,1.27,96.210272006809,260.68319702,29.0,8.5,78.084,1.719,53.8637553661449
ALB,2013,12873.4298184073,101.474954848321,10.5,92.6315947140716,99.0,99.0,1.276,96.7065607873958,276.0765686,,8.0,77.995,1.741,54.2979678058548
ALB,2014,13366.5040948145,105.770581813858,9.9,93.0200532320908,99.0,98.0,,97.1880171020454,293.1267395,34.6,7.8,78.029,1.721,54.7325813178673
ALB,2015,13876.7616296598,105.688652991606,9.6,93.3943279564504,99.0,97.0,,97.6549680441734,253.93347168,32.8,7.6,78.358,1.631,55.1579291374894
ALB,2016,14643.4285614716,105.324777401077,9.4,93.7548764271568,99.0,96.0,1.212,98.1079014758832,275.43676758,33.7,7.6,78.643,1.555,55.5738734464276
ALB,2017,15359.3974577025,105.414970908323,9.3,94.1020950646956,99.0,96.0,,98.5472964296809,295.52346802,33.1,7.7,78.9,1.486,55.980276426546
ALB,2018,16170.9234325287,104.568015324639,9.3,94.4363940024548,99.0,94.0,,98.9736466158724,349.21127319,30.1,7.8,79.238,1.415,56.377000259892
ALB,2019,16761.1230178682,102.58954115148,9.4,94.758223221518,99.0,95.0,1.645,99.1830672601737,366.34014893,30.1,8.0,79.467,1.395,56.7639071287255
ALB,2020,16457.7189744991,100.020970049835,9.4,95.0680381522002,98.0,91.0,1.879,99.298792439378,396.17477417,29.4,8.1,77.824,1.371,57.1408592155544
AND,2005,65114.8053663021,89.721061706543,5.9,100.0,98.0,94.0,3.295,100.0,2279.53051758,,5.3,83.086,1.224,89.9563631945418
AND,2006,66390.293726491,90.0249404907227,5.6,100.0,93.0,91.0,3.065,100.0,2151.95092773,,5.1,83.374,1.234,89.3789218918348
AND,2007,65534.1168555171,88.1872482299805,5.3,100.0,96.0,94.0,3.04,100.0,2388.17407227,,4.9,83.632,1.189,89.0500030517578
AND,2008,60691.6051530637,86.718147277832,5.0,100.0,99.0,98.0,,100.0,2790.11254883,,4.6,83.855,1.25,88.9407363930477
AND,2009,57203.9708883731,84.7188034057617,4.8,99.9999971715362,99.0,98.0,3.17,99.9999971715362,2679.67358398,,4.4,84.1,1.208,88.84433315185
AND,2010,58285.0577756981,84.648193359375,4.5,99.9999980431632,99.0,99.0,2.949,99.9999980431632,3286.52954102,,4.2,84.197,1.275,88.7604726056609
AND,2011,60470.4662377044,85.8956298828125,4.3,100.0,99.0,99.0,3.136,100.0,3555.52319336,,4.0,84.296,1.321,88.6888340319763
AND,2012,58172.1323929474,83.2157974243164,4.1,99.9999982821599,99.0,98.0,3.112,99.9999982821599,2788.69238281,,3.9,84.334,1.26,88.6290967082924
AND,2013,57332.1585611366,84.7323532104492,3.9,100.0,96.0,95.0,3.165,100.0,2886.97241211,,3.7,84.406,1.142,88.5809399121053
AND,2014,59929.2444670501,87.0263326910726,3.7,100.0,97.0,96.0,3.297,100.0,3005.21557617,,3.5,84.485,1.168,88.544042920911
AND,2015,62105.1542389675,88.5957446808511,3.5,100.0,97.0,96.0,3.754,100.0,2672.49731445,,3.3,84.532,1.223,88.5180850122057
AND,2016,64402.8092369468,91.0415773681955,3.4,100.0,98.0,97.0,4.058,100.0,2785.64599609,,3.2,84.489,1.184,88.5027454634853
AND,2017,63239.6577711911,90.2031316123572,3.2,100.0,99.0,99.0,4.119,100.0,2876.24194336,,3.1,84.359,1.129,88.4977035522461
AND,2018,63048.5985572834,90.7088926174497,3.1,100.0,99.0,99.0,4.535,100.0,3159.16162109,,3.0,84.242,1.053,88.5080998493791
AND,2019,63215.899791913,90.3239289446186,3.0,100.0,99.0,99.0,4.392,100.0,3021.078125,,2.9,84.098,1.045,88.5391793666245
AND,2020,55488.4902991095,89.4271272114575,2.9,99.9999952180714,99.0,98.0,4.587,99.9999952180714,3282.02587891,,2.8,79.418,1.028,88.5907780427517
ARB,2005,14138.3873353854,90.237190246582,53.7749415860122,80.9235136747423,84.2276586520912,82.1604881189683,,73.4625053159084,133.719505210474,,41.1591664513718,68.0405024136348,3.6433356042585,53.9820002905638
ARB,2006,14630.4079863564,91.5258178710938,50.2836850846917,81.4681523192498,83.4958666268376,81.7553013204612,,74.1962669465968,153.255519530645,,39.1770698336258,68.4912652387812,3.61922849596914,54.3116023572253
ARB,2007,14935.5647106518,91.2251892089844,48.3025318536282,81.9682683604781,85.0619550394644,83.3423476221619,,74.9414558896941,179.238839261707,,37.7822755398026,68.8792264386993,3.60428476711649,54.6554574046587
ARB,2008,15396.8318989782,91.4636917114258,46.471239953465,82.7124545564306,85.9000059837426,82.9088582101971,,75.6977166767641,210.954303939832,,36.4611825609064,69.2581327561764,3.58028520655661,55.012130650449
ARB,2009,15212.2519061915,91.3790130615234,44.8441745490491,83.2358370458523,86.6595325524544,85.3055761006891,,76.4202358124984,227.076111662128,,35.3447083930703,69.7069035410593,3.57118607702881,55.3595981551546
ARB,2010,15618.615472912,91.6954574584961,44.917359877498,83.7063086354504,87.5900190281754,86.7977101873017,,77.1480130420157,234.640952020934,,35.1815611944121,69.8073221012027,3.57186073483879,55.5920977319462
ARB,2011,15945.1823698333,90.8111190795898,53.8937199604241,84.2721084424979,87.3400387543124,86.8368691604095,,77.9422242861884,266.866553538312,,40.3057963248342,69.3633376859826,3.56597589031882,56.052080900428
ARB,2012,16186.2739403861,92.1455764770508,43.2379757279856,84.8197743294922,84.6687686986794,84.6483645670739,,78.7032016609238,295.080643944446,,33.7185677118196,69.842316602094,3.58216031979128,56.7609778940107
ARB,2013,16119.4564896044,88.6862106323242,40.0651107724651,85.3586689108062,86.0970245588369,85.4947341248607,,80.7128981411209,303.590198616256,,31.7913079239979,70.1921058451273,3.5741271698933,57.5747135596837
ARB,2014,16172.6351171803,87.7741394042969,38.966473325527,85.8592173981222,85.622858844852,83.9859056377543,,81.3804149970332,326.499751028553,,31.0474652662062,70.5350666310281,3.56212633472775,58.0278238886845
ARB,2015,16397.4908780979,87.7070693969727,38.3264086280594,86.374438880746,84.2595347776286,83.7727749246918,,82.0647165627336,312.609883146077,,30.5646546531194,70.6580123695192,3.53244359112271,58.351712270484
ARB,2016,16632.4297723251,87.8686981201172,37.4469516814555,86.8631668557642,84.911202452905,85.9158887396345,,82.7181898708854,311.947978507094,,29.9961600736115,70.8964881164428,3.46298807812024,58.5622937950483
ARB,2017,16568.8021684707,88.2721176147461,38.7097264210473,87.2943512725919,85.9513291891634,85.1220232991637,,83.3065429485668,307.126617877282,,30.5835419034964,71.1128560080647,3.42519822145484,58.6808941601595
ARB,2018,16749.8977688889,88.7614593505859,37.4834560622083,87.706780104734,85.4068144462159,83.7870748045169,,83.8543247646562,325.592164585057,,29.7887898491258,71.4312997859137,3.32426875614683,58.7847025324078
ARB,2019,16808.651930358,89.0579376220703,35.8477618830257,88.1510613602946,85.6972271302658,83.9627185288867,,84.3862512082364,326.670945661256,,28.8660423125059,71.8398932674972,3.25509307857063,58.8962879377102
ARB,2020,15768.0410516828,89.6436614990234,34.9116184492469,88.6062780468726,82.1404199949297,82.9925426666202,,84.9310720181759,327.069625588704,,28.304838886486,70.7265588103862,3.20826865698484,59.0899689866908
ARE,2005,92750.9226341994,105.719909667969,9.8,99.6990274979322,94.0,92.0,1.494,99.1415716401996,898.36480713,,7.7,80.779,2.232,82.2122832763517
ARE,2006,94872.5121329578,100.258071899414,9.6,99.7209168610159,92.0,92.0,1.407,99.1379008454285,1031.14904785,,7.6,81.155,1.958,82.5588968646829
ARE,2007,87180.6001633546,,9.4,99.7430448059765,92.0,92.0,1.541,99.1343292735579,1176.49328613,,7.4,81.438,1.792,82.758608500318
ARE,2008,80285.1613062103,,9.2,99.7654123439436,92.0,92.0,1.845,99.1308669416224,1465.82446289,,7.3,81.591,1.516,82.9658963549658
ARE,2009,71488.9696792101,,9.0,99.7879969026798,93.0,93.0,1.792,99.1274862085327,1531.02209473,,7.1,81.679,1.582,83.1701992996163
ARE,2010,70913.7569272495,,8.8,99.8107941876286,94.0,94.0,1.749,99.1241974644732,1619.98864746,,7.0,81.886,1.565,83.3714299144178
ARE,2011,73190.4056300014,,8.6,99.8338027658417,95.0,95.0,1.786,99.120999868482,1787.59997559,,6.8,81.898,1.539,83.5695007795347
ARE,2012,73644.0549928884,,8.4,99.857009861268,96.0,96.0,1.801,99.1178959002456,1711.38525391,,6.7,81.913,1.532,83.7643244751488
ARE,2013,74237.2038000319,,8.2,99.8804113765895,98.0,98.0,2.045,99.1148814743619,1789.68579102,32.5,6.5,81.95,1.527,83.9558135814626
ARE,2014,74145.1175448951,,7.9,99.903989878004,99.0,99.0,2.232,99.1119382516612,1776.7310791,,6.3,81.99,1.483,84.1438806787019
ARE,2015,75238.5571858454,,7.6,99.927750524332,99.0,99.0,2.361,99.1090951528049,1479.49743652,,6.1,82.076,1.417,84.3284383471193
ARE,2016,75671.036861385,,7.3,99.9516742010968,99.0,99.0,2.458,99.1063234658359,1592.91906738,,5.8,82.195,1.366,84.5093991669984
ARE,2017,72529.0423512365,,7.0,99.9757617709263,97.0,99.0,2.502,99.1036305730769,1695.203125,,5.6,82.388,1.35,84.686675718659
ARE,2018,72671.0787288764,105.675358079069,6.7,100.0,99.0,99.0,2.605,99.1010218730891,1872.58422852,26.4,5.3,82.449,1.288,84.8601805824625
ARE,2019,72822.9466438922,107.533197014116,6.3,99.9999978860586,99.0,99.0,2.71,99.0984768671773,1962.46728516,,5.0,82.596,1.247,85.0298263388195
ARE,2020,66808.6209256028,108.069803864287,5.9,99.9999979225426,90.0,99.0,2.83,99.0960113749665,2154.41113281,,4.7,81.936,1.289,85.1955255681984
ARG,2005,23262.4075792816,114.580780029297,16.7,97.421184805077,98.0,98.0,,89.9997295570375,395.64596558,47.8,14.4,75.231,2.426,90.1233737736072
ARG,2006,24877.2493922296,116.187850952148,16.2,97.633212136416,91.0,97.0,,90.4637841739601,456.06246948,46.4,14.0,75.279,2.4,90.3033726521064
ARG,2007,26850.6645932771,117.236312866211,15.8,97.8403603213706,91.0,94.0,,90.9270368517711,569.27264404,46.3,13.6,74.783,2.37,90.4796632279031
ARG,2008,27658.4853446831,118.320129394531,15.4,98.0428748675662,93.0,96.0,,91.3897117135692,745.40356445,45.0,13.2,75.428,2.432,90.6521912139817
ARG,2009,25747.1976809995,118.293312072754,15.0,98.2407366706243,94.0,96.0,,91.8516400553942,787.78051758,43.8,12.8,75.577,2.4,90.8209023233265
ARG,2010,28056.2570212342,118.128196716309,14.4,98.434051534291,94.0,95.0,,92.3128332477506,979.7689209,43.7,12.4,75.68,2.411,90.9930051940977
ARG,2011,29425.7593876084,117.372833251953,13.9,98.6218573444855,91.0,95.0,,92.7707485221134,1208.23120117,42.7,11.9,76.1,2.393,91.1072286738406
ARG,2012,28825.9666865361,116.43643951416,13.3,98.8052992922814,91.0,94.0,4.823,93.2268060456617,1363.21618652,41.4,11.4,75.802,2.304,91.2041217246797
ARG,2013,29227.6601818437,114.421348571777,12.7,98.8642047608292,94.0,94.0,4.884,93.623132025003,1428.91125488,41.1,10.9,75.829,2.335,91.3014507719473
ARG,2014,28200.8152571318,113.873519897461,12.2,98.9232481866542,94.0,95.0,4.925,94.0211240402659,1291.32458496,41.8,10.4,76.268,2.386,91.3975345472954
ARG,2015,28669.2061336796,112.936653137207,11.7,98.9823076742804,94.0,89.0,4.98,94.4204076284931,1523.90979004,,10.0,76.6,2.35,91.4923019108628
ARG,2016,27802.1057201498,111.654647827148,11.4,99.0413738458383,92.0,90.0,5.024,94.8209557204549,1276.79785156,42.3,9.7,76.105,2.241,91.5856817228217
ARG,2017,28334.904184742,109.879669189453,11.0,,88.0,90.0,5.094,,1491.11877441,41.4,9.4,76.543,2.168,91.6776028433824
ARG,2018,27367.115094108,109.305458068848,10.7,,86.0,94.0,5.167,,1195.59973145,41.7,9.1,76.77,2.067,91.7679941327998
ARG,2019,26629.5529419501,109.338218688965,10.5,,83.0,86.0,5.25,,1007.45629883,43.3,8.9,76.847,1.882,91.8567844513802
ARG,2020,23877.0931404855,108.504623413086,10.3,,74.0,77.0,5.304,,910.9586792,42.7,8.7,75.878,1.601,91.9439026594897
ARM,2005,8362.90084037119,100.4091796875,23.9,96.8174664083954,90.0,94.0,2.543,89.1491045548132,95.55093384,36.0,21.2,73.0756097560976,1.3,64.5334210637509
ARM,2006,9525.23146779778,103.896697998047,22.7,97.0560181785414,87.0,92.0,2.562,89.3798500479523,124.8989563,29.7,20.1,72.8243902439025,1.3,64.4758978663344
ARM,2007,10898.8483795634,116.752250671387,21.6,97.2960930151798,88.0,92.0,2.635,89.6104696374139,170.15332031,31.2,19.1,72.8731707317073,1.4,64.4257647857723
ARM,2008,11727.4821272949,117.701438903809,20.6,97.5377930144249,89.0,94.0,2.695,89.8412620835162,261.59963989,29.2,18.1,73.0731707317073,1.4,64.3840928379746
ARM,2009,10143.2350796867,113.782722473145,19.6,97.7810340877485,93.0,96.0,2.714,90.0719230280142,247.90641785,28.0,17.2,73.0731707317073,1.5,64.3519530388516
ARM,2010,10438.5641904169,100.985866600546,18.7,98.0258624289459,94.0,97.0,2.79,90.3025970300034,291.77758789,30.0,16.3,73.1731707317073,1.5,64.3304164043132
ARM,2011,10990.177099035,98.334903726507,17.8,98.272291670612,95.0,97.0,2.822,90.5332906665256,325.29086304,29.4,15.5,73.8170731707317,1.5,64.3207449145194
ARM,2012,11796.2741177994,97.0881274408756,16.9,98.5203266865955,95.0,97.0,2.859,90.7640014188273,331.91378784,29.6,14.8,74.119512195122,1.6,64.3268379506998
ARM,2013,12194.0189523843,95.8742927261572,16.1,98.7705613555546,95.0,97.0,2.878,90.9987016315075,392.85253906,30.6,14.1,74.6219512195122,1.6,64.3584061131466
ARM,2014,12667.3757330249,94.4177603466209,15.4,99.0173502975581,93.0,97.0,2.883,91.2374729178599,404.33874512,31.5,13.4,74.8731707317073,1.7,64.4142934233291
ARM,2015,13112.7600902915,93.088059144009,14.7,99.2198934316356,94.0,97.0,2.919,91.480572190435,365.51950073,32.4,12.8,74.8707317073171,1.6,64.4929623431549
ARM,2016,13192.9940731731,93.1108003536782,14.0,99.3200449240504,94.0,97.0,2.887,91.7279143880493,359.58227539,32.5,12.2,74.8682926829268,1.6,64.5928753345316
ARM,2017,14243.8749003795,93.0989957836376,13.3,99.420451960465,94.0,96.0,2.903,91.9795911262643,409.80145264,33.6,11.7,75.2170731707317,1.6,64.7124948593667
ARM,2018,15037.0452420712,92.1345008167579,12.7,99.462639280417,92.0,95.0,2.893,92.2358515104765,428.34579468,34.4,11.2,75.619512195122,1.6,64.8502833795679
ARM,2019,16215.3607965094,92.3228240527597,12.1,99.4591789118501,92.0,95.0,3.026,92.4966218956113,533.69952393,30.0,10.7,76.2219512195122,1.6,65.0047033570428
ARM,2020,15052.9359791136,92.8692618061259,11.6,99.4561137881716,91.0,94.0,3.163,92.7619845664061,535.2723999,25.1,10.2,73.3756097560976,1.7,65.174217253699
ASM,2005,,,,96.2115368722841,,,,62.254012196166,,,,72.382,3.863,87.7798357749499
ASM,2006,,,,96.4469488755332,,,,62.2461113600743,,,,72.397,3.685,87.4983609900321
ASM,2007,,,,96.6823608787824,,,,62.2382105239826,,,,72.365,3.509,87.2017863350389
ASM,2008,,,,96.9177728820316,,,,62.2303096878909,,,,72.43,3.42,86.9001769674517
ASM,2009,,,,97.1531848852808,,,,62.2224088517992,,,,70.839,3.359,86.6035980447517
ASM,2010,,,,97.3885968885299,,,,62.2145080157075,,,,72.587,3.292,86.3190673549669
ASM,2011,,,,97.6240088917791,,,,62.2066071796158,,,,72.662,3.169,86.0284991724475
ASM,2012,,,,97.8594208950283,,,,62.1987063435241,,,,72.709,3.043,85.7161174344451
ASM,2013,,,,98.0948328982775,,,,62.1908055074324,,,,72.769,2.932,85.3846465194761
ASM,2014,,,,98.3302449015267,,,,62.1829046713407,,,,72.687,2.852,85.0351448001542
ASM,2015,,,,98.5656569047758,,,,62.1750038352489,,,,72.654,2.78,84.668670649093
ASM,2016,,,,98.801068908025,,,,62.1671029991572,,,,72.64,2.699,84.2862824389061
ASM,2017,,,,99.0364809112742,,,,62.1592021630655,,,,72.801,2.598,83.8890385422071
ASM,2018,,,,99.2718929145234,,,,62.1513013269738,,,,72.794,2.494,83.4779973316097
ASM,2019,,,,99.5073049177726,,,,62.1434004908821,,,,72.751,2.404,83.0542171797274
ASM,2020,,,,99.7427169210217,,,,62.1354996547904,,,,72.672,2.36,82.6240780620716
ATG,2005,27692.634871178,,13.3,97.7897055772759,99.0,99.0,,88.6381274061459,641.3157959,,10.7,75.364,1.832,29.1737995723752
ATG,2006,30827.3416754916,,13.0,97.8587455751822,99.0,99.0,,89.410528383537,665.11560059,,10.5,75.506,1.831,28.43525787418
ATG,2007,33245.2678606765,116.446899414062,12.7,97.9288759157596,99.0,99.0,1.763,90.181534098799,714.27496338,,10.2,75.72,1.86,27.7201265838981
ATG,2008,32756.3067839753,118.499542236328,12.5,98.0000819253765,99.0,99.0,0.543,90.9512112125374,694.03344727,,10.0,76.075,2.042,27.0585906639822
ATG,2009,28405.6900929523,117.937446594238,12.2,98.0723568247824,99.0,99.0,,91.7194750028069,609.50390625,,9.7,76.386,2.006,26.4808350768849
ATG,2010,25826.6086383235,120.18367767334,12.0,98.1456600056125,98.0,98.0,,92.4864478668601,724.08880615,,9.5,76.701,1.785,26.0170447850587
ATG,2011,25023.9174488179,117.199310302734,11.8,98.2201657181989,99.0,99.0,,93.2510130109521,717.28186035,,9.3,77.023,1.746,25.694689859722
ATG,2012,25592.9066121735,113.619567871094,11.6,98.2971057730873,98.0,98.0,,94.0042537403254,753.50183105,,9.1,77.1,1.655,25.4555618588267
ATG,2013,25206.8458285339,113.245916212913,11.4,98.3743397990659,99.0,96.0,,94.7571352497532,739.10491943,,8.9,77.05,1.537,25.2475667667937
ATG,2014,25557.5249124716,112.459922790527,11.2,98.4518716600129,99.0,93.0,,95.5096665851238,826.75598145,,8.7,76.912,1.526,25.0899726107741
ATG,2015,25734.1516444171,110.396583557129,11.0,98.5296965955538,99.0,91.0,,96.2618760462753,789.30975342,,8.6,76.892,1.567,25.0
ATG,2016,26627.71453894,107.432655305113,10.8,98.6078413769816,92.0,88.0,,97.0132411183707,817.88891602,,8.4,76.968,1.458,24.9239807471655
ATG,2017,27199.1952402262,109.74291229248,10.7,98.6862412364466,95.0,99.0,2.917,97.7638078582703,791.12322998,,8.3,77.03,1.485,24.8500263836871
ATG,2018,28878.6067675471,112.740837097168,10.5,98.7648515516048,95.0,96.0,,98.5136876135771,856.37127686,,8.1,77.132,1.371,24.7781432093764
ATG,2019,29651.8641526705,112.847576892521,10.3,98.8436169017974,99.0,97.0,,99.0899721182438,808.14996338,,8.0,77.168,1.468,24.708337524045
ATG,2020,23930.6714995115,,10.1,98.9224941519798,96.0,89.0,,99.6041813873018,873.5246582,,7.8,77.161,1.569,24.6406156275043
AUS,2005,49997.0664953941,103.397911071777,5.7,99.7781476301651,92.0,94.0,2.764,99.9934420647228,2995.87255859,,4.8,80.8414634146341,1.807,85.6190871221958
AUS,2006,50693.7248649798,103.562561035156,5.6,99.7997730308655,92.0,94.0,2.825,99.9938983048943,3174.86865234,,4.7,81.0414634146342,1.908,85.7492544263523
AUS,2007,51663.2403953881,105.422981262207,5.4,99.8212480845919,92.0,94.0,2.99,99.9943545450659,3792.80981445,,4.5,81.2926829268293,1.959,85.8968519574969
AUS,2008,52473.3819160773,105.24462890625,5.2,99.8425531204552,92.0,94.0,3.0,99.9948107852374,4083.42944336,35.4,4.4,81.3951219512195,1.984,86.0253816967666
AUS,2009,52407.9115378584,105.215629577637,5.0,99.8636787110095,92.0,94.0,3.104,99.9952670254089,3989.44116211,,4.2,81.5439024390244,1.971,86.1278139101818
AUS,2010,52739.2681556133,105.488502502441,4.8,99.8831426844635,92.0,94.0,3.345,99.9957232655805,4947.96337891,34.7,4.0,81.6951219512195,1.928,86.2198600512143
AUS,2011,53257.0473237603,105.274879455566,4.5,99.8919671201613,92.0,94.0,3.296,99.996179505752,5876.88525391,,3.8,81.8951219512195,1.926,86.3268946146423
AUS,2012,54403.8836902433,105.669723510742,4.3,99.9007717329478,92.0,94.0,3.293,99.9966357459236,6038.87158203,,3.6,82.0463414634146,1.92,86.4451259136625
AUS,2013,54895.0052588984,105.802581787109,4.1,99.9095874586183,91.0,94.0,3.356,99.9970919860951,5811.86865234,,3.5,82.1487804878049,1.855,86.5740515760243
AUS,2014,55489.068844146,105.461601257324,4.0,99.9614825180861,92.0,94.0,3.432,99.9975482262667,6098.25439453,34.4,3.4,82.3,1.826,86.7221289343356
AUS,2015,55879.9958817103,101.665489196777,3.9,99.9700064923964,93.0,95.0,3.486,99.9980044664382,5271.93310547,,3.3,82.4,1.814,86.8778642539361
AUS,2016,56529.951824687,101.180686950684,3.8,99.9699685481919,94.0,95.0,3.557,99.9984607066097,5418.43652344,33.7,3.2,82.4487804878049,1.752,87.0166295249235
AUS,2017,56881.8569859104,100.637657165527,3.8,99.9699329598972,95.0,94.0,3.656,99.9989169467813,5770.69042969,,3.2,82.5,1.741,87.12809266445
AUS,2018,57647.8455068105,100.398712158203,3.8,99.9698940747082,95.0,94.0,3.726,99.9993731869528,5843.64794922,34.3,3.2,82.7487804878049,1.74,87.2267680845925
AUS,2019,58048.6188420831,100.199699401855,3.8,99.9698532048744,95.0,94.0,3.808,99.9998294271244,5543.37841797,,3.2,82.9,1.657,87.3019647888406
AUS,2020,57260.4650530108,99.9011077880859,3.8,99.9698157102474,95.0,93.0,3.895,100.0,5968.00341797,33.8,3.2,83.2,1.581,87.2713470458985
AUT,2005,56890.1996184204,102.08748626709,4.9,100.0,86.0,75.0,4.348,99.9947064734973,3720.02441406,28.7,4.1,79.3317073170732,1.41,66.9797950654143
AUT,2006,58460.1550504163,102.310897827148,4.8,99.9999993859507,83.0,80.0,4.477,99.9928944921009,3899.90722656,29.6,4.0,79.8804878048781,1.41,67.0006968062814
AUT,2007,60470.825141587,102.771659851074,4.6,99.9999988465267,85.0,79.0,4.562,99.9911017476995,4484.81640625,30.6,3.9,80.1804878048781,1.38,67.0211044863084
AUT,2008,61157.9014974191,102.266273498535,4.5,99.9999991552281,83.0,83.0,4.627,99.9893276003394,5080.83740234,30.4,3.8,80.4317073170732,1.42,67.0435560819078
AUT,2009,58810.3596828696,101.361312866211,4.4,99.999999017009,83.0,76.0,4.722,99.9875707536701,4939.75878906,31.5,3.7,80.3317073170732,1.39,67.0705895694924
AUT,2010,59730.4673903053,100.835540771484,4.3,100.0,86.0,80.0,4.827,99.9858335152594,4815.26953125,30.3,3.6,80.5804878048781,1.44,67.1047429254747
AUT,2011,61272.1724662899,100.558326721191,4.2,100.0,89.0,84.0,4.875,99.9841152637766,5191.92333984,30.8,3.5,80.9829268292683,1.43,67.1484255415056
AUT,2012,61376.6345930428,100.335113525391,4.0,100.0,92.0,88.0,4.927,99.982312100595,4983.67724609,30.5,3.4,80.9365853658537,1.44,67.2085909812279
AUT,2013,60862.9693673785,100.746078491211,3.9,99.9999971905454,95.0,92.0,5.018,99.9804519832307,5251.96826172,30.8,3.3,81.1365853658537,1.44,67.2981308784247
AUT,2014,60845.5743980711,100.970321655273,3.8,100.0,98.0,96.0,5.076,99.9785877606259,5418.47558594,30.5,3.2,81.490243902439,1.46,67.4154327591781
AUT,2015,60951.6037273662,101.104393005371,3.7,100.0,93.0,96.0,5.124,99.9767095192409,4649.59667969,30.5,3.1,81.190243902439,1.49,67.5576175537383
AUT,2016,61572.6257402404,100.428077697754,3.6,100.0,87.0,95.0,5.129,99.9748167576783,4758.89892578,30.8,3.0,81.6414634146342,1.53,67.7218061923556
AUT,2017,62535.8105711345,101.104568481445,3.6,99.9999980909991,90.0,96.0,5.182,99.9729077052186,4999.86962891,29.7,3.0,81.6439024390244,1.52,67.9051196052802
AUT,2018,63777.9362157476,101.370300292969,3.5,100.0,85.0,94.0,5.241,99.9728166060806,5394.55908203,30.8,2.9,81.6926829268293,1.47,68.1046787227623
AUT,2019,64609.2836396895,101.776290893555,3.5,99.9999997360902,88.0,95.0,5.318,99.9727130295408,5313.19287109,30.2,2.9,81.8951219512195,1.46,68.3176044750522
AUT,2020,60276.3307697326,101.560852050781,3.4,99.9999975918171,85.0,95.0,5.344,99.9726022326155,5569.84130859,29.8,2.9,81.1926829268293,1.44,68.5410177924001
AZE,2005,10054.1003389401,95.526969909668,52.1,80.1342105544124,75.0,67.0,3.557,73.9007809135916,34.35204697,26.6,42.2,67.71,2.0,52.5028533935547
AZE,2006,13371.6585214534,94.2166595458984,48.7,81.0533923471331,78.0,69.0,3.532,75.2446071207106,49.87102127,,39.2,68.489,1.97,52.6540145874023
AZE,2007,16587.3657240228,94.7712020874023,45.7,81.9743802928687,79.0,75.0,3.669,76.5920244999871,74.65649414,,36.6,68.659,1.97,52.8281555175781
AZE,2008,17963.0208126838,94.0724716186523,42.9,82.8965426494473,81.0,79.0,3.635,77.9427910031062,111.88427734,,34.1,69.355,1.9,53.063304901123
AZE,2009,19242.3900077231,95.0685729980469,40.2,83.8200869435287,81.0,85.0,3.626,79.2970479678594,135.40127563,,31.8,69.874,1.82,53.1358125434574
AZE,2010,19925.3900662137,93.7623031735616,37.8,84.7487471999046,81.0,89.0,3.617,80.6565618814243,153.0665741,,29.7,70.309,1.92,53.2848367714869
AZE,2011,19358.0778100345,95.573632238702,35.5,85.6816333472465,82.0,88.0,3.397,82.0209823776921,184.93493652,,27.7,70.565,1.96,53.5085461893249
AZE,2012,19523.3737161356,97.9553073516457,33.4,86.6181028034085,79.0,86.0,3.449,83.3900771954371,234.60324097,,25.9,71.08,2.0,53.8076442276208
AZE,2013,20398.6462250349,100.500447800934,31.4,87.5577162731315,78.0,86.0,3.413,84.7637227824749,251.67863464,,24.2,71.485,1.98,54.1821087431318
AZE,2014,20709.201611232,106.059885931559,29.6,88.4995796810973,78.0,85.0,3.401,86.1415854877427,280.22314453,,22.6,71.93,1.97,54.6319175926151
AZE,2015,20678.7539572375,106.601494422512,27.9,89.4430394265685,79.0,84.0,3.328,87.5234598194959,236.25979614,,21.1,72.349,1.94,55.1570486328276
AZE,2016,19822.4105943941,106.431739366993,26.5,90.3873981119226,78.0,81.0,3.262,88.9091129023182,169.69596863,,19.8,72.568,1.9,55.7574797205266
AZE,2017,19659.0048562768,103.294100040645,25.1,91.3319756877674,76.0,80.0,3.197,90.2983404004094,167.01565552,,18.6,72.694,1.75,56.4331887124691
AZE,2018,19781.8509058437,99.7221014157127,23.8,92.2760684532057,74.0,77.0,3.236,91.6909287439115,180.03610229,,17.5,73.016,1.73,57.1841534654123
AZE,2019,20101.491875147,97.9353503349024,22.7,93.2188338102912,74.0,78.0,3.148,93.0865984611418,199.25746155,,16.5,73.29,1.81,58.1308191977779
AZE,2020,19126.096851126,98.2360713897839,21.5,94.1597003364215,56.0,61.0,3.125,94.4852164889199,245.21949768,,15.6,70.312,1.7,58.2934691761937
BDI,2005,978.5419608465,84.5035934448242,123.7,53.4486364755219,87.0,87.0,,45.9780778470214,11.13118172,,73.8,53.053,6.708,9.1806167624459
BDI,2006,995.027813698961,107.597122192383,116.6,54.1661932522389,92.0,92.0,,45.8797490696037,14.10514736,33.4,69.9,53.962,6.659,9.4646291775586
BDI,2007,991.931411319069,120.352416992188,109.5,54.8864129509112,99.0,88.0,,45.7793823625363,15.26294613,,66.0,54.832,6.588,9.77289185737152
BDI,2008,998.565055501985,123.768852233887,102.6,55.6098997229937,92.0,84.0,,45.6767816936833,14.67025566,,62.1,55.581,6.515,10.1064353383035
BDI,2009,985.184772509514,131.400833129883,96.1,56.3355825265759,94.0,91.0,,45.5719158266356,18.31996346,,58.4,56.422,6.409,10.4979900434482
BDI,2010,988.018678716302,135.159734772168,90.2,57.0647160568921,96.0,92.0,0.045,45.4645083129414,24.45114708,,55.1,57.088,6.26,10.9843097335487
BDI,2011,991.659881666872,135.992222159155,84.7,57.7968901680733,96.0,93.0,0.037,45.354450786345,23.16802216,,52.0,57.804,6.108,11.5616652230006
BDI,2012,999.220068163159,131.357142093473,79.6,58.5316929409599,96.0,93.0,0.049,45.2416177840798,20.01195908,,49.1,58.501,5.991,12.2244596804615
BDI,2013,1011.43131303134,126.110240344608,74.9,59.2700188901238,96.0,98.0,0.053,45.125751746761,20.26322556,38.6,46.4,59.179,5.889,12.9670962745892
BDI,2014,1019.17607398667,121.424109579602,70.6,60.0108002103421,95.0,94.0,0.056,45.0067757440714,18.06601143,,43.9,59.764,5.794,13.7839781740413
BDI,2015,992.28580552029,116.228128078144,66.9,60.754598685409,94.0,93.0,0.046,44.8844503584829,17.67629051,,41.8,60.107,5.695,14.6695085474754
BDI,2016,1006.55907385999,112.482124155559,63.7,61.5013152508053,94.0,93.0,,44.7585847024572,18.59472847,,40.0,60.789,5.587,15.6180905635494
BDI,2017,1020.8498275719,107.55418011941,60.9,62.2508547109649,91.0,90.0,0.094,44.6289841238283,19.16676521,,38.4,61.345,5.481,16.6241273909209
BDI,2018,1043.40558434036,104.256445289133,58.5,63.0031105309043,90.0,88.0,0.094,44.4954380894811,18.67819214,,37.0,61.806,5.38,17.6820221982475
BDI,2019,1054.72592734898,101.506122486696,56.2,63.7579908768374,93.0,92.0,,44.3577388229315,22.2435379,,35.7,62.18,5.271,18.786178154187
BDI,2020,1027.62896276744,101.661087301601,54.3,64.4028716190814,93.0,90.0,0.069,44.4548070620661,26.21934319,37.5,34.6,62.569,5.177,19.9309984273971
BEL,2005,54346.8934219288,103.112442016602,5.0,100.0,97.0,88.0,2.871,99.4854588007365,3415.64599609,29.3,4.1,78.9804878048781,1.76,83.5645449743707
BEL,2006,55367.6227467909,102.793403625488,4.9,100.0,98.0,92.0,2.886,99.4856201119658,3547.06835938,28.1,4.0,79.380487804878,1.8,83.8578905877926
BEL,2007,56983.4612170064,102.451301574707,4.8,100.0,98.0,92.0,2.905,99.4857808585944,4066.2121582,29.2,3.9,79.7829268292683,1.82,84.1454309580577
BEL,2008,56787.7366257416,102.265731811523,4.7,99.9999989331379,99.0,93.0,2.921,99.4859416700664,4656.04150391,28.4,3.8,79.6804878048781,1.85,84.427037120012
BEL,2009,55258.7071019668,102.259460449219,4.6,100.0,98.0,95.0,2.92,99.4861064041689,4755.80859375,28.6,3.8,80.0341463414634,1.84,84.7025801085014
BEL,2010,56240.2030936241,102.236808776855,4.5,100.0,98.0,95.0,2.909,99.4861236387516,4626.02685547,28.4,3.7,80.1829268292683,1.86,84.9719309583717
BEL,2011,56585.302500068,101.269889831543,4.4,100.0,98.0,95.0,2.915,99.4861332173528,4990.35595703,28.1,3.6,80.5853658536585,1.81,85.2349607044689
BEL,2012,56356.8251292137,101.520362854004,4.3,100.0,99.0,96.0,2.933,99.4861435479371,4763.93505859,27.5,3.5,80.3853658536585,1.8,85.4915403816388
BEL,2013,56263.175267967,103.191062927246,4.2,100.0,99.0,96.0,3.131,99.4861501236866,5005.64990234,27.7,3.5,80.5878048780488,1.76,85.7415410247275
BEL,2014,57002.9092185206,103.104873657227,4.1,100.0,99.0,96.0,3.16,99.4861618443076,5110.17333984,28.1,3.4,81.2878048780488,1.74,85.9848336685807
BEL,2015,57509.0245728704,102.243827819824,4.1,99.9999977589531,99.0,96.0,3.221,99.4861641764678,4465.45556641,27.7,3.4,80.9926829268293,1.7,86.2212893480444
BEL,2016,57901.497690315,102.055862426758,4.1,99.9999981505316,98.0,96.0,3.28,99.4861721928964,4569.640625,27.6,3.4,81.4390243902439,1.68,86.4507790979645
BEL,2017,58529.3302957537,102.752861022949,4.0,100.0,98.0,96.0,3.292,99.4861854185217,4827.59326172,27.4,3.3,81.4926829268293,1.65,86.6731739531869
BEL,2018,59357.6896884396,102.500366210938,4.0,99.9999964912518,98.0,96.0,3.355,99.4861848733706,5233.68261719,27.2,3.3,81.5951219512195,1.62,86.8883449485575
BEL,2019,60479.9769955469,102.148559570312,3.9,100.0,97.0,96.0,3.424,99.4861954289203,5087.45654297,27.2,3.3,81.9951219512195,1.6,87.0961631189222
BEL,2020,57333.5424137924,102.064270019531,3.9,100.0,98.0,96.0,3.506,99.4862025266725,5269.40625,26.0,3.2,80.6951219512195,1.55,87.2964994991269
BEN,2005,2632.47251454328,94.2145690917969,119.7,62.9572986699117,70.0,61.0,,10.8039533008181,25.12485313,,71.0,57.738,5.692,40.3097749006517
BEN,2006,2652.21841967159,94.3325424194336,117.0,63.3414202893598,74.0,66.0,,11.3039620341641,26.60264206,,69.4,57.966,5.673,40.7877794072449
BEN,2007,2729.13741390352,,114.4,63.722003378885,82.0,70.0,,11.8157291558234,26.79680061,,67.9,58.249,5.627,41.2857782552618
BEN,2008,2777.61974031765,106.483963012695,112.0,64.0987736405784,75.0,66.0,0.059,12.3390077692944,28.12486076,,66.5,58.099,5.548,41.8029662723105
BEN,2009,2758.07243150648,111.44181060791,109.7,64.471280030876,79.0,71.0,,12.8733600744969,29.69425583,,65.1,58.258,5.491,42.338538285999
BEN,2010,2733.57399641151,112.795959472656,107.4,64.8398943690565,76.0,68.0,0.052,13.4190757934874,29.37720871,,63.8,58.387,5.452,42.8916891239353
BEN,2011,2732.01249647957,114.723129272461,105.1,65.2045676976255,75.0,70.0,0.054,13.9760843860142,31.76816368,43.4,62.4,58.462,5.436,43.4616136137276
BEN,2012,2779.7264808532,118.541481018066,102.9,65.5652472683148,80.0,74.0,,14.5443123134086,32.95616913,,61.1,58.559,5.429,44.0475065829838
BEN,2013,2893.0467015352,119.383087158203,100.6,65.9215151449037,77.0,68.0,,15.1233051054282,33.53426743,,59.8,58.863,5.41,44.6502883669319
BEN,2014,2987.38236326153,119.675392150879,98.4,66.2745990254867,74.0,65.0,,15.7143302277075,32.41182327,,58.4,59.008,5.374,45.2880529235999
BEN,2015,2952.00218338705,121.990882873535,96.1,66.6240261475915,74.0,67.0,,16.3169481534553,27.34733391,47.6,57.0,59.123,5.32,45.9407403257663
BEN,2016,2962.66381572265,120.301116943359,94.0,66.9697053582587,78.0,68.0,0.045,16.9310972411709,36.58565903,,55.8,59.283,5.254,46.6094559006664
BEN,2017,3041.77929984989,116.291519165039,91.8,67.3115299235489,76.0,65.0,,17.5567124078682,38.75862122,,54.4,59.528,5.155,47.2942774880391
BEN,2018,3155.4510650627,111.805068969727,89.4,67.6494113960798,74.0,61.0,0.073,18.1937303852969,39.54786301,37.9,53.1,59.71,5.031,47.9952829275963
BEN,2019,3281.10470051465,106.798400878906,87.0,67.9832516982572,72.0,58.0,0.06,18.8420840944928,33.9457283,,51.8,59.888,4.9,48.7125500590248
BEN,2020,3317.8597222557,104.033172607422,84.6,68.3129505616936,70.0,54.0,,19.501704357901,36.62052536,,50.4,60.154,4.795,49.4461567219896
BFA,2005,1664.99543180023,56.6982612609863,150.8,54.9540483069105,82.0,84.0,,12.9610876994314,21.34285545,,80.2,53.271,6.182,22.0179778440204
BFA,2006,1714.76034904509,60.375,144.4,54.7404102452083,86.0,88.0,,13.9636797865369,23.55202866,,77.1,53.784,6.17,22.5528306908743
BFA,2007,1731.93046335077,65.8891830444336,138.1,54.4775122533974,89.0,94.0,,14.9188541884319,29.72483063,,74.1,54.377,6.11,22.9741760828193
BFA,2008,1779.32710911571,71.3662185668945,132.1,54.1709291046909,93.0,94.0,0.031,15.8385590424802,30.76880074,,71.2,55.199,6.05,23.3633747838557
BFA,2009,1779.32305627973,75.7858963012695,126.5,53.8607620569165,92.0,94.0,0.043,16.7713190117343,31.26260567,39.8,68.5,55.791,5.992,23.7452325601116
BFA,2010,1873.97146230828,76.4055299539171,121.3,53.5481792484168,91.0,92.0,0.044,17.717348101652,33.05819321,,66.0,56.343,5.936,24.115092498158
BFA,2011,1939.86659989406,79.7322151346571,116.6,53.2337210751368,91.0,89.0,0.037,18.6760821491649,33.70409393,,63.8,57.001,5.869,24.4682976845657
BFA,2012,2003.6646118745,81.98174251568,112.3,52.9175711215547,90.0,87.0,0.046,19.6465931645733,33.66717529,,61.7,57.457,5.793,24.8001912059054
BFA,2013,2057.0639319853,83.2890892862992,108.2,52.6002657451869,88.0,82.0,0.045,20.6283173579476,42.26796341,,59.8,57.903,5.697,25.106116148748
BFA,2014,2083.19844698304,84.5538716285922,104.3,52.2827255201391,91.0,88.0,0.047,21.6210077487698,38.24516678,35.3,58.0,58.331,5.595,25.3814155996643
BFA,2015,2101.70266192027,85.1484827713554,100.8,51.9651331528119,91.0,88.0,0.063,22.623723352134,32.3375206,,56.3,58.778,5.478,25.621432645225
BFA,2016,2162.72578977814,87.4065255935815,97.4,51.6480569278797,91.0,88.0,0.062,23.6358671659231,39.50990677,,54.7,59.173,5.331,25.821510372001
BFA,2017,2232.28781490944,89.5118329042903,94.1,51.3308302109352,91.0,88.0,0.082,24.6558918981723,43.37775803,,53.1,59.578,5.17,25.9769918665632
BFA,2018,2316.39432079045,91.5019771306419,91.0,51.0143648746902,91.0,88.0,0.082,25.6835548762607,38.48573303,43.0,51.7,59.972,4.921,26.0832202154822
BFA,2019,2391.53626844484,89.7861564043823,88.1,50.6996167671279,91.0,88.0,0.091,26.7185691114763,41.06895828,,50.2,60.184,4.681,26.1187254401157
BFA,2020,2380.93171826574,87.6988473437538,85.1,50.3862637931321,91.0,88.0,0.096,27.7597483878875,57.17589188,,48.7,60.454,4.44,26.3578373628627
BGD,2005,3231.61370692891,96.386833190918,63.0,95.4615869207047,93.0,88.0,0.296,31.4358349503108,11.31403732,33.2,46.0,65.509,2.846,25.4769540701509
BGD,2006,3407.4273502159,95.8766021728516,59.6,95.6665612927773,94.0,83.0,0.305,33.2264398318266,12.05988026,,43.8,66.048,2.755,25.9479149992596
BGD,2007,3608.91543819399,93.662353515625,56.5,95.8693613830189,94.0,89.0,0.317,35.0339772895148,14.03898716,,41.8,66.458,2.666,26.415303779311
BGD,2008,3787.9382761855,90.3782272338867,53.6,96.0698868772065,96.0,92.0,0.33,36.8575848438424,15.5619669,,40.0,67.047,2.577,26.87206041368
BGD,2009,3942.13631207203,92.5936737060547,51.1,96.2680515706038,97.0,93.0,0.343,38.6964226448975,17.7030201,,38.3,67.527,2.484,27.3111249057412
BGD,2010,4125.46390163202,94.7762261175806,48.7,96.4638392169857,94.0,88.0,0.352,40.550092213975,20.62105751,32.1,36.8,68.009,2.38,27.7254372588696
BGD,2011,4352.42643359325,,46.5,96.6571382365005,96.0,93.0,0.373,42.417588032588,22.77348328,,35.3,68.499,2.309,28.1100162712427
BGD,2012,4592.04840919812,,44.4,96.8477733718652,94.0,88.0,0.39,44.2975869340688,23.43771553,,33.9,68.989,2.263,28.4787972894576
BGD,2013,4822.72621378266,,42.4,97.035648544406,96.0,91.0,0.412,46.1890615570129,26.96918297,,32.6,69.487,2.247,28.8407036106763
BGD,2014,5068.63965672741,,40.5,97.220803624287,97.0,94.0,0.478,48.091854377096,29.91152382,,31.2,70.016,2.228,29.1944442321013
BGD,2015,5352.71133299566,,38.5,97.4031438216165,98.0,97.0,0.476,50.0050245547683,33.20998764,,29.8,70.543,2.227,29.5395099477892
BGD,2016,5682.53553494306,,36.7,97.5826981722131,98.0,97.0,0.489,51.9283001377065,39.30647659,32.4,28.5,71.075,2.227,29.8753915517965
BGD,2017,6005.70718781048,105.128820425409,35.0,97.7594255729943,98.0,97.0,0.535,53.861024982081,42.17510986,,27.3,71.606,2.205,30.2015798381799
BGD,2018,6392.59334024091,107.18995771035,33.5,97.933316165493,98.0,97.0,0.573,55.8026895798661,44.78892899,,26.2,72.122,2.193,30.5175656009959
BGD,2019,6838.32611608243,,32.3,98.1043633059551,98.0,97.0,0.63,57.7528738554199,45.07677078,,25.4,72.625,2.18,30.8228396343012
BGD,2020,7015.19792797056,110.066619873047,31.4,98.2725719690138,97.0,97.0,0.661,59.7111659386902,49.0274353,,24.8,71.421,2.175,31.1168927321524
BGR,2005,17678.0339712293,110.920433044434,13.3,99.5952857314263,96.0,96.0,3.661,85.8787353292987,267.74139404,,11.0,72.5609756097561,1.37,70.0869598388672
BGR,2006,19024.543813813,108.823188781738,12.5,99.5685847178938,95.0,96.0,3.676,85.8894058121124,294.10891724,35.7,10.4,72.6121951219512,1.44,70.5075225830078
BGR,2007,20440.2525941501,106.104972839355,11.9,99.5424563841982,95.0,96.0,3.675,85.9000132510858,361.23498535,36.1,9.9,72.6634146341463,1.49,70.6844177246094
BGR,2008,21845.954719527,104.157562255859,11.4,99.5168989901261,95.0,96.0,3.643,85.9105606214377,455.54058838,33.6,9.5,72.9634146341463,1.56,70.902099609375
BGR,2009,21251.2168646802,102.061912536621,11.1,99.4918883371775,94.0,96.0,3.733,85.921008483856,459.30020142,33.8,9.3,73.4121951219512,1.66,71.3017349243164
BGR,2010,21724.2863457596,101.400619506836,10.9,99.4674443238524,94.0,97.0,3.747,85.9314028069197,484.75228882,35.7,9.1,73.5121951219512,1.57,71.5149307250977
BGR,2011,22321.033168819,101.120269775391,10.4,99.4435439260654,95.0,95.0,3.838,85.9417067262651,555.86419678,34.3,8.7,74.1634146341463,1.51,72.6101653885532
BGR,2012,22618.8104278919,100.363082885742,9.9,99.4202191539046,95.0,94.0,3.868,85.9520368037234,558.64794922,36.0,8.3,74.3146341463415,1.5,72.7684860229492
BGR,2013,22954.396399855,98.7911834716797,9.3,99.3974782704321,95.0,95.0,3.953,85.9623980621807,553.68725586,36.6,7.8,74.8609756097561,1.54,72.9632821572019
BGR,2014,23455.4830019277,99.2496109008789,8.7,99.3753090063738,88.0,93.0,3.978,85.9727585294745,616.16296387,37.4,7.3,74.4658536585366,1.62,73.0844879150391
BGR,2015,24562.648880929,99.1272201538086,8.2,99.3537331088916,91.0,92.0,4.041,85.9831554868043,534.21466064,38.6,6.8,74.6146341463415,1.64,73.1030578613281
BGR,2016,25636.7443903478,98.0771636962891,7.7,99.3327228860736,92.0,92.0,4.107,85.9935449985972,579.76715088,40.6,6.4,74.8121951219512,1.67,73.1750030517578
BGR,2017,26691.758001902,97.5942993164062,7.3,99.3123099116754,92.0,94.0,4.184,86.0039712709355,647.56402588,40.4,6.1,74.8146341463415,1.71,73.3904571533203
BGR,2018,27690.893655005,96.7923202514648,7.0,99.292449043955,92.0,93.0,4.217,86.0143608416048,719.78033447,41.3,5.8,74.9634146341464,1.73,73.600212097168
BGR,2019,29149.921509976,96.4398803710938,6.7,99.2731656499931,93.0,95.0,4.236,86.0247532488828,733.06878662,40.3,5.5,75.1121951219512,1.79,73.7162322998047
BGR,2020,28521.2062482596,96.5437622070312,6.5,99.2544596990953,91.0,88.0,4.277,86.0351484540034,906.54833984,40.5,5.3,73.3560975609756,1.77,73.3239898681641
BHR,2005,53478.2662415503,95.1477508544922,10.6,99.9489738056245,98.0,99.0,0.995,99.9594867814508,557.9574585,,8.8,76.125,2.67,91.168165501421
BHR,2006,52691.9323366851,101.917457580566,10.3,99.9470354866484,98.0,99.0,0.977,99.9635062573511,578.29705811,,8.5,76.51,2.464,92.7186075361661
BHR,2007,52731.7921672618,,9.8,99.9450971676723,97.0,99.0,0.995,99.9675257332513,677.16290283,,8.1,76.952,2.282,94.460505558445
BHR,2008,52765.3899455546,,9.4,99.9431588486962,97.0,99.0,0.984,99.9715452091516,734.99511719,,7.8,77.457,2.152,96.3461384245376
BHR,2009,50665.7507489219,,9.0,99.9412205297201,98.0,99.0,0.971,99.9755646850518,838.52880859,,7.4,78.016,2.047,98.3277849907243
BHR,2010,50704.8479679819,,8.6,99.939282210744,99.0,99.0,0.971,99.9795841609521,866.67224121,,7.1,78.593,1.987,100.0
BHR,2011,53132.3284162611,96.1195941897225,8.3,99.9373438917679,99.0,99.0,1.001,99.9836036368523,921.72064209,,6.8,79.141,2.025,100.0
BHR,2012,54516.8406594787,101.803222781141,8.1,99.9354055727918,99.0,99.0,1.023,99.9876231127526,1038.1661377,,6.6,79.622,2.11,100.0
BHR,2013,55376.4005147894,107.464276011953,7.9,99.9334672538156,99.0,99.0,0.998,99.9916425886528,1115.16906738,,6.5,79.998,2.166,100.0
BHR,2014,55065.8189472129,104.369512763844,7.8,99.9315289348395,99.0,99.0,0.974,99.9956620645531,1122.16040039,,6.4,80.214,2.149,100.0
BHR,2015,54149.9131524721,100.237015471325,7.7,99.9295906158634,98.0,99.0,0.927,99.9996815404533,1128.24291992,,6.3,80.338,2.113,100.0
BHR,2016,54107.0752236423,99.8968591364868,7.6,99.9276522968873,99.0,99.0,0.83,100.0,1095.92541504,,6.3,80.407,2.042,100.0
BHR,2017,53859.7749589601,98.7361755496891,7.7,99.9257139779112,97.0,99.0,0.76,100.0,1080.08898926,,6.3,80.407,1.984,100.0
BHR,2018,54893.0724411368,96.8386151592259,7.7,99.9237756589351,99.0,99.0,0.729,100.0,1041.8560791,,6.4,80.412,1.911,100.0
BHR,2019,56749.9628370612,96.7754137910744,7.8,99.921837339959,99.0,99.0,0.687,100.0,1030.26379395,,6.5,80.471,1.843,100.0
BHR,2020,53814.2452592358,,8.0,99.9198990209829,98.0,99.0,0.741,100.0,1101.14025879,,6.6,78.683,1.86,100.0
BHS,2005,35365.4663980219,101.074859619141,16.9,98.3621493770784,93.0,85.0,,92.9701786217826,1153.21594238,,14.5,73.413,2.008,81.8605578035102
BHS,2006,35789.1322131898,100.136596679688,16.8,98.4204605608593,95.0,88.0,,92.9637208526333,1257.64587402,,14.4,73.456,2.019,82.0396098391364
BHS,2007,35797.118972073,105.799873352051,16.5,98.4787717446403,95.0,96.0,,92.9555462354289,1351.08203125,,14.2,73.463,2.035,82.1964954293015
BHS,2008,34498.0351399173,107.281616210938,16.2,98.5370829284212,93.0,90.0,2.645,92.9456547701693,1429.23681641,,14.0,73.445,1.999,82.3197128080855
BHS,2009,32630.263065979,103.59838104248,15.8,98.5953941122021,96.0,98.0,,92.9340464568545,1416.92468262,,13.7,73.455,2.011,82.3977602095684
BHS,2010,32711.4592459383,102.482355070278,15.4,98.6537052959831,99.0,94.0,,92.9207212954847,1444.0065918,,13.4,73.449,1.837,82.4198104431593
BHS,2011,32535.6625139135,110.135749348524,15.1,98.712016479764,98.0,90.0,2.233,92.9056792860598,1442.24768066,,13.1,73.571,1.791,82.4130347470308
BHS,2012,33667.5547098911,103.677382284453,14.7,98.7703276635449,98.0,91.0,,92.8889204285797,1518.64953613,,12.9,73.707,1.761,82.3947485339925
BHS,2013,32402.9163503108,94.6404443777211,14.4,98.8286388473259,97.0,92.0,,93.1626284658143,1559.34985352,,12.6,73.93,1.738,82.3635791100868
BHS,2014,32712.6356664811,94.388210777017,14.2,98.8869500311068,96.0,92.0,,93.436336503049,1619.36669922,,12.4,74.029,1.687,82.3180931037043
BHS,2015,32777.5849410742,96.2606649014416,14.0,98.9452612148878,95.0,94.0,,93.7100445402837,1588.57775879,,12.3,73.805,1.574,82.2568571432361
BHS,2016,32172.3365152976,90.4117265380759,13.8,98.9452612148878,94.0,89.0,,93.7100445402837,1711.60510254,,12.2,74.042,1.495,82.1784378570728
BHS,2017,33050.0350128611,,13.7,98.9452612148878,94.0,90.0,1.895,93.7100445402837,2069.44555664,,12.1,74.031,1.424,82.0814018736052
BHS,2018,33650.2164350935,88.5500765329091,13.5,98.9452612148878,90.0,89.0,,93.7100445402837,1875.74035645,,12.0,74.062,1.404,81.9643158212241
BHS,2019,33202.4902105068,91.9375456537619,24.3,98.9452612148878,89.0,83.0,,93.7100445402837,1881.40393066,,16.0,71.408,1.397,81.8257463283204
BHS,2020,26452.695760929,,13.3,,83.0,87.0,,,1861.0637207,,11.9,72.994,1.386,81.6642600232849
BIH,2005,9814.46964102531,,7.4,96.9562697238871,93.0,90.0,1.409,95.1357940491604,241.64047241,,6.4,76.424,1.203,44.1570799336802
BIH,2006,10430.4119951847,,7.2,96.8599179487528,87.0,85.0,1.46,95.1516329661408,281.26403809,,6.3,76.028,1.18,44.4752743285185
BIH,2007,11178.6814832392,108.796783447266,7.1,96.7613473898559,95.0,96.0,1.54,95.1678945136016,363.86224365,34.3,6.2,76.162,1.19,44.7926078011574
BIH,2008,11983.7199632138,106.622398376465,7.0,96.6605523174734,91.0,84.0,1.59,95.1844586275953,459.29174805,,6.1,76.3,1.21,45.1090576163352
BIH,2009,11826.6501351383,108.094970703125,6.9,96.5575305327522,90.0,93.0,1.674,95.20132167847,409.29098511,,6.0,76.701,1.267,45.4246010387901
BIH,2010,12142.8616958168,88.7070770263672,6.8,96.4522822969049,89.0,91.0,1.749,95.2184837600235,406.13046265,,6.0,76.827,1.26,45.7392153332604
BIH,2011,12487.6490566037,89.0985412597656,6.8,96.3448010624916,88.0,89.0,1.839,95.2360155321308,456.96905518,33.3,5.9,76.963,1.209,46.0528777644843
BIH,2012,12626.9263237753,89.2094192504883,6.7,96.2350673868213,92.0,94.0,1.914,95.2539082676635,444.93655396,,5.9,77.037,1.252,46.3655655972
BIH,2013,13135.7175053454,89.4869613647461,6.7,96.1231183417835,89.0,92.0,1.997,95.2720361490621,475.07409668,,5.9,77.129,1.278,46.6954224739896
BIH,2014,13458.852576408,91.2244415283203,6.7,96.008918332446,86.0,89.0,2.083,95.2905317745254,493.07333374,,5.9,77.089,1.262,47.130783484831
BIH,2015,14220.0900038037,94.695442199707,6.7,96.0694403538991,82.0,83.0,2.107,95.3129339341419,430.83413696,32.9,5.9,77.073,1.322,47.5711645087011
BIH,2016,14873.6411107879,96.1386337280273,6.8,96.0724133360056,78.0,68.0,2.146,95.3361467691692,450.44155884,,5.9,77.124,1.36,48.0248845752382
BIH,2017,15554.6587430766,98.2435989379883,6.8,96.1569041351994,75.0,69.0,2.163,95.360235583008,471.32647705,,6.0,77.385,1.419,48.4918401819106
BIH,2018,16348.9997145353,99.7165832519531,6.8,96.1478367143062,73.0,68.0,2.457,95.3850620124746,529.85546875,,6.0,77.942,1.504,48.971927825824
BIH,2019,17029.2971980343,100.929710388184,6.7,96.1384735195781,80.0,79.0,2.584,,546.4508667,,5.9,77.394,1.509,49.4650440037758
BIH,2020,16747.0353918695,100.263931274414,6.6,96.1287930670731,78.0,70.0,,,594.8225708,,5.8,76.04,1.515,49.9710852122997
BLR,2005,16579.8731683834,102.126327514648,8.7,98.0009256778293,99.0,99.0,3.326,92.7606037607482,196.13806152,27.6,6.7,68.8512195121951,1.252,72.0310134887695
BLR,2006,18349.8719060634,101.282920837402,8.0,98.081163773337,99.0,97.0,3.393,93.2164038239813,221.70170593,28.3,6.1,69.4048780487805,1.335,72.6113815307617
BLR,2007,20019.6111676728,99.8373336791992,7.3,98.1616148412989,95.0,99.0,3.55,93.6735706995362,278.63424683,29.6,5.6,70.2073170731707,1.429,73.0913467407227
BLR,2008,22137.9472928315,99.810188293457,6.6,98.2423602894853,97.0,99.0,3.578,94.1325479318341,348.92633057,27.8,5.1,70.4560975609756,1.488,73.5531692504883
BLR,2009,22236.8387691136,100.756843566895,6.1,98.3240931023965,96.0,99.0,3.713,94.5970585071849,288.44775391,27.7,4.6,70.4073170731707,1.509,74.1909646620571
BLR,2010,24012.6133040213,100.778805231093,5.6,98.4067317637628,98.0,99.0,3.511,95.0666547452999,341.13800049,28.6,4.2,70.4048780487805,1.494,74.5501403808594
BLR,2011,25404.7566082412,100.927399800314,5.2,98.4898792244549,98.0,99.0,3.794,95.5392069475239,317.82492065,27.2,3.9,70.5536585365854,1.515,75.0597534179688
BLR,2012,25879.1319400701,100.103580941107,4.9,98.5737838074881,98.0,98.0,3.885,96.0160380409651,364.09957886,26.5,3.7,71.9658536585366,1.62,75.5281066894531
BLR,2013,26147.6253584645,99.4024127097705,4.6,98.658371398837,98.0,99.0,3.939,96.4967422557482,454.51959229,26.6,3.5,72.4707317073171,1.668,75.94970703125
BLR,2014,26564.4347246547,98.8196297844518,4.3,98.7435395155894,97.0,99.0,4.082,96.9807658359305,448.27426147,27.2,3.3,72.9707317073171,1.696,76.3405227661133
BLR,2015,25513.2132958317,98.4724784063299,4.1,98.8292261861592,99.0,99.0,4.255,97.4677528685491,360.91937256,25.6,3.1,73.6243902439025,1.724,76.6263885498047
BLR,2016,24846.8301529359,99.4165601023018,3.9,98.9152496756769,98.0,98.0,4.372,97.9567271053164,296.94720459,25.3,2.9,73.8268292682927,1.733,76.8458709716797
BLR,2017,25503.9809845207,98.9911352828846,3.6,99.0015077424337,97.0,97.0,4.427,98.4471393205969,331.94082642,25.4,2.8,74.1292682926829,1.541,77.0208206176758
BLR,2018,26363.4629778536,98.2260831226448,3.4,99.0880364550957,97.0,98.0,4.486,98.9391988814901,349.99176025,25.2,2.6,74.1756097560976,1.448,77.2132720947266
BLR,2019,26798.8206398076,97.0494273050719,3.1,99.1750106647627,98.0,98.0,4.546,99.4338632205589,400.11621094,25.3,2.4,74.2268292682927,1.382,77.4550771852757
BLR,2020,26731.4953869922,95.5250148309274,2.9,99.2623480849323,97.0,97.0,4.605,99.5940049296976,420.43655396,24.4,2.2,72.1385609756098,1.369,77.7890385790408
BLZ,2005,12714.9697390831,120.297348022461,21.0,90.6523242612086,96.0,95.0,,83.9996958672325,181.24623108,,17.1,70.335,3.173,46.7271194028137
BLZ,2006,12912.5300233774,119.866386413574,20.6,90.8984562243048,98.0,99.0,,83.9933189485274,196.13124084,,16.8,70.535,3.021,46.4084814638913
BLZ,2007,12973.2067214746,117.773338317871,20.2,91.1445369343611,96.0,96.0,,83.9874657603305,233.67915344,,16.5,70.652,2.885,46.0812472097226
BLZ,2008,12415.6811300464,115.303932189941,19.7,91.3905513616233,94.0,96.0,,83.9821223616587,257.84707642,,16.2,70.665,2.78,45.7599120745023
BLZ,2009,12033.9096816588,114.545341491699,19.3,91.6365142592411,97.0,97.0,0.771,83.977302195762,243.3110199,,15.9,70.806,2.659,45.4589714924251
BLZ,2010,11913.6635959061,112.946476456076,18.8,91.8801627270239,96.0,98.0,,83.972997548098,244.02867126,,15.5,70.875,2.552,45.1914838193558
BLZ,2011,11641.7717375703,112.275924178746,18.3,92.1248741739695,95.0,98.0,,83.9708984759609,252.81436157,,15.1,70.975,2.531,44.9417819131729
BLZ,2012,11843.4153404212,115.222578079659,17.7,92.3707609731193,98.0,96.0,1.157,83.9714754365874,247.97563171,,14.7,71.134,2.51,44.6903068035216
BLZ,2013,12064.797259406,113.524076873246,17.0,92.6178797642057,95.0,99.0,,83.9751251055118,263.10794067,,14.2,71.276,2.498,44.4380542363795
BLZ,2014,12272.2957895446,112.82886168273,16.3,92.8662134129202,95.0,95.0,,83.9821211094783,298.51965332,,13.6,71.437,2.474,44.1850161758379
BLZ,2015,12348.7944978311,113.602548159784,15.6,93.1158763105632,94.0,96.0,,83.9929567244339,286.78604126,,13.1,71.647,2.433,43.931184585988
BLZ,2016,12063.0600374093,116.084024666164,15.0,93.3669304730938,95.0,95.0,,84.0080355199731,293.09829712,,12.6,71.843,2.396,43.6765514309211
BLZ,2017,11572.3007931461,115.629980470942,14.4,93.6193465760244,88.0,90.0,1.131,84.027602259463,280.71743774,,12.1,72.062,2.368,43.4211086747287
BLZ,2018,11451.8979413877,114.90527173544,13.9,93.8731706836075,96.0,97.0,1.086,84.0520275827063,286.83633423,39.9,11.7,72.322,2.343,43.164848281502
BLZ,2019,11765.9748661176,114.458351316357,13.5,94.1316195459167,98.0,96.0,,84.0839153038299,298.14306641,,11.4,72.577,2.142,42.9077622153323
BLZ,2020,10045.1404163746,112.251430128031,13.2,94.3918809907388,79.0,82.0,,84.1193982319828,279.10131836,,11.1,71.58,2.04,42.649842440311
BMU,2005,109340.012116084,100.932991027832,,100.0,,,,99.9687271226264,,,,78.874,1.782,100.0
BMU,2006,115175.773016307,99.383903503418,,100.0,,,,99.9666444671626,,,,78.87,1.79,100.0
BMU,2007,118696.092066629,,,100.0,,,,99.9645618116988,,,,79.006,1.934,100.0
BMU,2008,115947.63292703,,,100.0,,,,99.962479156235,,,,79.101,1.86,100.0
BMU,2009,108967.427366927,,,100.0,,,,99.9603965007712,,,,79.229,1.853,100.0
BMU,2010,105973.358845444,106.171371459961,,100.0,,,,99.9583138453074,,,,79.414,1.767,100.0
BMU,2011,101994.242680484,103.870971679688,,100.0,,,,99.9562311898436,,,,79.651,1.569,100.0
BMU,2012,96715.1659966888,101.248802185059,,100.0,,,,99.9541485343798,,,,79.847,1.528,100.0
BMU,2013,96553.8726827819,99.5652236938477,,100.0,,,,99.952065878916,,,,80.016,1.522,100.0
BMU,2014,93046.2100976443,100.564140319824,,100.0,,,,99.9499832234522,,,,80.199,1.42,100.0
BMU,2015,93863.8483363419,102.673927307129,,100.0,,,,99.9479005679884,,,,80.338,1.44,100.0
BMU,2016,93269.0137558453,,,100.0,,,,99.9458179125246,,,,80.476,1.45,100.0
BMU,2017,96441.2718767256,,,100.0,,,,99.9437352570609,,,,80.686,1.419,100.0
BMU,2018,95643.2734055543,,,100.0,,,,99.9416526015971,,,,80.986,1.374,100.0
BMU,2019,95523.9623126026,,,100.0,,,,99.9416526015971,,,,81.251,1.383,100.0
BMU,2020,88484.8155997921,,,100.0,,,,99.9416526015971,,,,81.456,1.451,100.0
BOL,2005,8020.63568834793,115.199371337891,51.0,84.1552356884604,85.0,89.0,,40.7534588124944,51.76200867,58.5,42.6,64.182,3.558,64.2133062205259
BOL,2006,8263.31896853691,113.561637878418,47.7,84.715963142208,83.0,88.0,,41.9015542609366,56.05701447,56.7,40.1,64.529,3.533,64.6631431424362
BOL,2007,8493.94848212653,112.767723083496,44.7,85.2691692733434,84.0,86.0,0.327,43.4810447232478,63.62155914,54.5,37.7,64.939,3.447,65.1067327824433
BOL,2008,8865.27246616683,111.650062561035,41.8,85.8158829165859,88.0,92.0,,45.0792272443347,77.9777298,50.8,35.5,65.299,3.364,65.5448299960338
BOL,2009,9011.55629873547,108.031242370605,39.1,86.3551793920247,93.0,93.0,,46.6950103282874,89.57923889,49.2,33.4,65.656,3.287,65.9781896386949
BOL,2010,9230.3980801466,104.396370229571,36.7,86.8874436823724,91.0,88.0,0.433,48.3285858519966,100.39356232,,31.5,66.003,3.213,66.4075665659133
BOL,2011,9554.44502513,100.921849072087,34.4,87.4130245086648,95.0,96.0,0.461,49.9801309822713,119.78379059,46.1,29.7,66.282,3.143,66.833715633176
BOL,2012,9884.46163594645,98.3129253076371,32.3,87.931656511904,93.0,92.0,,51.6491998600636,135.32060242,46.6,28.0,66.586,3.076,67.2581444827699
BOL,2013,10391.3833756917,96.8904736314233,30.3,88.4281721555752,86.0,87.0,,53.3191514172046,159.99380493,47.6,26.4,66.777,3.01,67.6697055519889
BOL,2014,10790.8472887528,95.4654700824142,28.4,88.9095566150389,85.0,89.0,,54.9966309177459,179.3274231,47.8,24.9,66.97,2.947,68.037425413
BOL,2015,11144.6415720641,95.0961939865757,26.7,89.3856764745398,89.0,95.0,,56.6920160774471,196.25799561,46.7,23.5,67.205,2.886,68.3958051297665
BOL,2016,11448.02180322,95.5387659267627,25.0,89.856829031751,87.0,94.0,1.569,58.4055072099322,207.4511261,45.2,22.1,67.392,2.829,68.7446327876947
BOL,2017,11755.2556195885,96.4475043810472,23.4,90.322518307567,84.0,83.0,1.016,60.1364043539165,214.58572388,44.6,20.8,67.536,2.777,69.0838016274736
BOL,2018,11920.3135079645,97.122722190495,22.0,90.7842800477343,83.0,89.0,,61.8863758501478,231.18806458,42.6,19.6,67.699,2.73,69.4133879813999
BOL,2019,11930.9159145918,97.6714741591375,20.6,91.2290518215196,75.0,79.0,1.088,63.6552770936558,241.34619141,41.6,18.4,67.82,2.688,69.7334986708387
BOL,2020,10285.6590750222,98.2369486079625,19.3,91.6695086739786,68.0,74.0,0.961,65.4426819747995,248.69514465,43.6,17.4,62.906,2.651,70.0442635528254
BRA,2005,15221.0138281541,,24.6,95.0913772217223,99.0,98.0,,77.6060442876745,387.93121338,56.3,21.0,71.832,1.942,82.9838799596945
BRA,2006,15657.4795716983,,23.1,95.3798210203177,99.0,99.0,,78.4350490232115,489.53884888,55.6,19.7,72.296,1.896,83.2672101364439
BRA,2007,16440.583740032,,21.7,95.6619556450111,99.0,99.0,,79.2590292856141,607.73022461,54.9,18.6,72.73,1.854,83.5382571292649
BRA,2008,17113.3679822643,,20.5,95.9378940948521,99.0,99.0,,80.0780747503367,713.67193604,54.0,17.6,73.111,1.815,83.8036050557184
BRA,2009,16939.4407810328,,19.5,96.2074114306889,99.0,99.0,,80.8914821354002,728.55639648,53.7,16.7,73.457,1.799,84.0698380333651
BRA,2010,18062.1581103659,,18.6,96.4709800912933,99.0,99.0,,81.7001428038359,906.0098877,,16.0,73.779,1.786,84.343846036308
BRA,2011,18627.8104529397,,17.9,96.7300307300568,99.0,99.0,1.87,82.5075308980562,1043.3548584,52.9,15.3,74.047,1.777,84.6225758599683
BRA,2012,18832.2195527075,104.05445098877,17.2,96.9831894902775,95.0,99.0,,83.3102185091362,968.7277832,53.4,14.8,74.335,1.766,84.8973874181312
BRA,2013,19241.5059815726,109.282432556152,16.7,97.230310353602,97.0,98.0,1.906,84.1075664930758,993.79608154,52.7,14.4,74.609,1.761,85.1676585442726
BRA,2014,19183.172744636,109.808906555176,16.3,97.4719067025274,93.0,97.0,,84.9007604089727,1030.66271973,52.1,14.0,74.823,1.775,85.4331367898168
BRA,2015,18357.0690617991,108.740180969238,16.0,97.7078492139171,96.0,96.0,,85.6891694067484,796.15252686,51.9,13.7,75.106,1.777,85.6935697061881
BRA,2016,17620.9272434136,108.583656311035,16.8,97.921760549945,89.0,95.0,,86.4725409994878,810.20037842,53.4,14.6,75.081,1.727,85.9487048448108
BRA,2017,17724.4799577784,109.788749694824,15.4,98.1978808317894,83.0,87.0,2.198,87.2513460581389,954.75012207,53.3,13.3,75.383,1.74,86.1982897571091
BRA,2018,17917.7492123359,108.720008850098,15.2,98.5580120515387,87.0,92.0,,88.0250303307035,880.28430176,53.9,13.1,75.633,1.744,86.4420719945072
BRA,2019,18018.6209151518,107.682991027832,15.0,98.773134154073,70.0,91.0,2.351,88.7943635272571,868.17248535,53.5,12.9,75.809,1.705,86.6797991084296
BRA,2020,17327.5157249466,105.912231445312,14.9,99.0720677672897,77.0,79.0,,89.5591441286736,680.76843262,48.8,12.8,74.506,1.653,86.9112186503004
BRB,2005,22035.3859581035,101.593612670898,14.8,98.3064086446429,92.0,93.0,1.82,91.5847831972547,963.07849121,,13.5,74.96,1.738,60.6389887108416
BRB,2006,23260.8645438811,101.276039123535,14.7,98.3539767613339,84.0,92.0,,91.9735643373012,1028.39282227,,13.4,75.049,1.702,60.1960940466703
BRB,2007,23631.9433885299,100.212989807129,14.5,98.4015448780249,93.0,75.0,,92.3623454773478,1043.49401855,,13.2,75.263,1.755,59.803942722226
BRB,2008,23657.2900650446,100.470497131348,14.3,98.449112994716,85.0,94.0,,92.7511266173943,1136.53637695,,13.0,75.3,1.756,59.4931902204528
BRB,2009,22354.8404800399,99.8023910522461,14.1,98.496681111407,93.0,94.0,,93.1399077574408,1163.96875,,12.9,75.458,1.77,59.2944920242948
BRB,2010,20464.7939658776,100.026486558072,13.9,98.544249228098,86.0,85.0,,93.5286888974873,1114.3729248,,12.7,75.488,1.785,59.2366008990356
BRB,2011,20383.2530917687,100.607875564296,13.7,98.5918173447891,91.0,93.0,,93.9174700375338,1163.2668457,,12.5,75.599,1.758,59.236693205614
BRB,2012,19743.57827095,,13.5,98.6393854614801,87.0,90.0,,94.3062511775803,1294.78674316,,12.4,75.737,1.731,59.2372151062924
BRB,2013,19730.3469740518,,13.3,98.6869535781711,91.0,87.0,,94.6950323176268,1246.16491699,,12.2,75.816,1.729,59.2385370835674
BRB,2014,19840.8306179644,96.4334517627767,13.1,98.7345216948622,94.0,95.0,,95.0838134576733,1175.44348145,,12.0,75.926,1.727,59.2410313429534
BRB,2015,19642.2322500219,95.4051834276328,12.8,98.7820898115532,97.0,96.0,,95.4725945977198,1154.62719727,,11.7,76.055,1.726,59.2450700899645
BRB,2016,19877.1120083968,95.319325026438,12.4,98.8296579282442,97.0,92.0,,95.8613757377664,1181.14257813,34.1,11.5,76.168,1.724,59.2510255301153
BRB,2017,19966.3202405154,94.3660015740012,12.1,98.8772260449352,90.0,92.0,2.541,96.2501568778129,1182.00366211,,11.2,76.237,1.724,59.25926986892
BRB,2018,19877.6759569235,94.4722209242559,11.8,98.9247941616263,95.0,85.0,,96.6389380178594,1169.35559082,,10.9,76.378,1.72,59.270175311893
BRB,2019,19890.455714094,94.7561440274338,11.4,98.9723622783173,90.0,92.0,,97.0277191579059,1168.11938477,,10.6,76.495,1.715,59.2841140645486
BRB,2020,16399.7020111405,94.5134829805,11.1,99.0199303950083,85.0,89.0,2.616,97.3312392700884,1234.30041504,,10.2,76.647,1.708,59.3014583324011
BRN,2005,99795.6850854526,119.844757080078,9.5,99.6738063397299,94.0,98.0,1.087,78.7980235839323,657.31945801,,7.8,74.683,2.024,73.552870858133
BRN,2006,102248.510300567,121.505966186523,9.5,99.6963630699986,97.0,97.0,1.094,80.0146589852238,664.74499512,,7.8,74.753,1.969,74.0148299904911
BRN,2007,96752.6204091885,122.321258544922,9.6,99.7189198002674,99.0,97.0,1.06,81.2312943865159,710.42297363,,7.9,74.793,1.933,74.4344860960786
BRN,2008,91275.5000919182,116.783126831055,9.6,99.7414765305361,98.0,99.0,1.493,82.4479297878079,792.01367188,,8.0,74.814,1.918,74.7929411399737
BRN,2009,87875.8283546044,112.532432556152,9.7,99.7640332608049,99.0,99.0,1.156,83.6645651890999,739.28015137,,8.1,74.814,1.921,75.0712970872547
BRN,2010,88586.5133683924,108.70580714953,9.9,99.7865899910736,95.0,94.0,1.435,84.8812005903915,795.97766113,,8.2,74.82,1.937,75.2506559029998
BRN,2011,90279.6634042123,104.830894583323,10.0,99.8091467213424,97.0,91.0,1.522,86.0978359916835,864.63787842,,8.4,74.835,1.957,75.312125504778
BRN,2012,89718.4636049982,103.310538143682,10.2,99.8317034516111,95.0,95.0,1.469,87.3144713929755,869.36553955,,8.6,74.843,1.973,75.2714233503027
BRN,2013,86606.6518910199,103.895142180095,10.4,99.8542601818798,99.0,96.0,1.595,88.5311067942671,835.32452393,,8.7,74.854,1.978,75.1756915148608
BRN,2014,83310.6151819533,103.847709576297,10.6,99.8768169121486,99.0,97.0,1.485,89.7477421955591,785.41210938,,8.9,74.862,1.969,75.0572639801502
BRN,2015,81910.1882959493,104.185794604632,10.7,99.8993736424173,99.0,96.0,1.75,90.9643775968511,731.04980469,,9.0,74.88,1.947,74.9484620568562
BRN,2016,78880.6228501768,105.726377387079,10.7,99.9000219255643,99.0,98.0,,92.1810129981427,679.46929932,,9.1,74.905,1.915,74.8816070556641
BRN,2017,78966.8643142346,104.567053854277,10.7,99.9000444673207,99.0,97.0,1.578,93.3976483994347,636.22973633,,9.1,74.943,1.881,74.8476440654983
BRN,2018,78099.0507802561,104.179996298549,10.6,99.9000669989146,99.0,99.0,1.763,94.6142838007268,748.69073486,,9.1,74.992,1.848,74.8172471714305
BRN,2019,80228.1598170527,103.033008586959,10.5,99.9000895203528,99.0,97.0,,95.8309192020188,678.81982422,,9.0,75.049,1.819,74.7923311783673
BRN,2020,80280.8980640677,102.709633966272,10.4,100.0,99.0,99.0,,97.0475546033103,658.38983154,,8.9,75.114,1.796,74.7748108912151
BTN,2005,6850.80441609334,92.4433975219727,56.7,88.4084271837874,95.0,93.0,,53.1957068456674,46.79434204,,43.7,65.875,2.726,30.9379917831613
BTN,2006,7140.85609148376,97.0613403320312,52.9,89.2613067874058,95.0,90.0,,55.1902160222257,54.21236038,,40.9,66.499,2.66,31.5664945864425
BTN,2007,8195.07074477912,101.103286743164,49.5,90.1032675931057,95.0,95.0,0.212,57.1569433731048,64.72015381,38.1,38.3,67.152,2.589,32.1738216649326
BTN,2008,8470.03471622855,104.533050537109,46.2,90.9340269726951,96.0,99.0,0.249,59.0952861405735,57.59343338,,35.8,67.733,2.481,32.76371954591
BTN,2009,9019.11861272397,109.009880065918,43.3,91.7530531120039,93.0,94.0,,61.0391347142958,59.74616623,,33.6,68.156,2.364,33.3396804958817
BTN,2010,9985.28455483655,111.975852966309,40.5,92.5602860254371,91.0,95.0,,62.9550752421624,72.38789368,,31.5,68.765,2.252,33.9051967813552
BTN,2011,10714.686566371,113.566772460938,37.9,93.3554661162874,95.0,95.0,,64.8429159627493,77.75431824,,29.5,69.28,2.155,34.4637606688377
BTN,2012,11143.9445354588,113.019607543945,35.5,94.1374950272393,97.0,95.0,0.271,66.7004803420863,84.0940094,38.8,27.7,69.759,2.068,35.0188644248365
BTN,2013,11212.479426698,106.841247558594,33.2,94.9064132984793,97.0,94.0,0.28,68.5280843950493,86.41462708,,26.0,70.161,2.0,35.5740003158589
BTN,2014,11744.5189124825,104.719581604004,31.2,95.6623573310029,99.0,97.0,0.333,70.3262594115748,87.19132233,,24.4,70.504,1.923,36.1326606084122
BTN,2015,12400.2983237391,103.099495619907,29.2,96.4055382033785,99.0,97.0,0.339,72.0956866215508,96.86671448,,22.9,70.797,1.835,36.6983375690037
BTN,2016,13320.9759036882,101.324020385742,27.4,97.1361403441531,98.0,97.0,0.4,73.8369686889029,97.42939758,,21.6,71.119,1.738,37.2745234641407
BTN,2017,13482.3425280358,99.7447717881834,25.8,97.8543901425613,98.0,97.0,0.31,75.5507698570494,103.63583374,37.4,20.3,71.413,1.621,37.8645544995016
BTN,2018,13854.8543977158,99.3060254263897,24.2,98.426622147403,97.0,97.0,0.421,77.2378421749847,102.01222992,,19.1,71.711,1.517,38.4661892776975
BTN,2019,14555.1884045845,97.989926908949,22.7,98.9633804015347,97.0,97.0,0.336,78.8989372535781,115.71811676,,17.9,72.005,1.448,39.0746823405146
BTN,2020,12979.9369485824,103.826009511759,21.3,99.0775205402574,95.0,93.0,0.486,80.5347803811223,134.13723755,,16.9,72.253,1.502,39.6888839873439
BWA,2005,14361.9576327759,111.46208190918,70.8,76.3234089658612,96.0,93.0,0.253,58.0524375220249,281.38796997,,43.6,54.386,3.082,58.4535554684584
BWA,2006,15275.5828811117,112.33056640625,66.0,77.3793746447191,96.0,94.0,0.315,58.8441205990319,258.01873779,,45.8,55.112,3.114,59.6421228144112
BWA,2007,15850.2343496231,111.439659118652,64.3,78.8176379061459,96.0,95.0,0.371,59.9949103231663,305.22042847,,50.3,56.735,3.127,60.7822308289942
BWA,2008,16040.3153236098,110.978363037109,63.7,80.2083565652811,96.0,95.0,0.367,61.1111581446206,324.54284668,,52.8,57.661,3.131,61.8321593704079
BWA,2009,13489.9509168296,111.213661193848,60.6,81.548204891568,96.0,96.0,0.348,62.1889472021203,336.53146362,56.9,52.5,58.297,3.133,62.7501882968523
BWA,2010,14545.0198074427,,58.4,82.8396938380661,95.0,96.0,0.403,63.2298770256248,389.55178833,,53.3,59.137,3.135,63.4945974665277
BWA,2011,15236.7188843522,,58.8,84.0822411614888,95.0,97.0,0.395,64.2325786938522,427.70709229,,54.3,59.715,3.103,64.0187810722889
BWA,2012,14957.6189142932,107.411979939614,53.9,85.1198176551296,95.0,97.0,0.388,65.037275052661,418.82244873,,49.5,60.384,3.07,64.3993247826904
BWA,2013,16369.4252971454,105.315561116255,50.3,86.1035328726968,95.0,97.0,,65.7908304969597,433.29150391,,47.0,61.217,3.045,64.7579735458393
BWA,2014,17052.1924105361,101.616607294624,49.0,87.0620077919626,95.0,97.0,,66.5214936855642,418.82452393,,46.2,62.167,3.027,65.0965122400825
BWA,2015,15994.9643042101,101.623352050781,46.7,87.9952713631677,95.0,97.0,,67.2288878869323,374.79058838,54.9,44.2,63.215,3.008,65.4103584313295
BWA,2016,16905.588740873,,45.1,88.9036684785342,95.0,97.0,0.371,67.9129615984092,389.3107605,,42.8,64.32,2.99,65.6949296854899
BWA,2017,17352.8958451454,,42.1,89.7870788598082,95.0,97.0,,68.5731443566445,471.05056763,,40.0,65.42,2.969,65.9456435684731
BWA,2018,17825.018569213,,41.2,90.6438201661521,95.0,97.0,0.402,69.2069921595304,447.4473877,,38.7,66.371,2.941,66.1579176461888
BWA,2019,18106.0105471124,,40.0,91.4749479975469,95.0,97.0,0.395,69.8150599678289,438.28546143,,37.4,67.167,2.906,66.3271694845464
BWA,2020,16289.3913582645,,38.9,91.5461365187927,95.0,87.0,0.433,70.3974291175514,386.28860474,,36.5,67.643,2.861,66.4488166494554
CAF,2005,1219.5939445674,57.085090637207,147.9,53.1725538897854,54.0,62.0,,19.9721484876891,13.93517494,,90.0,48.207,5.812,38.0448510426866
CAF,2006,1251.87082171335,56.7010307312012,143.5,52.0363869925111,51.0,61.0,,19.5450443579564,15.15495491,,87.4,48.687,5.84,38.134433681123
CAF,2007,1284.55283590666,65.5534591674805,139.3,50.9129861465533,48.0,59.0,,19.1248924348841,18.24629021,,85.3,49.327,5.867,38.2343339436079
CAF,2008,1283.2728263106,75.8503494262695,135.5,49.801462843986,45.0,58.0,0.0405,18.7110288344225,18.02888489,56.2,83.4,49.873,5.902,38.3474489192338
CAF,2009,1402.68164770801,77.4299163818359,489.3,48.7012778059616,42.0,56.0,0.045,18.3030854351949,21.37773895,,239.9,14.665,5.936,38.476675697093
CAF,2010,1479.41367757692,81.2789535522461,150.7,47.6121825064348,45.0,53.0,,17.9009516216973,17.01008034,,88.5,46.871,5.963,38.6244963104203
CAF,2011,1517.14839091011,81.3504028320312,125.1,46.5333196670966,47.0,49.0,,17.5040118095515,19.62990761,,77.7,50.107,6.009,38.8030669465007
CAF,2012,1577.98053252253,81.9315032958984,121.9,45.4644259836138,47.0,48.0,,17.1121597682915,21.33021736,,76.1,51.336,6.047,39.0301696038517
CAF,2013,996.896355923912,,134.2,44.4049337595255,23.0,25.0,,16.7250416550218,17.36794472,,81.0,49.487,6.075,39.3042963482777
CAF,2014,1001.85598053496,,186.8,43.3540006911393,45.0,47.0,,16.3420825760043,18.7120266,,101.7,40.265,6.099,39.6226521868738
CAF,2015,1043.92171697157,,113.7,42.3113468572103,43.0,46.0,0.07,15.9631877672806,18.44194221,,72.0,51.934,6.126,39.9824421267351
CAF,2016,1073.94477703739,96.8125991821289,126.8,41.2766435897443,42.0,45.0,,15.5882414691861,21.07796097,,77.1,50.999,6.126,40.3808711749566
CAF,2017,1103.86609318724,,155.2,40.2488145100733,42.0,41.0,,15.2164870297134,28.81619644,,88.4,45.231,6.127,40.8151443386334
CAF,2018,1125.70091748228,,120.2,39.2275482962991,40.0,39.0,0.069,14.8478356260426,51.3541069,,73.9,52.297,6.108,41.2824666248606
CAF,2019,1145.09563657752,,254.7,38.2122663974409,38.0,37.0,,14.481982156805,35.76099014,,128.9,31.53,6.09,41.7800430407332
CAF,2020,1136.57052993758,,124.2,37.2024024961025,37.0,36.0,,14.1186349646869,42.63476563,,74.7,50.596,6.059,42.3050785933463
CAN,2005,52356.5371486354,98.5980606079102,6.1,99.4969698010964,93.0,94.0,,99.8639583203514,3268.46850586,33.6,5.2,80.1126829268293,1.58,79.9760615882965
CAN,2006,53195.7608573851,99.76953125,6.0,99.4312610155848,95.0,93.0,1.9086,99.8430162755526,3758.35961914,34.1,5.2,80.5436585365854,1.63,80.219066099279
CAN,2007,53761.8407991685,99.5414810180664,6.0,99.3664505915258,94.0,94.0,,99.7607606816524,4187.87255859,33.8,5.2,80.5436585365854,1.67,80.4425615136782
CAN,2008,53711.6580329654,98.6080932617188,5.9,99.3013182064874,92.0,93.0,1.959,99.6782742849719,4454.11621094,33.9,5.1,80.7246341463415,1.7,80.6628944916604
CAN,2009,51552.4020321975,99.6073379516602,5.8,99.235861272703,91.0,91.0,,99.5955583039344,4355.83056641,34.0,5.0,81.0660975609756,1.69,80.8591838893921
CAN,2010,52558.4200617806,99.1343688964844,5.7,99.1700909228102,89.0,90.0,2.0384,99.5126181540999,5060.88818359,33.6,5.0,81.3221951219512,1.65,81.0120892252937
CAN,2011,53681.1084809345,98.5625991821289,5.6,99.1038601959252,87.0,88.0,,99.4293838454061,5399.98779297,32.7,4.9,81.4826829268293,1.63,81.1031425434213
CAN,2012,54034.7821680318,99.4907531738281,5.6,99.0365046606561,91.0,89.0,2.3962,99.3455544247407,5518.5703125,33.5,4.8,81.6636585365854,1.63,81.1513483248791
CAN,2013,54712.1568593677,99.3867797851562,5.5,98.9690828452765,91.0,90.0,2.4509,99.2616780948354,5460.03173828,33.8,4.8,81.7448780487805,1.61,81.183439957458
CAN,2014,55723.4615652506,99.5252914428711,5.4,98.9015865745503,91.0,90.0,2.4961,99.1777500183005,5209.93164063,33.2,4.7,81.7843902439025,1.61,81.211183161556
CAN,2015,55660.8455840759,99.8602600097656,5.3,98.8340306892804,91.0,89.0,2.5388,99.0937780508687,4658.83789063,33.7,4.6,81.8258536585366,1.6,81.2465670276699
CAN,2016,55606.1329948184,98.5500411987305,5.3,98.7664020547712,91.0,89.0,2.3105,99.0097526693879,4647.14892578,32.7,4.6,81.94,1.59,81.3023011093703
CAN,2017,56612.3062191777,98.6322402954102,5.2,98.6987271756663,91.0,90.0,2.6102,98.9256763278337,4894.7734375,33.3,4.5,81.8078048780488,1.55,81.4018945832226
CAN,2018,57337.4682870033,98.6617813110352,5.2,98.6309996680104,91.0,90.0,2.411,98.84154412867,5052.90185547,32.5,4.5,81.8036585365854,1.51,81.5500341646653
CAN,2019,57583.8230739204,97.1875534057617,5.2,98.5631782582907,91.0,90.0,2.418,98.7573247700797,5098.88720703,31.8,4.5,82.1585365853659,1.47,81.7363672047941
CAN,2020,54092.8576890836,96.9089736938477,5.2,98.4952442433058,92.0,90.0,2.415,98.6730086081464,5646.19433594,29.9,4.5,81.53,1.41,81.9509888710566
CEB,2005,23837.2513202506,101.762031555176,10.0262533068436,98.2609538405201,97.8019631130573,97.4435871942332,,89.4623736750457,522.801258659789,,8.47291667661146,73.8449951359211,1.31266924216897,61.6684376748335
CEB,2006,25490.6865496896,101.207992553711,9.38021929512148,98.3137984869632,97.7936888304924,97.3756257939916,,89.9111532455159,580.337701888503,,7.95930781169749,74.0926027308098,1.34198925571287,61.7598296238782
CEB,2007,27204.8188248231,100.405372619629,8.72351795707887,98.3623259207682,97.6801229442651,97.5687199703011,,90.3859562146343,729.697767570638,,7.37250400725428,74.2506487210768,1.38121771530771,61.7629328161568
CEB,2008,28468.3930919127,99.5227584838867,8.20550739414213,98.4095006883279,97.7226497885656,97.2721034526232,,90.8648413939551,927.677474022657,,6.95230186920212,74.5759526780779,1.46350338600242,61.8748408884735
CEB,2009,27511.5233418382,99.5862808227539,7.75034641571448,98.4740990737208,97.5018994607565,97.2060263280974,,91.3198216639179,842.580508218217,,6.57317505945682,74.9303639266576,1.48761303763203,61.9070756085004
CEB,2010,27957.9006968917,99.6034774780273,7.33253040004125,98.3492315531476,97.232958905708,97.1436608340925,2.7389623986153,91.7614919319641,869.171916475988,,6.16850477492679,75.2939657786314,1.46183448121757,61.9831332825539
CEB,2011,29052.8767019353,99.4442825317383,6.95384740981372,98.2225801136422,96.2438795635545,96.5348432228572,,92.2022005210964,920.709058276828,,5.86923053691307,75.8884748834282,1.3933610504725,62.0062995511589
CEB,2012,29385.5792989282,99.617431640625,6.62399998855631,98.0932765136922,96.6626035599571,96.5986269889752,,92.6322171458363,863.755895369154,,5.61777538519931,76.0033944660035,1.41601351724116,61.9739324654094
CEB,2013,29678.1064029263,98.5211563110352,6.31738620589922,97.9586487642164,96.7209227032039,96.3835279738231,,93.0638652579609,911.420338086475,,5.33229913812694,76.3747350098375,1.3924127729705,61.9617031095155
CEB,2014,30740.9191021016,97.7520599365234,6.03769013915952,97.8307543410059,96.0148560448768,95.2093662259357,,93.4927942949864,932.81846871344,,5.085886778832,76.6887696437325,1.44768720742133,61.9632949711014
CEB,2015,32053.9753560909,96.9002227783203,5.80488075204549,97.666449478817,95.1936517441567,94.1052239154188,,93.9517152537674,817.142104856243,,4.87319967504207,76.5755119772504,1.46783594171049,61.9708877552038
CEB,2016,33063.1299853908,96.1736373901367,5.53686433246911,97.5002571842123,95.2002837251558,93.7878862961721,,94.4160248094977,854.458742634355,,4.65300774010684,76.9703062304413,1.53034571436164,61.9025261003991
CEB,2017,34898.5993254329,95.9559783935547,5.27542081196346,97.3309199684895,93.0584754125561,93.3658885664189,,94.7800426872963,941.309979111415,,4.45228247513288,76.929788715597,1.59101293219932,61.871575661727
CEB,2018,36731.0962344349,95.3262329101562,5.04437891013553,97.1607589637053,93.5232068000062,93.4512506380807,,95.0505448396847,1057.78591814118,,4.26028713692627,76.9764380835075,1.58380338479332,61.8111043373164
CEB,2019,38302.005751171,95.8953704833984,4.86801997531672,96.9917672531064,94.0960965185008,93.203137413918,,95.2616627039685,1095.4614214139,,4.05222839523211,77.2659141936307,1.58112607943046,61.7449526458334
CEB,2020,37280.0201037228,91.6844635009766,4.73289141291711,96.8396846494824,93.3883547572929,91.9275801686525,,95.4529070450896,1187.60462614471,,3.992462176151,76.0162701269145,1.56935545634579,61.6318247679717
CHE,2005,71414.3495582368,103.919097900391,5.1,99.9999983311842,94.0,87.0,3.74,99.8810375348048,5661.17431641,,4.3,81.2365853658537,1.42,73.4951000915434
CHE,2006,73901.6149628577,104.123817443848,4.9,100.0,94.0,87.0,3.79,99.8810597647058,5657.28222656,33.9,4.2,81.490243902439,1.44,73.5115823179813
CHE,2007,76161.5600232116,103.956550598145,4.8,99.9999997540921,94.0,87.0,3.788,99.8810759344812,6124.81445313,34.3,4.1,81.7414634146342,1.46,73.5283795081459
CHE,2008,77103.7188320632,104.087661743164,4.7,99.9999971629862,95.0,92.0,3.82,99.8810918351395,7075.70751953,33.8,4.0,81.9926829268293,1.48,73.5482927401305
CHE,2009,74672.9512725807,103.63484954834,4.6,100.0,95.0,92.0,3.836,99.8811142742757,7263.62695313,32.9,4.0,82.0439024390244,1.5,73.5741230920283
CHE,2010,76308.8064520802,103.392906188965,4.6,99.9999991015242,95.0,92.0,3.808,99.8811300380304,7645.25732422,32.6,3.9,82.2463414634147,1.52,73.6086716419323
CHE,2011,76527.3361539945,102.482177734375,4.5,99.9999978036397,96.0,93.0,3.832,99.884002235061,9139.43066406,31.7,3.9,82.6951219512195,1.52,73.65058748615
CHE,2012,76570.2378987121,102.130638122559,4.4,100.0,96.0,93.0,3.915,99.8868750975179,8868.98144531,31.6,3.8,82.6975609756098,1.52,73.7522629583622
CHE,2013,77084.6656456739,102.437759399414,4.4,100.0,96.0,93.0,4.039,99.8897357144211,9247.28417969,32.5,3.8,82.7975609756098,1.52,74.1121384785551
CHE,2014,78086.6805249841,102.470817565918,4.3,99.9999983307103,96.0,94.0,4.125,99.8925900927449,9469.6640625,32.5,3.8,83.1975609756098,1.54,74.7402679059582
CHE,2015,78325.7487417695,102.15592956543,4.3,100.0,96.0,94.0,4.196,99.8954458615596,9200.10058594,32.3,3.7,82.8975609756098,1.54,75.6044960143169
CHE,2016,78956.0667315042,101.902526855469,4.2,99.9999985540874,96.0,94.0,4.25,99.8982917124867,9201.47460938,33.0,3.7,83.6024390243903,1.54,76.6726675773771
CHE,2017,79333.7437810881,101.83332824707,4.1,100.0,96.0,95.0,4.297,99.8998756361922,9354.22070313,32.7,3.6,83.5512195121951,1.52,77.9126273688843
CHE,2018,81371.8944120855,101.837242126465,4.1,99.999997064468,96.0,95.0,4.338,99.8998706855138,9541.07421875,33.1,3.6,83.7536585365854,1.52,79.2922201625844
CHE,2019,81694.630652314,101.593048095703,4.0,99.9999991347299,96.0,95.0,4.349,99.8998728058584,9609.80273438,34.0,3.5,83.9048780487805,1.48,80.7792907322229
CHE,2020,79270.8713687141,101.731712341309,4.0,100.0,97.0,97.0,4.388,99.8998740977632,10294.578125,33.7,3.5,83.0,1.46,82.3416838515457
CHI,2005,,,,,,,,,,,,80.1,1.46,31.106756489445
CHI,2006,,,,,,,,,,,,80.4,1.47,31.3350770753618
CHI,2007,,,,,,,,,,,,80.6,1.53,31.5692415250024
CHI,2008,,,,,,,,,,,,80.8,1.56,31.79721921014
CHI,2009,,,,,,,,,,,,81.0,1.57,32.0070188116634
CHI,2010,,,,,,,,,,,,81.2,1.58,32.1868229080383
CHI,2011,,,,,,,,,,,,81.4,1.59,32.326335016388
CHI,2012,,,,,,,,,,,,81.3,1.58,32.4414334604748
CHI,2013,,,,,,,,,,,,81.5,1.56,32.5432251775809
CHI,2014,,,,,,,,,,,,81.6,1.54,32.6275595274837
CHI,2015,,,,,,,,,,,,81.4,1.5,32.6907784276403
CHI,2016,,,,,,,,,,,,81.2,1.46,32.7426259745361
CHI,2017,,,,,,,,,,,,81.0,1.41,32.7853219355631
CHI,2018,,,,,,,,,,,,81.1,1.37,32.8125991997971
CHI,2019,,,,,,,,,,,,81.2,1.35,32.8235411026876
CHI,2020,,,,,,,,,,,,80.9,1.33,32.8247184979451
CHL,2005,20923.479756183,105.35050201416,9.1,97.0126905323196,91.0,90.0,0.97,94.8666435594801,495.56002808,,7.7,78.459,1.825,86.7768244484887
CHL,2006,21973.7382914389,105.66822052002,9.0,97.1279537978578,94.0,91.0,1.031,95.2084736344443,565.8493042,47.7,7.7,78.533,1.798,86.8125123390851
CHL,2007,22884.2997108846,106.517280578613,8.9,97.2423387378927,96.0,92.0,1.028,95.5487017791555,643.05963135,,7.6,78.652,1.826,86.8445071581285
CHL,2008,23515.3473178269,106.873870849609,8.8,97.3561722018665,95.0,96.0,1.031,95.8876613172274,719.07501221,,7.6,78.752,1.85,86.8765769429469
CHL,2009,23019.0299454094,105.763893127441,8.8,97.4691378531682,94.0,93.0,1.022,96.2250417785822,730.63336182,47.4,7.5,78.89,1.855,86.9124897308683
CHL,2010,24122.4787924386,103.219367980957,8.7,97.5812457914008,92.0,93.0,1.423,96.5608717645089,861.72436523,,7.5,79.095,1.844,86.9560135592209
CHL,2011,25372.2741480772,103.170486450195,8.6,97.6928032000078,94.0,91.0,1.575,96.895427820741,984.4486084,46.9,7.4,79.236,1.823,87.0109164653326
CHL,2012,26676.8110154019,103.369781494141,8.4,97.8035215361194,90.0,90.0,1.735,97.2284642217627,1070.51293945,,7.3,79.221,1.798,87.0824943735696
CHL,2013,27297.8185145366,102.084899902344,8.3,97.9135421057834,91.0,90.0,1.868,97.5601040614425,1171.77038574,46.8,7.1,79.551,1.786,87.1827777654221
CHL,2014,27511.5610030404,101.930870056152,8.1,98.0228724170245,95.0,97.0,2.016,97.8903546452322,1138.66113281,,6.9,79.714,1.774,87.3133701497978
CHL,2015,27817.9584848024,101.712509155273,7.9,98.1315104153015,96.0,96.0,2.138,98.2192140338201,1122.13378906,45.3,6.8,80.008,1.737,87.4653320342387
CHL,2016,27965.3473526831,101.585189819336,7.7,98.240006839884,95.0,93.0,2.286,98.5469573760897,1167.89306641,,6.7,80.295,1.686,87.6306290578181
CHL,2017,27899.5979777012,101.396278381348,7.6,98.3483784150021,93.0,93.0,2.43,98.8734482786872,1353.69274902,45.3,6.5,80.61,1.563,87.8000295757281
CHL,2018,28499.4064000406,101.538017272949,7.3,98.4565155199366,95.0,93.0,2.569,99.1482997350228,1430.70263672,,6.3,80.559,1.543,87.9620493753008
CHL,2019,28227.9790507594,101.193206787109,7.0,98.5642151245882,96.0,95.0,2.627,99.2440906332437,1348.99401855,,6.0,80.324,1.43,88.1273685623538
CHL,2020,26258.4038553242,99.7043991088867,6.8,98.671391193466,93.0,91.0,2.798,99.3144814902357,1270.97814941,47.0,5.8,79.349,1.307,88.2953490438375
CHN,2005,6298.29929808598,,24.0,84.5333851261105,87.0,86.0,1.239,66.007414871417,73.00266266,40.9,19.4,74.085,1.624,42.9899978637695
CHN,2006,7057.11131595304,105.243812561035,21.9,85.3617795517819,93.0,93.0,1.273,68.0323487727096,82.48256683,,17.7,74.404,1.644,44.3430099487305
CHN,2007,8013.78375739131,105.438949584961,20.1,86.1591731490747,93.0,94.0,1.294,70.020980914326,98.5569458,,16.1,74.789,1.666,45.8892440795898
CHN,2008,8743.7020031299,106.201782226562,18.5,86.9310466925724,97.0,97.0,1.343,71.9796237589,133.83999634,43.0,14.8,74.833,1.701,46.9895057678223
CHN,2009,9518.68128351945,105.59065246582,17.1,87.6756600660426,99.0,99.0,1.419,73.906061649452,164.87619019,,13.5,75.317,1.714,48.3417053222656
CHN,2010,10476.1525652407,104.181700271,15.7,88.3938119002149,99.0,99.0,1.46,75.8010481056182,188.87156677,43.7,12.4,75.668,1.687,49.2340270628041
CHN,2011,11404.9179835542,103.329573551865,14.6,89.0737896182727,99.0,99.0,1.485,77.6512502388913,239.19824219,42.4,11.4,75.889,1.668,51.8300285339355
CHN,2012,12217.9343813101,103.181119624843,13.5,89.7224776817502,99.0,99.0,1.562,79.464667537609,284.69760132,42.2,10.5,76.2,1.798,53.1003112792969
CHN,2013,13080.8787864744,101.231978727477,12.5,90.3447948783421,99.0,99.0,1.658,81.2468005281191,329.08572388,39.7,9.7,76.452,1.714,54.4900016784668
CHN,2014,13968.5187785922,96.8963827081444,11.6,90.9415850511528,99.0,99.0,1.711,82.9984761523817,362.28695679,39.2,8.9,76.714,1.769,55.7502555847168
CHN,2015,14857.1088234405,96.340011477005,10.7,91.5125864728114,99.0,99.0,1.797,84.7193121416501,393.09768677,38.6,8.2,76.975,1.67,57.3297843933105
CHN,2016,15772.8372607502,96.8787921899343,10.0,92.0580332231986,99.0,99.0,1.888,86.4094766918916,398.17489624,38.5,7.6,77.214,1.772,58.8399238586426
CHN,2017,16758.0463976858,97.5379880463436,9.3,92.577308673558,99.0,99.0,2.003,88.0683084431652,439.94006348,39.1,7.0,77.235,1.795,60.2402687072754
CHN,2018,17807.0490552244,97.8103054615567,8.6,93.068663255545,99.0,99.0,2.122,89.6942189460529,504.10980225,38.5,6.4,77.709,1.539,61.5001983642578
CHN,2019,18820.5871645645,97.8174906065295,8.0,93.5326999183951,99.0,99.0,2.255,91.2881339239822,538.99157715,38.2,6.0,77.94,1.496,62.7099151611328
CHN,2020,19215.1012491012,98.7860625918346,7.5,93.9705270769772,99.0,99.0,2.385,92.8514975328901,582.95092773,37.1,5.5,78.019,1.236,63.5234230266258
CIV,2005,4032.27570780036,,121.2,70.6961620276826,77.0,84.0,0.085,23.5549453716697,46.69436264,,80.0,52.432,5.499,45.082298743724
CIV,2006,4049.29028298687,59.5550498962402,117.4,71.0679891332651,77.0,73.0,,24.3743169320385,47.08904266,,77.8,52.885,5.448,45.5035131674326
CIV,2007,3999.72054350731,59.4631118774414,113.5,71.4370073419778,76.0,67.0,,25.2023258965762,56.15083694,,75.3,53.452,5.403,45.930317338965
CIV,2008,4096.75377364759,62.3004684448242,109.0,71.8031717766337,74.0,63.0,0.128,26.0389018909406,64.67678833,43.2,72.6,54.179,5.357,46.3620274395029
CIV,2009,4151.08431510133,63.0792808532715,105.2,72.1658002425728,81.0,67.0,,26.8833706227341,71.06480408,,70.5,54.744,5.332,46.7979596502274
CIV,2010,4338.68457800736,,101.6,72.5255308385242,78.0,64.0,,27.736273942075,70.04605103,,68.4,55.282,5.292,47.2374301523201
CIV,2011,4017.43753814324,73.5641637291114,98.4,72.8823142494903,61.0,49.0,0.14,28.5975387967836,67.97618103,,66.6,55.972,5.244,47.6797551269623
CIV,2012,4234.21187719492,78.2860585898227,95.3,73.2358134121721,82.0,74.0,,29.4667970282772,69.86203003,,64.5,56.57,5.19,48.1242507553354
CIV,2013,4597.22035890241,80.7498463265361,92.0,73.5860051813631,75.0,70.0,,30.3439798658214,67.13149261,,62.4,57.057,5.135,48.5702332186208
CIV,2014,4907.61080546543,83.7491033587174,88.6,73.932866465233,73.0,59.0,0.214,31.2290182892459,74.3581543,,60.3,57.772,5.071,49.0173144557368
CIV,2015,5110.90021438908,85.262803745883,85.5,74.2789991723986,79.0,67.0,,32.1245714539308,58.43181992,41.5,58.4,58.281,4.97,49.4694894689553
CIV,2016,5320.88582199186,87.9691851681795,83.0,74.623678155198,87.0,73.0,,33.0299664803717,61.85705566,,56.9,58.814,4.873,49.929991034032
CIV,2017,5556.1547631509,88.2052011132348,80.5,74.9670485097416,83.0,70.0,,33.945429522791,63.77943039,,55.2,59.315,4.757,50.3977309654344
CIV,2018,5670.24199741353,88.210939705148,77.9,75.3089683562102,83.0,74.0,0.351,34.8708875943719,65.87952423,37.2,53.5,59.795,4.596,50.8718477756395
CIV,2019,5894.92235259103,88.4747670564693,75.3,75.6490184756229,79.0,71.0,0.149,35.8059580233634,68.30471039,,51.8,60.274,4.523,51.3514799771241
CIV,2020,5787.85814696561,88.6266598469541,73.0,75.9870680852305,72.0,63.0,0.153,36.7505613601134,78.97766876,,50.3,60.14,4.461,51.8357660823651
CMR,2005,4199.72270969362,107.316940307617,127.6,59.8676453814021,80.0,68.0,0.061,39.1141100533379,43.10830688,,73.5,54.904,5.421,48.5837852394685
CMR,2006,4241.51744722821,105.712219238281,124.2,60.6211512430006,81.0,73.0,,39.4959944299355,44.52022934,,71.6,55.301,5.369,49.2044173412861
CMR,2007,4302.6192630847,107.514030456543,120.8,61.3565272358718,82.0,74.0,0.073,39.8824343932762,50.30911255,42.8,69.9,55.71,5.343,49.7027028593758
CMR,2008,4300.26640352464,107.606048583984,117.2,62.0739139861275,84.0,80.0,,40.2734502147764,54.58909225,,68.0,56.116,5.294,50.0858325268669
CMR,2009,4286.57718166156,109.50218963623,113.7,62.7730584341751,80.0,74.0,0.07,40.6687438087427,51.14823914,,66.3,56.486,5.236,50.4714131335678
CMR,2010,4286.58302947378,111.23470536902,109.5,63.4545114882578,84.0,79.0,0.087,41.0686436848584,50.03335571,,63.9,56.965,5.154,50.8505075371362
CMR,2011,4307.85195558527,110.019145783217,105.2,64.1180510058743,81.0,76.0,0.091,41.47285114669,58.33031845,,61.8,57.482,5.052,51.2229843034125
CMR,2012,4382.11120797355,114.354228488521,100.8,64.7638368158669,79.0,74.0,,41.8813685431632,56.96441269,,59.6,58.17,4.982,51.5887119982861
CMR,2013,4473.57231896434,,96.5,65.3916897275554,76.0,71.0,,42.2938755253473,57.22771454,,57.3,58.73,4.905,51.9475591877024
CMR,2014,4588.4864949903,115.30420057953,92.4,66.0018143956848,76.0,71.0,,42.7103744161323,71.61038208,46.6,55.3,59.13,4.844,52.2993944376709
CMR,2015,4698.66677843587,117.753568320161,88.5,66.594406364624,76.0,71.0,,43.1308620153925,58.38298035,,53.3,59.687,4.841,52.6440863142742
CMR,2016,4767.13186148953,117.173043298412,85.1,67.1696687119462,78.0,72.0,,43.555339313602,57.99372482,,51.4,60.293,4.842,52.9815033836792
CMR,2017,4797.97544185544,111.221389894314,81.9,67.7271653530667,74.0,67.0,,43.9831129823405,56.7457695,,49.6,60.817,4.804,53.3115142121504
CMR,2018,4851.48003949961,104.334202125375,78.9,68.2677705308144,68.0,61.0,0.131,44.4148640176423,58.32909393,,48.0,61.189,4.74,53.6339873660653
CMR,2019,4882.35560028896,106.75480128827,76.6,68.7910816912942,67.0,61.0,,44.8498829146317,56.79493713,,46.9,61.695,4.651,53.9487914119331
CMR,2020,4763.48194388066,,74.4,69.29764588045,68.0,63.0,0.098,45.2885112207418,66.17185211,,45.5,61.674,4.557,54.2557949164174
COD,2005,1016.6338907666,,124.4,37.3204734649606,61.0,61.0,,21.5079480867388,8.55065727,,72.0,54.001,6.526,37.4018738621901
COD,2006,1036.13329616563,,118.9,37.2515489023917,62.0,63.0,,21.0891369417888,10.37645721,,69.0,54.498,6.547,37.8024827128113
COD,2007,1091.54081233234,83.5494232177734,113.8,37.1762282091892,65.0,64.0,,20.6788073735842,11.5629034,,66.2,54.954,6.559,38.201781337298
COD,2008,1137.84087315488,91.8869476318359,109.2,37.0934309203905,68.0,64.0,,20.2769257473546,15.36659527,,63.7,55.388,6.58,38.5997245210844
COD,2009,1109.18311674431,91.9076995849609,105.0,37.0040705646358,71.0,65.0,0.088,19.8835866395137,12.75762081,,61.4,55.798,6.591,38.9962670496049
COD,2010,1166.98306581442,92.0860977172852,101.4,36.9070813122382,60.0,66.0,,19.4987263873328,12.1423111,,59.5,56.411,6.587,39.391363708294
COD,2011,1124.7720535769,93.5223922729492,98.3,36.8033581567191,70.0,66.0,,19.1224518584775,11.89942932,,57.9,56.911,6.582,39.7849692825859
COD,2012,1182.14074588327,98.2439804077148,95.9,36.691850585446,71.0,69.0,,18.754668067258,13.20595551,42.1,56.7,57.35,6.559,40.1770385579151
COD,2013,1342.74156112016,99.9129028320312,94.1,36.5724802578576,71.0,68.0,0.085,18.3953621300218,15.37901688,,55.8,57.795,6.527,40.5675263197158
COD,2014,1392.75841334673,103.857719421387,92.7,36.4456556153398,73.0,69.0,,18.044594889942,18.22281265,,55.3,58.236,6.483,40.9563873534225
COD,2015,1433.21579814709,102.056510925293,91.9,36.3108122967194,70.0,65.0,,17.7022823048892,18.57252884,,55.1,58.658,6.437,41.3435764444694
COD,2016,1388.80163211633,,91.5,36.1678765737664,70.0,63.0,,17.3684018777428,19.3114109,,55.1,59.081,6.392,41.7290483782911
COD,2017,1395.71961761712,,91.5,36.016305001478,71.0,65.0,,17.0428367247806,18.14648819,,55.4,59.495,6.349,42.1127579403217
COD,2018,1431.7285269693,111.488670349121,91.7,35.8564891827066,71.0,64.0,,16.7256345274003,17.29077148,,55.8,59.926,6.302,42.4946599159958
COD,2019,1394.76461472893,,92.2,35.6878940308452,73.0,65.0,0.162,16.416662028181,19.20812035,,56.5,60.242,6.253,42.8747090907476
COD,2020,1361.02791099008,115.898292541504,92.7,35.5104494105668,70.0,62.0,,16.1158651582213,20.5593071,44.7,57.2,60.428,6.206,43.2528602500115
COG,2005,7876.11806658285,105.244941711426,85.7,61.5609564350404,63.0,54.0,,13.5511098859657,30.90304375,47.3,56.1,58.73,4.669,61.310286636126
COG,2006,8192.57979719023,106.369476318359,79.5,62.5017877997765,74.0,61.0,0.204,14.0325360521402,35.94208145,,52.1,59.474,4.651,61.6237792620651
COG,2007,7375.82454100145,104.983001708984,73.9,63.4409103501595,73.0,59.0,0.101,14.526041670099,41.96711731,,48.5,60.05,4.649,61.8502563370293
COG,2008,7587.28826163492,103.227241516113,69.2,64.3791200953514,80.0,69.0,,15.0320398597223,63.41820908,,45.5,60.79,4.726,62.0354815675203
COG,2009,8138.45033818822,107.301200866699,65.3,65.3159834381157,80.0,63.0,,15.5506904084731,48.65313721,,43.1,61.215,4.808,62.2172294650265
COG,2010,8583.66179834288,109.023651123047,62.4,66.2515975807208,76.0,75.0,0.111,16.0823108780158,54.56225586,,41.2,61.731,4.851,62.3922871058739
COG,2011,8492.42098392103,108.505096435547,60.0,67.1844431261946,83.0,83.0,0.114,16.6267539486772,59.51348114,48.9,39.7,62.286,4.826,62.5597508130231
COG,2012,9079.68656400891,105.514228820801,57.9,68.1146295030684,85.0,80.0,,17.1843319193312,71.2766571,,38.5,62.662,4.785,62.7187169094345
COG,2013,8798.49382506314,,56.2,69.0417229915666,85.0,80.0,,17.7552084772419,71.85824585,,37.4,62.969,4.731,62.8682817180686
COG,2014,9159.25664414045,,54.5,69.9648050667042,90.0,80.0,,18.3393600656814,71.03118896,,36.4,63.349,4.665,63.0075415618859
COG,2015,8977.70681641417,,52.7,70.8834804766701,80.0,80.0,,18.9369281667441,57.30290604,,35.3,63.662,4.607,63.135592763847
COG,2016,8001.8255194505,,51.0,71.7973477617,71.0,67.0,0.102,19.5480521293593,54.3000145,,34.2,63.911,4.546,63.2515316469123
COG,2017,7372.77046737599,,49.3,72.7060273572944,69.0,70.0,,20.1728789551264,52.29982376,,33.2,64.203,4.496,63.3544545340423
COG,2018,7029.33651566257,87.4621124267578,47.6,72.9020532045187,75.0,75.0,0.099,20.2685707874205,47.310215,,32.2,64.472,4.442,63.4434577481975
COG,2019,6939.36913397466,,52.2,73.0980812765278,79.0,73.0,,20.3642632516174,58.42106628,,33.2,63.152,4.38,63.5176376123385
COG,2020,6350.50913409722,,44.5,73.2936799973637,73.0,68.0,,20.4597460251332,80.09735107,,30.3,64.391,4.329,63.5760904494257
COL,2005,11999.2549591305,124.040641784668,21.4,92.4559019256854,93.0,94.0,1.432,79.8764166229858,209.68319702,53.9,18.7,73.156,2.309,76.004938901378
COL,2006,12636.6246577724,124.619491577148,20.7,92.7472892906741,93.0,95.0,1.469,80.7659057665672,240.10488892,,18.2,73.497,2.241,76.1619191918164
COL,2007,13318.3033138168,125.468856811523,20.1,93.0332113422634,94.0,95.0,1.511,81.654183644965,309.61691284,,17.7,73.751,2.195,76.3144038775849
COL,2008,13591.0609028567,126.483901977539,19.5,93.314014699102,92.0,92.0,1.563,82.5414361223495,379.16812134,55.0,17.2,74.206,2.155,76.4596761810047
COL,2009,13586.7518430982,128.164978027344,18.8,93.5897587496726,92.0,95.0,1.617,83.4276365451397,383.91674805,54.1,16.7,74.531,2.096,76.5964145836792
COL,2010,14037.0642668639,124.375137329102,18.2,93.860299409895,88.0,88.0,1.666,84.3126146543662,452.44281006,54.4,16.2,74.876,2.01,76.7232975672119
COL,2011,14852.3699513061,121.831283569336,17.6,94.125708214804,85.0,88.0,1.754,85.1963554743704,501.84420776,53.3,15.7,75.18,1.938,76.839003613206
COL,2012,15279.4790008058,118.63996887207,17.1,94.3863166731145,92.0,94.0,1.814,86.0790424953877,547.00732422,53.6,15.2,75.611,1.899,76.942211203265
COL,2013,15912.2471293239,119.084732055664,16.5,94.6419721075512,91.0,92.0,1.884,86.9605014574524,580.96453857,53.5,14.8,75.834,1.86,77.0315988189922
COL,2014,16480.3631474161,116.080101013184,16.0,94.8927542496252,90.0,91.0,1.96,87.8407302764007,588.29449463,53.6,14.3,75.95,1.822,77.1058449419909
COL,2015,16821.3801400631,115.497077941895,15.5,95.1389846235131,91.0,94.0,2.022,88.7199118898909,470.099823,52.0,13.9,76.067,1.771,77.1636280538646
COL,2016,17003.244366485,115.443153381348,15.0,95.3807152978726,91.0,93.0,2.088,89.5980252896949,448.84588623,51.7,13.5,76.228,1.719,77.2036266362166
COL,2017,16986.0334182842,113.305381774902,14.5,95.6178346039203,92.0,93.0,2.163,90.4749374427322,497.54016113,50.9,13.1,76.418,1.717,77.2245191706503
COL,2018,17104.1313545678,111.699180603027,14.0,95.8504284105736,92.0,95.0,2.242,91.3506596764722,526.11828613,51.6,12.7,76.579,1.715,77.2804816598084
COL,2019,17336.7716030551,109.355506896973,13.5,96.0785830726848,94.0,95.0,2.317,92.2252062631808,507.06231689,52.5,12.3,76.793,1.71,77.4595528518377
COL,2020,15861.4999291295,107.083686828613,13.1,96.3025836876793,88.0,90.0,2.394,93.0987394041419,464.41998291,54.4,11.9,74.757,1.694,77.6382533537045
COM,2005,3231.72506154387,,65.8,87.1113174713824,68.0,67.0,0.196,32.2696522597859,67.80059814,,55.1,60.883,5.012,28.016895208368
COM,2006,3111.62570879692,,63.4,87.0042522799134,69.0,66.0,,33.75605986205,65.72916412,,53.3,61.229,4.934,28.1143215973031
COM,2007,3074.7346796054,96.8090896606445,61.2,86.8964208746241,75.0,65.0,,35.2256531986229,69.87202454,,51.7,61.475,4.859,28.2493321448949
COM,2008,3133.75034704474,103.063667297363,59.2,86.7879033627296,81.0,76.0,,36.6778613088967,73.75498962,,50.2,61.955,4.805,28.4193498063202
COM,2009,3171.6035546392,,57.3,86.6788340551763,83.0,79.0,0.199,38.1124210259684,69.4848938,,48.9,62.302,4.778,28.6217975367563
COM,2010,3226.63502045267,,55.6,86.5693640440455,74.0,72.0,,39.5290364231299,69.21523285,,47.6,62.747,4.755,28.8540982913801
COM,2011,3293.83407668409,111.27509474669,54.0,86.4595303039768,83.0,79.0,,40.9270162396415,81.19863892,,46.4,63.105,4.722,29.1136750253686
COM,2012,3330.52446059187,,52.5,86.3494754574658,86.0,85.0,0.181,42.3060704892515,77.10220337,,45.4,63.463,4.652,29.397950693899
COM,2013,3406.49918649378,115.583466369179,51.2,86.2393591823008,83.0,82.0,,43.665877233981,81.81765747,,44.4,63.839,4.572,29.7043482521482
COM,2014,3403.41291459985,113.579839227082,50.0,86.1291911979684,80.0,80.0,,45.005792347169,84.63935852,45.3,43.6,64.143,4.489,30.0302906552932
COM,2015,3370.5557232032,,48.9,86.0191792490847,80.0,81.0,,46.3255872493184,61.16300201,,42.8,64.473,4.42,30.3732008585112
COM,2016,3411.77123523582,,47.9,85.9094298430236,75.0,77.0,0.291,47.6248040673008,63.53099442,,42.0,64.792,4.348,30.7305018169792
COM,2017,3472.07858942366,106.219296865439,46.9,85.8000023194019,79.0,75.0,,48.9029223957365,75.01337433,,41.3,65.127,4.278,31.0996559689293
COM,2018,3528.95868167877,107.061915636176,45.8,85.6910036830202,77.0,74.0,0.285,50.159514854681,74.89152527,,40.6,65.401,4.208,31.4073645195839
COM,2019,3522.66866952646,,44.8,85.582654605357,78.0,76.0,,51.3942491790653,78.23674774,,39.8,65.662,4.138,31.7287584068243
COM,2020,3447.47274904772,,43.7,85.4750115485724,74.0,75.0,0.441,52.6066035113726,89.67817688,34.2,38.9,65.756,4.071,32.0638072194881
CPV,2005,5565.76951208069,112.191917419434,28.0,81.0817210123183,95.0,93.0,,48.4726022548582,96.08917999,,23.9,70.936,2.726,57.7977695763157
CPV,2006,5941.38218091511,112.301071166992,28.0,81.5021226151102,96.0,94.0,,50.7498010778296,113.13097382,,24.1,71.341,2.555,58.5332660925599
CPV,2007,6767.40677380347,110.927947998047,28.1,81.920929167246,98.0,96.0,,53.0093493269466,127.73626709,47.2,24.4,71.487,2.409,59.287606518789
CPV,2008,7169.13944155367,109.969436645508,27.9,82.3386902741848,99.0,97.0,,55.2521980462488,127.79390717,,24.5,71.888,2.298,60.0741911239572
CPV,2009,6994.5740991365,108.620460510254,27.5,82.754314077093,99.0,97.0,0.136,57.4769284411617,130.23704529,,24.3,72.142,2.246,60.906420177019
CPV,2010,7072.12150207342,107.555528675325,26.7,83.1663318440796,99.0,97.0,0.573,59.6818514080991,146.07247925,,23.8,72.507,2.329,61.7974262732302
CPV,2011,7325.78441834692,107.478306845395,25.6,83.522244248535,90.0,96.0,0.571,61.8006547143134,157.08999634,,23.0,72.913,2.329,62.7419929036884
CPV,2012,7397.82220702474,108.38813689184,24.2,83.8774934810221,94.0,91.0,0.508,63.9530735782999,174.66062927,,21.9,73.315,2.153,63.7260454520996
CPV,2013,7440.66242650114,108.020740500689,22.6,84.2318960930689,93.0,91.0,0.601,66.0992428842147,191.1048584,,20.5,73.481,2.067,64.7486207521826
CPV,2014,7491.02198228243,107.53603339203,20.9,84.5854646017969,95.0,93.0,0.461,68.2388818808702,193.39482117,,19.1,73.788,2.031,65.8085112712742
CPV,2015,7560.13649202469,105.850444928795,19.2,84.9382015962204,93.0,92.0,0.743,70.3717073692285,150.28823853,42.4,17.6,74.096,1.968,66.9045094767116
CPV,2016,7881.30336227784,104.433854930994,17.6,85.581322426682,96.0,93.0,0.731,72.496932762021,157.39906311,,16.2,74.35,1.966,68.0354078358316
CPV,2017,8234.56000312459,104.154022187951,16.2,86.333068742186,96.0,96.0,0.659,74.6142580571751,174.43547058,,15.1,74.71,1.93,69.1999988159713
CPV,2018,8531.12961646549,105.84560911247,15.1,87.0755452684611,98.0,99.0,0.711,76.7237249815456,205.5345459,,14.1,74.84,1.804,70.3970748844677
CPV,2019,9111.62993173269,105.208665983159,14.1,87.808568861158,96.0,98.0,0.743,78.8249549430518,211.24963379,,13.2,75.449,1.698,71.6254285086577
CPV,2020,7207.86853962048,103.42828248778,13.3,88.5325658069206,93.0,95.0,0.725,80.9181460926349,249.71989441,,12.5,73.818,1.591,72.8838521558784
CRI,2005,15711.7451335337,107.09986114502,11.3,96.5413161028421,91.0,89.0,,94.8112740526154,313.48355103,47.5,9.7,78.877,2.038,64.8998632216384
CRI,2006,16628.3723014013,108.812652587891,11.2,96.8693455688098,89.0,90.0,2.053,95.0158919320253,364.52426147,49.3,9.6,79.049,1.937,66.1703051228767
CRI,2007,17752.4161954513,108.192337036133,11.1,97.1812060474922,89.0,90.0,2.102,95.2137195498557,429.41894531,49.3,9.5,79.098,1.954,67.4686406496983
CRI,2008,18343.0996854851,109.621971130371,10.9,97.4773794147113,90.0,89.0,2.169,95.4049708043013,518.1114502,48.6,9.4,79.18,1.98,68.7925833934861
CRI,2009,17941.5019129465,110.964897155762,10.7,97.7577854110193,86.0,81.0,2.228,95.6700736028265,537.06317139,50.6,9.2,79.372,1.953,70.1398469456228
CRI,2010,18670.1678827387,109.92635345459,10.5,98.0009426570817,88.0,83.0,2.317,95.9272885931521,663.69165039,48.0,9.0,79.354,1.827,71.5081448974915
CRI,2011,19264.4566461776,108.691719055176,10.2,98.2283678408566,85.0,83.0,2.384,96.176583273924,753.42633057,48.8,8.8,79.624,1.877,72.8426586679914
CRI,2012,19970.6856013628,107.544090270996,9.8,98.4744866370989,91.0,90.0,2.471,96.4170699422162,788.53100586,48.4,8.5,79.925,1.851,73.3895020668217
CRI,2013,20242.2938648319,105.42813873291,9.5,98.7063924008677,95.0,91.0,2.556,96.6492260936329,829.93658447,49.2,8.2,80.189,1.779,73.9431776192863
CRI,2014,20735.1927258406,104.007881164551,9.2,98.925021084525,91.0,95.0,2.659,96.8735289807789,836.23120117,48.6,8.0,80.231,1.8,74.4866963181212
CRI,2015,21265.3176336354,103.75464630127,9.0,99.1313622232054,92.0,93.0,1.806,97.0905446199626,889.3762207,48.4,7.8,80.407,1.797,75.0198195767549
CRI,2016,21936.4660575366,104.599922180176,8.9,99.3263015038118,97.0,93.0,1.955,97.3007564187582,884.73028564,48.7,7.7,79.988,1.746,75.5423088085047
CRI,2017,22633.7648663302,103.215171813965,8.9,99.5106743044316,96.0,96.0,2.101,97.5045870013496,867.76733398,48.3,7.7,79.994,1.714,76.0539254265608
CRI,2018,23069.8622241266,105.513519287109,9.0,99.6853095331448,94.0,94.0,2.253,97.7025136559983,917.31018066,48.0,7.8,80.09,1.706,76.5544308439668
CRI,2019,23496.8294622995,108.828872680664,9.1,99.7975280834127,95.0,95.0,2.376,97.8949564570676,930.43511963,48.2,7.9,80.296,1.6,77.0435864735963
CRI,2020,22368.1378072638,108.293647766113,9.3,99.8105394546059,97.0,95.0,2.494,98.0823538854413,969.89099121,49.2,8.1,79.725,1.448,77.5211537281257
CSS,2005,21377.7180302595,98.6311187744141,27.1256315760631,94.6353303656818,92.8540661540815,92.6078584041266,,87.2443530591255,442.34759752957,,24.1381904866287,69.6320513314341,2.12845381394826,50.9493887735074
CSS,2006,23063.5796295601,98.7633972167969,26.6642978373939,94.792466704154,91.5791280707409,90.4799254473858,,87.5653321709305,485.729852678028,,23.77023542294,69.9344232165599,2.12013424579263,50.7701857397449
CSS,2007,23894.0318898216,98.6062469482422,26.2060322483835,94.9524353075298,91.6234908540855,92.0628729096053,,87.8886316701924,539.439782531732,,23.3662333233296,70.2937333399206,2.11877694697564,50.5917218872534
CSS,2008,24276.688065702,101.459197998047,25.7292304129259,95.1138052213949,91.2766375454583,92.7109894244033,,88.2108669368521,590.420111478154,,22.9974728553329,70.5499974705246,2.11485071339737,50.4201440786193
CSS,2009,23444.9921052209,102.052131652832,25.2608405148904,95.2746138143528,93.6375446663527,94.9623556134179,,88.5264266968663,604.643592048314,,22.5956828842588,70.797737511813,2.10828447010003,50.264922890817
CSS,2010,23751.9862978379,101.148361206055,24.8751909030545,95.4808207106622,93.7984281602834,92.9284093424839,1.26490310561646,88.8449848836922,627.807859298105,,22.3075655710491,71.0114366987074,2.07173708976326,50.1513014486905
CSS,2011,23879.7224145257,101.958076477051,24.46797830169,95.6902903786469,91.197536240027,92.2414878076188,,89.1477418203243,650.723189462505,,21.955930175951,71.266093287793,2.05288830372261,50.1249359664817
CSS,2012,24784.9475718502,101.867828369141,23.9873976108028,95.8947411156979,92.0389895192527,88.018028024607,,89.4430916024735,680.879428773639,,21.6075889690851,71.4019143290264,2.04752911622727,50.1446818440705
CSS,2013,25141.1881792488,101.052429199219,23.5459317439355,96.0838249497597,92.3079014032391,92.6303475365041,,89.7554283893543,712.607256838982,,21.2379370264822,71.5692506084297,2.04020986752551,50.1507539138983
CSS,2014,25633.4033879208,99.7497100830078,23.084774339181,96.2822300959083,91.4560625444208,92.1117839374556,,90.0390168085027,730.353108337739,,20.8272256050831,71.7739411761824,2.02565875580618,50.1596535005104
CSS,2015,25404.134970126,99.7156524658203,22.5926085426782,96.4771117148552,91.9861022205152,91.598699839258,,90.3002158621818,752.904794394727,,20.4184251636057,71.8641021665476,1.99918301132213,50.1679113039414
CSS,2016,24339.8256633701,99.3314819335938,22.1309816388208,96.6668970026093,93.2988395552821,90.1191065577289,,90.5388872391484,747.226086126681,,20.0235687403775,72.0516361154512,1.96956231728783,50.1731298812102
CSS,2017,23920.5893237126,98.6822204589844,21.6186888425685,96.8569950700984,87.9900066525902,90.8148989095537,,90.7771375893304,788.582309385435,,19.5721339239187,72.1731041595093,1.9372641969766,50.1782963503998
CSS,2018,24024.8178299696,99.6965789794922,21.0948856500277,97.0592710435723,93.6866196156202,90.4037738050104,,91.1326725570487,790.748049253674,,19.1054984373631,72.2210854022703,1.92045221448125,50.095481721741
CSS,2019,24095.6268884397,98.5789184570312,21.4825706165536,97.2434260676665,92.3929065082493,91.2080698761874,,91.4114217974076,820.239812214279,,19.1223174409837,72.1292604830284,1.89179306364999,50.0613448862218
CSS,2020,22222.115107616,97.1622467041016,20.2340787930087,97.2992477415659,85.5766362760359,84.0484915869839,,91.4461941804309,796.157980008992,,18.3715076996184,71.9394359303317,1.87036153838502,50.1148273041796
CUB,2005,,103.219841003418,7.1,92.4685863425789,89.0,98.0,6.268,82.6899916406474,331.50354004,,5.6,77.54,1.486,76.0033319545493
CUB,2006,,102.976463317871,6.8,92.5950448888063,89.0,96.0,6.339,83.3149183953816,386.8258667,,5.4,77.406,1.402,76.1121531072403
CUB,2007,,102.083908081055,6.6,92.7206267884333,93.0,97.0,6.416,83.9411498169061,569.43585205,,5.2,77.55,1.436,76.2356834650585
CUB,2008,,100.847221374512,6.5,92.8453176917664,95.0,98.0,6.602,84.5686588894511,609.27282715,,5.1,77.589,1.576,76.365461375763
CUB,2009,,101.11939239502,6.3,92.9690063115847,96.0,99.0,6.63,85.1973567326843,675.53399658,,5.0,77.584,1.678,76.4930251871133
CUB,2010,,100.716090239417,6.2,93.0918301196751,96.0,99.0,6.772,85.8273291036307,608.5847168,,4.9,77.876,1.673,76.6099132468685
CUB,2011,,100.29059454433,6.1,93.2137774983012,97.0,99.0,6.957,86.4585513716305,695.81542969,,4.8,78.051,1.734,76.707663902788
CUB,2012,,100.828907180724,6.1,93.3348598456684,99.0,99.0,7.26,87.0910198102198,601.74957275,,4.8,78.162,1.668,76.7776920066844
CUB,2013,,100.721599181727,6.0,93.4501274945212,99.0,99.0,7.408,87.7216207113472,712.26629639,,4.8,78.028,1.678,76.81640625
CUB,2014,,103.056327819824,6.1,93.5636719296171,99.0,99.0,7.582,88.3531363979165,867.69702148,,4.8,77.825,1.655,76.8442459106445
CUB,2015,,103.193222045898,6.1,93.6769409300078,99.0,99.0,7.803,88.9864920345571,991.08496094,,4.8,77.745,1.685,76.8702850341797
CUB,2016,,101.075891876156,6.3,93.789720928695,99.0,99.0,8.003,89.6215521812865,990.92346191,,4.9,77.571,1.6,76.9115829467773
CUB,2017,,100.561631481518,6.4,93.9033102492432,99.0,99.0,8.187,90.2590050806412,987.81030273,,5.1,77.3,1.585,76.9603271484375
CUB,2018,,100.343380546441,6.6,94.0175439331674,99.0,99.0,8.505,90.8986460916429,981.90283203,,5.2,77.426,1.607,77.0156326293945
CUB,2019,,100.80254602678,6.9,94.1321684364764,99.0,99.0,8.677,91.5402228633008,1023.39715576,,5.4,77.413,1.54,77.0728225708008
CUB,2020,,101.317432743321,7.2,94.3125042863125,99.0,98.0,9.291,92.1835753798285,1199.35327148,,5.7,77.407,1.489,77.1080322265625
CUW,2005,33651.5045829526,,,99.207629900142,,,,98.6410287352173,,,,73.873,2.037,91.1746923604573
CUW,2006,33334.8567825808,,,99.3089975359708,,,,98.707034163965,,,,73.978,2.1,91.1926129138527
CUW,2007,33490.2551592184,,,99.4103651717996,,,,98.7730395927127,,,,74.137,2.0,91.2080919767428
CUW,2008,33795.131116557,,,99.5117328076284,,,,98.8390450214604,,,,74.314,2.2,91.2220545596735
CUW,2009,33397.3973952737,,,99.6131004434572,,,,98.9050504502081,,,,74.485,2.1,91.2354256731905
CUW,2010,33004.5542873273,,,99.714468079286,,,,98.9710558789558,,,,75.117,2.2,91.2491303278397
CUW,2011,32704.3558692872,,,99.8158357151148,,,,99.0370613077035,,,,75.576,2.1,91.2639416184104
CUW,2012,32320.8770365245,,,99.9172033509436,,,,99.1030667364512,,,,75.96,2.2,91.2791300612311
CUW,2013,31753.384548357,175.821576412943,,100.0,,,,99.1690721651989,,,,76.239,2.1,91.2938785868797
CUW,2014,31128.6473361746,,,100.0,,,,99.1690721651989,,,,76.384,2.0,91.3082030810948
CUW,2015,30861.3207651786,,,100.0,,,,99.1690721651989,,,,76.482,1.9,91.3220471649755
CUW,2016,30209.7882553609,,,100.0,,,,99.1690721651989,,,,76.322,1.7,91.3353544596205
CUW,2017,29729.1013639498,,,100.0,,,,99.1690721651989,,,,76.423,1.5,91.3480685861287
CUW,2018,29256.8157865286,,,100.0,,,,,,,,76.493,1.7,91.3601331655991
CUW,2019,28659.6559014065,,,100.0,,,,,,,,76.492,1.6,91.3714918191305
CUW,2020,23669.7711519128,113.350877192982,,100.0,,,,,,,,76.501,1.4,91.3820881678218
CYM,2005,,95.6598815917969,,96.139263803681,,,,83.9378304447852,,,,74.863,1.665,100.0
CYM,2006,92213.0760037266,99.5684661865234,,96.1015337423313,,,,83.8037938650307,,,,75.0,1.665,100.0
CYM,2007,92343.7250815203,103.577423095703,,96.0638036809816,,,,83.669757285276,,,,75.152,1.681,100.0
CYM,2008,89380.1507450505,102.496566772461,,96.0260736196319,,,,83.5357207055214,,,,75.386,1.703,100.0
CYM,2009,80631.8442229627,,,95.9883435582822,,,,83.518925,,,,75.671,1.723,100.0
CYM,2010,76294.7650038522,,,95.9506134969325,,,,83.5017524539877,,,,76.069,1.694,100.0
CYM,2011,75094.8312990407,103.911342894394,,95.9128834355828,,,,83.4842030674846,,,,76.562,1.637,100.0
CYM,2012,73982.6781335848,103.277848911652,,95.8751533742332,,,,83.4662768404908,,,,77.121,1.531,100.0
CYM,2013,72988.7063433775,98.6759930052461,,95.8374233128834,,,,83.4479737730061,,,,77.652,1.445,100.0
CYM,2014,73051.811230324,,,95.7996932515338,,,,83.4292938650307,,,,77.865,1.334,100.0
CYM,2015,73315.3845299162,,,95.7619631901841,,,,83.4102371165644,,,,78.119,1.269,100.0
CYM,2016,73941.8592413192,,,95.7242331288344,,,,83.3908035276073,,,,78.367,1.231,100.0
CYM,2017,74599.6799559357,,,95.6865030674847,,,,83.3709930981595,,,,78.615,1.222,100.0
CYM,2018,76124.5505976249,92.0753908759906,,95.648773006135,,,,83.3508058282208,,,,78.835,1.277,100.0
CYM,2019,77476.8409913609,94.3210930828352,,95.6110429447853,,,,83.3302417177914,,,,79.052,1.508,100.0
CYM,2020,72183.1359045895,97.6523799267715,,95.5733128834356,,,,83.3093007668711,,,,79.23,1.554,100.0
CYP,2005,41362.09375,99.8711776733398,4.7,99.8665320571823,98.0,86.0,1.881,99.6007951565338,1366.01708984,30.3,4.1,79.198,1.479,68.4340674211981
CYP,2006,42595.203125,100.887046813965,4.4,99.8586266149932,97.0,87.0,1.822,99.5942003777619,1474.02062988,31.1,3.8,79.456,1.509,68.2534151682801
CYP,2007,43823.76171875,100.688270568848,4.1,99.8506916800731,97.0,87.0,1.974,99.5874947603584,1694.27185059,31.1,3.5,79.798,1.449,68.0604154001212
CYP,2008,44295.62890625,101.213508605957,3.8,99.8427359254953,97.0,87.0,2.007,99.5806869469341,2155.24658203,31.7,3.2,79.906,1.479,67.8666261318649
CYP,2009,42253.38671875,102.179481506348,3.5,99.8347516446659,99.0,87.0,2.046,99.57376515883,2105.4777832,32.1,3.0,80.375,1.475,67.6836053786548
CYP,2010,42102.28125,101.624328613281,3.2,99.8267504796292,99.0,87.0,2.127,99.5667445489434,2045.2923584,31.5,2.7,80.632,1.434,67.5229111556342
CYP,2011,41212.6875,101.200538635254,3.0,99.8187291029918,99.0,87.0,2.206,99.5596171415889,2114.66894531,32.6,2.6,80.855,1.36,67.3979892758544
CYP,2012,39190.22265625,100.175346374512,2.8,99.8106809810866,99.0,86.0,2.236,99.5523804913216,1899.37255859,34.3,2.4,81.128,1.382,67.3010289148738
CYP,2013,36650.5703125,99.9297714233398,2.7,99.8025995652533,99.0,86.0,2.326,99.5451371787791,1923.03869629,37.0,2.3,81.317,1.304,67.2102333625375
CYP,2014,36104.90234375,98.8685607910156,2.6,99.7944906652545,99.0,86.0,2.396,99.5378944664201,1869.46398926,35.6,2.2,81.337,1.312,67.1230558819804
CYP,2015,37258.5,99.0203475952148,2.5,99.7863671756961,97.0,90.0,2.498,99.5306978983581,1570.54638672,34.0,2.1,81.464,1.323,67.0402477918073
CYP,2016,39500.8515625,98.9118804931641,2.5,99.7782153871909,97.0,90.0,2.594,99.5235457103291,1619.91918945,32.9,2.1,81.534,1.357,66.9625604106231
CYP,2017,41417.98828125,99.4003524780273,2.6,99.7700560798569,97.0,90.0,2.651,99.5164756897262,1742.67626953,31.4,2.2,81.543,1.323,66.8907450570326
CYP,2018,43510.03125,100.864112854004,2.7,99.7618820715217,99.0,90.0,2.789,99.5094911557165,1987.69470215,32.7,2.3,81.556,1.319,66.8255530496405
CYP,2019,45454.17578125,102.16837310791,3.0,99.7537103444436,96.0,86.0,2.928,99.5026390696851,2059.45019531,31.2,2.5,81.454,1.33,66.7677357070518
CYP,2020,43402.359375,102.275482177734,3.3,99.7455373868703,96.0,86.0,3.197,99.4959339092573,2443.37207031,31.7,2.7,81.23,1.361,66.7180443478713
CZE,2005,35535.7479961511,106.737777709961,4.4,98.1234653444269,97.0,97.0,3.539,99.0360747100717,852.65246582,26.9,3.5,75.9243902439025,1.29,73.6375545423198
CZE,2006,37786.8781740905,104.372779846191,4.1,98.1616913225965,98.0,97.0,3.551,99.0409691577394,942.11804199,26.7,3.3,76.5243902439024,1.34,73.578883191735
CZE,2007,39629.0061324728,103.382110595703,3.9,98.1999097628059,99.0,98.0,3.561,99.0460417932649,1110.17663574,26.0,3.2,76.7243902439025,1.45,73.5219493596925
CZE,2008,40328.3426630095,102.214767456055,3.7,98.2381464447503,99.0,97.0,3.558,99.0513031802799,1449.33679199,26.3,3.0,76.9756097560976,1.51,73.4655517409377
CZE,2009,38175.1422773334,101.478927612305,3.5,98.2763785982176,99.0,98.0,3.584,99.0567489826448,1442.24279785,26.2,2.9,77.0780487804878,1.51,73.4084890302159
CZE,2010,39097.3886218756,101.036407470703,3.4,98.314633387884,99.0,98.0,3.599,99.0623856130317,1509.44726563,26.6,2.7,77.4243902439025,1.51,73.3495599222723
CZE,2011,39708.1626280195,100.081001281738,3.3,98.352878485221,99.0,98.0,3.637,99.0682046251775,1649.15905762,26.4,2.6,77.8731707317073,1.43,73.2878338394746
CZE,2012,39347.0492956846,99.3585815429688,3.2,98.3922881866856,99.0,98.0,3.676,99.0741157391505,1509.77526855,26.1,2.6,78.0756097560976,1.45,73.2249239592898
CZE,2013,39317.5535692377,98.7804794311523,3.1,98.5339609286439,98.0,99.0,3.689,99.0797791585542,1508.79907227,26.5,2.5,78.1756097560976,1.46,73.1622186934979
CZE,2014,40158.0164275735,97.6821594238281,3.1,98.7302061350028,97.0,99.0,3.9345,99.0755485007891,1512.59326172,25.9,2.5,78.8243902439024,1.53,73.0995921041469
CZE,2015,42066.5759800801,96.9615478515625,3.2,98.7304761661286,97.0,99.0,3.9516,99.0751703935412,1308.8013916,25.9,2.6,78.5780487804878,1.57,73.0370442874355
CZE,2016,43069.4659744727,96.9097595214844,3.2,98.7307511669182,96.0,98.0,4.0194,99.0747972565215,1374.9005127,25.4,2.6,79.0268292682927,1.63,72.9745753395623
CZE,2017,45177.5226053634,97.2324905395508,3.2,98.7310570576695,96.0,97.0,4.0676,99.0743713886289,1516.75012207,24.9,2.6,78.9780487804878,1.69,72.9121853567256
CZE,2018,46301.082036029,98.2727584838867,3.1,98.7313948988611,97.0,96.0,4.069,99.073893834029,1750.81188965,25.0,2.5,79.0292682926829,1.71,72.8498744351241
CZE,2019,47763.6165520254,99.2833023071289,3.0,98.731767831264,97.0,92.0,4.112,99.0733677168251,1805.44030762,25.3,2.4,79.2292682926829,1.71,72.7876426709563
CZE,2020,45119.9387309139,99.7845306396484,2.9,98.7321788477487,97.0,94.0,4.153,99.0728030542538,2106.28027344,26.2,2.4,78.2268292682927,1.74,72.7254901604208
DEU,2005,51264.8193748941,103.440620422363,4.7,100.0,96.0,96.0,3.413,99.2211744184797,3544.56616211,31.6,3.9,78.9317073170732,1.34,80.1745168510383
DEU,2006,53307.1623767517,104.262641906738,4.6,99.9999996366367,96.0,96.0,3.465,99.2217727206521,3681.3659668,31.0,3.8,79.1317073170732,1.33,80.1960996098884
DEU,2007,54920.6589299724,104.793502807617,4.5,99.9999987891849,96.0,97.0,3.528,99.2223722833519,4162.6875,31.2,3.7,79.5341463414634,1.37,80.2198636634402
DEU,2008,55513.7558858315,105.103981018066,4.4,100.0,96.0,97.0,3.584,99.2229706553604,4647.31005859,30.6,3.6,79.7365853658537,1.38,80.2459549084581
DEU,2009,52568.797424995,104.816513061523,4.3,100.0,96.0,97.0,3.662,99.2235594374559,4655.171875,30.4,3.5,79.8365853658537,1.36,80.2745192417062
DEU,2010,54826.255453315,104.337593078613,4.2,99.9999997873648,96.0,97.0,3.757,99.2241473116782,4592.07128906,30.2,3.5,79.9878048780488,1.39,80.305702559949
DEU,2011,57950.9589729677,104.415718078613,4.1,100.0,95.0,97.0,3.849,99.2247340689137,5016.23583984,30.4,3.4,80.4365853658537,1.39,80.3405762928198
DEU,2012,58110.3768512245,104.140548706055,4.0,99.9999983586453,95.0,97.0,3.922,99.2247613890783,4744.87011719,30.9,3.4,80.5390243902439,1.41,80.393447520218
DEU,2013,58182.0766176953,103.638671875,4.0,100.0,93.0,97.0,4.015,99.2247932083091,5080.62402344,31.4,3.3,80.490243902439,1.42,80.4732318400362
DEU,2014,59203.2340879963,102.62181854248,4.0,100.0,93.0,97.0,4.088,99.2248234415877,5287.34423828,30.8,3.3,81.090243902439,1.47,80.57574023743
DEU,2015,59668.9890355282,102.702461242676,3.9,100.0,93.0,97.0,4.12,99.2248544718085,4605.59033203,31.4,3.3,80.6414634146341,1.5,80.6974371632814
DEU,2016,60504.5857417161,101.406066894531,3.9,99.9999994713636,91.0,97.0,4.166,99.224925403148,4723.32421875,31.3,3.3,80.990243902439,1.6,80.8347870684725
DEU,2017,61965.4342904965,101.738708496094,3.8,100.0,91.0,97.0,4.226,99.2250385348841,5039.35302734,31.3,3.2,80.9926829268293,1.57,80.9842544038853
DEU,2018,62481.1183971045,102.645378112793,3.8,100.0,91.0,97.0,4.287,99.2251947749957,5473.55712891,31.9,3.2,80.8926829268293,1.57,81.1423036204018
DEU,2019,62949.8932511855,102.547470092773,3.7,99.9999994577197,91.0,97.0,4.373,99.2253839958428,5447.31787109,32.2,3.1,81.2926829268293,1.54,81.3053991689039
DEU,2020,60299.5767710809,101.996658325195,3.7,99.9999988416059,91.0,97.0,4.443,99.2256156866511,5906.80615234,32.5,3.1,81.0414634146342,1.53,81.4700055002738
DJI,2005,,,86.9,75.3947621757465,71.0,65.0,0.167,45.4139101542283,45.12551498,,72.7,58.548,4.035,71.3061450044404
DJI,2006,,,84.6,75.6105690415926,72.0,67.0,0.216,46.9402321181691,53.26344299,,71.1,58.962,3.899,71.0245352095823
DJI,2007,,,82.3,75.8259576941353,88.0,74.0,,48.4620248883816,55.18254471,,69.5,59.362,3.756,70.8118125191918
DJI,2008,,,79.9,76.0409140930528,89.0,73.0,,49.9792625492526,55.90976715,,67.8,59.815,3.621,70.6793730584341
DJI,2009,,,77.7,76.2551640290106,89.0,84.0,,51.4914501079009,56.92132568,,66.2,60.351,3.521,70.6383251554484
DJI,2010,,,75.5,76.4718213203658,88.0,85.0,,53.0040688366127,55.7044487,,64.6,60.743,3.431,70.6486554782903
DJI,2011,,,73.4,76.6907534448216,87.0,84.0,,54.5173591170882,61.89852524,,63.1,61.337,3.341,70.6776532458676
DJI,2012,,,71.3,76.9115444598486,81.0,83.0,,56.031031232703,64.8536911,45.1,61.5,61.719,3.255,70.7266311335377
DJI,2013,4469.07409933135,,69.2,77.1343417786065,82.0,80.0,,57.545815952446,60.57233047,44.1,59.8,62.116,3.187,70.7969331287484
DJI,2014,4705.04926772184,,67.2,77.3584793969034,78.0,71.0,0.201,59.060863750812,65.53726196,,58.2,62.427,3.116,70.8899032189478
DJI,2015,4961.8681860592,,65.2,77.5846153985274,84.0,74.0,,60.5779617075524,79.54257965,,56.6,62.833,3.041,71.0068853915837
DJI,2016,5226.50026106607,,63.2,77.8118431649469,68.0,75.0,,62.0957006266769,68.82745361,,55.0,63.335,2.969,71.1492236341041
DJI,2017,5421.95649149613,,61.2,78.0402986467674,76.0,81.0,,63.6147917367826,64.94396973,41.6,53.3,63.71,2.916,71.318261933957
DJI,2018,5590.50426604853,,59.4,78.2698510281145,84.0,86.0,,65.1354027813767,68.79101563,,51.8,64.105,2.858,71.5153442785902
DJI,2019,5809.30455041341,,57.5,78.500379190124,85.0,83.0,,66.6577106028334,68.4744873,,50.2,64.381,2.798,71.7418146554518
DJI,2020,5791.47767679877,,55.7,78.7317549952208,70.0,62.0,,66.7421157146302,66.53086853,,48.7,64.2,2.745,71.9990170519895
DMA,2005,15080.5206040984,104.067459106445,21.6,94.8722688677582,98.0,98.0,,70.3209774811161,263.66098022,,19.0,72.016,1.998,66.2400724917823
DMA,2006,15727.7053232323,102.460342407227,22.2,94.9920765320284,95.0,97.0,,71.5766584059883,271.24331665,,19.6,72.007,2.074,66.5451738755145
DMA,2007,16560.5179009944,103.040061950684,22.8,95.1109272137674,96.0,96.0,,72.8323393308606,293.30905151,,20.3,71.901,2.022,66.877081776731
DMA,2008,17738.0405685048,103.257247924805,23.5,95.2288638936291,96.0,99.0,,74.0880202557328,336.0015564,,21.0,71.945,1.968,67.232264436023
DMA,2009,17534.0339616963,104.64022064209,24.2,95.3458592055333,99.0,99.0,,75.3437011806051,354.04888916,,21.7,71.835,1.918,67.6071900939817
DMA,2010,17516.7879573152,105.756985055231,24.9,95.4619169199444,98.0,99.0,,76.5993821054773,369.75668335,,22.4,71.68,1.887,67.9983269911984
DMA,2011,17475.0411061698,107.474907554147,25.7,95.5770987585217,98.0,99.0,,77.8550630303496,387.11709595,,23.2,71.517,1.861,68.3978165602727
DMA,2012,17431.1288003063,108.432130011989,26.5,95.6914288767891,97.0,99.0,,79.1107439552219,407.42053223,,24.1,71.391,1.827,68.754609337094
DMA,2013,17282.6368040368,109.373698097486,27.4,95.8049070233585,97.0,93.0,,80.3664248800941,382.10519409,,24.9,71.228,1.778,69.119704197722
DMA,2014,17520.8546265613,103.483055406132,28.3,95.9175225784431,97.0,94.0,,80.3664248800941,389.05343628,,25.8,71.189,1.713,69.4907847110252
DMA,2015,16920.9126555668,103.668965517241,29.2,96.0292697173861,98.0,96.0,,80.3664248800941,396.23742676,,26.8,69.968,1.648,69.8679153463528
DMA,2016,17364.0773046793,102.005850396991,30.2,96.1401644767525,99.0,96.0,,80.3664248800941,424.15756226,,27.8,71.189,1.581,70.2511605730541
DMA,2017,16314.2295558891,109.576427255985,31.1,96.2501691726005,91.0,77.0,1.168,80.3664248800941,415.87072754,,28.7,68.62,1.54,70.6405848604787
DMA,2018,16877.1244880642,97.3663705781518,32.1,96.3592925117814,94.0,84.0,1.158,,503.34179688,,29.7,71.378,1.517,71.0362526779762
DMA,2019,17619.4335416769,97.5702715578847,33.0,96.4675351456684,99.0,92.0,,,465.63766479,,30.6,71.305,1.504,71.4382284948964
DMA,2020,14919.5307686719,99.3255179058937,33.8,96.574889313875,96.0,92.0,,,452.65899658,,31.4,71.269,1.495,71.846576780589
DNK,2005,60798.1351548444,98.2105865478516,4.8,99.9999987386533,93.0,95.0,3.335,99.597236324295,4436.07421875,25.2,4.1,77.8439024390244,1.8,86.0059706832865
DNK,2006,62911.3931382937,99.3460388183594,4.6,100.0,93.0,90.0,3.424,99.5972374048181,4770.13720703,25.9,3.9,78.0951219512195,1.85,86.2501288149818
DNK,2007,63251.3169416725,100.0,4.5,99.9999976665951,87.0,89.0,3.458,99.5972334856175,5453.83837891,26.2,3.8,78.1951219512195,1.84,86.4251464366349
DNK,2008,62618.4499382451,99.660270690918,4.3,99.9999973602883,88.0,87.0,3.579,99.5972323943496,6117.69677734,25.2,3.7,78.4463414634146,1.89,86.583137512207
DNK,2009,59185.9677505533,100.002456665039,4.2,99.9999973124597,89.0,84.0,3.651,99.5972316699416,6208.48486328,26.7,3.6,78.5975609756098,1.84,86.7617653139929
DNK,2010,59856.3490860003,100.18155670166,4.1,99.9999962682703,90.0,85.0,3.726,99.5972300585554,6156.68554688,27.2,3.5,79.1,1.87,86.8652420043945
DNK,2011,60391.7799332206,101.197456359863,4.1,99.9999977912366,91.0,87.0,3.789,99.5972309188778,6426.39990234,27.3,3.5,79.8,1.75,87.1567653955846
DNK,2012,60161.7010660256,101.51065826416,4.1,100.0,94.0,90.0,3.837,99.5972365782487,6155.76367188,27.8,3.5,80.0512195121951,1.73,87.2336196899414
DNK,2013,60745.7784800252,101.299331665039,4.1,99.9999990521906,94.0,89.0,3.849,99.5972308171769,6320.08447266,28.5,3.5,80.3,1.67,87.5436524760432
DNK,2014,61210.9490922919,101.176940917969,4.1,100.0,94.0,90.0,3.877,99.5972357033725,6447.92382813,28.4,3.5,80.7,1.69,87.6823985731907
DNK,2015,62059.1285991721,100.882141113281,4.1,100.0,93.0,91.0,3.93,99.5972338246899,5508.53369141,28.2,3.5,80.7024390243902,1.71,87.7254056577329
DNK,2016,63468.9888246814,101.041496276855,4.0,99.9999998039442,94.0,94.0,3.999,99.5972301475052,5603.75830078,28.2,3.5,80.8536585365854,1.79,87.6999969482422
DNK,2017,64989.4459872347,100.778030395508,3.9,100.0,98.0,97.0,4.109,99.5972303913109,5817.42529297,28.7,3.4,81.1024390243903,1.75,88.0161943799509
DNK,2018,65870.8302554341,100.749008178711,3.9,100.0,97.0,95.0,4.196,99.5972321137483,6219.12988281,28.2,3.4,80.9536585365854,1.73,88.1059762310689
DNK,2019,66758.6323346131,100.551002502441,3.8,99.9999975731289,97.0,96.0,4.251,99.5972264992143,6049.93408203,27.7,3.3,81.4512195121951,1.7,88.2096490810669
DNK,2020,65379.3066120995,100.459587097168,3.7,100.0,97.0,94.0,4.377,99.5972310070963,6520.65771484,27.5,3.3,81.6024390243903,1.68,88.2394485473632
DOM,2005,12022.5080544053,108.274391174316,36.0,92.9442462304413,87.0,79.0,,79.5457900352117,168.85827637,50.0,31.0,71.043,2.574,67.5759180469321
DOM,2006,12961.9183632133,103.604438781738,35.6,93.3208356941648,89.0,80.0,,80.1598054522456,161.94844055,52.0,30.8,71.054,2.508,69.333853706035
DOM,2007,13754.9212674095,113.676666259766,35.3,93.6801822070971,85.0,80.0,,80.7688357715562,190.14048767,48.9,30.6,71.097,2.51,71.0193434994977
DOM,2008,14030.1411084465,109.525123596191,35.1,94.0226829898878,82.0,80.0,1.085,81.3729094599305,229.29747009,48.1,30.5,71.331,2.546,72.4865154265802
DOM,2009,13992.4103270189,111.815872192383,34.9,94.3479459728681,82.0,81.0,,81.9711115493229,237.11128235,48.9,30.5,71.587,2.574,73.5894974865426
DOM,2010,14975.0010126958,110.497961182388,34.9,94.6571919447174,88.0,81.0,,82.5643436966814,270.03961182,47.3,30.5,72.039,2.556,74.1642773174177
DOM,2011,15258.0858148503,110.200677757395,34.8,94.9411577041221,84.0,82.0,1.507,83.1400170777366,293.95123291,47.7,30.6,72.496,2.527,74.2440389501301
DOM,2012,15487.2776356321,108.469020139424,34.8,95.2053026765105,85.0,82.0,,83.7029811065399,304.23754883,46.1,30.6,72.817,2.497,74.2398679969568
DOM,2013,16054.7677297656,109.528244906823,34.8,95.4569183357095,83.0,77.0,,84.2618165680841,302.28512573,47.7,30.8,73.038,2.474,74.2251359951216
DOM,2014,16993.587444403,108.064549120947,34.9,95.6965659361733,91.0,82.0,,84.8168092520689,312.44223022,44.3,30.9,73.145,2.451,74.1931533822153
DOM,2015,17973.1870256815,112.013491719354,34.9,95.9246900261845,85.0,84.0,,85.3681191078801,322.04864502,45.2,31.0,72.982,2.43,74.1372305958285
DOM,2016,18968.9752386179,110.70487684674,34.9,96.1415849688893,87.0,79.0,,85.9156708340948,328.36526489,45.7,31.2,72.889,2.41,74.0506780735522
DOM,2017,19501.8743054078,108.019439917331,34.9,96.3474703370499,84.0,80.0,,86.4591843551148,329.54168701,42.2,31.2,73.37,2.398,73.926806252977
DOM,2018,20662.848586153,105.858397882856,34.7,96.5419932414165,87.0,85.0,1.426,86.9970340675961,332.47702026,43.7,31.1,73.555,2.397,73.7589255716938
DOM,2019,21451.286441995,112.333610534668,34.4,96.7258902380545,89.0,90.0,1.431,87.5294360450425,357.44137573,41.9,30.9,73.112,2.366,73.5403464672933
DOM,2020,19545.4099552943,105.925242398247,33.8,96.8998955257888,82.0,76.0,1.948,88.0566185078015,354.25689697,39.6,30.4,72.636,2.329,73.2643793773663
DZA,2005,13738.495644436,112.398590087891,33.9,89.8507731580286,88.0,83.0,1.026,85.8122570569518,100.83694458,,29.0,72.836,2.562,63.6598541890144
DZA,2006,13920.6940553701,112.077087402344,32.5,90.0150202695134,95.0,91.0,,86.0591336531477,116.7750473,,27.9,73.116,2.628,64.4154348614309
DZA,2007,14114.6745192683,112.334480285645,31.2,90.1767439508853,95.0,92.0,1.195,86.2994372254318,150.86651611,,26.9,73.346,2.704,65.1690763324461
DZA,2008,14206.7767147039,110.910949707031,30.1,90.3361987493803,93.0,88.0,,86.5335634120034,206.37207031,,25.9,73.618,2.785,65.901485871159
DZA,2009,14104.42817214,113.491889953613,29.0,90.4918619672067,95.0,92.0,,86.7594833299859,207.20181274,,25.1,73.871,2.825,66.5097384559521
DZA,2010,14496.4211312996,113.807026512965,28.1,90.6443416237761,95.0,95.0,,86.9781345697396,227.95396423,,24.4,74.144,2.875,67.1235057867459
DZA,2011,14641.9640935685,112.733764527322,27.3,90.7933523397582,95.0,95.0,,87.1892375603954,285.5020752,27.6,23.8,74.383,2.899,67.7344007507578
DZA,2012,14697.5396133853,112.067747390185,26.6,90.9547062510195,95.0,95.0,,87.0935387595053,340.09176636,,23.2,74.609,2.996,68.3421258553675
DZA,2013,14778.1914257233,112.336630248486,25.9,91.1128578356774,95.0,95.0,,86.9868785430175,337.57348633,,22.7,74.809,2.997,68.9463836079277
DZA,2014,15073.7629403565,111.144837219297,25.4,91.268060653484,95.0,95.0,,86.8698473645812,366.58615112,,22.3,74.992,3.084,69.5468765157615
DZA,2015,15239.5171456469,109.584787441309,24.9,91.4201507009501,95.0,95.0,,86.7425206516531,296.76834106,,21.9,75.159,3.091,70.1433070861612
DZA,2016,15511.6858768094,109.072307418092,24.5,91.56940001457,91.0,94.0,1.819,86.6054840366106,265.53491211,,21.6,75.31,3.091,70.7353778263851
DZA,2017,15427.6641894713,108.062271942986,24.0,91.715636706346,91.0,88.0,,86.4588236326811,270.93231201,,21.3,75.431,3.09,71.3227912436551
DZA,2018,15343.4261222434,107.095121871029,23.7,91.859120820781,91.0,80.0,1.708,86.3030907782839,271.53808594,,21.0,75.555,3.019,71.905249845153
DZA,2019,15199.1989965639,106.067513980116,23.3,91.9998016191508,88.0,80.0,0.973,86.1385037232471,242.07049561,,20.7,75.682,2.997,72.4824561380175
DZA,2020,14194.1557479619,108.531941210547,22.9,92.1378242692677,84.0,80.0,,85.9654731245039,211.07240295,,20.4,73.257,2.94,73.0541126293395
EAP,2005,6602.09453263948,105.567909240723,30.2907051058504,83.7802108668435,84.6651040283965,85.6538928294449,,64.8412846601322,65.0217836701955,,24.4579617301519,72.3983266445825,1.87644275680172,42.3396914809038
EAP,2006,7224.84831620106,104.781066894531,28.4224115469992,84.5847600509458,88.4011144153878,89.7258092468262,,66.6306658951998,74.6125422958051,,22.968139836174,72.6518704363172,1.89055580188736,43.4769730591545
EAP,2007,8000.20286461305,105.296531677246,26.7559837962097,85.3664686145374,88.5284441823075,89.3387249137514,,68.4287609423732,89.2576304285462,,21.5678770922596,72.9937536648265,1.90758413464005,44.7353095541115
EAP,2008,8584.68636024927,105.605628967285,26.206449057273,86.1300557755153,91.6685138759954,91.5897828727306,,70.2060750606137,116.588275270623,,20.6834185451868,72.9241376220933,1.92881250264633,45.6933496616839
EAP,2009,9145.84848053611,105.557289123535,23.7274578501377,86.8705940997959,93.5877875249366,92.8867550333013,,71.9611693722713,138.512114070546,,19.051177857967,73.4677878146597,1.93477952791717,46.8344355218795
EAP,2010,9942.07092081734,105.075889587402,22.4399493451171,87.5758248586429,93.8941479257715,93.5327377381347,1.17108426112459,73.6938861488766,160.364281320042,,18.0463284414026,73.7616390609633,1.91349993221803,47.6560812444264
EAP,2011,10666.0705659069,105.213920593262,21.3685026814193,88.2165722920225,93.9471214567507,93.6702934670462,,75.3942118027059,200.301228138972,,17.1294320665527,73.9857453156401,1.90530229321258,49.6140488674566
EAP,2012,11359.2197969153,105.358627319336,19.9737241800297,88.8315366952303,95.0154678501653,93.6765009689241,,77.0717218774586,233.503638439295,,15.9978043190605,74.2597872053228,1.99107765870115,50.6757055422017
EAP,2013,12057.8749648364,104.791893005371,19.1365596950918,89.4265046427156,93.37072926265,94.6730981133706,,78.7288634964042,263.817161904896,,15.3369572305821,74.4859323786011,1.9221824900928,51.8122190695644
EAP,2014,12769.1981633624,101.787551879883,18.0713618055203,90.0020557751214,94.5370773457762,94.383636715367,,80.3665144590716,287.327126516732,,14.4404045183894,74.7194528121745,1.95215689037872,52.8565756064242
EAP,2015,13493.524313755,100.997650146484,17.4865557526411,90.558120989651,93.7916964973613,94.3045016898192,,81.98394448674,307.270504529694,,13.9878565619247,74.9511243848739,1.87853330070305,54.1114656751357
EAP,2016,14243.7964258558,100.81974029541,16.4720341830735,91.0953126311203,94.3376623591441,94.7412312258735,,83.5822056681026,312.578961695984,,13.1626280351615,75.1559117663434,1.92845332128009,55.3186115241997
EAP,2017,15060.2232906328,100.619926452637,15.6474834443702,91.6137154644933,94.2543797679701,94.7379843893035,,85.1612904831338,342.752366201755,,12.4963418670572,75.2396714880306,1.92583111307555,56.4654638258327
EAP,2018,15925.0623768718,100.119400024414,15.5381715461795,92.1250152208608,93.3172690229018,94.9474243246368,,86.7164623211125,388.610220413854,,12.4379101812444,75.57828618156,1.74043475080494,57.6502705350874
EAP,2019,16754.1433686202,99.757926940918,15.0180940327798,92.6046381344038,93.7331521046135,94.2532121932771,,88.2484110831476,414.609681820139,,12.072323650008,75.7689690321509,1.70480430061126,58.6555692756585
EAP,2020,16816.4721820442,99.9778518676758,15.1823948934567,93.0595673919732,92.001379920355,91.8233534627396,,89.7493482034254,446.453873085913,,12.2144132880224,75.6976393295064,1.52789689503569,59.3705245555409
EAR,2005,6923.1133842399,102.473022460938,64.2700700599399,83.2294254177825,73.6708077971263,74.3574930840264,,45.840056144334,85.0266018615647,,49.4586308642085,65.9797864104925,3.0577445556333,40.0491199566483
EAR,2006,7235.7951660671,103.200523376465,61.445917265839,83.8027779566684,73.9626252600522,75.2530474285173,,47.6424339710477,93.7861122362258,,47.6595280398397,66.3919300050345,3.00610536836879,40.4596760928047
EAR,2007,7545.60161194471,104.734199523926,58.7468522161505,84.3682814396312,73.5977446860419,75.8696729433182,,49.4675007499671,108.245042054146,,45.9585221864569,66.7605467353128,2.95367185736481,40.8566741985846
EAR,2008,7695.4992635113,104.850952148438,56.6146245609075,84.9506507950918,76.3503987717639,76.9214461193193,,51.3013623351957,119.562418602745,,44.5089667481534,67.0218187568003,2.91176570123054,41.2894669444167
EAR,2009,7719.71496411512,104.838607788086,53.6283446316316,85.5078911671473,78.7136060090931,79.8330943006776,,53.1383555033196,120.100938668571,,42.710242547749,67.496408245139,2.87307156290405,41.7208534147391
EAR,2010,8103.6486900692,105.187271118164,51.4346564632238,86.0475907799972,80.8212336270817,81.6947952546411,,54.9853061060661,137.399835168198,,41.1910825751624,67.8244434669729,2.82072261952737,42.1325153327682
EAR,2011,8395.01641616273,104.827453613281,48.8209534205075,86.5669676769277,82.9385261397504,83.4554453341404,,56.8333200404208,153.440902871512,,39.478978945015,68.2600380693651,2.77693436477876,42.55386928757
EAR,2012,8611.15721165569,105.739212036133,46.6221417500773,87.0804314072115,83.0098083253798,82.7071839512298,,58.6800056190818,160.554302847423,,37.9358776739509,68.6094630284121,2.73636596542955,43.0048413961797
EAR,2013,8851.68203650431,105.733299255371,44.4942970063474,87.5922518807891,83.3647029302755,83.0392492966822,,60.8627421771439,166.635054311832,,36.4036032052332,68.962837783411,2.68692961890405,43.5232298113552
EAR,2014,9135.22651387837,104.586067199707,42.4666258953891,88.0997186290469,84.3449462033104,84.2001562187393,,62.7115191968536,165.927177497586,,34.9365766456553,69.3249758824304,2.62682355328164,44.0073800418903
EAR,2015,9461.90923467549,104.654136657715,40.6812813482926,88.5966668480896,84.8209574459112,85.4995343574045,,64.5760088750241,165.201062958564,,33.6326416709275,69.6305484421664,2.606063609279,44.4503233893376
EAR,2016,9809.61992015041,106.965682983398,38.9997656937306,89.0879784610035,86.2164688723718,86.209210465057,,66.4356743701035,161.00720510291,,32.4383507443745,69.9484837084835,2.57543828929898,44.8097968515725
EAR,2017,10168.9948852815,105.848731994629,37.4716956775527,89.4406105501963,86.1598269687644,86.2922116586836,,67.9114060278797,166.136635212773,,31.296660942754,70.2729949393554,2.51536902880117,45.1249360555588
EAR,2018,10473.9534525465,100.035118103027,36.1562766486784,89.9256815623134,86.6224198662677,87.657299291655,,69.7677819873262,159.6997596475,,30.2956329291848,70.5486659921504,2.48215945277498,45.4349772935468
EAR,2019,10646.4619363587,99.8361892700195,34.9101641822264,90.4107398162026,87.1205277429137,87.7415638585661,,71.6301436378088,159.821297045575,,29.3622810142626,70.8424064605001,2.42779561788204,45.7649596058874
EAR,2020,10109.6737751343,100.67162322998,33.7001179805719,90.8933989696692,82.4919178167795,84.6881112300162,,73.4470659692425,162.139748994011,,28.4460343482701,69.8801308490982,2.37325097006909,46.0812452315672
EAS,2005,10431.1095006537,105.281303405762,28.7,85.2950121326578,85.438899002305,86.4148193885963,,68.3711322334018,293.864687950824,,23.2,73.2984345512681,1.81620168162304,47.0408499812646
EAS,2006,11097.9739919682,104.555038452148,27.0,86.0162477870499,88.9388645220199,90.1615667978459,,69.9681316416074,299.85595449761,,21.7,73.5640440034614,1.83449759597526,48.1178518187495
EAS,2007,11921.896725096,105.071189880371,25.4,86.7203908667478,88.947972451832,89.6471028864421,,71.577121023138,323.51641028565,,20.4,73.8948513504332,1.85473440682623,49.3049109425273
EAS,2008,12431.1482309746,105.375160217285,24.9,87.409395253899,91.9335463802311,91.7343903328262,,73.1699149268177,375.872971179041,,19.6,73.8481629943997,1.87387155443301,50.2178679776185
EAS,2009,12758.3950797594,105.32967376709,22.5,88.0765202644137,93.700351107838,92.9338570491846,,74.7401350592227,421.18852506788,,18.1,74.3683471715786,1.87816877219437,51.2691603606568
EAS,2010,13696.2947762482,104.872680664062,21.4,88.7119404213253,93.985154546967,93.6138634175855,1.27762802277028,76.2906566302097,479.387975872585,,17.2,74.6299790050688,1.86033578165821,52.0187036677998
EAS,2011,14400.6590412877,105.003997802734,20.3,89.2885819323999,94.1106030902622,93.7621501412137,,77.8108048679699,588.755207712256,,16.3,74.8252830592191,1.85575287492533,53.7652047882868
EAS,2012,15098.1782758143,105.154861450195,19.1,89.8418984209406,95.1089685412727,93.8321710023935,,79.3104170163854,627.13244385485,,15.3,75.1059726864745,1.93847005657334,54.6999640125725
EAS,2013,15817.3941720124,104.620399475098,18.2,90.3775045298424,93.5144194680575,94.7335004841992,,80.7929530678724,603.347478303646,,14.6,75.3347729864006,1.87079702863895,55.6959158950493
EAS,2014,16527.9651914163,101.81568145752,17.2,90.8973557611269,94.6199516128537,94.5547493360997,,82.2611796963684,617.395012835319,,13.8,75.5644270391791,1.89901337242406,56.6126794721138
EAS,2015,17242.0281854081,101.045478820801,16.6,91.3999495256258,93.9097906063044,94.4121858471498,,83.713233005871,604.254750654018,,13.3,75.7926010192992,1.83427086836941,57.7233143419672
EAS,2016,17975.4681423015,100.860946655273,15.7,91.885997256009,94.5283880904995,94.8224170310214,,85.1496860902974,637.056055933574,,12.6,75.9870166732102,1.87658988593015,58.7921942331022
EAS,2017,18809.5074896107,100.652389526367,15.0,92.3548898708684,94.4472749924303,94.827407460298,,86.5689796547393,669.232674974526,,11.9,76.0789923585537,1.87010279533446,59.8037083838459
EAS,2018,19664.4172118015,100.173690795898,14.8,92.8185407037215,93.5350281988597,95.0338182761933,,87.969389625634,723.925473826868,,11.9,76.3914229383171,1.69915751133178,60.8515259788814
EAS,2019,20432.9804270249,99.8616180419922,14.3,93.2542147094899,93.9284824231192,94.3457203341068,,89.3505475023518,754.673740778479,,11.5,76.5862412994962,1.662105630106,61.7435560127223
EAS,2020,20334.2253803516,100.061592102051,14.4,93.6669628750683,92.2394336421567,92.10971585268,,90.7035127422502,799.468053130348,,11.6,76.5433946923267,1.49674712292815,62.3741418144863
ECA,2005,13619.1025396081,102.54532623291,30.1880663905664,92.0555283947045,92.9488214392544,93.231058198338,,91.6895862461672,193.191160635613,,25.7590230890231,69.9595147646973,1.95166240174491,58.520684503589
ECA,2006,14697.18588924,101.878936767578,28.2285287698445,92.2135222133875,92.4285413951747,95.3777422908282,,92.1060863778712,226.209177830607,,24.0817526606602,70.2178659389806,1.98577274774906,58.9220241693206
ECA,2007,15787.6955451826,102.04753112793,26.4596456532286,92.3643576775641,94.498710801146,95.3822725560034,,92.5282557399113,276.621234814896,,22.635197154631,70.5579786921334,2.01844199305995,59.3245654612929
ECA,2008,16210.0504480826,100.993759155273,24.7537658738244,92.5184123094326,94.3374731634903,95.4522538787868,,92.9354475650767,322.581042016962,,21.1883436683626,70.9743175160426,2.06586049973884,59.762630366817
ECA,2009,15297.0834587453,100.38215637207,23.1662750310061,92.6761900842006,92.0210197301216,92.7787609476079,,93.3422133010776,284.384244898929,,19.8051572610461,71.442292156273,2.05914876383274,60.2228045773549
ECA,2010,16161.7210700137,100.901863098145,21.8327619264082,92.8392359856954,90.1447343048619,91.3790942235148,2.59469978935536,93.7503507613464,310.360441881054,,18.6768511404746,71.9125911481178,2.04838130370044,60.7251070375303
ECA,2011,17230.7820985073,101.120239257812,20.6052052466506,93.004197186033,90.3764688874447,93.393193359286,,94.1542552565247,330.417824093321,,17.5649725940959,72.1509502224104,2.03687878091443,61.3214773416833
ECA,2012,17669.0165699365,100.126731872559,19.3782248485954,93.1684156227713,93.4990045629383,93.8712015910402,,94.5548268655708,346.093293024212,,16.5149968244489,72.6735984954506,2.08613304557465,62.2669531526226
ECA,2013,18466.622777594,103.205513000488,18.4040261785443,93.3999965040642,93.8729424386863,94.6537335395733,,94.9516818561357,367.587637360575,,15.6910900365841,73.1258294397593,2.10560009634719,63.8500039555659
ECA,2014,18576.9583888343,102.54174041748,17.5388657418696,93.5771237253465,86.02377520447,90.4145155322449,,95.3447508157712,345.933133984597,,14.9307820252853,73.4195161256746,2.15899424495663,65.5655995922325
ECA,2015,18721.7381996886,99.9769515991211,16.8078244064144,93.8591243825484,87.3883527938863,91.7178388253679,,95.7258074849472,294.269916283956,,14.2964372456429,73.755408258866,2.14347872262226,66.8135844921441
ECA,2016,19031.7409328875,99.3757934570312,16.0721474728614,94.1357178905389,86.3630966509985,90.3645660703614,,96.1050863842486,289.020041283304,,13.6693249782052,74.0313769065099,2.1245480206035,67.2028741800351
ECA,2017,19877.8402506784,97.0207901000977,15.5904334752804,94.4151202305829,90.8235417059754,94.8128161027978,,96.4821732233,288.640304992191,,13.2605083570662,74.4033539029016,2.07755730873508,67.2908425220823
ECA,2018,20447.4402502475,98.02734375,15.2052863202675,94.6982176085004,93.4740797411071,94.8954307894436,,96.8550932840745,282.063525018229,,12.9427002190535,74.5927989243036,2.07164815334434,67.4464992918229
ECA,2019,20830.979013781,99.2806625366211,14.9067668723198,94.9895011767673,94.8223240080683,95.9737160325236,,97.2406358584475,296.599975653494,,12.6964416494544,74.8158340567546,2.05853927210627,67.7517086172661
ECA,2020,20592.416057405,99.0000915527344,14.5690548624348,95.2550978604713,92.1210832637205,92.7742787467255,,97.568429983489,313.492738787445,,12.4589272883753,73.5536868675669,2.04948188927785,67.9547177892126
ECS,2005,34097.2420817179,102.640342712402,15.5,97.1447032431471,95.0111138540068,93.0501573637811,,93.1927304639216,1657.54062500021,,13.0,74.1536447949151,1.58832212836368,69.5656545250357
ECS,2006,35577.2638014529,102.209281921387,14.6,97.1931064897209,95.1872628237857,94.3391333455834,,93.3748118699997,1775.73548635854,,12.3,74.6397717965131,1.6183726917497,69.7661315979996
ECS,2007,37062.8036849749,101.992767333984,13.8,97.2456965559482,95.8547475270346,94.6415565091802,,93.6514636237799,2046.68784039878,,11.6,75.0086537519123,1.66017814115426,69.9675738648992
ECS,2008,37541.0289513637,101.62899017334,13.0,97.2937915536849,95.8195311911644,94.7248472135357,,93.9201348144977,2290.63725590395,,11.0,75.3023142874929,1.71661872769343,70.1642887567137
ECS,2009,35593.628989975,101.233612060547,12.3,97.3426704417845,94.9610807492371,93.6562744242555,,94.1795989821894,2194.57126520554,,10.4,75.6891993778767,1.71823082724026,70.352331842697
ECS,2010,36489.0686918933,101.274749755859,11.7,97.3692642594128,94.3664065844843,93.3665219921812,3.43692249315009,94.4362716282521,2182.78948070826,,9.9,75.9953558296811,1.72570974739647,70.5831396534732
ECS,2011,37429.4390620427,101.192428588867,11.2,97.3924168226242,94.3686759995896,94.1573463792328,,94.6822846734977,2365.26568894297,,9.4,76.4793686032862,1.7095186716843,70.8155293928508
ECS,2012,37554.903030647,101.023292541504,10.8,97.4188400676326,95.5592924194136,94.6779228261913,,94.9312005930743,2273.38230892746,,9.1,76.6804966624792,1.74423724874011,71.1504938153916
ECS,2013,37826.0934997704,102.128631591797,10.4,97.4607641072222,94.7792679031965,94.9128971146629,,95.1782377274218,2379.23679870257,,8.8,77.0324350526049,1.73604903622765,71.6786349261689
ECS,2014,38307.7252927013,101.195068359375,10.0,97.4902679718736,92.1588870179281,93.2974467335453,,95.4228453940562,2431.97384185177,,8.4,77.3535744682317,1.77206211269916,72.2373791056216
ECS,2015,38753.9033161838,100.50414276123,9.6,97.5448607193325,92.6336023996618,93.5829150985821,,95.6721651999605,2105.26090028047,,8.1,77.3309344089138,1.77310285735,72.6866596702429
ECS,2016,39278.9171415545,100.152008056641,9.2,97.5989581076702,91.9395275152377,93.0551809758336,,95.9228250828419,2095.79240619186,,7.7,77.6812778388278,1.7792609843918,72.930310614191
ECS,2017,40335.4288573608,99.9920501708984,8.8,97.653749988695,93.3486155935325,94.9121843359827,,96.1605499648737,2194.38357892709,,7.4,77.8990078299354,1.73655531425901,73.0395942866041
ECS,2018,41177.7339574417,100.49089050293,8.6,97.7106727832972,94.3187607636339,95.027261108853,,96.3885811520498,2346.37056498712,,7.3,78.030262884925,1.7164095058454,73.1814390087833
ECS,2019,41861.0781841263,100.92504119873,8.5,97.7709542119239,94.816622886986,95.4449424025994,,96.612544393283,2329.09882257234,,7.1,78.3038616280055,1.68818758958723,73.3626410452614
ECS,2020,39782.3728089927,100.668319702148,8.3,97.8277816078106,93.6434422090036,93.9431978383626,,96.8216309026846,2527.44146299898,,7.0,77.1754769112247,1.67075064355705,73.4955944360825
ECU,2005,10660.2046228939,107.851249694824,23.6,87.1657190162046,92.0,93.0,0.902,76.2586729736281,170.44190979,53.1,19.5,73.909,2.8,62.0068704145716
ECU,2006,10933.4897470283,108.028701782227,22.7,87.4804800870579,96.0,97.0,0.895,77.060905576886,192.55101013,52.3,18.8,74.01,2.753,62.2099988435587
ECU,2007,10952.8226853948,109.574661254883,21.8,87.792208365322,96.0,98.0,0.978,77.862718659502,193.33273315,53.4,18.1,74.226,2.704,62.3887552077227
ECU,2008,11474.5257023541,107.735610961914,20.9,88.1005318614763,96.0,98.0,1.096,78.663760639549,231.62229919,49.8,17.4,74.709,2.688,62.5395521004212
ECU,2009,11403.5277978831,112.422248840332,20.0,88.4054817977882,94.0,97.0,1.216,79.4640520853321,244.5753479,48.5,16.7,74.901,2.678,62.6588021150118
ECU,2010,11665.6978598204,108.529831519835,19.1,88.7072879977884,91.0,95.0,1.283,80.2637776434408,287.00466919,48.8,16.0,75.188,2.615,62.7405258611644
ECU,2011,12449.0785549218,108.222664680389,18.2,88.9995700135052,88.0,94.0,1.382,81.0578095261347,340.40786743,45.9,15.3,75.179,2.605,62.7949053547691
ECU,2012,12961.0267423765,105.657930195512,17.4,89.2843795348701,87.0,96.0,1.561,81.8481545734272,387.54577637,46.1,14.6,75.486,2.509,62.8408732819135
ECU,2013,13689.1520460125,104.495253899633,16.6,89.5662908642962,87.0,97.0,1.645,82.6385639070942,414.12683105,46.9,14.0,75.832,2.362,62.8837286624122
ECU,2014,14064.7992246727,105.59687272731,15.9,89.8451330944318,83.0,85.0,1.684,83.4289010855999,433.41845703,45.0,13.4,76.141,2.274,62.9232432195799
ECU,2015,13881.5700738105,101.055189173942,15.3,90.1212871773867,78.0,84.0,1.806,84.2194382578739,464.22186279,46.0,12.9,76.222,2.209,62.959188676731
ECU,2016,13586.5160772568,98.960813930118,14.8,90.3944152289936,83.0,86.0,2.055,85.0099232884518,449.03869629,45.0,12.5,76.094,2.122,62.9913367571804
ECU,2017,14179.1537503305,98.1861872199016,14.4,90.6647128570391,85.0,81.0,2.225,85.8004886348106,469.04544067,44.7,12.2,76.22,2.128,63.0194591842425
ECU,2018,14083.5069982304,98.8828234359272,14.1,90.9348761697738,85.0,83.0,2.341,86.5928399282026,493.82693481,45.4,11.9,77.248,2.111,63.0433276812321
ECU,2019,13870.4895118068,98.3159782205083,13.8,91.2046901615957,85.0,83.0,2.32,87.3866333551063,484.54037476,45.7,11.7,77.286,2.035,63.0627139714638
ECU,2020,12440.3263747814,98.1163823787708,13.6,91.4742997917839,70.0,81.0,2.313,88.1817507856303,470.20355225,47.3,11.5,72.004,1.967,63.0773897782521
EGY,2005,10700.6090372525,89.0111618041992,37.0,98.6402827769204,98.0,98.0,,93.0452392877341,59.4683876,,32.3,68.355,3.254,42.9569271409488
EGY,2006,11211.8320228671,90.0128402709961,35.6,98.5698644772866,98.0,98.0,,93.2594315118991,66.32707214,,31.1,68.493,3.223,42.9729991680104
EGY,2007,11782.0060717026,90.5241470336914,34.2,98.4988899601912,98.0,97.0,,93.4714314337652,73.29454041,,30.1,68.627,3.237,42.9729666344509
EGY,2008,12391.5847624938,,32.8,98.4275413352809,97.0,92.0,,93.6821208332209,90.15769958,31.1,29.0,68.761,3.238,42.9608989120873
EGY,2009,12728.0814587564,91.2096481323242,31.6,98.3562103479717,97.0,95.0,,93.8929162055799,98.90396881,,28.1,68.915,3.259,42.9383470624904
EGY,2010,13128.9878334831,90.9477588784227,30.5,98.2848591599105,97.0,96.0,,94.1037046412727,105.07817841,30.2,27.2,69.078,3.296,42.9057175520154
EGY,2011,13082.4263680239,87.469737936967,29.5,98.2135282519016,96.0,96.0,,94.3145999279775,116.22949219,,26.4,69.232,3.311,42.8634168470177
EGY,2012,13076.8052394876,91.8601632814812,28.6,98.1415728406932,93.0,93.0,,94.5236904418701,139.81625366,28.3,25.7,69.464,3.4,42.8118514138525
EGY,2013,13058.0748238237,91.5819650596849,27.8,98.0695998327114,97.0,96.0,,94.7328979128496,139.67245483,,25.1,69.632,3.49,42.7514277188751
EGY,2014,13136.3656298099,89.1874065189482,27.1,97.9975794064633,94.0,93.0,0.73,94.9421220877045,155.06480408,,24.5,69.911,3.49,42.6825522284408
EGY,2015,13425.9119599492,,26.5,97.9255148711552,93.0,92.0,0.763,95.1514018679127,170.25532532,31.8,24.1,70.135,3.5,42.6056314089048
EGY,2016,13727.3201600816,90.1130487612999,26.0,97.8534422131452,95.0,95.0,0.763,95.3608044893643,142.61845398,,23.7,70.437,3.35,42.5210717266225
EGY,2017,14018.3605934411,90.6515125272044,25.6,97.7818611616948,94.0,94.0,0.743,95.5716159808707,106.00288391,31.5,23.4,70.709,3.31,42.4486008687179
EGY,2018,14488.2094340261,92.6909066089532,25.2,97.710814412432,95.0,94.0,0.716,95.7838228519798,118.01481628,,23.1,70.974,3.02,42.4577177449969
EGY,2019,15026.568243683,94.2500854039165,24.8,97.6403544846485,95.0,95.0,0.697,95.9974521361916,142.69670105,31.9,22.9,71.213,2.87,42.4812027332648
EGY,2020,15309.2359881835,95.6433012164233,24.4,97.5705329201433,94.0,94.0,0.671,96.21249765428,148.35269165,,22.6,69.79,2.85,42.5181534630674
EMU,2005,47524.4605129111,104.270568847656,5.02231068390932,99.7231630663629,95.9421285456164,91.6578960893313,,98.5995060090609,2885.88507181355,,4.04520087842091,79.2220583562048,1.49576379443308,74.4354754280854
EMU,2006,48915.1525453044,104.140098571777,4.84284913293961,99.7354585524295,96.7179218555828,92.765926190692,,98.6095585272206,3050.36252274121,,3.93106175046183,79.6483122606306,1.52129254728042,74.5932608545581
EMU,2007,50167.5925974003,103.958572387695,4.70739923768855,99.7471788386068,96.78729002064,93.4552231113025,,98.6189201102993,3461.94941912262,,3.80743664042227,79.8861982263507,1.53726214927422,74.7231648890742
EMU,2008,50163.9012074228,103.675003051758,4.58145952343906,99.758871129718,96.7792592205196,93.5795012146605,,98.6286521483859,3913.20155147938,,3.70035361421681,80.093489056692,1.57771642509046,74.8278828155237
EMU,2009,47740.2973322669,103.118118286133,4.47859369402051,99.7751909503488,96.3679680815634,93.4632922279549,,98.6381914117458,3852.6539008054,,3.59924221663917,80.304609573735,1.56387655841203,74.9583774003797
EMU,2010,48591.055785738,102.682350158691,4.33053771112197,99.7931524563906,96.8238100519927,93.3621251532774,3.67212883296712,98.6482078183388,3741.2298138997,,3.53451958394037,80.5463865166925,1.57501071714333,75.1170270025016
EMU,2011,49493.9221375454,102.460876464844,4.23648831888596,99.8104246305325,96.6942189702922,93.5341845136565,,98.6556805023491,3996.67104481579,,3.43505873071151,81.0342959599905,1.55508558583431,75.2498062636401
EMU,2012,48904.1161236867,102.172668457031,4.12530026975936,99.826267390117,96.871178772281,94.044656638834,,98.663770730631,3733.82559658973,,3.37134368772701,81.0387114639645,1.55072914409533,75.4120805085951
EMU,2013,48741.8654499657,102.651466369629,4.06495297338017,99.8361696784962,93.9291222566704,93.7057588039237,,98.6743295322093,3909.07891161441,,3.31372335966227,81.3323585033306,1.52964173135847,75.627532415858
EMU,2014,49365.1435330313,101.977119445801,4.01071564239057,99.8465315233689,94.5957472754143,93.5512650702794,,98.6821121540869,4011.66637569218,,3.27838754218584,81.7426558325458,1.55349832929428,75.8133540817088
EMU,2015,50293.9078769481,101.96607208252,3.96175287599302,99.852238611764,94.9751006670214,93.1863637528403,,98.6973401898774,3450.16293853121,,3.25259008786149,81.381552979083,1.55155183956971,76.0229382546648
EMU,2016,51089.957079337,101.62654876709,3.9272951450282,99.857726730636,94.1963369438725,93.3246907170352,,98.7121414528433,3513.74727284047,,3.22452580460808,81.7681051866776,1.57202366958561,76.2867357539682
EMU,2017,52337.9135018369,102.201881408691,3.85374210654639,99.8623508965401,94.0343458457728,94.2235519613957,,98.7246356498297,3707.80093980814,,3.19222348531025,81.747020423342,1.54882549087469,76.4140813562854
EMU,2018,53176.6368877298,102.323181152344,3.8222190835292,99.8665634517002,93.978834886002,94.6069413037887,,98.7357697258184,3995.7906805039,,3.17040031256008,81.8676373939947,1.53029831462397,76.5823371318115
EMU,2019,53928.4684797856,102.415031433105,3.77135271572648,99.8705661466687,94.1089334027599,95.0967513781315,,98.7464850733551,3929.67795036463,,3.10896029715255,82.1461011396487,1.50869527476383,76.7497988367106
EMU,2020,50532.2927661621,102.390007019043,3.74912764856254,99.8736347364014,93.805544987025,94.8502133903752,,98.7538222591833,4205.68480148807,,3.08544366444468,81.3366927821764,1.48241672006156,76.856499971289
ERI,2005,,103.574653625488,67.5,48.4844074537935,96.0,95.0,0.046,9.96153520031783,21.92651939,,43.2,60.628,4.934,35.1022033691406
ERI,2006,,97.0371780395508,64.7,48.8594940483832,94.0,94.0,0.05,10.2644175982683,23.77408791,,42.0,61.457,4.881,35.2525177001953
ERI,2007,,87.2029037475586,62.0,49.2469532106027,95.0,92.0,0.045,10.5550786241031,19.62666321,,40.8,61.998,4.812,35.3820953369141
ERI,2008,,81.1434326171875,59.6,49.6487034568778,95.0,91.0,0.045,10.8337740406528,21.55065727,,39.7,62.422,4.737,35.4897117614746
ERI,2009,,77.9211807250977,57.3,49.8103238748975,95.0,93.0,0.044,11.0220414202395,24.35102463,,38.5,63.203,4.656,35.5742034912109
ERI,2010,,73.636848449707,55.2,49.9773816653656,95.0,95.0,0.044,11.2019452505005,26.00652122,,37.5,63.665,4.571,35.6346549987793
ERI,2011,,79.17431640625,53.3,50.1505293513249,94.0,96.0,0.045,11.3735403344941,35.55129623,,36.4,64.231,4.486,35.6706275939941
ERI,2012,,82.6438980102539,51.4,50.3291745608518,94.0,98.0,0.05,11.5365173088441,27.78689003,,35.4,64.697,4.407,35.6824264526367
ERI,2013,,92.6765518188477,49.7,50.7051288039864,94.0,94.0,0.056,11.6362700094956,31.64078712,,34.4,65.005,4.335,35.6713333129883
ERI,2014,,83.275146484375,48.1,51.0835644393148,94.0,90.0,0.066,11.7366810070379,32.93448257,,33.4,65.517,4.273,35.639720916748
ERI,2015,,82.3669509887695,46.4,51.4650919722432,95.0,97.0,0.068,11.8379124928254,29.22208977,,32.4,65.909,4.217,35.591007232666
ERI,2016,,,44.7,51.8497177620962,95.0,95.0,0.072,11.9399660140866,26.00592422,,31.3,66.242,4.164,35.5254287719727
ERI,2017,,78.3494720458984,43.3,,95.0,93.0,0.071,,25.10270691,,30.5,66.612,4.112,35.4427146911621
ERI,2018,,78.7916488647461,41.9,,95.0,93.0,0.088,,26.68201256,,29.6,66.979,4.056,35.3451042175293
ERI,2019,,,40.5,,95.0,93.0,0.077,,28.42930794,,28.7,67.306,3.997,35.2352333068848
ERI,2020,,,39.1,,95.0,93.0,0.088,,27.66697884,,27.8,66.98,3.933,35.116138458252
ESP,2005,43570.7652574033,104.357879638672,4.7,100.0,96.0,97.0,3.521,99.8416133982387,2074.33081055,32.4,3.8,80.1707317073171,1.33,77.2206801920294
ESP,2006,44572.6815459931,103.610877990723,4.5,100.0,98.0,97.0,3.601,99.8487382179383,2256.68066406,33.5,3.7,80.8219512195122,1.36,77.4968648783202
ESP,2007,45301.2843416374,103.025680541992,4.4,100.0,96.0,97.0,3.538,99.8558830962321,2625.55664063,34.1,3.6,80.8731707317073,1.38,77.7738937890987
ESP,2008,44926.348951812,102.449981689453,4.2,100.0,97.0,98.0,3.523,99.8630455498867,3019.7578125,34.2,3.4,81.1756097560976,1.45,78.0421438998777
ESP,2009,42852.220888454,102.095718383789,4.0,99.999999329905,96.0,98.0,3.577,99.8702292600301,2962.48266602,34.9,3.3,81.4756097560976,1.38,78.2919921861701
ESP,2010,42695.5274189933,101.211227416992,3.8,99.9999972813307,97.0,95.0,3.737,99.8774338307554,2816.84350586,35.2,3.2,81.6268292682927,1.37,78.5138156234888
ESP,2011,42271.8346788238,100.813041687012,3.7,99.9999999335079,97.0,97.0,3.814,99.8846622975312,2938.18041992,35.7,3.0,82.4756097560976,1.34,78.695397956495
ESP,2012,41034.0481566356,100.473442077637,3.6,99.9861677203853,96.0,97.0,3.804,99.8919111266773,2620.84204102,35.4,2.9,82.4268292682927,1.32,78.8455680301618
ESP,2013,40594.914008768,103.246879577637,3.5,99.9566408362607,96.0,95.0,3.791,99.8991712740444,2664.48339844,36.2,2.9,83.0780487804878,1.27,78.9858086902112
ESP,2014,41339.4111169417,102.77628326416,3.4,99.926942900271,97.0,96.0,3.781,99.9060955227569,2716.5793457,36.1,2.8,83.2292682926829,1.32,79.1196713833488
ESP,2015,43053.761430314,102.487281799316,3.3,99.9267194862736,97.0,96.0,3.826,99.9124654207722,2383.85302734,36.2,2.7,82.8317073170732,1.33,79.2454892743023
ESP,2016,44274.6676149922,102.526252746582,3.3,99.9265065763433,97.0,97.0,3.803,99.9188850913844,2378.13598633,35.8,2.7,83.3292682926829,1.33,79.3615955277997
ESP,2017,45446.2508575695,102.921058654785,3.2,99.9262777210373,95.0,98.0,3.854,99.9198350404292,2564.55834961,34.7,2.7,83.2829268292683,1.31,79.4663233085683
ESP,2018,46325.2099441141,103.118812561035,3.2,99.9260612803023,96.0,98.0,3.996,99.9195992102324,2784.16308594,34.7,2.7,83.4317073170732,1.26,79.5580057813361
ESP,2019,46896.4171141424,103.661293029785,3.2,99.9258322377834,95.0,98.0,4.376,99.9193505376925,2756.62109375,34.3,2.6,83.8317073170732,1.23,79.6349761108307
ESP,2020,41553.4477945675,103.884178161621,3.2,99.9256069689441,94.0,96.0,4.546,99.9191055578582,2942.41943359,34.9,2.6,82.2317073170732,1.18,79.6955674617799
EST,2005,30161.1996133966,103.570648193359,7.1,98.1836064927541,96.0,96.0,3.142,99.5838417211126,549.63024902,33.4,5.6,72.5682926829268,1.52,67.5080523578799
EST,2006,33301.4945486206,102.761779785156,6.5,98.3297821115906,95.0,96.0,3.182,99.522563231891,627.18377686,33.7,5.1,72.6914634146341,1.58,67.5557177507269
EST,2007,35986.5161332684,101.679817199707,5.9,98.4769162327614,95.0,96.0,3.26,99.4613971184116,866.49945068,31.2,4.7,72.8146341463415,1.69,67.6097866365576
EST,2008,34233.7643806167,100.795516967773,5.4,98.6250163424299,95.0,95.0,3.342,99.4003505685032,1082.15478516,31.9,4.3,73.7707317073171,1.72,67.6696980194394
EST,2009,29281.6798284656,100.181121826172,5.0,98.7740812931391,95.0,95.0,3.281,99.3394223505559,1006.50708008,31.4,3.9,74.8243902439024,1.7,67.7348909034398
EST,2010,30067.501040775,99.5972671508789,4.6,98.924086764246,94.0,95.0,3.244,99.2786089293532,966.19024658,32.0,3.6,75.4292682926829,1.72,67.8048042926262
EST,2011,32453.1008476709,99.042839050293,4.2,99.075060117403,93.0,94.0,3.294,99.2179098220074,1061.1628418,32.5,3.3,76.2292682926829,1.61,67.8775556334506
EST,2012,33765.4302075072,98.3196105957031,3.9,99.2291464773041,94.0,94.0,3.284,99.1574914721091,1058.71960449,32.9,3.0,76.3268292682927,1.56,67.9629593320316
EST,2013,34481.0148921506,97.6795196533203,3.6,99.3847877447218,94.0,94.0,3.335,99.0971593772044,1194.86206055,35.1,2.8,77.1414634146341,1.52,68.0923458296768
EST,2014,35720.3025335234,97.5922622680664,3.4,99.5393104564203,93.0,93.0,3.361,99.0367024476379,1287.76123047,34.6,2.6,77.0341463414634,1.54,68.2668382808032
EST,2015,36353.0580520449,97.1191482543945,3.2,99.6927225302901,93.0,93.0,3.417,99.0355098457434,1156.20275879,32.7,2.4,77.590243902439,1.58,68.4796609690553
EST,2016,37466.5561839318,97.2923431396484,3.0,99.8450343236061,93.0,93.0,3.457,99.0342292897259,1226.0859375,31.2,2.3,77.6414634146342,1.6,68.724038178078
EST,2017,39529.785973279,97.2500534057617,2.8,99.9257062109249,93.0,93.0,3.468,99.0328460543917,1350.12646484,30.4,2.2,78.0926829268293,1.59,68.9931941915158
EST,2018,40849.8473475564,97.4559478759766,2.7,99.9485371012832,92.0,87.0,3.483,99.0313545119292,1553.43347168,30.3,2.0,78.2439024390244,1.67,69.2803532930133
EST,2019,42215.0343835811,98.1577224731445,2.5,99.9714771406741,91.0,88.0,3.469,99.0297517072032,1599.3503418,30.8,1.9,78.6463414634147,1.66,69.5787397662154
EST,2020,40916.7194113327,98.3466720581055,2.4,99.9945255363523,91.0,91.0,3.479,99.0280228246995,1789.03417969,30.7,1.8,78.5951219512195,1.58,69.8815778947665
ETH,2005,952.115666282409,74.5096893310547,108.3,26.3576124690887,43.0,40.0,0.031,4.31725101635963,6.4820013,,74.4,54.364,6.194,15.982967376709
ETH,2006,1024.72911937532,79.2329330444336,102.4,27.8655119170134,46.0,44.0,0.026,4.60119614731006,8.42413712,,70.9,55.402,6.047,16.2148475646973
ETH,2007,1109.14330259683,85.4697265625,96.9,29.3784617293428,50.0,49.0,0.022,4.88681883136837,11.63210678,,67.7,56.566,5.887,16.0948330261902
ETH,2008,1193.74728331296,91.4530181884766,91.8,30.9869711535733,54.0,54.0,0.024,5.196915075959,13.03863621,,64.7,57.733,5.695,16.7936706542969
ETH,2009,1262.46398000981,90.3419418334961,87.1,32.5882446657978,58.0,59.0,0.025,5.50779854946485,15.1445961,,61.8,58.715,5.488,17.1511001586914
ETH,2010,1381.19044650715,88.511037030714,82.7,34.1836897406234,61.0,64.0,,5.82002469888892,16.17102051,33.2,59.2,59.709,5.282,17.4937839508057
ETH,2011,1492.53396469943,90.6282577514648,78.6,35.7718966203647,65.0,68.0,,6.13343630352376,14.62286568,,56.8,60.595,5.08,17.863790512085
ETH,2012,1576.76875733933,89.9253221073517,74.8,37.3536456061453,61.0,62.0,,6.44846430368166,20.00217628,,54.4,61.443,4.887,18.2061367034912
ETH,2013,1696.86515588665,,71.2,38.9189287309583,59.0,55.0,,6.76236331987807,19.26698494,,52.2,62.161,4.708,18.615514755249
ETH,2014,1821.39161772403,93.1145890062913,67.7,40.4770660365689,61.0,54.0,,7.07793835749952,21.6064415,,50.0,62.927,4.605,19.0262870788574
ETH,2015,1957.41454184551,94.0857534729235,64.4,42.0272706430081,62.0,56.0,,7.39517563066231,23.21817207,35.0,47.9,63.592,4.529,19.451566696167
ETH,2016,2084.84055616471,,61.3,43.569746379878,64.0,57.0,,7.71437321783047,24.34373283,,45.9,64.162,4.473,19.8763618469238
ETH,2017,2222.82824478259,101.223991472845,58.4,45.1032760984933,65.0,59.0,,8.0353579200927,24.18239403,,44.0,64.766,4.401,20.3084850311279
ETH,2018,2311.16511656359,,55.8,46.6289667749081,62.0,54.0,0.075,8.35875920842316,23.5205574,,42.3,65.257,4.371,20.7838096618652
ETH,2019,2437.97046047967,,53.6,48.1464763368745,61.0,56.0,0.089,8.68474048756754,25.93511963,,40.8,65.741,4.347,21.2486705780029
ETH,2020,2516.54907638899,112.6701710274,51.5,49.6550451612317,62.0,57.0,0.102,9.01330021395482,28.28001595,,39.4,65.969,4.274,21.6260051727295
EUU,2005,43477.091531045,103.52172088623,5.91993705430458,99.4702572782722,96.3297445820557,92.8431959243272,,96.7565900399906,2484.4519124792,,4.85532218719732,78.2751410316852,1.46660715604414,72.4002351707177
EUU,2006,44947.0641658876,103.352073669434,5.65147207409268,99.4889060115009,96.9702482399044,93.6670149965167,,96.881419406936,2633.24060077167,,4.66294388609436,78.6721282949285,1.49455545268576,72.5614920699129
EUU,2007,46274.9825825459,103.081672668457,5.42348341235373,99.5067540161557,96.9188394572301,94.2237702946361,,97.0140820475703,3004.23168365245,,4.45694723956561,78.9060450955774,1.5151566756709,72.6886302974583
EUU,2008,46521.2455019681,102.696670532227,5.23785001849768,99.5242306799606,96.9360802009297,94.2331424964,,97.146062412175,3413.63651740455,,4.30400878499754,79.1296281887548,1.56501549943226,72.821398818322
EUU,2009,44430.4810088447,102.292503356934,5.06570514065573,99.5451275267237,96.5881918151072,94.156086346478,,97.2661755213664,3340.25278572443,,4.15039567460866,79.362438680677,1.55740674486307,72.9468469621213
EUU,2010,45251.0407991375,101.965263366699,4.85554870459093,99.521551551537,96.9219982019872,94.0624948034311,3.47349785369353,97.3834327281816,3268.03690840667,,4.00373203698476,79.6354307923887,1.5634616186116,73.1092331195545
EUU,2011,46206.0702456512,101.755767822266,4.69181003554849,99.4959289222003,96.6119443679205,94.1415698266007,,97.4919706055808,3523.01951869602,,3.85541661398435,80.1439505204153,1.52959407141605,73.2162096061221
EUU,2012,45788.921010839,101.635932922363,4.5453050026796,99.4699966675556,96.8854495011811,94.6175194172192,,97.6023490212846,3301.71038108101,,3.75930079211119,80.1657773209271,1.53161547008715,73.3526656193263
EUU,2013,45724.832051248,102.24144744873,4.4371936775856,99.4415806110876,94.6080396165818,94.2752758212057,,97.7124439563274,3463.64750492935,,3.65700964856713,80.4734324600181,1.50825013871459,73.5376776618371
EUU,2014,46455.5685991692,101.565223693848,4.34862512103113,99.4148094728497,95.1084650618812,93.9470191131682,,97.8201718336093,3550.25487120767,,3.58855214952449,80.8760173893061,1.53815734404476,73.6983165180291
EUU,2015,47490.9137112119,101.410186767578,4.27261915574541,99.379948163614,95.1641502335832,93.4801346437433,,97.9351226099889,3056.00162327666,,3.5296920202016,80.5707965259,1.54031619030692,73.8743742665848
EUU,2016,48336.5082885839,101.038848876953,4.19492071938833,99.3449634545531,94.5450578612736,93.576786477989,,98.0500976008884,3117.18625390947,,3.46985963772573,80.9529785979391,1.57060182280831,74.089077283109
EUU,2017,49704.2541206968,101.440933227539,4.09574635146789,99.3088682079879,93.9451526002145,94.1606923745244,,98.1386118496653,3295.21181360212,,3.41352152542385,80.9301511681956,1.56466473200747,74.1940799110393
EUU,2018,50737.2331625802,101.431221008301,4.01789187486254,99.2727494368561,94.0080930200533,94.4541273454936,,98.2040074710596,3553.26077514172,,3.35065732237221,81.0303425240609,1.54734162624575,74.3280995844319
EUU,2019,51662.076917369,101.538589477539,3.93757961783439,99.2369874870965,94.2318224702325,94.7320085095223,,98.2550272172695,3498.76733094227,,3.25658640389602,81.3194524901835,1.52767031959044,74.4596491524844
EUU,2020,48769.5135471727,100.829528808594,3.88832143169013,99.2070508163239,93.8353544797424,94.3286460270367,,98.3017410043911,3749.13990498742,,3.22392355209318,80.4414754678551,1.50409489252504,74.5499802167242
FIN,2005,52744.048034135,99.7841110229492,3.7,99.9999971053546,97.0,97.0,3.674,99.4481380769585,3236.85839844,27.6,3.0,78.8170731707317,1.8,68.5140529517604
FIN,2006,54653.981203281,99.7659530639648,3.6,100.0,97.0,97.0,3.691,99.4481326778555,3414.94140625,28.0,2.9,79.2146341463415,1.84,68.7588279849327
FIN,2007,57313.2916474478,99.6621475219727,3.5,99.9999969532681,99.0,98.0,3.729,99.4481210814901,3918.64453125,28.3,2.8,79.2634146341464,1.83,69.0200377316963
FIN,2008,57494.585352886,99.7198715209961,3.3,99.9999979690853,99.0,97.0,3.742,99.4481136953925,4486.33789063,27.8,2.7,79.5682926829268,1.85,69.2943672196361
FIN,2009,52599.1487066911,99.664192199707,3.2,99.9999991951693,99.0,98.0,3.775,99.4481065796544,4349.89501953,27.5,2.6,79.719512195122,1.86,69.546259966947
FIN,2010,54017.9458623339,99.6880569458008,3.0,100.0,99.0,98.0,3.44,99.4480868055649,4251.52880859,27.7,2.4,79.8707317073171,1.87,69.7855798796947
FIN,2011,55053.3906850323,99.7851867675781,2.9,100.0,99.0,97.0,3.543,99.4480530393252,4717.5078125,27.6,2.3,80.4707317073171,1.83,70.0583261874252
FIN,2012,53957.6680986279,99.7071228027344,2.8,99.9999978985936,99.0,97.0,3.556,99.4480121860374,4573.19726563,27.1,2.2,80.6268292682927,1.8,70.3661363168712
FIN,2013,53183.4286685126,99.6918487548828,2.6,99.9999962385025,98.0,97.0,3.386,99.4479919012629,4892.03369141,27.2,2.1,80.9756097560976,1.75,70.6742118159277
FIN,2014,52710.7334867778,99.6617202758789,2.6,99.9999970318793,98.0,96.0,3.448,99.447989639906,4922.4296875,26.8,2.1,81.1804878048781,1.71,70.9879168940753
FIN,2015,52782.4873926277,99.5672302246094,2.5,100.0,97.0,95.0,3.421,99.4479924994101,4128.20751953,27.1,2.0,81.4804878048781,1.65,71.3054930040604
FIN,2016,53984.6316254715,99.5080413818359,2.4,99.9999998933781,92.0,95.0,3.42,99.4479863794358,4108.73974609,27.1,2.0,81.4292682926829,1.57,71.6158383428171
FIN,2017,55637.2262781223,99.4682083129883,2.4,100.0,89.0,94.0,3.437,99.4479844608387,4235.75488281,27.4,1.9,81.6317073170732,1.49,71.9563038312956
FIN,2018,56226.337241343,99.7032012939453,2.4,99.999999309504,91.0,96.0,3.463,99.4479792179027,4521.27636719,27.3,1.9,81.7341463414634,1.41,72.3423467740343
FIN,2019,56922.4873163103,99.5557479858398,2.4,99.9999972852429,91.0,96.0,3.566,99.4479732107755,4459.9296875,27.7,1.9,81.9829268292683,1.35,72.7431214358314
FIN,2020,55424.8574989208,99.8175811767578,2.4,99.9999988873824,89.0,95.0,3.61,99.4479703400958,4736.21435547,27.1,1.9,81.9317073170732,1.37,73.0849439791673
FJI,2005,9745.58143908405,,23.3,94.9370413957201,96.0,90.0,,89.5944358182032,120.21074677,,17.3,65.983,2.917,49.8421361321385
FJI,2006,9837.08586688962,98.807487487793,23.5,94.9596519780134,98.0,92.0,,89.9493490621546,126.38617706,,17.4,66.126,2.905,50.2294752725468
FJI,2007,9672.29020465987,93.939826965332,23.5,94.9825498641787,99.0,94.0,,90.2946156798111,140.30192566,,17.4,66.161,2.872,50.6494569776975
FJI,2008,9711.96604105756,93.6200714111328,23.2,95.0125415500904,99.0,95.0,0.373,90.6391439703364,134.50354004,40.4,17.3,66.32,2.819,51.0979752573339
FJI,2009,9536.81722352305,93.1077728271484,22.8,95.0445350823456,99.0,95.0,0.41,90.9745036563402,121.05646515,,17.0,66.347,2.76,51.5628013169579
FJI,2010,9784.30360030575,,22.2,95.076983731919,99.0,96.0,,91.2985247970932,127.65603638,,16.6,66.778,2.696,52.0415147785104
FJI,2011,10020.6957548052,94.1014862060547,21.6,95.1097406179506,99.0,96.0,,91.6111034972406,140.93704224,,16.2,66.88,2.631,52.5335449475105
FJI,2012,10140.693585539,95.1824417114258,21.0,95.1429478152795,99.0,98.0,,91.9124427859318,153.56562805,,15.9,65.812,2.612,53.0383211294771
FJI,2013,10604.1559055372,96.6247792169561,20.7,95.1763187725966,99.0,94.0,0.77,92.2023735585411,158.51806641,36.7,15.7,66.545,2.604,53.5552726299291
FJI,2014,11183.3135250834,96.8942906526928,20.6,95.2100729129394,99.0,99.0,,92.4811636292608,178.31169128,,15.8,66.581,2.591,54.0838287543856
FJI,2015,11674.0633676202,99.3576818152788,20.9,95.2442012588905,99.0,98.0,0.813,92.7488640903171,169.47518921,,16.1,66.48,2.567,54.6234188083653
FJI,2016,11951.9196738327,100.256688986124,21.6,95.278634976057,95.0,97.0,,93.0055113848616,175.91635132,,16.8,66.657,2.518,55.1734720973874
FJI,2017,12597.327485488,102.960840496657,22.7,95.3133024356782,91.0,99.0,,93.2511716546291,185.69645691,,17.7,67.06,2.461,55.7408343449609
FJI,2018,13100.095939444,106.223152022315,24.2,95.3482691825769,94.0,95.0,,93.4859578759574,249.86022949,,19.0,66.965,2.419,56.2328347385698
FJI,2019,13056.3310937089,114.912590026855,25.7,95.3833163293103,97.0,94.0,,93.7099433236184,254.83047485,30.7,20.3,67.009,2.385,56.70989552257
FJI,2020,10812.0355014178,112.553329467773,27.2,95.4183568880338,97.0,92.0,,93.6215609537076,256.25967407,,21.6,66.924,2.357,57.186684691874
FRA,2005,48257.4650937971,104.636489868164,4.6,99.9999971982773,98.0,87.0,3.413,98.6592218035867,3575.02514648,29.8,3.3,80.1634146341463,1.94,77.4363315105438
FRA,2006,49223.247197008,104.278846740723,4.5,99.9999982498947,99.0,89.0,3.406,98.6584766292502,3811.55175781,29.7,3.3,80.8121951219512,2.0,77.3467240068648
FRA,2007,50157.7837477634,103.85977935791,4.4,99.9999991615937,99.0,90.0,3.388,98.6577403586305,4312.31054688,32.4,3.2,81.1121951219512,1.98,77.2457976606157
FRA,2008,50068.2969141379,103.622146606445,4.4,99.9999991289051,99.0,89.0,3.385,98.6569940968678,4807.37451172,33.0,3.2,81.2146341463415,2.01,77.1561901569367
FRA,2009,48404.9657826363,103.041137695312,4.3,99.9999982791976,98.0,89.0,3.339,98.6562410005115,4737.578125,32.7,3.1,81.4146341463415,2.0,77.1005391809676
FRA,2010,49130.422942344,102.761512756348,4.2,99.9999989035929,99.0,89.0,3.345,98.6554802968933,4593.66308594,33.7,3.1,81.6634146341463,2.03,77.0962844808803
FRA,2011,50085.6829779109,102.691101074219,4.2,99.9999974748476,99.0,89.0,3.124,98.654714524901,4936.95605469,33.3,3.1,82.1146341463415,2.01,77.1182717387509
FRA,2012,49935.6269081617,102.523162841797,4.1,100.0,99.0,91.0,3.139,98.653944875706,4659.92431641,33.1,3.1,81.9682926829268,2.01,77.1669464919916
FRA,2013,50066.5304324783,102.276443481445,4.1,100.0,88.0,90.0,3.156,98.6531677411089,4884.71582031,32.5,3.1,82.219512195122,1.99,77.2440721470918
FRA,2014,50326.567863089,101.280349731445,4.1,99.999997234513,92.0,91.0,3.169,98.6523819620194,5007.29736328,32.3,3.1,82.719512195122,2.0,77.3524296788613
FRA,2015,50682.8953586333,101.989639282227,4.2,99.9999999037222,96.0,91.0,3.184,98.651596087179,4226.62646484,32.7,3.2,82.3219512195122,1.96,77.7610919150066
FRA,2016,50984.075297832,102.260429382324,4.2,100.0,95.0,90.0,3.2,98.6508068148027,4289.34716797,31.9,3.2,82.5731707317073,1.92,78.5999114705779
FRA,2017,51895.5662985838,102.417221069336,4.2,100.0,95.0,90.0,3.217,98.6500120942252,4436.63720703,31.6,3.3,82.5756097560976,1.89,78.6467804026368
FRA,2018,52560.9536243841,102.464408874512,4.2,99.9999999523043,95.0,91.0,3.214,98.6492124319546,4692.99511719,32.4,3.3,82.6756097560976,1.87,78.6714432536599
FRA,2019,53448.5548849943,102.447647094727,4.2,100.0,95.0,92.0,3.243,98.6484147946355,4519.98583984,31.2,3.3,82.8268292682927,1.86,78.6890784549356
FRA,2020,49311.333409639,102.651626586914,4.2,100.0,96.0,94.0,3.252,98.6476102264443,4760.08251953,30.7,3.3,82.1756097560976,1.82,78.7119131765249
FRO,2005,,,,100.0,,,,,,,,79.4453463414634,2.6115,36.3320579528809
FRO,2006,,,,100.0,,,,,,,,79.6898609756098,2.4764,36.4584197998047
FRO,2007,,,,100.0,,,,90.8834757181354,,,,79.9238243902439,2.5395,36.2929878234863
FRO,2008,54263.326408917,,,100.0,,,,90.8834757181354,,,,80.1460804878049,2.5294,36.4679222106934
FRO,2009,51534.6010087672,,,100.0,,,,90.8834757181354,,,,80.3695317073171,2.3435,36.8888092041016
FRO,2010,51480.252003895,,,100.0,,,,90.8834757181354,,,,80.604956097561,2.5033,37.2536926269531
FRO,2011,53441.4369353384,,,100.0,,,,90.8834757181354,,,,80.8518097560976,2.2832,37.2975959777832
FRO,2012,57524.5150997874,,,100.0,,,,90.8834757181354,,,,81.1060951219512,2.5311,37.3244972229004
FRO,2013,60950.0309827571,,,100.0,,,,90.8834757181354,,,,81.356643902439,2.5099,37.7414817810059
FRO,2014,64019.4156670638,,,100.0,,,,90.8834757181354,,,,81.5912048780488,2.5485,37.9093894958496
FRO,2015,64010.1614022331,,,100.0,,,,90.8834757181354,,,,81.7995975609756,2.411,38.1431503295898
FRO,2016,64156.3241575516,,,100.0,,,,,,,,81.962112195122,2.6078,38.3200225830078
FRO,2017,65461.9113301074,,,100.0,,,,,,,,82.1062926829268,2.4684,38.3324699401855
FRO,2018,66192.0494379671,,,100.0,,,,,,,,82.2486024390244,2.5015,38.4058837890625
FRO,2019,68136.6617957112,,,100.0,,,,,,,,82.3912829268293,2.4187,38.3945655822754
FRO,2020,66037.9361506945,,,100.0,,,,,,,,82.5341926829268,2.3301,38.6689987182617
FSM,2005,3710.19849742597,110.222869873047,35.9,91.1951753562302,94.0,96.0,0.557,45.4876394243693,397.91644287,42.4,31.6,64.906,3.595,22.3299999237061
FSM,2006,3717.65782403635,,35.9,91.0757916103303,67.0,83.0,,49.5754813600361,245.42320251,,31.6,64.859,3.514,22.3275140420008
FSM,2007,3684.20209326281,109.700736999512,35.6,90.9564078644304,79.0,92.0,,53.6633232957029,258.64785767,,31.5,64.844,3.439,22.3208324539882
FSM,2008,3622.04886559734,,35.3,90.8370241185305,85.0,86.0,0.588,57.7511652313697,289.50195313,,31.3,64.849,3.368,22.3111192453232
FSM,2009,3702.36131622048,,34.8,90.7176403726307,91.0,86.0,0.1942,61.8390071670365,325.56570435,,30.9,64.865,3.313,22.2995385016606
FSM,2010,3780.25132792653,,34.1,90.5982566267308,85.0,80.0,,65.9268491027033,361.96511841,,30.3,64.892,3.271,22.2903529875138
FSM,2011,3917.44641481482,,33.4,90.4788728808309,84.0,92.0,,70.0146910383701,378.15283203,,29.8,64.969,3.223,22.2914664135472
FSM,2012,3847.14743528337,,32.6,90.359489134931,81.0,91.0,0.667,74.1025329740369,372.10220337,,29.0,65.08,3.18,22.2942568788425
FSM,2013,3696.74550378941,95.0318576353091,31.6,90.2401053890312,81.0,91.0,,78.1903749097037,354.82269287,40.1,28.2,65.179,3.133,22.2986323961146
FSM,2014,3592.81901389543,97.3142040069009,30.7,90.1207216431313,77.0,83.0,,82.2782168453705,345.01589966,,27.4,65.294,3.091,22.3046193122479
FSM,2015,3739.35968767448,93.5670535707402,29.8,90.0013378972314,72.0,74.0,,86.3660587810373,362.27624512,,26.7,65.306,3.049,22.3122336099411
FSM,2016,3774.03193396948,94.0772018432617,28.9,89.8819541513315,69.0,70.0,,90.4539007167041,399.77108765,,25.9,65.576,3.001,22.3214896137555
FSM,2017,3838.04534289261,94.2192600897319,28.1,89.8819541513315,73.0,76.0,,90.4539007167041,409.11758423,,25.2,65.761,2.957,22.332401189542
FSM,2018,3838.64054793262,96.2881950207594,27.3,89.8819541513315,75.0,73.0,,90.4539007167041,428.00738525,,24.5,65.943,2.922,22.3449820355433
FSM,2019,3965.05377269396,94.3598499009745,26.4,89.8819541513315,78.0,78.0,0.762,90.4539007167041,425.28103638,,23.7,66.196,2.883,22.359245777081
FSM,2020,3861.29319570301,87.4240454357085,25.6,89.8819541513315,83.0,79.0,0.974,90.4539007167041,403.03540039,,23.0,65.878,2.852,22.3752060036598
GAB,2005,20385.2899909124,,63.6,82.4519182271315,45.0,55.0,,32.6738741656831,188.91426086,42.2,44.3,62.978,4.21,83.4326746392243
GAB,2006,19224.1268658387,,61.8,82.8900757983957,45.0,55.0,,33.9024749587278,211.9914093,,43.2,63.259,4.17,84.0852434737431
GAB,2007,19751.876221581,,59.7,83.3155701870669,81.0,62.0,,35.1495484187274,246.78276062,,41.9,63.619,4.142,84.6900183387136
GAB,2008,18493.0921102783,,57.6,83.7295160274396,82.0,67.0,0.0968,36.4153101145998,275.89450073,,40.8,64.011,4.118,85.2437672472316
GAB,2009,17911.1458491118,,55.6,84.1307212542328,76.0,63.0,,37.6987238584805,277.62945557,,40.0,64.361,4.138,85.7432582123932
GAB,2010,18530.5760935497,,53.4,84.5207296199844,67.0,62.0,,39.0002582968992,206.87702942,,38.8,64.715,4.153,86.1852592472945
GAB,2011,19153.0878200945,129.775996342797,51.3,84.899267815442,75.0,72.0,,40.3193752929904,261.37597656,,37.5,65.102,4.151,86.5665383650315
GAB,2012,19450.402706679,,49.4,85.2673947991113,82.0,71.0,,41.6563306484328,225.07722473,,36.4,65.438,4.086,86.8838635787001
GAB,2013,19836.455485141,,47.3,85.6239250935099,79.0,70.0,,43.0100058976352,261.29452515,,35.3,65.751,4.019,87.1482480671637
GAB,2014,20008.9899778716,,45.8,85.9658863110068,70.0,61.0,,44.3780097930999,233.05368042,,34.7,66.07,3.953,87.6236017962969
GAB,2015,20147.7116201795,,44.4,86.2930339752905,80.0,68.0,,45.7595556064781,187.27270508,,33.7,66.336,3.921,88.085308383892
GAB,2016,19988.1755963186,,42.7,86.606465035897,75.0,64.0,0.34,47.1547496987424,207.50273132,,32.6,66.583,3.921,88.5445883406178
GAB,2017,19555.707882916,,41.4,86.9072462361888,75.0,63.0,0.653,48.5637395217699,192.47543335,38.0,32.0,66.816,3.913,89.0009733256896
GAB,2018,19225.5982574678,,39.9,87.1959828592503,70.0,59.0,0.618,49.9863984455825,209.28697205,,31.1,67.043,3.908,89.4539949981866
GAB,2019,19491.4067631396,100.171603677222,38.5,87.472846570073,70.0,62.0,0.603,51.4223011158649,205.99945068,,30.1,67.337,3.884,89.9031850170394
GAB,2020,18681.4840738546,,36.8,87.7393004139279,63.0,53.0,0.586,52.8720170958258,227.2480011,,28.8,67.073,3.831,90.3480750410147
GBR,2005,48304.6753205932,105.804710388184,6.0,99.9999990459371,91.0,82.0,2.4,99.1244438943876,3528.16162109,35.5,5.1,79.0487804878049,1.76,80.4455938127627
GBR,2006,49000.9535382241,104.354072570801,5.9,99.9999963913423,92.0,85.0,2.45,99.1231962812761,3802.56347656,35.9,5.0,79.2487804878049,1.82,80.5464353583991
GBR,2007,50045.9163092519,103.104919433594,5.8,99.9999991747697,92.0,86.0,2.481,99.1219715621849,4415.51220703,34.4,4.9,79.4487804878049,1.86,80.6483331957387
GBR,2008,49629.0498697349,105.741943359375,5.6,100.0,92.0,86.0,2.559,99.120754731585,4280.36083984,35.4,4.8,79.6,1.91,80.7547673906116
GBR,2009,46995.5449961945,105.421241760254,5.4,100.0,93.0,86.0,2.642,99.1195549793574,3813.02758789,35.1,4.6,80.0512195121951,1.89,80.8692180088478
GBR,2010,47682.6525150443,105.673240661621,5.2,100.0,94.0,89.0,2.645,99.1183667076519,3876.33911133,33.7,4.4,80.4024390243902,1.92,80.995165116277
GBR,2011,47714.2894262827,105.026260375977,5.0,100.0,95.0,90.0,2.682,99.1171899348744,4123.70019531,33.2,4.3,80.9512195121951,1.91,81.1359685592627
GBR,2012,48099.6594401942,105.805061340332,4.8,99.9999990594779,95.0,92.0,2.69,99.1160182938712,4204.08300781,33.1,4.1,80.9048780487805,1.92,81.2905667759508
GBR,2013,48600.5100807266,105.356399536133,4.6,100.0,95.0,93.0,2.702,99.1148585484301,4340.16992188,32.7,4.0,81.0048780487805,1.83,81.4573768694887
GBR,2014,49763.17387988,100.012603759766,4.5,100.0,95.0,93.0,2.738,99.1137061018797,4733.37060547,33.1,3.9,81.3048780487805,1.81,81.6355750750722
GBR,2015,50462.8329992477,100.21656036377,4.5,100.0,95.0,93.0,2.767,99.1125609623652,4470.09228516,33.3,3.9,80.9560975609756,1.8,81.8243772295647
GBR,2016,51168.2925796814,100.397789001465,4.4,99.9999991226354,94.0,92.0,2.773,99.1114197755495,4043.35253906,33.1,3.8,81.1560975609756,1.79,82.0229991698295
GBR,2017,52429.1275538988,100.803619384766,4.4,99.9999980808565,94.0,92.0,2.802,99.1102920996894,3938.65234375,32.6,3.8,81.2560975609756,1.74,82.23065673273
GBR,2018,52983.039541197,101.355537414551,4.4,99.9999994148157,94.0,92.0,2.828,99.1091755535877,4233.62988281,33.7,3.8,81.2560975609756,1.68,82.4465657551295
GBR,2019,53374.0927628482,101.944190979004,4.4,100.0,93.0,91.0,2.932,99.1080626668205,4260.03222656,32.8,3.8,81.3691219512195,1.632,82.6699420738913
GBR,2020,47930.5490378931,102.265762329102,4.4,100.0,93.0,91.0,3.028,99.1069628063769,4865.97802734,32.7,3.9,80.331756097561,1.571,82.9000015258789
GEO,2005,8485.58670534953,109.41764831543,23.3,94.7414845988638,82.0,90.0,3.991,78.5154686105649,132.22496033,37.4,19.1,70.689,1.583,53.0036280624359
GEO,2006,9337.98906420101,109.272163391113,21.0,94.8835839201569,88.0,96.0,4.055,79.1671925516486,152.0617218,36.9,17.3,70.983,1.617,53.3593916521584
GEO,2007,10567.2747164758,110.829132080078,19.0,95.0243626038677,98.0,97.0,4.099,79.817561698029,195.9908905,38.1,15.6,70.985,1.697,53.7706073945741
GEO,2008,10856.1031328003,109.99112701416,17.1,95.1637450762018,92.0,97.0,4.205,80.4663116596926,281.84671021,38.5,14.1,70.949,1.832,54.2232719833673
GEO,2009,10553.0896395853,108.244682312012,15.5,95.3017390158594,88.0,83.0,4.438,81.1134334337122,270.2170105,38.2,12.9,71.058,1.993,54.7033821122222
GEO,2010,11294.3685917112,107.155245895564,14.2,95.4384260318316,92.0,94.0,4.679,81.7591448045186,287.75900269,39.5,11.8,71.732,1.973,55.1969344748228
GEO,2011,12288.6828861156,107.761952206271,13.1,95.5737249468986,94.0,91.0,4.747,82.4031867443918,315.29684448,39.6,10.9,72.485,1.915,55.6899257648533
GEO,2012,13193.9596974054,109.651399821348,12.2,95.7077336027359,92.0,93.0,4.75,83.0457915125519,349.90432739,39.0,10.2,72.672,1.929,56.1683526759979
GEO,2013,13913.0018245661,110.575228390453,11.5,95.8402895547886,93.0,97.0,4.799,83.6864716943759,368.16253662,38.6,9.6,73.025,1.993,56.6182119019407
GEO,2014,14475.3135356035,109.976680992118,11.0,95.9715499431682,91.0,92.0,5.081,84.3256691388097,392.86099243,37.6,9.2,73.105,2.18,57.0237612994258
GEO,2015,14936.8434116647,107.800106850779,10.6,96.1014497266011,94.0,96.0,5.313,84.963148689816,347.71783447,36.5,8.9,73.241,2.214,57.3803800455672
GEO,2016,15442.9564358054,104.042509897438,10.2,96.2306438542473,92.0,93.0,6.351,85.6008234007507,369.51849365,36.6,8.7,73.136,2.228,57.6984032005062
GEO,2017,16237.6242230275,102.937767734127,10.0,96.3588824042299,91.0,95.0,6.478,86.2379416213095,377.92520142,37.9,8.5,73.435,2.136,57.9996827205757
GEO,2018,17228.6790847503,100.786840229187,9.8,96.4862775476087,93.0,98.0,7.51,86.8748222310992,365.91583252,36.4,8.3,73.985,2.093,58.3038181862576
GEO,2019,18186.8816465807,101.236423646202,9.6,96.6127357061039,94.0,99.0,7.452,87.5111601190334,339.86679077,35.9,8.2,74.165,2.021,58.6304091780343
GEO,2020,17031.1440283426,100.779530049426,9.4,96.7382823190877,88.0,91.0,5.121,88.1470373073336,389.42260742,34.5,8.0,73.509,1.976,58.9990552763878
GHA,2005,3721.30785741996,86.7024688720703,82.0,70.3428380680709,84.0,83.0,,9.68014854216275,38.51657486,42.8,53.4,59.638,4.496,47.4528437795757
GHA,2006,3857.86154847605,91.2332763671875,79.1,71.3651562013802,84.0,85.0,,10.6928566524772,49.34616852,,52.1,59.975,4.399,48.1388926229785
GHA,2007,3923.12567803728,95.9956512451172,76.2,72.3892820833539,94.0,95.0,0.07,11.7231535267872,57.34096527,,50.7,60.282,4.288,48.8125122665918
GHA,2008,4174.78124103364,100.841491699219,73.1,73.4152138090769,93.0,86.0,0.077,12.7707576406742,63.45487595,,49.2,60.578,4.217,49.4708679942306
GHA,2009,4269.16005861557,99.0773620605469,69.8,74.4422077321147,94.0,93.0,0.082,13.8350497335121,62.44382095,,47.5,60.928,4.179,50.1111250897099
GHA,2010,4495.68916584106,,66.5,75.471267939183,94.0,93.0,0.091,14.9161840108112,80.6833725,,45.8,61.297,4.181,50.7296926788704
GHA,2011,5005.36732498187,99.4130783081055,63.3,76.5016404793149,91.0,91.0,0.095,16.0135300837222,91.70959473,,44.0,61.617,4.177,51.3304086646488
GHA,2012,5339.71321903045,102.068698169955,60.3,77.5330954898138,92.0,89.0,0.093,17.126673080362,81.96895599,42.4,42.3,61.995,4.154,51.9197918381031
GHA,2013,5593.77481886917,101.089456129828,57.5,78.565152693679,90.0,89.0,0.1,18.2550635017005,105.34784698,,40.7,62.397,4.114,52.4985794475913
GHA,2014,5619.07233511591,99.5600865756332,54.9,79.5978353673804,98.0,92.0,0.108,19.3983890713711,78.46701813,,39.3,62.832,4.029,53.0663398797148
GHA,2015,5607.36635657413,103.213138177351,52.5,80.631160872114,89.0,89.0,0.114,20.556338766229,78.21643066,,37.9,63.175,3.982,53.6226415210752
GHA,2016,5666.07795334591,101.751107525308,50.3,81.6651456164371,93.0,89.0,0.123,21.7286047018582,64.86400604,43.5,36.6,63.522,3.873,54.167052758274
GHA,2017,5993.63085211077,100.478896703055,48.2,82.6995725023601,99.0,95.0,0.089,22.9147548943672,54.10602188,,35.4,63.829,3.715,54.6991419779128
GHA,2018,6234.51208201488,98.6813906905268,46.1,83.7344677926836,97.0,92.0,0.144,24.1144852694417,53.37788773,,34.1,64.138,3.65,55.218477566593
GHA,2019,6508.24652305901,99.8750321985622,44.1,84.7696150287459,97.0,92.0,0.104,25.327363008811,71.14958191,,32.9,64.455,3.593,55.7246279109161
GHA,2020,6412.68541762469,98.4048952723908,42.2,85.8052795210658,94.0,88.0,0.166,26.5532224510153,97.37677765,,31.7,64.309,3.541,56.2171613974837
GIB,2005,,,,100.0,,,,100.0,,,,80.991,1.754,100.0
GIB,2006,,,,100.0,,,,100.0,,,,81.103,1.802,100.0
GIB,2007,,,,100.0,,,,100.0,,,,81.269,1.852,100.0
GIB,2008,,149.906631469727,,100.0,,,,100.0,,,,81.541,1.903,100.0
GIB,2009,,149.380447387695,,100.0,,,,100.0,,,,81.807,1.926,100.0
GIB,2010,,,,100.0,,,,100.0,,,,82.08,1.954,100.0
GIB,2011,,,,100.0,,,,100.0,,,,82.333,1.974,100.0
GIB,2012,,,,100.0,,,,100.0,,,,82.527,1.999,100.0
GIB,2013,,,,100.0,,,,100.0,,,,82.586,2.099,100.0
GIB,2014,,,,100.0,,,,100.0,,,,82.644,2.084,100.0
GIB,2015,,,,100.0,,,,100.0,,,,82.668,2.074,100.0
GIB,2016,,117.183570829841,,100.0,,,,100.0,,,,82.741,1.94,100.0
GIB,2017,,118.478260869565,,100.0,,,,100.0,,,,82.858,1.93,100.0
GIB,2018,,,,100.0,,,,100.0,,,,83.028,1.921,100.0
GIB,2019,,112.325038880249,,100.0,,,,100.0,,,,83.183,1.912,100.0
GIB,2020,,108.720271800679,,100.0,,,,100.0,,,,83.07,1.907,100.0
GIN,2005,2501.22160456279,77.486198425293,137.0,53.4890999882019,59.0,51.0,0.102,13.0950354311112,19.66388702,,81.7,54.422,5.727,32.3962712159907
GIN,2006,2478.61319510726,79.18359375,133.1,54.2315783654935,57.0,51.0,,14.0026334670864,16.15967941,,79.6,54.875,5.704,32.6868093037822
GIN,2007,2587.0048887648,81.362548828125,129.7,54.972295205421,63.0,57.0,,14.9294878110963,22.64143372,39.4,77.9,55.233,5.664,32.9740386596386
GIN,2008,2629.5397474637,82.7527465820312,126.9,55.7112370863101,60.0,55.0,,15.8756067639013,22.97397041,,76.6,55.703,5.596,33.2571261188022
GIN,2009,2537.30645758746,82.9110794067383,124.4,56.4483990709895,57.0,53.0,,16.8410008400224,23.71565628,,75.4,56.052,5.528,33.5352385165154
GIN,2010,2594.83050344245,85.6168670654297,122.2,57.184097462228,64.0,58.0,,17.8258882415396,22.59741783,,74.4,56.431,5.435,33.8075426880206
GIN,2011,2673.40873029955,89.3744888305664,120.3,58.360314361898,63.0,62.0,,18.8300745161128,24.12806129,,73.6,56.778,5.337,34.0732054685603
GIN,2012,2762.90350938513,91.4924621582031,118.4,59.5458989237514,59.0,58.0,,19.8535699723585,23.70012856,33.7,72.9,57.117,5.232,34.3313936933767
GIN,2013,2802.56007024474,93.5301284790039,116.6,60.7407932771769,56.0,55.0,,20.8963805102335,25.90467834,,72.1,57.459,5.151,34.5812741977122
GIN,2014,2834.96634347846,95.1517791748047,115.4,61.9449533966477,52.0,51.0,0.161,21.958517184142,36.63517761,,72.0,57.581,5.07,34.8177920826682
GIN,2015,2869.85157178732,,113.7,63.1625705426145,48.0,47.0,0.083,23.0429534538905,43.41540527,,71.2,57.899,5.002,35.0373191833496
GIN,2016,3099.78874189372,93.1132583618164,111.4,64.3935453016882,47.0,48.0,0.081,24.1498387012441,38.42609406,,69.9,58.49,4.915,35.3100280761719
GIN,2017,3332.76576150531,,109.5,65.6377593870016,49.0,48.0,,25.2793165342665,32.63646317,,69.0,58.715,4.793,35.5827331542969
GIN,2018,3455.64512638662,,107.5,66.8950995450723,51.0,49.0,0.219,26.4315341873572,34.88978195,29.6,68.1,59.043,4.669,35.8554382324219
GIN,2019,3557.46233883145,,105.4,68.1651301407792,53.0,50.0,,27.6063983510435,42.16910172,,67.0,59.379,4.576,36.1281547546387
GIN,2020,3630.99330577677,100.474517822266,102.9,69.4483664321703,54.0,50.0,,28.8045342946628,41.1027565,,65.7,59.35,4.489,36.4802208060551
GMB,2005,2653.64239155191,72.1908874511719,90.7,75.2482865822258,95.0,91.0,0.1,46.5783414763304,33.2039566,,61.5,59.11,5.708,52.3582132660613
GMB,2006,2564.68653970519,71.4759674072266,86.8,75.9220098738399,95.0,89.0,0.102,46.4862604097152,33.41355896,,59.4,59.667,5.736,53.1603285370566
GMB,2007,2567.15728802982,73.9508819580078,83.0,76.5934928458813,95.0,88.0,0.09,46.4185276331036,35.91078568,,57.3,60.001,5.685,53.9196109423854
GMB,2008,2649.61119865306,73.5566177368164,79.4,77.2629006181607,96.0,92.0,0.096,46.3744960730948,40.0297699,,55.3,60.473,5.625,54.6431233516671
GMB,2009,2745.32540574768,73.4096527099609,76.0,77.9295055109151,98.0,96.0,,46.3534874804285,34.59326172,,53.4,60.735,5.574,55.3379286345209
GMB,2010,2824.21259222517,73.4599827384096,72.7,78.5938369652341,97.0,92.0,,46.3547731022519,32.99832535,43.6,51.5,61.167,5.558,56.0110896605662
GMB,2011,2519.83983255672,72.1906633471926,69.7,79.2555392487377,96.0,91.0,,46.3775424677641,31.05148888,,49.8,61.561,5.542,56.6696692994225
GMB,2012,2574.93509664061,75.4592652374635,66.8,79.9149385065975,98.0,95.0,,46.4212058311807,29.56409264,,48.1,61.9,5.519,57.3207304207091
GMB,2013,2572.44728941685,77.5318910077468,64.0,80.571196875671,97.0,96.0,,46.4844347761008,25.59075928,,46.5,62.252,5.392,57.970305611505
GMB,2014,2465.10971144823,80.6712752410406,61.4,81.2241792597438,96.0,96.0,,46.5660263360159,17.33743477,,45.0,62.576,5.197,58.6141799655551
GMB,2015,2495.95741601525,83.6767800021667,58.9,81.8737511504613,97.0,97.0,0.096,46.6646737011035,19.67725563,35.9,43.5,62.971,5.003,59.2458499408388
GMB,2016,2478.46055756999,85.4968152866242,56.6,82.5196405722502,95.0,97.0,,46.7787647028692,20.77086067,,42.1,63.386,4.809,59.8652472486563
GMB,2017,2533.18683710276,88.6915742090233,54.3,83.1620559265773,92.0,90.0,0.099,46.9072182092037,21.55331612,,40.7,63.708,4.614,60.471712657237
GMB,2018,2651.43281455826,91.4803276676529,52.3,83.8008881364874,93.0,91.0,0.124,47.0485303132535,22.17474365,,39.4,64.034,4.42,61.0645869348107
GMB,2019,2750.82132179634,95.0965771907399,50.4,84.4361946965619,88.0,85.0,0.077,47.2014093425827,23.21861267,,38.2,64.427,4.33,61.643210849607
GMB,2020,2702.31919474482,96.8827026600674,48.6,85.0680326919843,85.0,82.0,0.078,47.3645750957407,28.9169693,38.8,37.0,64.418,4.248,62.2069251698555
GNB,2005,2060.66663299612,114.700538635254,145.3,57.3083913147458,68.0,76.0,,8.8783527585904,20.99864388,,85.1,52.949,5.46,38.3801443659997
GNB,2006,2065.2122797791,119.655990600586,139.1,57.6886837795946,71.0,74.0,,9.9897316228944,22.77665329,,81.7,54.089,5.406,38.6871193165452
GNB,2007,2065.98983875944,,132.8,58.0535126816811,74.0,73.0,,11.1161885061566,25.56799126,,78.2,54.87,5.365,39.0030975009025
GNB,2008,2105.67394178792,,126.5,58.4031554952598,77.0,71.0,0.052,12.2580921089513,34.26661301,,74.7,55.3,5.266,39.3320535671181
GNB,2009,2103.05813454823,,120.2,58.7369930495235,80.0,69.0,0.081,13.4152955008386,26.88874054,,71.2,56.297,5.176,39.6716434222135
GNB,2010,2164.26823755351,113.436782836914,114.3,59.0561288356576,83.0,76.0,,14.5887141664203,29.23748016,50.6,67.9,56.999,5.111,40.0095596313477
GNB,2011,2278.54751544448,,108.6,59.3599409743787,86.0,83.0,0.062,15.7782187068147,44.72909927,,64.6,57.663,5.067,40.4391136169434
GNB,2012,2180.74338832775,,103.6,59.6486446194462,87.0,81.0,,16.9842205721111,37.75499725,,61.8,58.27,5.003,40.8686027526855
GNB,2013,2192.5927863603,,99.1,59.9219185208316,87.0,81.0,,18.2067554736928,46.05934143,,59.3,58.879,4.93,41.2976379394531
GNB,2014,2156.33643676255,,95.2,60.179969051587,86.0,81.0,,19.4462525723006,64.99989319,,57.1,59.476,4.79,41.7271995544434
GNB,2015,2230.52993109779,,91.6,60.4227287706109,86.0,80.0,0.198,20.7029543822311,52.45866776,,55.2,60.071,4.661,42.1568145751953
GNB,2016,2293.37861360238,,88.2,60.6498938301808,85.0,80.0,0.1,21.9768833616634,56.60805511,,53.4,60.619,4.519,42.586109161377
GNB,2017,2342.56110535416,,85.1,60.8614249962045,79.0,66.0,,23.2682682564985,54.8225174,,51.7,61.148,4.347,43.0155792236328
GNB,2018,2373.64935653455,,82.2,61.0574978262041,82.0,79.0,0.301,24.5775735612132,58.87445068,34.8,50.1,61.652,4.241,43.4449081420898
GNB,2019,2442.25868377476,,79.5,61.2378280860905,78.0,79.0,,25.9048078160921,53.98390961,,48.6,62.161,4.153,43.8745574951172
GNB,2020,2456.01139053324,,76.7,61.4023709076856,74.0,72.0,0.191,27.2502045881432,67.88795471,,47.2,61.343,4.075,44.3038330078125
GNQ,2005,31302.957953874,68.3863525390625,132.3,55.1317186570274,44.0,47.0,,59.5483734842498,122.75533295,,90.7,55.766,5.559,42.2814597171299
GNQ,2006,32251.7680082519,,127.4,56.1005801258044,46.0,47.0,,60.4443395996533,143.95661926,,87.2,56.354,5.498,43.9301279685204
GNQ,2007,35540.4477563657,,122.6,57.1185705825994,48.0,46.0,,61.3207811186255,179.49963379,,83.6,56.857,5.433,45.8574549546013
GNQ,2008,39994.6159790647,57.2042198181152,118.0,58.1837958068374,50.0,45.0,,62.1777142751886,225.50572205,,80.3,57.384,5.363,48.0444899085658
GNQ,2009,38706.6052512135,56.3207702636719,113.5,59.2917944417375,52.0,45.0,,63.0143173257129,248.9617157,,77.1,57.881,5.288,50.4722820636069
GNQ,2010,33668.8740654852,56.0219993591309,109.4,60.441364332898,54.0,44.0,,63.831192420274,237.85783386,,74.3,58.344,5.209,53.1218806529176
GNQ,2011,34341.9342607505,54.6865997314453,105.6,61.629611207728,54.0,46.0,,64.6283695926991,265.38485718,,71.7,58.827,5.126,55.9743349096911
GNQ,2012,35711.4919273537,54.9725494384766,102.0,62.8538908142975,54.0,49.0,,65.4060732402599,280.90136719,,69.3,59.301,5.04,59.0106940671203
GNQ,2013,32894.3693189101,,98.6,63.6715161073668,53.0,51.0,,66.0469451872043,286.33657837,,67.1,59.784,4.952,62.2120073583984
GNQ,2014,31765.8997056851,,95.3,63.9264757487076,53.0,53.0,,66.1151129596268,290.53604126,,65.0,60.228,4.863,65.5593240167184
GNQ,2015,27797.7942803179,47.5486488342285,92.1,64.1785994681849,40.0,50.0,,66.1825230692518,222.81713867,,62.9,60.635,4.774,68.951270615355
GNQ,2016,24435.0645564801,,89.0,64.4255163889263,53.0,53.0,,66.2485390317556,221.49227905,,60.9,61.081,4.686,69.253269853051
GNQ,2017,22250.4389230263,,86.1,64.6658128879178,56.0,52.0,0.325,66.3127866671561,223.4354248,,59.1,61.481,4.599,69.5516019132985
GNQ,2018,20165.4795550607,,83.2,,59.0,52.0,,,240.49389648,,57.2,61.915,4.513,69.8396623666175
GNQ,2019,18446.5916579681,,80.7,,62.0,51.0,,,223.14128113,,55.7,62.297,4.429,70.1175419547293
GNQ,2020,17089.153726379,,77.9,,64.0,50.0,,,213.59317017,,53.9,62.141,4.346,70.3853314193247
GRC,2005,38146.962971083,99.719970703125,4.6,99.8425963346564,96.0,96.0,5.059,98.2367240021803,1935.26757813,34.6,3.9,79.2390243902439,1.34,74.2617376694311
GRC,2006,40483.1569225337,99.1430435180664,4.3,99.8587352408423,98.0,98.0,5.41,98.3069816511148,2052.87548828,35.1,3.7,79.4390243902439,1.4,74.717750055608
GRC,2007,41796.2336918303,98.7613906860352,4.1,99.8745141024935,99.0,99.0,5.632,98.37623995926,2426.75952148,34.0,3.5,79.4390243902439,1.41,75.1753473512439
GRC,2008,41709.3877420312,,4.0,99.8899457131774,99.0,99.0,5.71,98.444518449364,2840.50854492,33.6,3.4,79.9390243902439,1.5,75.615079456679
GRC,2009,39886.2135496664,,4.0,99.9050216033919,99.0,99.0,5.791,98.5117822479045,2809.05957031,33.6,3.3,80.1878048780488,1.5,76.0174962722535
GRC,2010,37566.7483686263,99.9690399169922,3.9,99.9197604571835,99.0,99.0,5.756,98.5780776451811,2564.36987305,34.1,3.3,80.3878048780488,1.48,76.3631476983077
GRC,2011,33906.4917435676,99.5001678466797,4.0,99.9341628584541,99.0,99.0,5.774,98.6434297836442,2338.91577148,34.8,3.4,80.7317073170732,1.4,76.6352609929407
GRC,2012,31250.2268565956,99.5018005371094,4.0,99.948239360805,99.0,99.0,5.778,98.7078706841622,1948.24816895,36.3,3.4,80.6341463414634,1.34,76.8679797449322
GRC,2013,30762.4432227813,98.7325210571289,4.1,99.9619883950245,99.0,99.0,5.811,98.7713762312749,1832.02954102,36.1,3.5,81.2853658536585,1.29,77.0951999650171
GRC,2014,31213.3765120298,97.959342956543,4.2,99.97541718672,99.0,97.0,5.867,98.8339628930007,1700.4942627,35.8,3.6,81.3853658536585,1.3,77.3130486275866
GRC,2015,31347.976574604,99.8291091918945,4.3,99.988523105293,99.0,97.0,5.902,98.8956496305224,1481.41967773,36.0,3.6,81.0365853658537,1.33,77.5194426317545
GRC,2016,31468.6198471099,99.3706512451172,4.3,99.9999968642708,99.0,97.0,6.122,98.9564489293753,1513.25939941,35.0,3.6,81.3878048780488,1.38,77.7122988766348
GRC,2017,31995.4108838386,98.8267135620117,4.3,99.9999973482552,99.0,97.0,6.067,98.9831881851134,1509.78442383,34.4,3.6,81.2878048780488,1.35,77.8895342613411
GRC,2018,32722.3310444029,97.8011016845703,4.2,100.0,99.0,97.0,6.105,98.9867526034177,1603.07788086,32.9,3.6,81.7878048780488,1.35,78.0490656849874
GRC,2019,33502.7506488997,97.6437683105469,4.1,99.999997048057,99.0,97.0,6.163,98.9902600193741,1569.02844238,33.1,3.5,81.6390243902439,1.34,78.1888100466875
GRC,2020,30487.1129331045,97.2831726074219,4.1,99.9999990325072,99.0,97.0,6.186,98.9937448356397,1674.78417969,33.6,3.4,81.2878048780488,1.39,78.3066842455552
GRD,2005,14211.8426569264,99.8684768676758,14.8,94.4692126571641,99.0,99.0,,91.1213404409914,326.09225464,,12.9,73.7,2.242,35.9158260786725
GRD,2006,13594.355159621,,14.9,94.7015276267326,91.0,98.0,0.627,91.6276197917204,324.32067871,,13.0,73.93,2.195,35.9119653795374
GRD,2007,14376.2824512778,101.044807434082,14.9,94.9338425963011,96.0,98.0,,92.1327210300046,359.53503418,,13.1,74.159,2.154,35.9062498793276
GRD,2008,14463.560012123,105.570350646973,15.1,95.1661575658695,99.0,99.0,,92.6366441558442,401.15072632,,13.3,74.374,2.116,35.8983157156326
GRD,2009,13463.580293958,111.271469116211,15.4,95.398472535438,99.0,98.0,,93.1393891692389,376.68447876,,13.6,74.567,2.078,35.8877990260417
GRD,2010,13354.9085012616,110.229927062988,15.7,95.6307875050065,97.0,95.0,,93.6409560701888,374.46508789,,13.9,74.731,2.038,35.8743359481443
GRD,2011,13397.8500405513,109.883287807301,16.0,95.8631024745749,95.0,95.0,,93.5480727629389,403.17129517,,14.2,74.861,2.006,35.8601091092326
GRD,2012,13161.3955324377,,16.4,95.9713888869245,97.0,94.0,,93.4551894556889,413.02658081,,14.6,74.961,1.967,35.8652755773132
GRD,2013,13386.3189064112,109.840515778758,16.8,95.6286504435547,97.0,94.0,,93.362306148439,417.74581909,,15.0,75.022,1.913,35.8792242623778
GRD,2014,14287.9538720088,108.844735077129,17.2,95.6286504435547,97.0,94.0,,93.269422841189,381.22598267,,15.4,75.045,1.799,35.9014624346562
GRD,2015,15136.6966673773,111.623080116231,17.5,95.6286504435547,92.0,99.0,,93.176539533939,404.00680542,,15.7,75.037,1.715,35.9319491111708
GRD,2016,15640.8274503805,108.662712097168,17.8,95.6286504435547,96.0,95.0,,93.0836562266891,409.27841187,,16.1,75.01,1.616,35.9706014181883
GRD,2017,16291.4894625979,110.180032733224,18.1,95.6286504435547,96.0,85.0,1.352,92.9907729194391,454.07266235,,16.3,74.977,1.438,36.0173296416579
GRD,2018,16964.852001696,107.786483839373,18.3,,95.0,84.0,1.383,92.8978896121892,462.2394104,43.8,16.6,74.957,1.53,36.0720421424532
GRD,2019,17036.9151689715,,18.5,,94.0,94.0,,92.8050063049392,515.94726563,,16.8,74.971,1.542,36.1346465679904
GRD,2020,14647.7451384876,,18.6,,72.0,83.0,,92.7121229976892,475.83853149,,17.0,75.019,1.532,36.2050502515788
GRL,2005,52189.001485462,,,100.0,,,,,,,,67.3051219512195,2.326,82.6899108886719
GRL,2006,55243.7102798786,,,100.0,,,,,,,,67.8180487804878,2.28,82.8471984863281
GRL,2007,56763.2387284359,,,100.0,,,,,,,,68.2739024390244,2.223,83.2039566040039
GRL,2008,60506.1946272328,,,100.0,,,,,,,,68.5660975609756,2.249,83.621826171875
GRL,2009,61035.5672997071,,,100.0,,,,,,,,69.0321951219512,2.344,83.8556137084961
GRL,2010,61863.2826915137,,,100.0,,,,,,,,69.349756097561,2.184,84.2784881591797
GRL,2011,61170.9203658321,,,100.0,,,,,,,,69.6146341463415,2.097,84.5286026000977
GRL,2012,62111.1033086807,,,100.0,,,,,,,,69.959512195122,2.006,84.8864593505859
GRL,2013,61659.6415225985,,,100.0,,,,,,,,70.2917073170732,2.069,85.3725891113281
GRL,2014,64799.3056628017,,,100.0,,,,62.5,,,,70.5082926829268,1.987,85.6772384643555
GRL,2015,63364.0536061164,,,100.0,,,,62.5,,,,70.909756097561,2.116,86.046257019043
GRL,2016,66245.7294730698,,,100.0,,,,62.5,,,,71.1990243902439,2.066,86.2261047363281
GRL,2017,66297.1790691281,,,100.0,,,,62.5,,,,71.2563414634146,2.125,86.3915557861328
GRL,2018,66887.6779268926,,,100.0,,,,62.5,,,,71.3609756097561,2.024,86.72509765625
GRL,2019,68534.9419039133,,,100.0,,,,62.5,,,,71.4092682926829,2.115,87.0217895507812
GRL,2020,68533.7339902964,,,100.0,,,,62.5,,,,71.2858536585366,2.109,87.2840881978115
GTM,2005,9099.7275067528,109.972137451172,42.4,88.8001402609139,87.0,93.0,,63.3959543094237,132.41906738,,33.9,68.167,3.974,48.0557951573834
GTM,2006,9386.00549814138,111.043182373047,40.7,89.0482040016156,89.0,95.0,,63.8233780145297,149.04266357,54.5,32.7,68.79,3.845,48.7676356188334
GTM,2007,9772.80992048501,111.587127685547,39.1,89.294002198525,85.0,86.0,,64.2408036159459,158.89395142,,31.5,69.299,3.716,49.4565105053665
GTM,2008,9889.57668418909,112.624313354492,37.5,89.5375290731545,95.0,96.0,,64.6483174313352,175.67254639,,30.3,69.493,3.571,50.1165894513633
GTM,2009,9740.71387674159,118.536636352539,36.0,89.7784165579284,92.0,92.0,0.91,65.0451401830532,169.37559509,,29.2,69.676,3.465,50.7420420912045
GTM,2010,9825.022234198,117.27329338311,34.5,90.0171691678666,94.0,93.0,,65.4325572317079,175.31318665,,28.0,69.885,3.375,51.3270380592706
GTM,2011,10032.0932829709,116.099510743236,33.1,90.2534246699844,88.0,89.0,,65.8097996494068,191.24732971,,27.0,70.321,3.292,51.8657469899423
GTM,2012,10126.8330566224,111.646252383001,31.8,90.4874258264266,96.0,93.0,,66.1775447968584,200.84880066,,26.0,70.722,3.219,52.3523385176
GTM,2013,10297.8392994827,107.864590547525,30.4,90.7203833166752,96.0,91.0,,66.5388660847847,198.79296875,,24.9,70.878,3.151,52.7809822766245
GTM,2014,10553.563988977,105.231154037687,29.2,90.9521869085608,74.0,68.0,,66.8936926813794,217.23764038,48.3,24.0,70.942,3.088,53.1458479013964
GTM,2015,10785.9583125957,103.756960177093,28.1,91.1829418884206,70.0,79.0,,67.2424899275787,233.8447876,,23.1,70.915,3.029,53.4411050262961
GTM,2016,10872.5938902469,101.352012012457,27.0,91.4122081124135,83.0,89.0,,67.5843983621211,246.4538269,,22.3,71.215,2.973,53.6609232857043
GTM,2017,11005.4592851719,101.387446797743,26.1,91.6400944159348,91.0,94.0,0.286,67.9199018955355,265.36593628,,21.6,71.583,2.857,53.7994723140017
GTM,2018,11192.3719192725,102.983138102239,25.1,91.8664742343096,85.0,89.0,0.363,68.2489426363097,265.81820679,,20.8,71.496,2.743,53.845962303542
GTM,2019,11466.3764932197,101.979363381256,24.3,92.0910526006257,88.0,90.0,,68.5709973645284,278.59024048,,20.2,71.639,2.593,54.1882267267974
GTM,2020,11097.1503902986,101.500290013425,23.5,92.3138179561227,90.0,89.0,1.281,68.8862996420965,289.21640015,,19.5,69.971,2.47,54.5483167911628
GUM,2005,,,,99.4862233389232,,,,89.292406405394,,,,76.427,2.638,93.7899888326279
GUM,2006,,,,99.4887573422771,,,,89.3561812726507,,,,76.477,2.807,93.8894857603993
GUM,2007,,,,99.4912913456311,,,,89.4199561399073,,,,76.397,2.905,93.9710535665648
GUM,2008,,,,99.493825348985,,,,89.483731007164,,,,76.233,2.905,94.0314223884421
GUM,2009,,,,99.4963593523389,,,,89.5475058744206,,,,76.141,2.891,94.0673223633488
GUM,2010,,,,99.4988933556928,,,,89.6112807416772,,,,76.095,2.973,94.0765173267308
GUM,2011,,,,99.5014273590467,,,,89.6750556089339,,,,76.153,2.876,94.0771054436498
GUM,2012,,,,99.5039613624007,,,,89.7388304761905,,,,76.237,3.117,94.0777276704115
GUM,2013,,,,99.5064953657546,,,,89.8026053434471,,,,76.361,2.883,94.0782751403862
GUM,2014,,,,99.5090293691085,,,,89.8663802107038,,,,76.423,2.946,94.0787476782557
GUM,2015,,,,99.5115633724624,,,,89.9301550779604,,,,76.444,2.933,94.079145108702
GUM,2016,,,,99.5140973758164,,,,89.993929945217,,,,76.449,3.171,94.079467256407
GUM,2017,,,,99.5166313791703,,,,90.0577048124737,,,,76.463,3.088,94.0797139460527
GUM,2018,,,,99.5191653825242,,,,90.1214796797303,,,,76.561,2.995,94.079885002321
GUM,2019,,,,99.5216993858781,,,,90.1852545469869,,,,76.645,2.938,94.0799802498939
GUM,2020,,,,99.5242333892321,,,,90.2490294142436,,,,75.529,2.895,94.0804991087801
GUY,2005,8256.52519071138,101.88932800293,41.6,90.6866289837536,93.0,92.0,,80.2648830646045,85.35713959,,37.3,64.392,2.648,27.7758550706193
GUY,2006,8702.33133494001,,40.7,90.9599679575981,93.0,90.0,,80.8939339660195,98.34314728,,36.6,64.848,2.659,27.4604582346121
GUY,2007,9354.08017716534,98.7052307128906,39.9,91.2357144942571,94.0,96.0,,81.525359867427,125.79258728,,35.9,65.462,2.681,27.1458953350755
GUY,2008,9546.70875949436,100.129516601562,39.1,91.5138620553584,93.0,95.0,,82.1591535902208,138.70043945,,35.3,65.721,2.697,26.8573671978542
GUY,2009,9924.52660770631,97.6101226806641,38.3,91.7944367446406,98.0,97.0,0.214,82.7953517398292,150.21723938,,34.6,66.03,2.694,26.620074648793
GUY,2010,10374.3947557656,100.620507153069,37.6,92.0773787759255,95.0,95.0,0.687,83.4338869756963,162.70393372,,34.0,66.204,2.684,26.4592185137368
GUY,2011,10958.8598838438,104.945060789465,36.8,92.362661216299,93.0,98.0,,84.0747338507827,186.11392212,,33.4,66.469,2.694,26.3999996185303
GUY,2012,11534.9985588659,105.236896620854,36.0,92.6609284046395,97.0,99.0,,84.731495888913,201.88832092,,32.8,66.443,2.701,26.3999996185303
GUY,2013,11896.9069854942,,35.2,92.959244646232,98.0,99.0,,85.3889557997963,211.2910614,,32.1,66.71,2.711,26.4003891353669
GUY,2014,12030.0529344045,,34.3,93.2581213076168,98.0,99.0,,86.0478440775297,216.03759766,,31.3,67.334,2.695,26.4018152016157
GUY,2015,12040.08253302,,33.3,93.5573147268912,95.0,99.0,,86.7079635217248,226.89404297,,30.4,67.719,2.667,26.4043918297579
GUY,2016,12420.4724727603,,32.4,93.8566725487211,97.0,99.0,,87.3692388758564,235.91662598,,29.6,68.069,2.634,26.4080892882899
GUY,2017,12801.6408529346,,31.4,94.1560114941811,97.0,99.0,,88.0315709882197,266.86364746,,28.8,68.543,2.593,26.412905546573
GUY,2018,12980.3576003177,,30.5,94.4550659757955,95.0,98.0,1.79,88.6946981126402,296.66903687,,27.9,68.829,2.553,26.4188378517884
GUY,2019,13402.4219472757,87.7391790964465,29.6,94.7537064552483,99.0,98.0,,89.3586157172433,314.0977478,,27.1,69.067,2.521,26.4258834773058
GUY,2020,19234.1301977637,96.3569272771871,28.6,95.0516966520853,99.0,98.0,1.387,90.0231335168154,364.20135498,,26.3,67.751,2.491,26.4340397353676
HIC,2005,45654.0651226494,102.734519958496,7.8,98.8054921531345,95.8633280285798,93.4468788091247,,96.4068764057851,3144.86466310372,,6.5,77.1096843955119,1.61393153348743,77.7101607010208
HIC,2006,47042.116436345,103.047943115234,7.5,98.8254669598863,96.2385760057348,93.6637855336745,,96.4801088501615,3325.55718043693,,6.2,77.5422883584084,1.65019538896522,77.9906658084009
HIC,2007,48291.7487404085,102.935188293457,7.3,98.8477843268613,95.9857564734269,93.6565927906216,,96.6154105817306,3622.23793937007,,6.0,77.8631136411291,1.68650723942948,78.2586161871986
HIC,2008,48486.4291565184,103.120239257812,7.0,98.8695698029646,96.0953364240199,93.7398935368872,,96.7476478739391,3893.89667269145,,5.8,78.0528402965478,1.70498834594888,78.4997972665246
HIC,2009,46460.533960674,102.799209594727,6.8,98.8916483100016,95.678137262335,92.9567986725549,,96.871766111527,3939.40853319884,,5.7,78.4049799603676,1.68733074494625,78.6868043607071
HIC,2010,47722.6167285395,102.527587890625,6.6,98.9164793394863,95.6874172845449,93.8023293122766,3.23743131733575,96.9923991536357,4075.62348747242,,5.5,78.595666415872,1.67608978526926,78.8495856511893
HIC,2011,48617.91246313,102.228782653809,6.5,98.9379888793587,96.0134926221044,93.8787452332546,,97.101698062709,4388.57462442442,,5.4,78.9211245686884,1.66260401723778,78.9755394321621
HIC,2012,49098.5714742481,102.197303771973,6.3,98.9590785096196,95.6143426403918,94.0662816832439,,97.2108571995089,4408.31890095369,,5.3,79.0753405199988,1.68336981598848,79.0761339258933
HIC,2013,49580.8001719361,101.080459594727,6.2,98.980663099381,94.9066420577215,94.2844732852567,,97.3241821810707,4436.82946029661,,5.1,79.3127011755769,1.65644752578496,79.1842530422909
HIC,2014,50378.3164400802,100.687461853027,6.0,99.0046421892778,95.3600903458275,94.5336842817016,,97.4281948113864,4562.15297613616,,5.0,79.5653520772765,1.67501244046937,79.2816675807236
HIC,2015,51152.8663608105,100.839988708496,5.8,99.0252802845997,95.3913952455847,94.2207282857482,,97.5354219702437,4379.01490108987,,4.9,79.5243179141672,1.67662883566503,79.387375702382
HIC,2016,51760.6328540112,100.934463500977,5.7,99.0459328766462,95.4538977237471,94.1640925287375,,97.6421695613859,4508.97764224591,,4.7,79.7243110737375,1.67311808004132,79.4995336680827
HIC,2017,52827.4265615404,101.420600891113,5.5,99.0664014350017,94.9503756447476,94.0903314652928,,97.739738456367,4675.55912577297,,4.6,79.8536233801599,1.62940708468984,79.5646323222643
HIC,2018,53954.4851070337,101.315391540527,5.4,99.0869857511514,94.8792187703961,94.506393717965,,97.8295621566625,4909.61705751817,,4.5,79.9659745020771,1.59904714812958,79.6265084521732
HIC,2019,54801.5259414975,101.189460754395,5.2,99.107264009826,94.9027180704212,93.8246884386464,,97.9126274567181,5007.54317238076,,4.4,80.1992615325159,1.5589015745898,79.6868403779463
HIC,2020,52507.0167984634,100.789581298828,5.2,99.1281488150826,94.1549365293068,93.7967730740537,,97.994985029269,5459.20713972943,,4.3,79.2041410409855,1.51443457726335,79.7425183592538
HKG,2005,47938.8533561286,100.73030090332,,99.1996818925276,,,,97.1454086656819,,,,81.6090243902439,0.959,100.0
HKG,2006,50981.7296233058,101.055946350098,,99.2582169804035,,,,97.0237752338749,,,,82.3848780487805,0.984,100.0
HKG,2007,53813.022139769,100.729278564453,,99.3167520682794,,,,96.9021418020679,,,,82.3668292682927,1.028,100.0
HKG,2008,54630.3299120222,102.480163574219,,99.3752871561554,,,,96.7805083702609,,,,82.3404878048781,1.064,100.0
HKG,2009,53172.2884268262,104.338989257812,,99.4338222440313,,,,96.6588749384539,,,,82.7751219512195,1.055,100.0
HKG,2010,56355.409086809,105.429219600726,,99.4923573319072,,,,96.5372415066469,,,,82.9575609756098,1.127,100.0
HKG,2011,58672.8050185719,104.602752580544,,99.5508924197831,,,,96.4156080748399,,,,83.4119512195122,1.204,100.0
HKG,2012,59015.3179560955,107.340572556762,,99.609427507659,,,,96.293974643033,,,,83.450243902439,1.285,100.0
HKG,2013,60601.6109212886,106.884666666667,,99.667962595535,,,,96.172341211226,,,,83.8312195121951,1.125,100.0
HKG,2014,61839.8044187474,105.045690213869,,99.7264976834109,,,,96.050707779419,,,,83.9356097560976,1.235,100.0
HKG,2015,62779.7552386246,105.131520708188,,99.7850327712868,,,,95.929074347612,,,,84.2526829268293,1.196,100.0
HKG,2016,63749.4285013369,104.741013824885,,99.8435678591627,,,,95.807440915805,,,,84.2114634146342,1.205,100.0
HKG,2017,65662.8543379575,104.80790960452,,99.9021029470387,,,,95.685807483998,,,,84.6956097560976,1.128,100.0
HKG,2018,66993.9592604441,103.430995475113,,99.9606380349146,,,,95.564174052191,,,,84.869756097561,1.08,100.0
HKG,2019,65388.3366418212,102.202607278653,,100.0,,,,95.442540620384,,,,85.1558536585366,1.064,100.0
HKG,2020,61328.5367014193,105.128762541806,,100.0,,,,95.320907188577,,,,85.4963414634146,0.883,100.0
HND,2005,5056.67544412551,102.47428894043,29.8,88.133961090874,98.0,96.0,0.358,69.5815268362271,97.86359406,59.5,24.1,69.198,3.577,48.1703884178554
HND,2006,5263.15029099578,105.866416931152,28.6,88.5903297607965,95.0,95.0,,70.5856087424602,112.11707306,57.5,23.2,69.364,3.449,48.7790074235564
HND,2007,5461.90151889031,100.833831787109,27.4,89.0405738660816,94.0,94.0,,71.583847847539,127.55919647,55.8,22.3,69.539,3.351,49.3994250214704
HND,2008,5566.70639487722,101.453086853027,26.4,89.4848766199091,93.0,93.0,,72.5764555085287,149.05706787,55.5,21.5,69.657,3.26,50.0312316063593
HND,2009,5313.75573967791,99.5311126708984,25.4,89.922767090749,97.0,98.0,,73.5629624673739,160.23144531,51.3,20.8,69.823,3.173,50.6740175729851
HND,2010,5396.07227927744,99.4327616233952,24.4,90.3547424812176,97.0,98.0,0.293,74.5439099298489,165.19970703,53.1,20.1,69.77,3.078,51.3273733161098
HND,2011,5488.43371596332,97.6766786028118,23.5,90.7803603583435,97.0,97.0,,75.5188630035409,182.3137207,52.6,19.4,70.116,2.998,51.9908892304951
HND,2012,5600.6077605497,94.1871653490279,22.7,91.2001031419735,98.0,97.0,,76.4883396029045,184.04154968,53.4,18.8,70.46,2.927,52.6641557109031
HND,2013,5644.13384802045,90.5529233749786,21.9,91.6134052389382,99.0,97.0,,77.4517887754502,176.421875,50.0,18.2,70.765,2.855,53.356379133253
HND,2014,5705.16246265484,89.4033670410587,21.1,92.0207347407906,99.0,97.0,,78.409710520334,172.52818298,49.9,17.6,71.032,2.793,53.8768089124249
HND,2015,5812.5348879105,89.2421539364839,20.3,92.421451159935,98.0,98.0,,79.3614899844159,169.97198486,49.2,17.0,71.323,2.746,54.3828473751434
HND,2016,5926.49025534228,88.6465188864987,19.6,92.8158871236421,95.0,98.0,0.589,80.3074947960451,177.8835144,49.8,16.5,71.615,2.704,54.8868414578857
HND,2017,6099.60734919414,87.1120951772099,18.9,93.203968706641,90.0,98.0,0.304,81.2476858869062,169.07194519,49.4,15.9,71.805,2.663,55.3877322339915
HND,2018,6219.27973775059,,18.2,93.5856465079255,91.0,91.0,,82.1820517802878,178.1494751,48.9,15.4,72.001,2.645,55.8852577716247
HND,2019,6264.01884276715,85.3644845988859,17.7,93.9610018338129,88.0,89.0,,83.1107110257034,183.75006104,48.2,14.9,72.124,2.611,56.3791561389766
HND,2020,5603.26398377777,83.6552990388855,17.1,94.3301083793908,80.0,82.0,0.489,84.0337747326909,212.7419281,,14.5,70.864,2.577,56.8691654042685
HPC,2005,2331.37399166119,87.9679794311523,114.699593733073,45.5584607901817,68.0192274824691,65.6468190271527,,18.424926248646,24.9170614647834,,72.0959445735249,55.7774195124879,5.80120957288784,29.8714355908867
HPC,2006,2397.1939417711,90.4601135253906,108.918038437956,46.503244774301,69.380262046002,67.8788854665235,,19.124543417809,29.1379689492275,,68.9074689245701,56.574273244383,5.73936215215103,30.2208756483016
HPC,2007,2461.47803585618,92.7580413818359,104.102383459321,47.424864335204,71.4303855414188,69.7317470494765,,19.8116991442476,33.8492018157739,,66.1308687900472,57.2467051523111,5.6681582580263,30.5364840577191
HPC,2008,2530.01937834394,96.6233596801758,99.6378865309757,48.4077151004493,72.4465739407603,69.7612878029203,,20.5445184955412,38.0812159099423,,63.6362473906415,57.8565431037631,5.60157921715864,30.9723129432456
HPC,2009,2550.8684428025,96.6321182250977,98.2895969280398,49.3890650483961,74.3550623497431,72.5762258117507,,21.2965676967942,38.8444759688306,,62.5976443296748,58.2402216249579,5.53622220961369,31.3639376101069
HPC,2010,2639.80319569525,96.8070373535156,93.2212751268281,50.3675146057592,74.6266088503213,74.5457941064515,0.106444326691784,22.0479401685214,40.562930964945,,60.0500387311644,58.7335452944083,5.46370816620654,31.7646366285593
HPC,2011,2673.5791083865,96.8857727050781,93.139476228705,51.3493039406073,76.1384735593988,74.5857772194151,,22.7991078826179,43.820504872476,,60.2355887834956,59.2312188364054,5.37956060699321,32.1726769221166
HPC,2012,2705.2877016826,98.12255859375,85.8956616008329,52.3189544626513,76.496498216789,75.2803522851484,,23.5529183510168,44.5567791707364,,56.0279622652495,60.0870140052247,5.29803570706507,32.5803279178654
HPC,2013,2791.50708497729,98.0764236450195,82.2392532979546,53.2841959671616,75.3521480639411,73.5923537624249,,24.316168299808,47.8110218826926,,54.0531494192441,60.6299359643784,5.21610354037329,33.0085325284937
HPC,2014,2862.12644300329,98.9158096313477,80.1013664951844,54.2560004562749,76.8754993747485,73.4200560227643,,25.095437682064,48.5070559316375,,52.8717207409438,61.0420808723887,5.13503485575756,33.4500793922766
HPC,2015,2914.03384890302,97.9590301513672,77.2252196182014,55.2295469405056,76.7655906842025,73.2591367151839,,25.8794188575632,46.1258914898662,,51.3810429076589,61.5637757860854,5.05974685729467,33.876402244952
HPC,2016,2956.59086263144,98.7296829223633,75.0531588355873,56.191047325717,77.7172165459386,72.445464282905,,26.6596897664183,45.419823988255,,50.1902112913284,62.005914221112,4.99025635036601,34.3061574682177
HPC,2017,3016.38373115986,99.3734817504883,74.0985605574823,57.1671411020392,77.9570623725399,73.4549329910687,,27.5145145795108,44.2091460931805,,49.5512668343817,62.3173413995614,4.91510474664161,34.7436136608517
HPC,2018,3053.40944915716,100.386817932129,71.5972927454548,58.1266701906426,77.4325687913989,72.9071373171913,,28.3189167977671,43.3482242293526,,48.1679135592213,62.8008051848255,4.84019521162151,35.1902982941101
HPC,2019,3094.41035211512,101.520050048828,70.6505060809458,59.0895405076298,77.457904559638,72.7003075830173,,29.1278982467861,44.6417534405441,,47.4834834944594,63.0919384793173,4.76755579198106,35.60787726524
HPC,2020,3004.89506305001,102.423561096191,68.146309212661,60.0492561871606,74.8462988799598,70.6746404510764,,29.9384297769657,47.7665220825739,,46.2413575696403,63.0748180653434,4.69282767861828,36.0239709463492
HRV,2005,27641.1374713864,100.140830993652,6.7,99.0847905577496,96.0,96.0,2.573,97.6362088912943,726.6114502,,5.8,75.2446341463415,1.5,55.5307217475444
HRV,2006,29035.6749841445,99.3845520019531,6.4,99.1895126647337,96.0,95.0,2.607,97.4186224972522,815.39093018,,5.5,75.8368292682927,1.47,55.4685969711483
HRV,2007,30508.3061279124,98.8661270141602,6.2,99.2934392263667,96.0,96.0,2.734,97.201764016731,1040.44995117,,5.3,75.7056097560976,1.48,55.4077128728613
HRV,2008,31113.555007687,97.9028015136719,5.9,99.3965737483077,96.0,96.0,2.735,96.9856368305825,1258.09594727,33.7,5.0,75.9121951219512,1.47,55.3530687812969
HRV,2009,29024.6640551953,97.974609375,5.7,99.4989155320278,96.0,95.0,2.741,96.7702400027243,1187.34326172,32.6,4.8,76.1682926829268,1.5,55.3096640250682
HRV,2010,28701.8754573033,98.0708236694336,5.5,99.6004621496266,97.0,96.0,2.861,96.555570839204,1126.81970215,32.4,4.7,76.4756097560976,1.46,55.2824979327886
HRV,2011,28769.0229490882,98.0935974121094,5.3,99.7012086254188,96.0,96.0,2.918,96.3415946710198,1134.88916016,32.3,4.5,76.7756097560976,1.41,55.2773793281248
HRV,2012,28259.1638073948,98.7156372070312,5.2,99.8012216684385,96.0,95.0,2.999,96.1289814804925,1034.02124023,32.5,4.4,77.1682926829268,1.52,55.3042888624873
HRV,2013,28397.9820661555,98.5737533569336,5.1,99.9003820151375,96.0,94.0,3.042,95.9178030204647,894.07080078,32.0,4.3,77.5707317073171,1.46,55.3659479687433
HRV,2014,28456.3353756076,98.908317565918,5.0,99.9005681639486,95.0,94.0,3.153,95.7081981742449,915.2689209,32.1,4.2,77.7243902439024,1.46,55.4591834926844
HRV,2015,29466.4506365792,99.4907684326172,4.9,99.9007659561635,94.0,93.0,3.21,95.7190097005678,803.41619873,31.1,4.2,77.2756097560976,1.41,55.5812594509004
HRV,2016,30820.8050421355,98.7909393310547,4.9,99.9009796453255,93.0,90.0,3.265,95.7305312019132,851.92492676,30.9,4.1,77.9219512195122,1.43,55.7294398599808
HRV,2017,32348.5888556174,99.2321090698242,4.8,99.9012135113564,92.0,89.0,3.404,95.7427708106791,919.22418213,30.4,4.1,77.7268292682927,1.42,55.9009887365155
HRV,2018,33729.5455811943,98.8812103271484,4.8,99.9014519632488,93.0,93.0,3.497,95.7545423447665,1045.14904785,29.7,4.1,77.919512195122,1.47,56.093170097094
HRV,2019,35122.7966231008,99.0015106201172,4.7,99.9017118309549,94.0,93.0,3.59,95.7669528953151,1063.54443359,28.9,4.0,78.2243902439024,1.47,56.303247958306
HRV,2020,32493.4017010055,99.4886703491211,4.7,99.9019753269295,94.0,91.0,3.606,95.7800263365526,1123.37963867,29.5,4.0,77.5243902439024,1.48,56.5284863367411
HTI,2005,3144.56353969437,,88.4,59.8048339456041,60.0,53.0,,22.5049412936123,25.25854683,,61.8,60.318,3.835,42.5791771857318
HTI,2006,3146.2634386786,,86.2,60.624746654321,61.0,55.0,,23.0018363162708,29.11877251,,60.4,60.74,3.761,43.2846444920296
HTI,2007,3239.25745989841,,84.1,61.4285173392054,63.0,57.0,,23.4895119944276,37.59618378,,59.1,61.09,3.687,43.9866171992907
HTI,2008,3270.41272369326,,82.2,62.2174731426429,64.0,59.0,,23.9682677015387,40.445961,,58.0,61.28,3.621,44.6847359532184
HTI,2009,3406.29486715549,,80.2,62.9888052938028,65.0,62.0,,24.4367113848506,41.39894867,,56.8,61.694,3.565,45.3786413995138
HTI,2010,3176.50949040109,,137.7,63.7442876328599,67.0,63.0,,24.8953249600046,55.73518753,,79.3,45.577,3.497,46.0679741838751
HTI,2011,3300.87444105175,,76.5,64.4832332548174,68.0,65.0,0.14,25.3435874681096,77.12206268,,54.4,61.581,3.431,46.7523749519985
HTI,2012,3266.43832519352,,74.6,65.2057837814604,66.0,66.0,,25.7813149858061,75.08546448,41.1,53.2,62.273,3.321,47.4314843495779
HTI,2013,3356.8373216264,,72.8,65.9105551526185,65.0,68.0,0.234,26.2077250672239,59.38277435,,52.0,62.624,3.221,48.1049430223048
HTI,2014,3403.57496642947,,70.9,66.5988959372951,63.0,69.0,,26.6231188972666,65.10858917,,50.9,62.969,3.164,48.7723916158687
HTI,2015,3402.0283988016,,69.1,67.2702221922087,64.0,69.0,0.087,27.0270378862153,68.50547791,,49.7,63.224,3.11,49.4334707759572
HTI,2016,3415.58218112308,183.989440244666,67.2,67.9200663191655,59.0,67.0,,27.4175706296699,60.06819153,,48.5,63.325,3.054,50.087821148256
HTI,2017,3453.97142164659,,65.3,68.5471165461434,60.0,65.0,,27.7940822522494,53.80579758,,47.2,63.832,2.985,50.735083378449
HTI,2018,3465.25480573601,,63.4,69.1522570020031,57.0,70.0,0.238,28.1567904087872,62.30102539,,46.0,64.077,2.924,51.374898112219
HTI,2019,3361.75328894114,,61.5,69.7360086923955,54.0,74.0,,28.5057820115222,49.32995987,,44.7,64.328,2.862,52.0069059952475
HTI,2020,3210.53609854862,,59.8,70.4880763209359,58.0,74.0,,28.6576196940519,52.2158699,,43.6,63.773,2.804,52.6307476732151
HUN,2005,27765.7886146197,100.982482910156,7.5,95.4573933854111,99.0,99.0,2.787,98.029143037033,895.20330811,34.7,6.4,72.6487804878049,1.31,66.1261367797852
HUN,2006,28903.0475407078,101.501808166504,7.2,95.7715235232241,99.0,99.0,3.042,98.0248277713699,893.20300293,28.3,6.1,73.0975609756098,1.34,67.0155868530273
HUN,2007,29044.0669021254,101.520332336426,6.8,96.0814951789226,99.0,99.0,2.809,98.0205413460237,1003.25805664,27.9,5.8,73.1512195121951,1.32,67.0041656494141
HUN,2008,29384.0070385818,101.747993469238,6.5,96.3873549222455,99.0,99.0,3.097,98.0162854643745,1117.20227051,27.5,5.5,73.7024390243903,1.35,68.0976986078883
HUN,2009,27445.959458479,100.920570373535,6.2,96.6891082048051,99.0,99.0,3.027,98.0120750590408,943.68774414,27.0,5.3,73.9048780487805,1.32,68.4592590332031
HUN,2010,27801.833816111,100.467422485352,6.0,96.9842340521877,99.0,99.0,2.875,98.0084003041022,983.11083984,29.4,5.1,74.2073170731707,1.25,69.5305480957031
HUN,2011,28415.1173442897,100.100288391113,5.9,97.2758562444965,99.0,99.0,2.966,98.0047619310782,1063.43237305,29.2,5.0,74.8585365853659,1.23,69.4779934082031
HUN,2012,28179.656464434,101.069969177246,5.7,97.5597402653732,99.0,99.0,3.09,98.0021500731039,961.1383667,30.8,4.8,75.0634146341463,1.34,69.5772326660156
HUN,2013,28891.0217544976,100.73802947998,5.6,97.8398540702921,99.0,99.0,3.21,97.9999085136149,991.98742676,31.5,4.7,75.5658536585366,1.36,69.9277636266638
HUN,2014,30264.9492302161,101.617790222168,5.3,98.1178998940875,99.0,99.0,3.325,97.9976794505183,1008.92950439,30.9,4.5,75.7634146341463,1.45,70.3071053512008
HUN,2015,31485.5675425634,101.536590576172,5.1,98.3938802461663,99.0,99.0,3.098,97.9954541400148,874.04138184,30.4,4.2,75.5682926829269,1.46,70.4847717285156
HUN,2016,32378.9674983075,100.159217834473,4.7,98.6679484290121,99.0,99.0,3.212,97.9931789584607,918.94506836,30.3,4.0,76.0634146341464,1.55,70.4733810424805
HUN,2017,33828.714942571,99.7975769042969,4.5,98.9400107789492,99.0,99.0,3.326,97.9908758837113,990.90808105,30.6,3.7,75.8170731707317,1.56,70.4542541503906
HUN,2018,35798.0412754022,98.3147735595703,4.3,99.2100381980227,99.0,99.0,3.384,97.9885191913956,1087.64611816,,3.6,76.0658536585366,1.57,70.4711761474609
HUN,2019,37662.67681014,98.4033508300781,4.1,99.4779522735121,99.0,99.0,3.494,97.9861309569959,1062.15869141,,3.4,76.3195121951219,1.58,70.4565277099609
HUN,2020,36119.5211735652,99.1123809814453,4.0,99.7437164369776,99.0,99.0,3.14,97.9837062795673,1182.54138184,,3.4,75.419512195122,1.61,70.2917327880859
IBD,2005,8847.83067056732,107.032989501953,45.9221457752169,86.6068552576019,79.9223968778848,80.7383337427783,,59.9986976875842,116.236753420594,,35.548403680669,69.8265165341661,2.23842034148353,46.9145693724127
IBD,2006,9452.10929844277,106.682983398438,43.3899001810369,87.2007893233192,81.2639798909729,83.2420802294665,,61.6730498413603,134.078231895779,,33.797911328684,70.1501236836392,2.22297119521154,47.5769747009825
IBD,2007,10148.6867255691,108.11775970459,40.935527044949,87.7783665592515,81.0200215107107,83.5413390878673,,63.3678410313597,161.900229434482,,32.0855163639406,70.5142450680001,2.21215246260748,48.2961047629039
IBD,2008,10594.5033452448,108.309280395508,38.5641990306494,88.3535691738951,84.3518526345367,85.3036114458205,,65.0702437813611,195.420467832049,,30.4791075674586,70.7624457262186,2.21436756794014,48.8903466913443
IBD,2009,10692.0618809217,107.860893249512,36.4255085372224,88.9102879885783,86.6358885340687,87.9106559691563,,66.7712406815713,199.519304236268,,28.984395045208,71.1602132108325,2.20879190176549,49.5693483292079
IBD,2010,11358.6063797168,107.380897521973,34.4513038342427,89.4464334212094,88.2001757112658,89.1635256191381,1.59906693830764,68.4669510771673,230.125570534571,,27.6121160289804,71.5021795019761,2.18129172233643,50.1080208606821
IBD,2011,11906.6328014983,106.66024017334,32.6633578025476,89.9550512979798,89.2552965398248,90.2543601577065,,70.1590408616242,267.529859798835,,26.3273273910696,71.8270333930904,2.1625441912965,51.1470854803375
IBD,2012,12375.6300146684,107.283470153809,30.5995012213551,90.4516750086742,89.6428741081313,89.9245278958521,,71.8512316269267,284.914827647415,,24.8270581453256,72.1636704451454,2.19435364188766,51.7855203403866
IBD,2013,12836.6202127518,107.99080657959,29.168083341983,90.942278653617,89.3607519587587,89.9867614844329,,73.5464460020553,305.301586834021,,23.77399488349,72.4633474422255,2.14693656542141,52.4999014352869
IBD,2014,13271.2499046005,105.744148254395,27.4123864989869,91.42175811839,89.7627115100419,90.3555193222861,,75.2423575156247,312.124093742608,,22.4239541322198,72.7509651570745,2.13677152240968,53.1837216780098
IBD,2015,13669.8723851709,105.501106262207,26.3413290893219,91.8896285195363,90.2092218688945,91.0881013271445,,76.9316705573429,297.690339285266,,21.6706390144475,73.0328490236398,2.09966906889064,53.9332868281978
IBD,2016,14147.4607960246,107.111763000488,25.1089807081947,92.3463111002493,90.7512465426931,91.5007145608518,,78.6139174594221,295.17943343273,,20.7535396521297,73.2592309044272,2.11008918101404,54.6015207244718
IBD,2017,14720.5064051308,106.233261108398,23.854318818368,92.7369615174709,90.7658128165646,91.4232254206525,,80.1496071950918,323.348313106482,,19.7750570088678,73.4857607809887,2.07380386463913,55.2222227935355
IBD,2018,15291.0398093318,100.99626159668,23.4442956099547,93.2000490089869,91.1723524103157,93.0741046664512,,81.8262300587061,336.657577777028,,19.502307671502,73.794943952938,1.97849347116974,55.8598392575292
IBD,2019,15754.9861909747,100.436531066895,22.5844615647677,93.6277711619947,90.8134160781229,92.9746930574,,83.470606854664,348.259188407069,,18.8656202369111,74.031271888226,1.93033557941541,56.4284852445038
IBD,2020,15351.793172746,101.020111083984,22.1850623203202,94.0410990584796,87.170453849515,89.3440365974639,,85.0768095651696,356.808048107177,,18.5749446327992,73.2951356970762,1.82434933384285,56.8651715048446
IBT,2005,7590.28556742349,101.554862976074,67.7155522211802,80.9137260343598,75.3874209814795,75.4245737420665,,53.521793649152,95.8013909302806,,47.8646554842223,67.2256354770038,2.78045056843573,43.4956847988649
IBT,2006,8069.48276915284,101.524589538574,64.6848752006473,81.4804804561023,76.6276602958241,77.296421766078,,54.9630858908387,110.416587295162,,45.9561508985155,67.6024062399178,2.76569053141792,44.0855839099272
IBT,2007,8616.07323944986,102.611930847168,61.8548777157548,82.0356150918607,76.6343703367043,77.7346401316858,,56.416942839975,132.426976063104,,44.1378675724498,67.9670001124436,2.75469501422215,44.709662759241
IBT,2008,8962.67822410779,102.820167541504,59.3783854885707,82.6012581493045,79.5032871736672,79.5286565568733,,57.8744763076238,158.822462037938,,42.5284664909226,68.1843907566277,2.75412648907061,45.2440244123133
IBT,2009,9045.73280749433,102.649108886719,57.2665099336567,83.1449853103532,81.8209924766477,82.2775115439095,,59.3265544511202,161.487634978118,,41.140011695641,68.58797297018,2.74547507697377,45.8297491959586
IBT,2010,9568.3350709632,102.4609375,54.8743175277049,83.67573297554,82.4259108648988,82.9557138052587,1.20497883776483,60.7745797764431,184.845752267164,,39.6844493799877,68.9266614063009,2.71677280741036,46.3037304771863
IBT,2011,9988.65008164631,102.343353271484,53.5375021107104,84.1114193418187,83.6082684260028,83.581887310905,,62.1215475395028,213.468699052341,,38.7767100181906,69.2357087629053,2.6931828109664,47.1596578727806
IBT,2012,10337.9564275594,102.943969726562,50.4019591519664,84.6117614852417,82.8559889057705,82.8640197206463,,63.5578964625934,226.686869033802,,36.7342819134431,69.574186280902,2.70931206127196,47.7248227220067
IBT,2013,10698.1935593125,103.16951751709,48.7798966691799,85.1080877081847,82.565777275345,82.9743218168269,,64.9899098073294,242.128990272552,,35.6682032820734,69.8695763064636,2.66709748098952,48.3523840418748
IBT,2014,11042.0933017783,101.681610107422,47.43517108688,85.5984282461557,83.6283851395397,83.3209972085259,,66.4227424957411,247.377460159091,,34.6505856993903,70.1214372145127,2.65487997004157,48.934439191868
IBT,2015,11346.1010341675,100.988311767578,46.3869965708754,86.0832842385498,83.7984672744651,83.8044869428239,,67.8499482875854,235.742542286724,,33.9733613272766,70.3727711035674,2.62193014501327,49.5550964553733
IBT,2016,11696.9848339604,102.221817016602,45.0167897925032,86.5600370260685,84.9826503112643,84.179510492738,,69.2684738874792,232.806411330013,,33.0493583471744,70.6151792552285,2.62337996720981,50.1171733804251
IBT,2017,12123.4403274652,101.764549255371,44.1583028931606,86.9665203397441,85.0178046441093,84.4939040248181,,70.5375781677576,252.521826412286,,32.3745411850762,70.8321134052096,2.59116468799207,50.6447335432842
IBT,2018,12547.6065169327,98.8927383422852,43.3739482895554,87.4481529307868,85.755564536975,85.6519359349556,,71.9385622652123,262.14387443513,,31.9305017262586,71.1543116878265,2.51547761941004,51.1832192304679
IBT,2019,12882.9121398515,98.9152526855469,42.7794421008687,87.905578382601,85.9771323279521,85.5331866915796,,73.3056516279149,269.799873822321,,31.4755289235234,71.3952528317139,2.47522571167135,51.6653910881874
IBT,2020,12504.9017541415,99.4933319091797,42.4922083281563,88.3507445107336,82.5236110392738,82.9141584613295,,74.6383810123324,275.754500893646,,31.3552888585145,70.7501213262472,2.39262662484282,52.0454778410909
IDA,2005,3456.76664335691,89.9898223876953,104.623943899033,61.9506611561003,67.1187452423488,65.7359316400708,,31.9180380435733,27.1052137082905,,68.722938777186,58.6492614977887,4.7916124204359,32.2219540706682
IDA,2006,3584.11990284593,90.9479598999023,100.221727189192,62.6766834111756,68.2899087265493,66.6040132368302,,32.8750792448044,31.932165554825,,66.2457055768601,59.3132154681105,4.7480897116113,32.7260807604272
IDA,2007,3712.03702353228,91.5820693969727,96.3474817288562,63.4205473610777,68.8775079764365,67.4643831542106,,33.853664407424,36.0275142066591,,64.0102328386475,59.7951639068012,4.70004618615389,33.203970481379
IDA,2008,3811.61684663031,92.0956802368164,93.4632287880326,64.1803814017732,71.0415930994786,69.4502319265606,,34.8311559497776,40.739132815932,,62.2602254811445,60.02592521814,4.6539722656609,33.7049397121855
IDA,2009,3918.73517951819,92.7210083007812,91.1394377544346,64.9241231110709,73.4953268143145,72.5369737310615,,35.7981103272283,40.3914671579165,,60.8965635803123,60.5550916523175,4.60229892191592,34.151308147173
IDA,2010,4065.12933937447,93.2912979125977,87.54883055336,65.6740296511684,72.5201420613808,72.3061938680624,0.374723792605996,36.7782231261053,43.8857414498149,,58.9988179275548,60.9887312592622,4.53856638979884,34.5786366508417
IDA,2011,4166.33730689033,94.4302368164062,86.6153118509758,66.2354805354891,74.1108827849155,72.3598699013143,,37.5344859551327,47.2624033024569,,58.5043838257651,61.3496821632737,4.46944508581877,35.024952783726
IDA,2012,4221.81968545851,95.1507110595703,82.0984677269542,66.9517689122809,71.5762738921017,71.1295468817221,,38.4787173241466,49.7079904230576,,55.7934018263814,61.7836144097129,4.40484209644692,35.5080433803967
IDA,2013,4342.25857072893,94.6955490112305,79.356290736495,67.638573698387,71.2530242477936,71.2995177481859,,39.3687859313387,53.5654285388603,,54.2122306520217,62.1423584064168,4.35044215293458,35.996332190864
IDA,2014,4484.83927106283,94.6791305541992,78.2696531874441,68.3414194208084,73.4912890670343,71.6963098045012,,40.2864634983942,56.1265766661405,,53.4792281668355,62.3681207907556,4.30091090321163,36.4051820747557
IDA,2015,4584.99902568175,93.3256301879883,76.4932195987004,69.0652627513711,73.4185508229485,72.011287302955,,41.2320046645345,54.8022691689404,,52.4505959786182,62.614846093746,4.25009074811376,36.7864206452414
IDA,2016,4649.06174910145,94.020149230957,74.8022236414607,69.7982963037325,75.8301370272477,72.5636138689918,,42.1964928371684,52.7931467764091,,51.4459731031748,62.9933197277529,4.19173767230725,37.1903965759359
IDA,2017,4743.55675240066,94.3613128662109,73.6820694866744,70.5760372651019,76.036290537327,73.6665363524214,,43.2353677763583,51.9025668711728,,50.6952918637011,63.2751134869149,4.13940181869486,37.609058115614
IDA,2018,4853.06226610071,95.4467010498047,70.7073225986315,71.3289394997945,77.435297490184,74.2513739494442,,44.2299654246446,52.4918720972449,,48.9756798608582,63.732426814433,4.08713796414971,38.0388916782972
IDA,2019,4940.15164754183,96.439453125,69.4074968502149,72.0943219697081,78.8756282573075,74.6062249005693,,45.2387525678806,52.1421464716009,,48.1023010212298,64.0900291161311,4.03271488594196,38.4653846981284
IDA,2020,4750.57582514097,97.0377807617188,67.4648126783118,72.8659792272598,76.0357070475078,73.9367874312495,,46.2531906935149,54.3023285620949,,47.0718489149806,63.8036707405637,3.97796486220669,38.8904386172881
IDB,2005,4907.66392963546,86.7677764892578,113.096678219845,69.7854500570528,57.2129182199377,57.619850667017,,38.2048258490526,36.0423086939208,,74.637113084741,56.9989286118874,4.95461118139386,39.8348778202094
IDB,2006,5061.17002152738,85.2822723388672,109.504672853843,70.4868841185382,57.6413558462573,58.3965252766002,,39.2182787171249,43.2617749225958,,72.7429855975842,57.7016203087693,4.93870079020795,40.3888250207305
IDB,2007,5195.80808887477,84.4523315429688,106.195180936754,71.2167171982167,56.7080671807847,56.4252860589962,,40.2508795224543,47.2054749701501,,70.9970658324321,58.0600906051007,4.91737092931541,40.8889051590091
IDB,2008,5272.70195837866,81.3712921142578,102.989146998811,71.9523773871252,61.1493485347316,61.5783856531809,,41.3017429932243,52.125404825236,,69.2915977797643,58.4143046583873,4.89890182146653,41.3446440311986
IDB,2009,5444.50751527268,82.2729110717773,100.274455807164,72.6781154247919,64.7414953311768,65.4461814424293,,42.3627190180445,48.5203308634708,,67.8732233899507,58.7507843707772,4.85818069447705,41.7469202004975
IDB,2010,5622.53923702245,83.0206069946289,97.7581338926115,73.4029159659387,62.6269029758706,63.2698660396086,0.577797098185083,43.4342985804266,53.9348799073605,,66.4791962970502,59.0515129063523,4.79809212619671,42.1151997510905
IDB,2011,5723.39316723438,84.2150115966797,95.4071007579972,74.1161575095905,65.1763857196912,62.2508382460198,,44.5131394897622,57.9393574920277,,65.0979121364441,59.364406133511,4.72216946157877,42.5084884969366
IDB,2012,5846.37428459277,85.1963500976562,93.0603666172748,74.8162725748922,59.9262335494928,60.91121944356,,45.5969974865624,62.8204238854453,,63.694250544092,59.6305637403653,4.6340378211409,42.9159323176066
IDB,2013,6049.35770247292,85.5370330810547,90.870695521886,75.5112985507598,60.2893462540176,62.578113362027,,46.6881279753661,68.3300188974294,,62.3545361576198,59.8685731055257,4.56049734113323,43.3275756317313
IDB,2014,6263.27766334353,85.1934127807617,89.0200242810528,76.209645411966,63.3120820755547,63.1101618059333,,47.7860062449132,72.3016792525535,,61.1031219152924,60.0998681978251,4.502077481935,43.7524751266553
IDB,2015,6369.42234682599,83.1113510131836,87.3420837922888,76.9133707029718,63.7688533279138,64.6366785999859,,48.8905117626007,68.2794383868766,,60.0399492545937,60.2944946354402,4.42949529173026,44.1901706504123
IDB,2016,6379.73619945793,84.2528381347656,85.7706738523369,77.620103968777,69.3972881674472,66.9790170488661,,50.0005991390601,63.531177139193,,59.055885908137,60.5761664527178,4.33403379404732,44.6500251183283
IDB,2017,6424.09547786649,84.072021484375,84.3590132998074,78.3387178589227,69.043641465575,68.3567992042828,,51.1239481085685,61.2120673777082,,58.1936266652929,60.818392907263,4.26901886821274,45.1144259487283
IDB,2018,6540.02977425504,85.2454528808594,82.9417022338448,79.0662178584742,73.6020124415662,70.5373467590018,,52.2651074145661,59.3786192623958,,57.3755486802668,61.0740542759518,4.19320589255923,45.5767065281075
IDB,2019,6597.29007423325,86.3141784667969,81.79549064533,79.8027534134502,76.8177235842113,71.8663328782098,,53.4236201595087,59.8472026609195,,56.6192818639053,61.3259973798573,4.1181258293125,46.0543233703288
IDB,2020,6248.18008980538,86.9594116210938,80.4458118967861,80.5456039837564,73.5042109658921,72.9188464575397,,54.6082342270871,62.2351683824119,,55.8344682690458,60.8180066140619,4.04750419996975,46.5685904859548
IDN,2005,7140.8545640704,109.01708984375,40.7,80.6739527502828,72.0,77.0,,51.4837806650068,34.09753036,29.9,33.3,67.531,2.452,46.2373757571669
IDN,2006,7434.48785352221,107.672538757324,38.9,81.6230405666446,72.0,79.0,,53.5018961119134,44.3965683,31.5,31.9,67.664,2.457,47.0017588692457
IDN,2007,7802.46406905954,110.421722412109,37.2,82.5614830626383,73.0,76.0,,55.5300293728108,55.99677658,33.2,30.6,67.914,2.476,47.7432993585496
IDN,2008,8165.06155116624,109.333679199219,35.6,83.4896329573105,77.0,76.0,,57.5678736084239,59.24273682,32.6,29.4,68.085,2.44,48.4644736032029
IDN,2009,8435.4557468629,110.992286682129,34.1,84.3913253324257,78.0,74.0,0.259,59.6133891473514,62.4021759,33.4,28.2,68.267,2.442,49.16775798133
IDN,2010,8848.22473702066,113.010775075983,32.6,85.1661850718562,81.0,78.0,0.239,61.6611213279716,85.55950165,34.6,27.0,68.364,2.462,49.8521375148888
IDN,2011,9274.96955181702,114.684137554242,31.2,85.6378136701144,81.0,80.0,,63.6913657210041,107.00540161,37.9,25.9,68.629,2.515,50.4830017089844
IDN,2012,9708.61182531081,115.201069565404,29.9,86.0745858271754,87.0,82.0,0.197,65.7302519834107,105.85425568,37.1,24.9,68.862,2.514,51.1593933105469
IDN,2013,10121.8141535043,111.656675108204,28.6,86.4972383225177,92.0,87.0,,67.7766235595933,102.33824921,38.9,23.9,69.064,2.441,51.8307495117188
IDN,2014,10504.3869411088,109.659608599994,27.3,86.9065589204206,88.0,86.0,,69.8304612551161,102.00482178,38.8,22.9,69.292,2.393,52.5002136230469
IDN,2015,10893.6621142169,107.983525766989,26.1,87.3023728948535,84.0,87.0,0.27,71.8904398574445,96.15701294,38.2,21.9,69.52,2.346,53.1720771789551
IDN,2016,11319.6634287738,105.922391949136,25.0,87.6849895715078,84.0,88.0,,73.9559310852412,106.40021515,36.9,21.0,69.733,2.311,53.812557220459
IDN,2017,11772.5743296107,104.382521256166,23.8,88.0541295680055,85.0,90.0,0.373,76.0256805835892,110.32610321,36.4,20.1,69.953,2.253,54.4541015625
IDN,2018,12262.2310300771,103.299542869882,22.8,88.410420237217,85.0,89.0,0.421,78.0995418857349,110.71585846,36.3,19.3,70.08,2.219,55.0956840515137
IDN,2019,12757.7850854842,101.264685825869,21.8,88.7538936468124,85.0,88.0,0.462,80.1767467592482,118.22380829,35.4,18.5,70.349,2.205,55.7382049560547
IDN,2020,12388.5449268131,100.951933675872,20.8,89.0851606060889,77.0,76.0,0.62,82.2571090356155,131.8225708,35.3,17.7,68.817,2.189,56.2785287648768
IDX,2005,2678.38937870739,90.8573837280273,99.9397845776829,57.6579745804296,72.5698164049134,70.2021246035821,,28.4735024015995,22.3141536719347,,65.4532818208977,59.5374266334029,4.70541824660607,28.1248815877796
IDX,2006,2791.29991947711,92.9991302490234,95.0277688116048,58.3909508156802,74.1561939514114,71.1255163833695,,29.3943419684083,25.8461075977378,,62.6103722231732,60.1817423826443,4.64705628367845,28.5964458513824
IDX,2007,2914.48488026821,94.351692199707,90.7663707698683,59.1297293505287,75.647786033854,73.6058121723899,,30.3327962880347,30.0018087787112,,60.0504967249617,60.7328901331075,4.5844359580444,29.0506215781357
IDX,2008,3025.02503325556,96.7657928466797,87.9667991827962,59.8866667441985,76.6173176559892,73.8871669704004,,31.2564173004108,34.57454233789,,58.2031422674922,60.9000867842919,4.52312054998848,29.5610760390448
IDX,2009,3093.44360386607,97.2744522094727,85.8050310556144,60.6249254783728,78.5028620392012,76.5931852569605,,32.1583659218585,35.9727763868289,,56.822533227104,61.5371473230212,4.4651363128505,30.0171376731367
IDX,2010,3220.42982449368,97.8945236206055,81.5360914415985,61.3739483509604,78.258483852642,77.5475043397257,0.259507480857594,33.075016166106,38.2545491903365,,54.5932711337677,62.0465381671517,4.39914842939186,30.4633398402301
IDX,2011,3321.06989522982,99.1322402954102,81.4248111380107,61.8887670364689,79.275418792296,78.2033390526703,,33.6852979191749,41.2666025809263,,54.6116932983342,62.4359401192322,4.33365727698078,30.9302827805092
IDX,2012,3337.81840982522,99.8444976806641,75.6643702725594,62.6113655680888,78.3341916814415,77.0569612717903,,34.5501531899942,42.3391364725113,,51.1559908147666,62.962468993378,4.28190834169479,31.452020011677
IDX,2013,3411.44081665014,99.0662384033203,72.6386136365906,63.2904401038964,77.5826515241996,76.3346199394885,,35.3262876060466,45.3677963630269,,49.4618870385351,63.3883167400328,4.23795421011443,31.9790558643189
IDX,2014,3514.87967351075,99.2957534790039,72.0297513904006,63.9969032975705,79.3246909903397,76.6167768203067,,36.1455193496397,47.1492488551438,,49.0540461998849,63.6108317883765,4.19346214305566,32.3798094567338
IDX,2015,3613.78023092134,98.4274673461914,70.2706407758469,64.7365904590517,78.9297827541241,76.2231477249674,,37.0079078910989,47.332842565969,,48.0975735670971,63.8848479810589,4.15462173297116,32.7341136354124
IDX,2016,3711.89606197188,98.9838027954102,68.6289269814824,65.4950879646878,79.4788798283211,75.7312240349429,,37.9030229955139,46.8596192372033,,47.1629387274508,64.3130750207169,4.11641146080703,33.1174714726553
IDX,2017,3838.75766461121,99.6305313110352,67.7482970229584,66.3043846130425,79.9436837789682,76.6335422517078,,38.894434938816,46.8245624920488,,46.5280495003313,64.6129528273956,4.0710935432491,33.5219118462806
IDX,2018,3948.52787213757,100.657562255859,64.0090692798865,67.0838583428561,79.5438806836915,76.2943567213153,,39.8211124198139,48.7454738900374,,44.3767994211272,65.1762396022628,4.03144246831176,33.9449607807614
IDX,2019,4056.85050579817,101.585350036621,62.7277314334513,67.8802613008373,79.9909259530269,76.0911310281501,,40.7638821844212,47.9646002895583,,43.5098355236627,65.586275114442,3.98803836267761,34.3572845737014
IDX,2020,3958.34543039405,102.127586364746,60.5473011270219,68.6812270196481,77.3870213746739,74.480165014163,,41.7000372718446,50.0148506151922,,42.4022915426146,65.4148502167518,3.94168646654184,34.7470118346024
IMN,2005,,,,,,,,100.0,,,,77.453,1.863,51.1608382095573
IMN,2006,,,,,,,,100.0,,,,77.971,1.905,51.1148712415781
IMN,2007,,,,,,,,100.0,,,,78.451,1.927,51.2353481079414
IMN,2008,,,,,,,,100.0,,,,78.899,1.941,51.4683663096054
IMN,2009,,,,98.6560556451613,,,,100.0,,,,79.303,1.937,51.7305375428215
IMN,2010,,,,98.6560556451613,,,1.449,100.0,,,,79.613,1.928,51.9396170300917
IMN,2011,,,,98.6560556451613,,,,100.0,,,,79.836,1.903,52.0246324097527
IMN,2012,,,,98.6560556451613,,,,100.0,,,,80.007,1.864,52.0555317322629
IMN,2013,,,,98.6560556451613,,,,100.0,,,,80.12,1.824,52.0804107092926
IMN,2014,,,,98.7924774193548,,,,100.0,,,,80.199,1.79,52.0997913403899
IMN,2015,,,,98.9288991935484,,,,100.0,,,,80.267,1.748,52.1164840474526
IMN,2016,,,,99.0653209677419,,,,100.0,,,,80.391,1.713,52.1331532169475
IMN,2017,,,,99.2017427419355,,,,100.0,,,,80.506,1.674,52.1498415744309
IMN,2018,,,,99.338164516129,,,,100.0,,,,80.614,1.636,52.1651893864538
IMN,2019,,,,99.4745862903226,,,,100.0,,,,80.74,1.606,52.1789898247578
IMN,2020,,,,99.6110080645161,,,,100.0,,,,80.591,1.585,52.1909519786866
IND,2005,3770.39653173829,,74.3,82.8660018054267,65.0,68.0,,28.2988919138167,27.49770737,,56.5,64.939,2.958,29.0945497159107
IND,2006,4011.08647585805,,71.0,83.5615500374212,65.0,69.0,,31.1102746501892,29.37600899,,54.5,65.373,2.867,29.4309857146804
IND,2007,4253.82139046739,113.330406188965,67.8,84.2553439378038,64.0,70.0,,33.9383850862219,35.63138962,,52.5,65.803,2.775,29.7810426848684
IND,2008,4322.48378983546,113.827751159668,64.5,84.9473094624581,70.0,72.0,,36.7829765979312,37.65440369,,50.5,66.247,2.711,30.1438485921815
IND,2009,4595.37990753812,112.490791320801,61.2,85.6371461321776,74.0,78.0,,39.6431708126058,38.05965042,27.8,48.4,66.7,2.674,30.5185314023263
IND,2010,4913.87639723705,112.218696594238,58.1,86.3249166723471,79.0,82.0,,42.5191116694177,44.79586029,,46.3,67.162,2.598,30.9042190810094
IND,2011,5098.67458775444,109.707902683748,55.0,87.0106732998892,82.0,84.0,,45.4108795020998,48.18242264,28.8,44.2,67.623,2.532,31.2746502853309
IND,2012,5303.50197767655,112.384407043457,52.0,87.6951918936397,82.0,83.0,,48.3205923569019,48.45263672,,42.2,68.076,2.47,31.5898935604399
IND,2013,5567.49439418718,106.095840129942,49.1,88.3781430142448,83.0,83.0,,51.2472926178236,55.46933746,,40.1,68.499,2.399,31.9096789235237
IND,2014,5905.10618204633,103.55659949185,46.4,89.0593975763785,85.0,85.0,0.715,54.1905506719672,56.3490181,,38.2,68.932,2.293,32.2288233408821
IND,2015,6301.67346968236,104.221831829753,43.7,89.7387066732488,87.0,87.0,0.723,57.1496392627885,58.12401581,,36.3,69.326,2.289,32.5472990022299
IND,2016,6741.14883185347,103.742722477923,41.3,90.4158282525921,88.0,88.0,0.748,60.1238284933312,59.72652817,,34.6,69.709,2.284,32.8650780972823
IND,2017,7116.03659185396,101.886981326278,39.0,91.0905825625786,89.0,90.0,0.766,63.1125583715917,56.66844559,,32.9,70.068,2.193,33.1821328157539
IND,2018,7492.62576755145,101.097955349788,36.9,91.7626505318817,90.0,93.0,0.84,66.1148742165368,57.46551132,,31.3,70.415,2.184,33.4984353473598
IND,2019,7702.17634811957,99.5039235046054,34.9,92.4317828217009,91.0,95.0,0.889,69.1300220717047,60.6913681,,29.8,70.746,2.12,33.8139578818147
IND,2020,7186.86447099679,101.291254076896,33.0,93.0977309081783,85.0,89.0,0.723,72.0482326780192,63.83099747,,28.3,70.156,2.047,34.1286726088333
IRL,2005,63579.7134384122,103.077850341797,5.2,96.743244411118,90.0,84.0,3.531,89.944799688173,3938.19116211,33.8,4.4,78.9439024390244,1.86,60.4882988006461
IRL,2006,64975.4086496251,102.999237060547,4.8,96.7628104274409,91.0,86.0,3.631,89.9326745170445,4147.1328125,32.7,4.1,79.2414634146342,1.91,60.7703677431593
IRL,2007,66475.8410142999,103.308532714844,4.6,96.7827341812859,92.0,87.0,3.838,89.923319628906,4858.64501953,31.9,3.9,79.6414634146341,2.01,61.0601979374234
IRL,2008,62213.6453256462,102.475601196289,4.4,96.8025424077574,93.0,89.0,3.952,89.9138931088148,5638.77929688,30.9,3.8,80.0951219512195,2.06,61.3581903884996
IRL,2009,58446.726333492,102.795967102051,4.3,96.822240012762,94.0,90.0,4.004,89.9043585226446,5502.88769531,32.7,3.7,80.190243902439,2.06,61.6421022728798
IRL,2010,59107.4220740498,103.235488891602,4.2,96.8418255162662,94.0,90.0,4.128,89.8947557932751,5133.45507813,32.3,3.6,80.7439024390244,2.05,61.8910689348512
IRL,2011,59797.0537343463,103.378677368164,4.1,96.8612904708571,95.0,92.0,4.104,89.8850354586049,5538.00195313,32.9,3.5,80.7463414634146,2.03,62.0872735820277
IRL,2012,59303.0319813561,102.118339538574,4.0,96.8806445019551,95.0,92.0,3.949,89.8752066389218,5187.27197266,33.2,3.4,80.8463414634146,1.98,62.2529318511038
IRL,2013,60285.2376140094,101.958343505859,3.9,96.8998874189889,96.0,93.0,3.927,89.8653106033212,5295.52050781,33.5,3.3,80.9487804878049,1.93,62.4047157756118
IRL,2014,65463.1952541564,101.542236328125,3.8,96.9190141649512,96.0,93.0,3.012,89.8553013523079,5309.90380859,31.9,3.3,81.3487804878049,1.89,62.535401730577
IRL,2015,80815.6415277345,101.184638977051,3.7,96.9380364717099,95.0,93.0,3.119,89.8452309062707,4575.84912109,31.8,3.2,81.4536585365854,1.85,62.6392123492764
IRL,2016,80760.0974145688,101.341491699219,3.6,96.9569278147002,95.0,92.0,3.193,89.8349918949082,4746.93701172,32.8,3.1,81.6536585365854,1.81,62.7229399123734
IRL,2017,87731.7897045734,100.508880615234,3.5,96.9755821286774,95.0,92.0,3.256,89.8240697617023,5023.51123047,31.4,3.0,82.1560975609756,1.76,62.9035196521232
IRL,2018,93115.8393498329,100.399070739746,3.4,96.9939522473037,94.0,92.0,3.276,89.812337262782,5494.98632813,30.6,3.0,82.2048780487805,1.74,63.0844503476779
IRL,2019,96205.7961557005,100.025863647461,3.4,97.0120539231566,94.0,91.0,3.317,89.7998496161213,5454.31152344,30.3,3.0,82.7024390243903,1.69,63.2737009154127
IRL,2020,101793.447525871,99.8793487548828,3.5,97.0298506240387,94.0,92.0,3.458,89.7865313699403,6073.10546875,29.2,3.1,82.4560975609756,1.6,63.4713366724915
IRN,2005,13935.7743087596,105.198722839355,26.5,95.18249701116,95.0,94.0,0.861,81.8685049537412,169.8145752,43.6,23.4,72.446,1.756,67.8708801269531
IRN,2006,14320.6568534545,102.88353729248,24.7,95.3633556923125,98.0,99.0,0.515,82.5614052358839,192.07597351,44.8,22.0,72.895,1.755,68.3101850492144
IRN,2007,15237.4237850549,99.7476577758789,23.1,95.5354863995331,99.0,97.0,,83.2321134946783,237.51042175,,20.6,73.299,1.748,68.806189933608
IRN,2008,15091.2506521463,99.2127914428711,21.7,95.7014734925872,99.0,98.0,,83.8869750183033,288.85775757,,19.3,73.683,1.743,69.3790072996746
IRN,2009,15055.1494647199,99.2889633178711,20.4,95.8635415645059,99.0,99.0,,84.5313775424274,354.25738525,42.1,18.2,74.041,1.74,69.99007683587
IRN,2010,15729.9131707266,98.408576965332,19.3,96.0218281862273,99.0,99.0,,85.16566965163,424.60494995,,17.3,74.39,1.749,70.6092626774386
IRN,2011,15947.766097961,99.0494384765625,18.3,96.1763033647874,99.0,99.0,,85.7898043501208,505.33276367,34.7,16.5,74.721,1.792,71.204050944517
IRN,2012,15159.2948206531,99.128791809082,17.5,96.3261590816988,99.0,98.0,,86.4018915038268,500.21826172,34.4,15.7,75.039,1.851,71.7633634041294
IRN,2013,14734.740588719,111.42115020752,16.8,96.4718242177424,98.0,98.0,,87.0030127281938,412.02786255,34.0,15.1,75.349,1.913,72.3030873515412
IRN,2014,15262.8515760903,103.500160217285,16.1,96.6141058316375,99.0,99.0,1.43,87.5950808163193,395.027771,34.8,14.5,75.635,1.975,72.8324070385223
IRN,2015,14841.9048340737,104.115409851074,15.5,96.7529192600073,98.0,99.0,1.095,88.1779155269033,423.28967285,35.3,14.0,75.907,2.017,73.3561403575949
IRN,2016,15920.3718021202,105.821022033691,14.9,96.8883841344681,99.0,99.0,,88.7518172769829,433.9196167,35.9,13.5,76.155,2.054,73.8796100096595
IRN,2017,16167.9677224227,105.369766235352,14.4,97.0204377787878,99.0,99.0,1.071,89.3166613162414,457.22549438,36.7,13.0,76.396,2.023,74.4011840820312
IRN,2018,15364.8049052614,,13.9,97.1490246044491,99.0,99.0,1.505,89.6988576017474,244.21661377,37.4,12.6,76.621,1.919,74.8034286499023
IRN,2019,14841.0751514998,105.451843261719,13.4,97.2741844991019,99.0,99.0,,90.0210887632991,223.64257813,36.5,12.1,76.855,1.766,75.2038879394531
IRN,2020,15381.5845437266,104.680130004883,13.0,97.3960598410528,99.0,99.0,,90.2667726388145,184.90914917,35.8,11.8,74.141,1.7,75.5986404418945
IRQ,2005,10078.4437646814,,39.7,85.293291593962,65.0,69.0,0.66,74.4450745683206,53.0551796,,35.0,64.899,4.446,68.391425621866
IRQ,2006,10568.9137652953,,38.8,86.1815126073683,59.0,62.0,,76.1219593481463,56.76464462,28.6,34.3,64.029,4.459,68.5590667282222
IRQ,2007,10853.8161022286,104.57022857666,37.7,87.0697453969481,57.0,64.0,0.528,77.8117345436879,100.59433746,,33.5,64.428,4.404,68.716475540845
IRQ,2008,11511.9387643638,,36.7,87.9576753839558,69.0,75.0,,79.5141852850981,139.28845215,,32.7,66.465,4.373,68.8569818968574
IRQ,2009,11470.5178061728,,35.6,88.8450464865989,78.0,81.0,,81.2291181152915,140.1234436,,31.8,67.834,4.378,68.9742328505284
IRQ,2010,11816.8410150233,,34.5,89.747680341053,74.0,75.0,0.636,82.9658498255287,144.54083252,,30.9,68.092,4.457,69.0582953378474
IRQ,2011,12267.5848940645,,33.4,90.6562235048523,81.0,80.0,,84.7190691046442,161.89790344,,30.0,68.435,4.588,69.1252233869916
IRQ,2012,13357.0143882323,,32.4,91.5604108838011,72.0,74.0,,86.4826460447995,174.48312378,29.5,29.2,68.827,4.544,69.2222213745117
IRQ,2013,13712.931714296,,31.3,92.4602847156941,73.0,73.0,,88.2564846708838,186.78742981,,28.3,69.047,4.441,69.444450378418
IRQ,2014,13536.8227681399,,30.3,93.3560179358349,73.0,70.0,0.823,90.0405629244154,178.98071289,,27.5,69.679,4.31,69.6666641235352
IRQ,2015,13516.0271989173,,29.3,94.2475935647608,68.0,71.0,0.718,91.8347515135487,149.07951355,,26.6,69.977,4.08,69.920524597168
IRQ,2016,15016.0920644557,,28.4,95.1361722839903,71.0,79.0,0.707,93.6396641233782,199.88560486,,25.9,68.683,3.843,69.9123778259643
IRQ,2017,14417.6306896454,,27.5,96.0213104286067,81.0,81.0,0.8,95.4549205220896,197.23654175,,25.1,69.788,3.64,69.8944511190753
IRQ,2018,14456.2357053191,,26.5,96.902402599518,86.0,85.0,0.676,96.9997458760796,232.86825562,,24.3,71.116,3.547,69.8765148865842
IRQ,2019,14910.225032382,,25.7,97.7787837240263,84.0,86.0,0.881,97.864851810422,241.73873901,,23.5,71.245,3.48,69.8683395385742
IRQ,2020,12827.6345392293,,24.9,98.3599044196543,74.0,93.0,0.923,98.4932660483814,248.04725647,,22.8,69.651,3.419,69.8683166503906
ISL,2005,58549.1358862183,99.1848678588867,3.1,99.9999985914996,95.0,90.0,3.612,98.7917259201809,5079.68945313,29.0,2.4,81.5024390243902,2.05,92.377441015064
ISL,2006,60434.3837931128,98.8979187011719,2.9,100.0,97.0,95.0,3.603,98.7901467233098,4918.23339844,30.2,2.3,81.1585365853659,2.08,92.1949009038813
ISL,2007,64075.3098188208,98.5585098266602,2.8,100.0,97.0,95.0,3.612,98.7886019021965,5803.81152344,29.5,2.2,81.4536585365854,2.09,92.3614571703229
ISL,2008,63963.7601392225,98.4482421875,2.8,100.0,98.0,96.0,3.641,98.7870790817422,4749.68408203,31.8,2.1,81.609756097561,2.15,93.0646442174216
ISL,2009,58441.2719673968,98.4017105102539,2.7,99.9999992481043,96.0,92.0,3.647,98.7855707233906,3622.97827148,28.7,2.1,81.7512195121951,2.23,93.4441340553707
ISL,2010,57225.1024282006,98.8301391601562,2.7,100.0,96.0,93.0,3.589,98.7847535507852,3614.03833008,26.2,2.0,81.8975609756097,2.2,93.4588348107886
ISL,2011,57837.8604599413,98.7551574707031,2.6,100.0,95.0,94.0,3.504,98.7845859292734,3937.31591797,26.8,2.0,82.3585365853659,2.02,93.41106112427
ISL,2012,58203.6379459536,98.8329925537109,2.6,99.9999957149588,89.0,90.0,3.56,98.7844113664715,3784.38378906,26.8,2.0,82.9170731707317,2.04,93.514892578125
ISL,2013,59729.5439775397,98.7876205444336,2.6,99.9999988928739,91.0,91.0,3.606,98.7839858955201,4095.67626953,25.4,2.0,82.0609756097561,1.93,93.6166725158692
ISL,2014,60199.1994872756,98.7708206176758,2.6,99.9999979873113,90.0,90.0,3.643,98.7835434602545,4522.90576172,27.8,2.0,82.8609756097561,1.93,93.6196716315805
ISL,2015,61820.3618857662,98.6862182617188,2.6,100.0,92.0,93.0,3.773,98.7831179489898,4303.84179688,26.8,2.0,82.4682926829268,1.8,93.727919768566
ISL,2016,64759.2275423229,98.9531784057617,2.6,100.0,91.0,91.0,3.85,98.7826661232675,5053.51757813,27.2,2.0,82.2048780487805,1.74,93.7822647094726
ISL,2017,65462.5033306299,98.8624114990234,2.7,100.0,89.0,92.0,3.872,98.7821726872398,5992.05322266,26.1,2.0,82.6609756097561,1.71,93.7718982310092
ISL,2018,66703.0219398003,98.88671875,2.7,99.9999967826526,91.0,93.0,3.891,98.7816461491977,6280.03857422,26.6,2.1,82.8609756097561,1.71,93.8526667025487
ISL,2019,65994.9860038103,98.8134307861328,2.8,99.9999970387712,93.0,93.0,3.892,98.7811009775607,5912.00976563,26.8,2.1,83.1634146341463,1.74,93.9770847416131
ISL,2020,60617.143268851,98.5561218261719,2.8,99.9999964455788,93.0,93.0,4.318,98.7805419679259,5692.89111328,,2.1,83.0634146341463,1.72,94.1367102874722
ISR,2005,33491.9913996395,97.4764099121094,5.6,99.999996277042,93.0,94.0,3.626,99.999996277042,1509.10583496,42.3,4.5,80.1512195121951,2.84,91.6384296279033
ISR,2006,34744.8675092298,97.3902893066406,5.3,99.9999970677578,95.0,96.0,3.593,99.9999970677578,1555.56396484,41.6,4.3,80.5536585365854,2.88,91.6825760364229
ISR,2007,36288.0655118571,98.17578125,5.1,99.9999967389264,95.0,97.0,3.558,99.9999967389264,1769.92504883,41.1,4.1,80.5048780487805,2.9,91.713639843393
ISR,2008,36795.4799112424,97.2980575561523,4.9,99.9999990692997,94.0,98.0,3.52,99.9999990692997,2126.11132813,41.6,3.9,80.9512195121951,2.96,91.7292868898136
ISR,2009,36364.7843182661,97.4821395874023,4.7,99.9999967272176,96.0,97.0,3.526,99.9999967272176,2034.45812988,42.6,3.8,81.4048780487805,2.96,91.7319738585748
ISR,2010,37686.3420833543,99.982536315918,4.6,100.0,95.0,96.0,3.515,100.0,2237.90795898,42.6,3.7,81.6024390243903,3.03,91.7316426703946
ISR,2011,39036.0247356871,99.3588409423828,4.4,100.0,94.0,97.0,3.52,99.9956552135569,2442.29052734,41.5,3.5,81.6560975609756,2.98,91.7304024673781
ISR,2012,39245.5078117687,100.082717895508,4.3,100.0,94.0,96.0,3.503,99.9884608340089,2405.1809082,41.3,3.4,81.7048780487805,3.05,91.7276502819515
ISR,2013,40095.4756773092,99.2992935180664,4.1,99.9999987902256,96.0,98.0,3.472,99.9813907693021,2673.3371582,39.9,3.3,82.0560975609756,3.03,91.7227831465406
ISR,2014,40795.6290927281,99.1835784912109,4.0,99.9999994311655,95.0,97.0,3.442,99.9744595332157,2804.23144531,39.8,3.2,82.1536585365854,3.08,91.7151980935716
ISR,2015,40889.5989080834,99.77294921875,3.9,100.0,95.0,98.0,3.431,99.9676711051809,2645.78857422,39.7,3.1,82.0512195121951,3.09,91.7042921554705
ISR,2016,41914.5802977706,99.1769638061523,3.8,100.0,94.0,97.0,3.422,99.9610220718726,2783.82495117,39.0,3.1,82.4073170731707,3.11,91.6894623646632
ISR,2017,42895.585129847,99.3655319213867,3.7,99.9999992350347,98.0,98.0,3.43,99.9545287961214,3074.44604492,38.2,3.0,82.5512195121951,3.11,91.6701057535759
ISR,2018,43782.6526491689,98.9501571655273,3.7,100.0,98.0,98.0,3.477,99.9481963561794,3199.41625977,38.6,2.9,82.8024390243903,3.09,91.6456193546346
ISR,2019,44492.1226967084,98.6528015136719,3.6,100.0,98.0,99.0,3.521,99.9420208696373,3335.24511719,38.3,2.9,82.8048780487805,3.01,91.6154002002652
ISR,2020,42926.5415418584,98.5226974487305,3.5,99.9999976530211,98.0,99.0,3.567,99.9360127624406,3616.50219727,37.8,2.8,82.6487804878049,2.9,91.5788453228939
ITA,2005,51585.6445807938,103.975212097168,4.5,99.6856218693615,95.0,87.0,3.687,99.8858236930033,2669.72802734,33.8,3.8,80.7829268292683,1.33,67.5897169318419
ITA,2006,52304.2402949819,103.77815246582,4.3,99.7113343365538,96.0,88.0,3.685,99.8858036076723,2821.77392578,33.7,3.7,81.2829268292683,1.37,67.6812550714834
ITA,2007,52747.1905476807,103.754417419434,4.2,99.7370468037462,97.0,90.0,3.752,99.8857799717069,3077.41381836,32.9,3.6,81.4341463414634,1.39,67.7857771296669
ITA,2008,51806.3906176391,102.942947387695,4.1,99.7627592709386,96.0,90.0,3.74,99.8857542871757,3483.39086914,33.8,3.5,81.4853658536585,1.44,67.9071958431441
ITA,2009,48774.3916833748,101.482978820801,4.1,99.788471738131,96.0,90.0,3.739,99.8857309646722,3314.15844727,33.8,3.4,81.6365853658537,1.44,68.0494239486665
ITA,2010,49301.6959141674,100.804321289062,4.0,99.8141842053233,96.0,91.0,3.763,99.8857106015763,3190.72045898,34.7,3.4,82.0365853658537,1.44,68.2163741829857
ITA,2011,49473.0149235634,100.302833557129,3.9,99.8398966725157,96.0,90.0,3.835,99.8856821171754,3358.95654297,35.1,3.3,82.1878048780488,1.42,68.4015073889511
ITA,2012,47795.9579360541,100.028991699219,3.8,99.8656091397081,97.0,90.0,3.81,99.8856332979671,3071.00048828,35.2,3.2,82.2390243902439,1.42,68.7608794235259
ITA,2013,46833.3615309303,101.111892700195,3.7,99.8913216069004,96.0,90.0,3.873,99.8855778298286,3139.87939453,34.9,3.1,82.690243902439,1.39,69.3073989916076
ITA,2014,46825.6511245062,100.752258300781,3.6,99.9170340740928,95.0,87.0,3.888,99.8855182584591,3190.46777344,34.7,3.1,83.090243902439,1.38,69.5807638614879
ITA,2015,47311.8255262709,100.37190246582,3.5,99.9170340740928,93.0,85.0,3.848,99.8854583535856,2707.43310547,35.4,3.0,82.5439024390244,1.36,69.6100006103516
ITA,2016,47987.8379581014,99.8127670288086,3.4,99.9170340740928,94.0,87.0,3.963,99.885399852308,2735.27783203,35.2,2.9,83.2439024390244,1.36,69.5969232525286
ITA,2017,48849.2183534756,102.803092956543,3.3,99.9170340740928,95.0,92.0,3.999,99.8853414231028,2851.28686523,35.9,2.8,82.9463414634147,1.34,69.5180784259382
ITA,2018,49355.8751913504,102.894989013672,3.2,99.9170340740928,95.0,93.0,3.987,99.8852799137261,3031.46459961,35.2,2.7,83.3463414634146,1.31,69.4800033569336
ITA,2019,49690.6298505274,102.959373474121,3.1,99.9170340740928,96.0,94.0,4.024,99.8852225421869,2908.83154297,34.6,2.6,83.4975609756098,1.27,69.5050010681153
ITA,2020,45505.0688708956,102.636672973633,3.0,99.9170340740928,94.0,92.0,3.97,99.8851578267552,3058.90014648,35.2,2.5,82.1951219512195,1.24,69.5187492370606
JAM,2005,10278.6834382546,93.7356567382812,19.1,93.495904810275,99.0,84.0,,81.5952850004995,243.57797241,,17.3,71.493,2.148,52.7685237926234
JAM,2006,10522.2367459591,,19.1,93.3551724042309,94.0,87.0,,82.123305250613,243.38668823,,17.3,71.395,2.089,52.9707359336549
JAM,2007,10622.4442829007,94.1794891357422,19.1,93.0501887643258,91.0,76.0,,82.6517047080876,292.00213623,,17.4,71.405,2.023,53.1703742191887
JAM,2008,10490.4686134498,98.6940078735352,19.1,92.7426284619668,90.0,88.0,0.405,83.180409388657,334.75042725,,17.4,71.502,1.953,53.3674108497524
JAM,2009,9992.97699539021,100.603439331055,19.1,92.4323342637375,90.0,88.0,,83.7094853462441,282.09719849,,17.4,71.717,1.879,53.5618180258738
JAM,2010,9805.90172806302,97.1699421507251,19.0,92.1193970721849,94.0,89.0,,84.2388789441069,309.86782837,,17.4,71.979,1.799,53.7535679480806
JAM,2011,9932.48380946963,97.673273504187,19.0,91.8039421170674,92.0,88.0,,84.768570999696,341.33453369,,17.3,72.245,1.717,53.956586109128
JAM,2012,9829.03510015044,97.340224725271,18.9,91.4871976831064,96.0,93.0,0.363,85.2981420323076,330.38525391,,17.3,72.405,1.648,54.2478817703732
JAM,2013,9839.96506606095,95.0332335110657,18.9,91.1691636119073,93.0,94.0,0.48,85.8275297136537,322.03283691,,17.3,72.435,1.591,54.548819811983
JAM,2014,9872.15913752129,93.9670022450334,18.8,90.8497325388071,92.0,92.0,0.391,86.3566821660583,312.77233887,,17.2,72.357,1.544,54.8660395670395
JAM,2015,9931.89875715182,92.1031527692369,18.7,90.5287295922396,91.0,91.0,0.428,86.8855879242963,334.89901733,,17.2,72.214,1.508,55.1995248014924
JAM,2016,10179.2536486158,93.1394980981879,18.7,90.2061439128139,99.0,95.0,0.471,87.4141682686662,330.15463257,,17.1,72.052,1.464,55.549259277615
JAM,2017,10391.0378224678,91.3626103171547,18.7,89.8818112105781,93.0,95.0,,87.9424102965954,367.35095215,,17.2,71.879,1.428,55.9152267548307
JAM,2018,10636.0929784551,94.9112697345669,18.7,89.5557220251637,97.0,89.0,0.548,88.4702342742167,381.47775269,35.3,17.2,71.606,1.4,56.297410990325
JAM,2019,10816.3720391154,93.2289962768555,18.8,89.2277179456112,96.0,94.0,,88.997622645007,390.79431152,,17.2,71.532,1.39,56.6957957395074
JAM,2020,9891.96932961548,90.9494400024414,18.7,88.8977273219084,96.0,93.0,,89.5245308476169,364.76513672,,17.2,71.452,1.383,57.1103647563627
JOR,2005,10684.9424228538,96.5220336914062,22.0,98.5494288674571,95.0,95.0,2.141,98.4169700805217,185.0302124,,19.6,72.977,3.653,78.412126230667
JOR,2006,10834.8737267915,95.7085113525391,21.3,98.6120434709162,98.0,99.0,2.136,98.308206099878,188.72041321,33.9,19.0,73.225,3.711,78.755612573541
JOR,2007,11034.2922176813,93.8907775878906,20.7,98.6711635910559,98.0,95.0,2.238,98.2009358550483,208.03627014,,18.5,73.407,3.797,79.3358270749644
JOR,2008,11555.728825835,91.7442932128906,20.1,98.7270120484555,97.0,95.0,2.085,98.09501501556,275.17532349,32.6,18.0,73.563,3.876,80.1290966207551
JOR,2009,11888.6617212582,,19.5,98.7796045730845,98.0,95.0,2.055,97.9902274488182,316.92221069,,17.5,73.707,3.841,81.1117480967305
JOR,2010,11942.572010796,89.6905264770576,18.9,98.8292687560561,98.0,98.0,2.222,97.8864815715208,303.8081665,33.7,17.0,73.797,3.78,82.2601083887084
JOR,2011,11988.4963110815,90.3732005628315,18.4,98.8761377842126,98.0,98.0,,97.7836292183144,321.59057617,,16.6,73.929,3.69,83.5505043825064
JOR,2012,12104.1217423938,90.9311831042006,17.9,98.9204228747465,98.0,98.0,,97.6815546659463,325.97836304,,16.2,74.087,3.568,84.9592629639423
JOR,2013,11804.1225335126,93.7163727553549,17.4,98.9622049918779,98.0,97.0,2.34,97.5800917869947,308.94308472,,15.8,74.282,3.449,86.4627110188335
JOR,2014,11086.6905487513,97.6110112655065,17.0,99.0017546060361,98.0,98.0,2.236,97.4791874276905,302.14120483,,15.4,74.606,3.302,88.0371754329978
JOR,2015,10469.6306302225,,16.5,99.0291191427992,99.0,94.0,2.726,97.3716594756962,301.63067627,,15.0,75.06,3.141,89.8881391939133
JOR,2016,10197.5044990617,98.4272996476146,16.1,99.0560992908943,98.0,96.0,,97.2644408764445,278.13378906,,14.7,75.55,3.072,90.56272794707
JOR,2017,10220.492781193,98.5589481924953,15.7,99.0826264544025,99.0,93.0,2.222,97.1574792984054,289.04656982,,14.3,76.071,2.994,90.8764609714428
JOR,2018,10183.0248366235,98.8939228109343,15.3,99.1124406003234,96.0,92.0,,97.0507514777426,289.47106934,,14.0,76.491,2.923,91.2008859099729
JOR,2019,10168.3588523537,98.8603333083425,14.9,99.1420002561378,89.0,87.0,2.519,96.9442655127058,294.92785645,,13.7,76.865,2.855,91.515966492507
JOR,2020,9872.3094512325,98.960533668868,14.5,99.1712730302314,77.0,76.0,,96.8379669917401,303.4822998,,13.3,75.583,2.791,91.8216722992319
JPN,2005,41740.352036905,,3.7,98.5545378078553,98.0,98.0,,99.9864208357503,2892.60473633,,2.7,81.9551219512195,1.26,85.9573620483714
JPN,2006,42358.9337348253,,3.6,98.5894617056158,98.0,97.0,2.082,99.9841518665394,2763.53344727,,2.7,82.3219512195122,1.32,87.1460898958075
JPN,2007,43041.5697058021,,3.5,98.6243856033764,98.0,96.0,,99.9818828973285,2781.49365234,,2.6,82.5070731707317,1.34,88.2701404492656
JPN,2008,42518.8423408417,,3.4,98.659309501137,98.0,95.0,2.146,99.9796139281177,3223.29101563,34.6,2.5,82.5875609756098,1.37,89.2921563808851
JPN,2009,39999.9464203408,,3.4,98.6942333988975,97.0,94.0,,99.9773449589068,3696.58422852,33.0,2.5,82.9314634146342,1.37,90.1131158718189
JPN,2010,41647.0458542008,,3.3,98.7291572966581,97.0,94.0,2.212,99.9750759896959,4071.80200195,31.5,2.4,82.8426829268293,1.39,90.6228586840649
JPN,2011,41640.6608721251,,3.3,98.7640811944187,97.0,94.0,,99.972807020485,5103.34326172,33.0,2.3,82.5912195121951,1.39,90.8631654434251
JPN,2012,42394.9433175064,,3.1,98.7990050921792,97.0,96.0,2.283,99.9705380512742,5232.36279297,32.5,2.2,83.0960975609756,1.41,91.0265277326652
JPN,2013,43304.1181931426,100.464469909668,3.0,98.8339289899398,96.0,95.0,,99.9682690820633,4356.15527344,31.5,2.2,83.3319512195122,1.43,91.1516595654317
JPN,2014,43754.438013293,100.945281982422,2.9,98.8688528877004,96.0,98.0,2.354,99.9660001128524,4121.21142578,31.3,2.1,83.5878048780488,1.42,91.2548945132333
JPN,2015,44589.3032854003,101.250503540039,2.8,98.9037767854609,96.0,96.0,,99.9637311436416,3754.18115234,30.7,2.0,83.7939024390244,1.45,91.3532644103625
JPN,2016,44926.6202909525,101.551628112793,2.7,98.9387006832215,99.0,96.0,2.423,99.9614621744307,4194.22802734,31.8,2.0,83.9848780487805,1.44,91.4541254852142
JPN,2017,45693.3776080987,101.437026977539,2.6,98.973624580982,99.0,97.0,,99.9591932052198,4135.24316406,31.8,1.9,84.099756097561,1.43,91.5498419685883
JPN,2018,46133.0225978718,101.828887939453,2.5,99.0085484787426,98.0,97.0,2.485,99.9569242360089,4265.77929688,32.9,1.9,84.2109756097561,1.42,91.6377318609728
JPN,2019,46055.3498672487,101.936538696289,2.5,99.0434723765032,98.0,96.0,,99.9546552667981,4431.29980469,33.0,1.8,84.3563414634146,1.36,91.7164207898107
JPN,2020,44212.5503415724,101.801902770996,2.4,99.0783962742638,96.0,98.0,2.592,99.9523862975872,4581.60986328,32.3,1.8,84.56,1.33,91.7809926267889
KAZ,2005,20565.5294470866,100.948692321777,31.0,91.9118915154506,98.0,99.0,3.476,97.0648490891514,139.57885742,39.8,25.9,65.356,2.274,54.6481873472392
KAZ,2006,22574.3429577665,99.8527221679688,28.9,92.2735462006636,99.0,99.0,3.572,97.1271155183214,170.9365387,30.2,24.1,65.722,2.38,54.4137278108953
KAZ,2007,24351.3464102542,99.7916412353516,26.8,92.6340928968716,93.0,99.0,3.53,97.1892688223895,174.33786011,30.1,22.3,66.18,2.49,54.2346203341799
KAZ,2008,24895.6645683245,101.085159301758,24.7,92.9935442795373,99.0,99.0,3.588,97.2513208704644,245.79397583,28.5,20.4,66.759,2.616,54.1287736358813
KAZ,2009,24901.3527260084,99.4884185791016,22.5,93.3518871209981,98.0,99.0,3.65,97.3132617625394,240.99569702,28.2,18.5,67.46,2.58,54.1167144748885
KAZ,2010,26374.8407672795,98.6651271682671,20.4,93.7090293283348,99.0,99.0,3.791,97.3751082146427,240.6149292,28.0,16.7,68.257,2.61,54.2054127497102
KAZ,2011,27946.1603432944,98.200290536057,18.3,94.0651716304314,99.0,99.0,3.815,97.4368392211239,293.73300171,28.0,14.9,69.108,2.605,54.3996086425518
KAZ,2012,28881.2417563728,95.6735941529056,16.3,94.4202016510081,99.0,96.0,3.786,97.4984582188857,365.04208374,28.2,13.3,69.939,2.64,54.69208192838
KAZ,2013,30177.4887221736,94.8001054814475,14.5,94.7741258840317,98.0,99.0,3.832,97.5599727804689,358.91342163,27.1,11.7,70.719,2.67,55.0779764821252
KAZ,2014,30986.4379168995,94.6582153565871,13.0,95.1268706638543,95.0,99.0,3.865,97.6213968243494,369.68508911,27.0,10.5,71.415,2.76,55.5524361787178
KAZ,2015,30893.7594851041,95.0759557064159,11.9,95.4785790078555,98.0,99.0,3.726,97.6826966507758,310.01428223,26.8,9.5,72.024,2.755,56.1106048930882
KAZ,2016,30758.3227260598,95.5584446566675,11.0,95.7465813403663,83.0,99.0,3.707,97.7438938717997,255.84049988,27.2,8.8,72.549,2.795,56.7476265001667
KAZ,2017,31524.4416339794,97.3418813354746,10.5,95.9970182861121,99.0,99.0,3.6,97.8049933636929,272.98272705,27.5,8.4,72.996,2.745,57.4586448748837
KAZ,2018,32330.2274546567,97.418791535514,10.3,96.3060818845049,98.0,99.0,3.531,97.8553422711483,266.92147827,27.8,8.2,73.369,2.845,58.2388038921695
KAZ,2019,33298.2123695035,99.0552309326299,10.2,96.6144824644743,97.0,99.0,3.62,97.9051562762041,263.61331177,28.0,8.1,73.658,2.89,59.0832474269546
KAZ,2020,32011.5491499004,98.9588592775913,10.1,96.9217657494766,88.0,93.0,3.663,97.9463161907176,329.57086182,28.7,8.0,71.195,3.13,59.9871193541692
KEN,2005,3844.73557120578,103.62956237793,71.2,49.6872335728162,76.0,69.0,,27.1932269454509,30.9943428,46.4,49.5,58.51,4.801,27.2686745625048
KEN,2006,3970.73349887685,101.201988220215,66.8,50.5448296064454,80.0,77.0,,27.9138955031129,40.3040123,,47.0,59.059,4.754,28.9830768551925
KEN,2007,4116.45094720856,107.582710266113,62.9,51.3998249048434,81.0,80.0,,28.6350439627237,49.44605255,,45.0,59.407,4.718,30.4153861196239
KEN,2008,4002.88364073792,107.076469421387,58.0,52.2521176288935,88.0,90.0,0.169,29.3565994040011,54.35681915,,42.6,59.955,4.66,31.4230276259143
KEN,2009,4012.19428382397,107.945739746094,55.2,53.100725539255,88.0,88.0,0.171,30.0784132028819,55.455616,,42.1,60.483,4.567,31.8603086707305
KEN,2010,4211.52462957784,,53.1,53.9464421270489,90.0,86.0,0.171,30.8004947681643,58.8164711,,41.5,60.915,4.446,31.8713287706458
KEN,2011,4307.10611556858,,51.7,54.7912792060119,96.0,87.0,0.177,31.5229174481557,57.02286911,,41.0,61.283,4.284,31.8673949025409
KEN,2012,4387.93790075409,111.422226680456,50.7,55.6346101711392,94.0,93.0,0.184,32.2455260120869,64.48231506,,41.1,61.537,4.116,31.8558130142761
KEN,2013,4443.371215682,,49.4,56.4770636530803,87.0,94.0,0.193,32.9682462912978,67.59809875,,40.7,61.729,3.955,31.8324454433988
KEN,2014,4558.55155266374,107.141220092773,48.3,57.3176013376785,92.0,95.0,0.199,33.6908976254492,72.84589386,,40.0,61.99,3.843,31.7931545274563
KEN,2015,4679.62182831938,104.780090332031,46.8,58.1564256572864,89.0,96.0,,34.4133695043635,70.94755554,40.8,38.9,62.279,3.766,31.7338026039958
KEN,2016,4770.31046388086,104.114852905273,45.5,58.9933330324144,88.0,93.0,,35.1355349703251,73.88768005,,38.4,62.526,3.689,31.6502520105647
KEN,2017,4846.86210851932,101.957891317521,44.7,59.82810250315,81.0,84.0,,35.857250498731,66.46552277,,38.2,62.725,3.609,31.5383650847102
KEN,2018,5017.66784674664,99.770420205161,43.7,60.6609028100369,91.0,92.0,0.16,36.5783889502292,75.27681732,,37.5,62.825,3.536,31.3940041639796
KEN,2019,5171.71264279257,77.5132254988803,42.7,61.4907638599362,93.0,92.0,,37.298797647533,85.64528656,,37.0,62.939,3.433,31.1895566421135
KEN,2020,5057.40115537429,91.9542486020668,42.1,62.318211896262,93.0,89.0,0.074,38.018340896347,86.5921936,36.2,36.5,61.596,3.364,31.2063494632616
KGZ,2005,4156.95849230116,95.2993011474609,39.2,83.4769470367777,98.0,99.0,2.02,93.6560226009521,34.93693161,32.6,33.9,67.9560975609756,2.5,35.3030968124082
KGZ,2006,4240.17017797554,96.6627578735352,37.6,84.0832799038686,92.0,97.0,1.958,93.9520874390933,44.5950737,37.4,32.6,67.6951219512195,2.7,35.2997926803498
KGZ,2007,4558.71267894172,95.5742263793945,35.9,84.6887403319872,94.0,99.0,1.886,94.2485169694254,49.61043167,33.9,31.1,67.8951219512195,2.7,35.2954926466692
KGZ,2008,4894.9427801376,96.2590179443359,33.8,85.2935211424602,95.0,99.0,1.892,94.5452869474658,62.77722549,31.5,29.3,68.4512195121951,2.8,35.2897130588983
KGZ,2009,4969.96132720374,97.0543823242188,31.6,85.8977915351228,95.0,99.0,1.88,94.8423723936302,59.93972397,29.9,27.4,69.1024390243903,2.9,35.2815523593591
KGZ,2010,4876.47964886483,98.1180547707839,29.5,86.5050830438754,96.0,99.0,1.871,95.1391384215873,60.67642975,30.1,25.6,69.3,3.1,35.267768240398
KGZ,2011,5092.85165751678,97.7979618076575,27.6,87.1151364127598,96.0,97.0,1.897,95.435495439877,78.73632813,27.8,23.9,69.6024390243903,3.1,35.2466507961984
KGZ,2012,4993.39431683528,98.702532107947,26.0,87.7276670753468,96.0,98.0,1.878,95.7313479681621,98.66984558,27.4,22.6,70.0024390243902,3.2,35.218916221918
KGZ,2013,5418.54061993935,98.5657231831631,24.7,88.3419389786488,97.0,99.0,1.87,96.0266897957502,103.59209442,28.8,21.5,70.2024390243902,3.1,35.1850529225105
KGZ,2014,5513.7544695252,98.8074237078529,23.5,88.9576674918841,96.0,96.0,1.837,96.3214166857355,93.15830994,26.8,20.5,70.4024390243902,3.2,35.1455493029297
KGZ,2015,5600.2143342846,98.0889255070076,22.3,89.5744309454191,97.0,99.0,1.846,96.6154706740523,79.54891205,29.0,19.4,70.6512195121951,3.2,35.1008937681291
KGZ,2016,5715.01041179003,99.7782949950732,21.1,90.1919244806244,96.0,97.0,1.853,96.9087481057027,71.52179718,26.8,18.4,70.9512195121951,3.1,35.0515747230627
KGZ,2017,5861.22200040503,100.800957688671,20.0,90.8095804433615,92.0,95.0,1.835,97.2012105005547,76.60479736,27.3,17.4,71.2,3.0,34.9980805726839
KGZ,2018,5951.82876758606,99.826455114381,19.0,91.4270880471421,94.0,96.0,1.787,97.4927558595168,65.34625244,27.7,16.6,71.4,3.3,34.9408997219466
KGZ,2019,6087.60193826927,98.9384768920384,18.3,92.0438993396,95.0,96.0,1.759,97.7833519513512,61.39657974,29.7,16.0,71.6,3.3,34.8805205758044
KGZ,2020,5537.79547319377,96.2103354796137,17.8,92.5873159897583,87.0,92.0,1.692,98.017628465842,61.25272751,29.0,15.6,71.8,3.1,34.8174315392111
KHM,2005,2781.89028895255,129.551315307617,64.4,59.676559152063,82.0,79.0,,22.4997083184805,32.33660507,,53.8,64.113,3.238,19.0922720052225
KHM,2006,3041.10471220153,128.404861450195,59.3,61.028548229185,80.0,78.0,,25.5284652809793,32.84370041,,49.8,64.886,3.175,19.2299832388976
KHM,2007,3308.15747246544,127.717086791992,54.9,62.3624172696977,82.0,79.0,,28.5752843908418,32.39221573,,46.3,65.549,3.13,19.4035705019128
KHM,2008,3501.9257021932,124.066017150879,50.8,63.6884209485264,91.0,89.0,0.241,31.6569911125652,48.62422562,,43.1,66.147,3.048,19.6574509865325
KHM,2009,3587.60889588362,123.781600952148,47.0,65.049262160306,94.0,92.0,0.235,34.8431292661324,55.25073624,,40.0,66.747,2.971,20.1979728726519
KHM,2010,3711.53750580157,123.357803344727,43.5,66.3891055650022,90.0,90.0,0.227,38.0399288332331,53.58575439,,37.2,67.311,2.859,21.1232251168762
KHM,2011,3921.97911563308,118.762440557356,40.3,67.7079968252659,91.0,88.0,0.224,41.2469119068715,65.3871994,,34.5,67.869,2.782,22.3824788531276
KHM,2012,4159.16354123446,115.41843697639,37.2,69.0059822259685,90.0,84.0,0.163,44.4635910579506,68.90019989,,32.1,68.371,2.751,23.9411047582349
KHM,2013,4419.3988680186,115.808136523857,34.5,70.2828703284751,86.0,79.0,0.14,47.6891050739855,65.39577484,,29.8,68.755,2.742,25.7644735090271
KHM,2014,4702.73061823207,108.942219609284,32.0,71.539204338713,90.0,83.0,0.167,50.9237116921206,63.1011467,,27.8,69.117,2.734,27.8179557823331
KHM,2015,4968.57276699143,103.759672683505,29.6,72.7747960661074,91.0,85.0,0.15,54.1665197831593,70.23264313,,25.8,69.398,2.729,30.0669222549819
KHM,2016,5283.72964943779,101.734266788056,27.5,73.9897142664689,91.0,85.0,0.197,57.417022532982,75.22520447,,24.1,69.635,2.725,32.4767436038024
KHM,2017,5632.03125629342,100.69503505776,25.6,75.1838204777674,90.0,85.0,0.195,60.6744151428492,77.97311401,,22.5,69.842,2.719,35.0127905056235
KHM,2018,6050.59088262205,99.6739108443274,24.1,76.3583989017941,89.0,86.0,0.211,63.9398472470947,91.59080505,,21.2,69.993,2.724,37.6404336372742
KHM,2019,6448.88455952805,100.480819545412,22.8,77.5132246974306,88.0,87.0,0.211,67.2122392007629,112.5851059,,20.1,70.127,2.725,39.5830241256026
KHM,2020,6128.78243783335,107.021018981934,21.8,78.6484857238686,86.0,83.0,,70.4910427870757,106.79976654,,19.2,70.059,2.699,39.832658030922
KIR,2005,2184.06094408808,109.628982543945,60.1,61.3552527879544,79.0,85.0,,34.163338666221,131.88641357,,44.5,65.517,3.76,43.5443274444527
KIR,2006,2264.4516846113,107.576568603516,59.7,62.5045689065929,86.0,61.0,,35.2022104813693,126.86061859,37.0,44.1,65.601,3.815,43.7349826427011
KIR,2007,2286.73943693111,104.204116821289,59.2,63.7644097380592,94.0,93.0,,36.3306938222446,148.0586853,,43.6,65.677,3.865,44.6212141757087
KIR,2008,2172.63601744656,105.912109375,58.7,64.9939842741725,82.0,72.0,0.24,37.1173607941238,190.33927917,,43.2,65.746,3.899,45.9461325515373
KIR,2009,2138.23987425041,102.407890319824,58.2,66.1469251372886,86.0,82.0,,37.8765617583736,167.97206116,,42.7,65.808,3.905,47.3510238975116
KIR,2010,2119.91176706204,,57.7,67.1728362624079,91.0,89.0,0.377,38.6081785659638,133.15927124,,42.3,65.859,3.898,48.4603839564718
KIR,2011,2150.65854434166,,57.5,68.18756629104,99.0,90.0,0.136,39.3118291707544,141.5138092,,42.0,65.896,3.878,49.1228169536795
KIR,2012,2242.30105765006,,57.4,69.1908876881434,94.0,91.0,,39.9871295227772,146.6194458,,41.9,65.908,3.768,49.5800786695548
KIR,2013,2382.67559474112,,57.7,70.1813879382686,95.0,91.0,0.193,40.6328916636928,154.34346008,,42.0,65.898,3.643,49.9687043258795
KIR,2014,2381.65349253168,109.117865085248,58.0,71.1597633531566,75.0,88.0,,41.2494292871662,155.38656616,,42.2,65.869,3.521,50.3909308922385
KIR,2015,2616.17635911711,105.430103966625,58.6,72.1255004626904,78.0,84.0,,41.8362047246118,118.3345871,,42.6,65.831,3.438,50.9541970402064
KIR,2016,2762.28741039854,108.727858293076,59.1,73.0741373998847,81.0,80.0,,42.3903837205277,157.72897339,,42.9,65.799,3.375,51.7710553002321
KIR,2017,2822.02092296284,103.304250974568,59.6,74.0045165430556,90.0,81.0,,42.9115121446096,179.57881165,,43.2,65.787,3.339,52.9734697275451
KIR,2018,2875.41766341166,,59.6,74.9172098884573,95.0,84.0,,43.4001999878848,208.73831177,,43.2,65.807,3.318,54.5004023142497
KIR,2019,2926.59366475855,,59.1,75.8122291109265,97.0,94.0,,43.8567170359075,177.93025208,27.8,42.9,65.866,3.29,56.2846727145489
KIR,2020,2839.17274622563,105.717202654416,58.3,76.6890512985404,92.0,82.0,,44.2810965836604,239.24353027,,42.3,65.205,3.254,58.4123714112748
KNA,2005,22612.7126559455,109.709739685059,19.7,98.5121864058409,99.0,99.0,,89.7211445864751,556.97229004,,16.8,71.151,1.931,31.9804975781124
KNA,2006,23258.9842253211,,19.2,98.5246448716616,99.0,99.0,,90.3752008277517,689.44549561,,16.4,71.356,1.902,31.8364279281447
KNA,2007,23330.0442404195,108.432891845703,18.9,98.5371033374823,99.0,99.0,,91.0292570690285,707.96960449,,16.2,71.437,1.871,31.6967077874804
KNA,2008,25898.7823620981,116.000717163086,18.8,98.549561803303,99.0,99.0,,91.6833133103052,881.09844971,,16.0,71.479,1.833,31.5615339709202
KNA,2009,24973.8045286303,116.262847900391,18.7,98.5620202691237,98.0,99.0,,92.337369551582,872.67474365,,16.0,71.488,1.8,31.4311032932653
KNA,2010,24997.5672513428,118.555717468262,18.8,98.5744787349444,96.0,99.0,,92.9914257928585,867.4453125,,16.1,71.452,1.762,31.3056125693165
KNA,2011,25380.0087348215,117.532852172852,18.9,98.5869372007651,98.0,99.0,,93.6454820341353,922.20574951,,16.3,71.4,1.74,31.2000648379646
KNA,2012,25114.0572603244,116.379661560059,19.1,98.5993956665858,98.0,95.0,,94.2995382754121,880.91064453,,16.5,71.362,1.713,31.2035138804223
KNA,2013,26532.1016561725,114.317863464355,19.3,98.6118541324065,97.0,99.0,,94.9535945166888,938.89459229,,16.7,71.29,1.682,31.2131485582887
KNA,2014,28530.3072249013,114.983367919922,19.4,98.6118541324065,98.0,93.0,,94.9535945166888,962.25469971,,16.8,71.228,1.665,31.2290015317909
KNA,2015,28729.566447667,117.220672607422,19.4,98.6118541324065,94.0,95.0,2.909,94.9535945166888,1042.15063477,,16.9,71.211,1.643,31.2513929695583
KNA,2016,29867.0265589791,125.304527282715,19.3,98.6118541324065,98.0,98.0,,94.9535945166888,1161.87097168,,16.7,71.227,1.633,31.2806171906169
KNA,2017,29948.9200065682,124.003707136237,19.0,98.6118541324065,98.0,93.0,,94.9535945166888,1186.42663574,,16.5,71.284,1.61,31.3169642505921
KNA,2018,30576.2486749244,130.084546735557,18.6,,98.0,96.0,3.085,,1121.13977051,,16.2,71.336,1.587,31.3607229995076
KNA,2019,31512.1943105684,129.53181272509,18.2,,97.0,97.0,,,1224.18933105,,15.9,71.54,1.568,31.4121818392285
KNA,2020,26736.9283563771,129.318854886476,17.8,,99.0,95.0,,,1067.84997559,,15.5,71.181,1.55,31.4716289738952
KOR,2005,32886.0472450743,100.344917297363,5.6,98.7656134279428,96.0,99.0,1.637,100.0,944.55078125,,4.3,78.1682926829268,1.085,81.3901352283669
KOR,2006,34429.6222013137,100.363288879395,5.2,98.7656134279428,98.0,99.0,1.701,100.0,1130.53796387,31.7,4.1,78.6682926829268,1.132,81.566462110512
KOR,2007,36257.3401689702,100.793983459473,4.8,98.8370462636784,91.0,92.0,1.753,100.0,1256.36437988,,3.8,79.119512195122,1.259,81.712125801927
KOR,2008,37064.1518484106,101.344970703125,4.5,98.9084790994141,94.0,92.0,1.872,99.9913543263754,1186.375,32.3,3.6,79.5170731707317,1.192,81.8350833138518
KOR,2009,37176.1939270969,101.050827026367,4.3,98.9799119351498,94.0,93.0,1.95,99.9749792813269,1150.97253418,,3.4,79.9682926829268,1.149,81.9245045084002
KOR,2010,39574.0500732947,100.80436706543,4.1,99.0513447708854,94.0,98.0,2.016,99.9586042362784,1417.10913086,32.0,3.3,80.1170731707317,1.226,81.9685075986486
KOR,2011,40719.2273771671,100.998878479004,4.0,99.1227776066211,99.0,99.0,2.063,99.9422291912298,1570.54943848,,3.2,80.5682926829269,1.244,81.9615408086376
KOR,2012,41537.6728611117,101.147590637207,3.8,99.1942104423568,99.0,99.0,2.099,99.9258541461813,1603.93432617,31.6,3.1,80.819512195122,1.297,81.9087898200378
KOR,2013,42709.9751857887,100.268768310547,3.7,99.2656432780924,99.0,99.0,2.175,99.9094791011328,1738.80847168,,3.0,81.2707317073171,1.187,81.8269383502703
KOR,2014,43806.9250985661,99.4568099975586,3.6,99.3370761138281,99.0,99.0,2.21,99.8931040560842,1922.98803711,31.2,2.9,81.7219512195122,1.205,81.7315682816954
KOR,2015,44849.106767089,100.062088012695,3.5,99.4085089495638,98.0,98.0,2.242,99.8767290110357,1950.89575195,,2.9,82.0243902439024,1.239,81.639489860678
KOR,2016,46088.2430785383,99.7160110473633,3.4,99.4799417852994,98.0,98.0,2.29,99.8603539659872,2042.72949219,35.2,2.8,82.2756097560976,1.172,81.5559241797057
KOR,2017,47536.7898568851,98.6247100830078,3.3,99.5513746210351,97.0,97.0,2.343,99.8439789209386,2258.15307617,34.9,2.7,82.6268292682927,1.052,81.471030429984
KOR,2018,48834.4471157733,98.6656723022461,3.2,99.6228074567707,98.0,98.0,2.386,99.8276038758901,2523.04003906,33.7,2.6,82.6268292682927,0.977,81.3823523035196
KOR,2019,49790.8679884821,99.6388168334961,3.1,99.6942402925064,98.0,98.0,2.458,99.8112288308416,2602.4831543,33.2,2.6,83.2268292682927,0.918,81.2901063535619
KOR,2020,49374.0926148025,99.217903137207,3.1,99.7656731282421,98.0,98.0,2.507,99.7948537857931,2699.6640625,32.7,2.5,83.4268292682927,0.837,81.1759595622913
KWT,2005,78193.9012127585,109.952461242676,11.8,100.0,99.0,99.0,1.8,100.0,727.25366211,,9.9,76.8007804878049,2.731,100.0
KWT,2006,79521.3484338455,107.883522033691,11.6,100.0,99.0,99.0,1.46,100.0,782.20379639,,9.8,76.8876829268293,2.589,100.0
KWT,2007,79474.7611346377,109.510246276855,11.4,100.0,99.0,99.0,1.879,100.0,880.71105957,,9.6,77.0101707317073,2.412,100.0
KWT,2008,77036.5083833055,105.871963500977,11.2,100.0,99.0,99.0,1.884,100.0,1069.46472168,,9.5,77.1890487804878,2.266,100.0
KWT,2009,67896.2680451995,104.793342590332,11.0,100.0,99.0,99.0,1.91,100.0,1025.90490723,,9.3,77.4333658536585,2.155,100.0
KWT,2010,62956.2152904125,103.456070631628,10.7,100.0,98.0,98.0,2.47,100.0,1050.41589355,,9.1,77.7262195121951,2.044,100.0
KWT,2011,64844.5019019408,104.034639765968,10.3,100.0,99.0,99.0,2.484,100.0,1147.15539551,,8.8,78.052243902439,1.956,100.0
KWT,2012,64908.262639237,101.201070548063,10.0,100.0,98.0,99.0,2.475,100.0,1216.8684082,,8.5,78.3950243902439,1.99,100.0
KWT,2013,62458.8089221249,100.76174143249,9.6,100.0,99.0,99.0,2.547,100.0,1235.29321289,,8.2,78.7418048780488,1.968,100.0
KWT,2014,60065.6544076232,100.81140841023,9.3,100.0,95.0,94.0,2.67,100.0,1293.8326416,,8.0,79.0803414634146,2.06,100.0
KWT,2015,57763.5174574395,101.798934825921,9.1,100.0,99.0,93.0,2.647,100.0,1259.55786133,,7.8,79.3765609756098,2.03,100.0
KWT,2016,56936.620842726,95.082504528762,9.0,100.0,99.0,99.0,2.106,100.0,1292.71984863,,7.7,79.6775853658537,2.061,100.0
KWT,2017,52285.5871175696,91.091846001843,8.9,100.0,99.0,99.0,2.106,100.0,1351.72387695,,7.7,79.9160731707317,2.16,100.0
KWT,2018,51623.8078622052,88.3663601926408,8.9,100.0,91.0,98.0,2.03,100.0,1658.60375977,,7.6,80.1063658536585,2.118,100.0
KWT,2019,51380.6455354631,83.058405539644,8.9,100.0,92.0,97.0,2.087,100.0,1643.16491699,,7.6,81.969756097561,2.082,100.0
KWT,2020,49372.8187938552,81.3867938642424,8.8,100.0,93.0,95.0,2.273,100.0,1542.72143555,,7.6,78.7609756097561,2.033,100.0
LAC,2005,15100.9407755949,114.596656799316,26.1516836669544,92.6571512112787,93.6334841453586,92.5703517071822,,77.9155601950215,333.449206730627,,21.9020775914437,72.2728732661841,2.36470067463186,77.0716845184147
LAC,2006,15689.2144065463,110.031173706055,25.0465562706623,92.9837042913616,93.4820965038477,94.3694664372108,,78.6309849918513,389.006188275715,,21.0230855190019,72.547009904381,2.31899201605485,77.3134268945943
LAC,2007,16321.8321811757,113.952621459961,24.048301894126,93.2825151329113,92.8610487803254,94.0053711987633,,79.3494385992519,464.927590532076,,20.2439684329745,72.7789303182258,2.27785708105853,77.5435954919696
LAC,2008,16733.096469667,113.529777526855,23.0910646876721,93.5722512538867,92.0785655198694,94.8048483788179,,80.0623238819948,534.147320268985,,19.4951709450524,72.9784448770196,2.24946371734628,77.7652858794026
LAC,2009,16146.6158745104,113.556701660156,22.2837116620653,93.8506312409753,93.8341102079441,94.6158661341187,,80.7697984075643,528.666795970581,,18.8263021546677,73.1637293630776,2.22296529185597,77.9792598810571
LAC,2010,17037.1271662537,112.475479125977,23.0719253457918,94.1282971048401,93.334966442293,93.3999441127068,2.00652544349378,81.4772796064857,627.712492654115,,18.8646019684477,73.1176199242098,2.19510385557288,78.1876870618433
LAC,2011,17612.8529378709,111.543670654297,20.8103918479881,94.4117963298613,92.9430464288596,94.5821609824658,,82.1805975601577,714.959753619363,,17.6607924323398,73.6572563740251,2.17532834898955,78.3888872646348
LAC,2012,17843.9103583108,110.255172729492,20.167814815645,94.6872485816634,93.4451823501018,95.2788454450355,,82.8735831311533,709.664865838534,,17.1784763872045,73.9046419624981,2.14407325644016,78.5940283945465
LAC,2013,18162.1070321562,111.212310791016,19.5785825323383,94.9481501344335,89.9467278250689,91.7489678744321,,83.5564847305484,740.074327074727,,16.7152228922261,74.1119744203538,2.12254304382893,78.8064966818605
LAC,2014,18231.5556349808,110.325531005859,19.0550458732845,95.2046566458092,88.5257300548866,92.8009107109015,,84.2345732760827,745.450301691212,,16.268012728962,74.2961500729974,2.10453419130194,79.0227573337338
LAC,2015,18116.8775494236,109.20433807373,18.6401025520998,95.4563171755464,89.7730990041456,93.1712393330286,,84.906897550604,658.199565034184,,15.9079963374821,74.4738475625624,2.073206872506,79.2439673946642
LAC,2016,17879.6160960042,108.656143188477,18.8642166926167,95.6971542559618,89.308587040828,92.6479748145657,,85.5712374639282,627.547817762521,,16.2133699653884,74.3981617062286,2.0203959369113,79.4649263007294
LAC,2017,18078.2959124229,108.182693481445,18.0910253911405,95.701246490369,84.4832143675031,85.7459844788531,,85.4904999903144,708.202232748272,,15.5519689342753,74.5563362550727,1.99982866453159,79.6816524224664
LAC,2018,18213.6232664927,107.588111877441,17.6665057888331,96.0101298755523,85.5701613981568,91.0292589569396,,86.1534001653243,641.218783295966,,15.1883834970214,74.7784467692697,1.98242036995389,79.8777853019987
LAC,2019,18195.6679220187,107.327186584473,17.2871498011787,96.2644505830581,79.1926417152173,85.8064021931015,,86.8111889743617,625.54860894948,,14.8804737211576,74.9415412899456,1.94013713547924,80.0895983954183
LAC,2020,16883.6083104718,106.388076782227,16.9935152165814,96.5539691378676,75.5335317393252,83.1037629536281,,87.4546914660912,553.91125089194,,14.6482013975487,72.8521491389008,1.88328723572849,80.3040110850269
LAO,2005,3630.55878769378,110.026527404785,77.7,59.0427496607497,49.0,41.0,0.267,43.0065419549901,17.33082581,,66.2,60.688,3.685,27.3224977292697
LAO,2006,3881.53736632657,110.817306518555,73.5,60.9334481098934,57.0,48.0,,45.6181272062028,19.22654533,,63.0,61.074,3.559,28.0378756242097
LAO,2007,4112.25301659759,112.471809387207,69.5,62.8062763559799,50.0,40.0,,48.2158994762992,24.56666374,35.4,59.9,61.694,3.438,28.7343050001346
LAO,2008,4367.162880257,114.984016418457,65.5,64.6620895988517,61.0,52.0,,50.8009551119223,26.74945259,,56.8,62.248,3.331,29.4034348148069
LAO,2009,4625.07173324518,117.407089233398,61.8,66.4995750629687,67.0,59.0,0.197,53.3715578045122,35.71521378,,53.9,63.023,3.229,30.0420311503825
LAO,2010,4946.10563678173,119.705680847168,58.4,68.3192708714706,74.0,64.0,0.332,55.92839334626,34.52460861,,51.2,63.69,3.137,30.6468600890172
LAO,2011,5266.87866924206,119.074599302583,55.1,70.1211055659738,76.0,67.0,,58.4713447138194,27.11878395,,48.6,64.505,3.049,31.2146877128668
LAO,2012,5608.96956337059,118.414315740965,52.1,71.9052632997901,77.0,69.0,0.321,61.0006356441256,32.46548843,36.0,46.2,65.126,2.953,31.7422801040872
LAO,2013,5974.47368943414,118.408152699995,49.4,73.6706450859176,83.0,78.0,0.326,63.5147843127718,43.49770355,,44.0,65.723,2.872,32.2264033448341
LAO,2014,6341.2122967032,117.425464096562,46.8,75.4180039823174,83.0,81.0,0.377,66.0147584184353,45.53330612,,41.9,66.35,2.802,32.6638235172635
LAO,2015,6703.74124348885,114.302879123065,44.4,77.1470405122433,82.0,78.0,0.4,68.5001364815887,52.04236603,,39.9,66.688,2.796,33.1240204432199
LAO,2016,7063.25545347926,110.502812681423,42.2,78.8579483150043,82.0,76.0,0.371,70.9711485336486,54.3762207,,38.1,67.014,2.744,33.8267455533474
LAO,2017,7432.4596330485,107.444972491228,40.2,80.5500537342279,78.0,78.0,0.44,73.4268509487817,61.42248535,,36.4,67.345,2.691,34.5115346444216
LAO,2018,7775.08574451883,104.275413158198,38.3,82.2233994378671,75.0,75.0,0.361,75.8672585757636,57.1708374,38.8,34.8,67.594,2.633,35.2050070032013
LAO,2019,8075.27502377003,101.978544594664,36.5,83.8782119453961,66.0,70.0,0.363,78.292642485837,67.57865143,,33.3,67.911,2.589,35.9072880879451
LAO,2020,7995.59502527818,100.27766790602,34.8,85.8856322944911,61.0,63.0,0.356,80.7027420895793,51.96581268,,31.9,68.339,2.535,36.6185033569111
LBN,2005,13024.6648924956,89.1887664794922,15.3,86.6074724945326,77.0,67.0,,80.8512644585314,347.40252686,,13.5,76.074,2.291,86.7665156672703
LBN,2006,13003.680803908,88.5270919799805,14.6,87.0655312148148,78.0,75.0,2.475,82.1604427714428,401.43670654,,12.9,75.677,2.244,86.9323508787087
LBN,2007,13941.5614244767,88.3269729614258,14.1,87.5235899350969,80.0,82.0,2.309,83.4696210843542,438.71112061,,12.3,76.732,2.201,87.1024862269079
LBN,2008,14955.1413563252,86.235969543457,13.6,87.9816486553791,81.0,89.0,,84.7787993972656,462.17767334,,11.9,76.956,2.172,87.2769743307677
LBN,2009,16264.3506182706,85.3689270019531,13.2,88.4397073756613,81.0,88.0,,86.087977710177,496.88284302,,11.6,77.262,2.191,87.4558678091878
LBN,2010,17390.7584012958,84.7973450726083,13.0,88.8977660959435,82.0,86.0,2.298,87.3971560230884,567.25506592,,11.4,77.529,2.256,87.6392192810679
LBN,2011,17353.1960845294,84.8372167281463,12.8,89.3558248162257,82.0,85.0,2.675,88.7063343359999,640.69805908,31.8,11.2,77.768,2.32,87.8270813653079
LBN,2012,17323.3013764282,85.2793225598415,12.7,89.8138835365079,83.0,83.0,,90.0155126489113,588.83917236,,11.1,77.941,2.345,88.0195066808075
LBN,2013,16396.4969302163,86.8028638212504,12.7,90.27194225679,83.0,82.0,2.315,91.3246909618227,576.87176514,,11.1,78.037,2.361,88.2165478464663
LBN,2014,15205.873265402,78.51893817562,12.8,90.7300009770723,83.0,82.0,2.045,92.6338692747341,569.97937012,,11.2,78.148,2.375,88.4182574811842
LBN,2015,14980.020515614,77.1609396441008,12.9,91.1880596973545,83.0,82.0,2.123,93.9430475876455,572.07220459,,11.3,78.275,2.382,88.6246882038608
LBN,2016,15572.3611739774,76.5474649245479,13.2,91.6461184176367,83.0,82.0,2.136,95.2522259005569,640.96563721,,11.5,78.306,2.39,88.835892633396
LBN,2017,16128.5838196051,78.1223765134602,13.5,92.1041771379189,83.0,82.0,2.242,96.5614042134683,671.77996826,,11.8,78.192,2.372,89.0519233886895
LBN,2018,16290.0516478592,77.5757280340719,14.0,92.4654818371011,83.0,82.0,2.412,97.8705825263797,740.38696289,,12.2,78.263,2.347,89.272833088641
LBN,2019,15659.5661040012,77.0927924297378,14.5,92.6,83.0,82.0,2.611,99.0673793809694,798.13421631,,12.6,78.208,2.327,89.4986743521503
LBN,2020,12507.4366368078,76.1016961624784,15.1,92.6,71.0,74.0,2.68,99.2,303.48632813,,13.1,76.299,2.308,89.729499798117
LBR,2005,1335.61728880785,,134.9,65.4465992759902,60.0,62.0,,13.6730363587121,19.14579582,,89.0,56.765,5.519,45.8510093035277
LBR,2006,1364.60347323709,89.2062301635742,126.5,66.2032069100531,60.0,63.0,,14.1158011729766,18.34446335,,83.8,57.495,5.53,46.2322959899902
LBR,2007,1422.10019670004,,119.6,66.9527157246347,65.0,71.0,,14.564331528772,15.8568964,36.4,79.8,58.147,5.462,46.6104850769043
LBR,2008,1463.12408187297,88.4250335693359,114.0,67.6948813001936,75.0,76.0,0.013,15.018343502263,26.30083656,,76.5,58.675,5.328,47.1080497871025
LBR,2009,1492.99817384053,95.9832763671875,109.5,68.4324549886399,81.0,83.0,0.023,15.4802745365152,40.21982574,,73.8,59.106,5.174,47.6245255922562
LBR,2010,1538.85083488512,,105.7,69.1652648922475,70.0,65.0,0.022,15.9501173630923,40.8739624,,71.7,59.358,5.058,48.1407517057907
LBR,2011,1601.03374045996,100.745734764563,102.4,69.8933749749855,77.0,71.0,,16.4280907750626,47.58517075,,69.9,59.486,4.97,48.6583302770849
LBR,2012,1668.97289588776,,99.5,70.6161490742492,80.0,80.0,,16.9137232016405,46.67208862,,68.3,59.785,4.881,49.1773247639526
LBR,2013,1774.5205777394,52.1977055032725,97.0,71.3338862504404,80.0,74.0,,17.4074580077978,48.72935104,,67.0,59.992,4.749,49.6977986242077
LBR,2014,1750.1438489328,92.5530201850852,97.0,72.0459731773456,63.0,58.0,,17.9088071106971,54.82420349,33.2,68.0,59.21,4.622,50.2198153156642
LBR,2015,1714.09047960464,89.990046454263,93.2,72.7524847164664,65.0,64.0,0.036,18.4179781203981,68.89793396,,65.1,59.248,4.523,50.7434382961363
LBR,2016,1653.31050211233,83.8891158492465,91.5,73.4532574499597,73.0,70.0,0.049,18.9349390175014,67.68016052,35.3,64.2,60.483,4.461,51.2687310234384
LBR,2017,1661.30290782171,79.5952338903314,90.3,74.1477432355412,80.0,75.0,0.051,19.4591800299081,67.8789978,,63.7,60.777,4.396,51.7957569553849
LBR,2018,1647.97443793846,,89.4,74.8362128370245,81.0,74.0,0.14,19.9911366216728,68.88298798,,63.4,60.999,4.336,52.3245795497906
LBR,2019,1575.76665001238,,88.7,75.5183258975949,71.0,68.0,0.145,20.5305258325317,51.1932373,,63.3,61.232,4.257,52.85526226447
LBR,2020,1497.37692436272,72.4228278801865,88.3,76.193954779971,66.0,61.0,0.151,21.0772995001903,76.11009979,,63.4,61.267,4.174,53.3878685572381
LBY,2005,20649.4624580172,102.512176513672,23.1,,98.0,97.0,,90.5300908537705,209.878479,,17.9,71.439,2.765,88.135773324416
LBY,2006,21545.2986384419,106.998237609863,21.7,,98.0,98.0,,90.4231990216393,231.11968994,,16.8,71.632,2.699,88.1599560242948
LBY,2007,22422.0117594762,,20.2,,98.0,98.0,,90.3163071895082,269.63085938,,15.7,71.788,2.648,88.1560287475586
LBY,2008,21915.1976208274,,18.8,93.0792486754992,98.0,98.0,1.79,90.209415357377,312.11196899,,14.6,71.936,2.599,88.1474456787109
LBY,2009,20518.9642412838,,17.6,93.0792486754992,98.0,98.0,1.886,90.1025235252459,342.20449829,,13.7,72.071,2.556,88.1345825195312
LBY,2010,21115.5259846154,,16.6,93.0792486754992,98.0,98.0,,89.9956316931147,380.58596802,,13.0,72.196,2.603,88.1177139282227
LBY,2011,10741.9206751908,,19.6,93.0792486754992,98.0,98.0,,89.8887398609836,305.20037842,,13.9,69.95,2.646,88.0970458984375
LBY,2012,20601.0026641,,15.0,93.0792486754992,98.0,98.0,,89.7818480288524,592.46356201,,11.9,72.188,2.68,88.0727920532227
LBY,2013,16557.500941665,,14.4,93.3521899597212,96.0,96.0,,89.6749561967213,594.65338135,,11.4,72.339,2.716,88.0451431274414
LBY,2014,12499.0829968523,,13.8,93.625131243943,94.0,93.0,2.037,89.5680643645901,462.19216919,,10.9,71.3,2.754,88.0142059326172
LBY,2015,12195.3486990421,,13.3,93.8980725281649,97.0,98.0,1.861,89.461172532459,433.06808472,,10.6,71.644,2.711,87.8159103393555
LBY,2016,11831.8257669559,,12.8,94.1710138123867,97.0,97.0,,89.3542807003278,464.47531128,,10.2,71.799,2.673,87.8160056703177
LBY,2017,15428.1164411854,,12.4,94.4439550966087,97.0,95.0,2.042,89.2473888681967,466.08538818,,9.8,72.721,2.626,87.8166729870528
LBY,2018,16385.164476127,,11.9,94.7168963808305,73.0,73.0,,89.1404970360656,544.88079834,,9.5,73.151,2.581,87.818484275334
LBY,2019,14337.1962987582,,11.6,94.9898376650524,73.0,73.0,,89.0336052039344,552.73168945,,9.2,72.941,2.539,87.8220115209342
LBY,2020,9978.66400110743,,11.2,95.2627789492743,73.0,73.0,,88.9267133718033,472.62240601,,9.0,72.388,2.507,87.8278267096263
LCA,2005,19303.9921315127,100.855690002441,18.5,91.5053069842669,95.0,94.0,0.508,84.6384275834936,333.37374878,,16.2,72.544,1.807,23.5419158996884
LCA,2006,20353.6533720188,104.720840454102,18.6,91.8416872501898,85.0,94.0,,84.4463989755519,389.94595337,,16.3,72.794,1.765,22.2016686292365
LCA,2007,20559.8974830119,98.5636901855469,18.6,92.1859193338883,99.0,94.0,,84.2555483784104,439.59280396,,16.4,72.86,1.7,20.9268897953144
LCA,2008,21443.2592977841,97.6221618652344,18.7,92.5376090518589,96.0,99.0,,84.0663414681814,430.23074341,,16.6,72.963,1.7,19.8192937163625
LCA,2009,20706.505527623,98.1285171508789,18.8,92.8966104390121,95.0,99.0,,83.8789714448605,432.087677,,16.7,72.946,1.735,18.9805947108213
LCA,2010,20648.7861045765,98.3890533447266,18.8,93.2662294112119,97.0,95.0,1.679,83.6875055171491,438.23928833,,16.7,72.768,1.673,18.5125070971313
LCA,2011,21430.0225948015,97.876091003418,18.8,93.6615915186217,99.0,91.0,1.845,83.4554358381498,462.20251465,,16.8,72.962,1.5,18.4743479557314
LCA,2012,21309.2251296295,96.9173278808594,18.8,94.0569581898498,98.0,99.0,2.19,83.2177970691817,456.06369019,,16.9,72.86,1.5,18.6193081275177
LCA,2013,20827.2886025849,97.3613510131836,18.8,94.4525423890569,99.0,99.0,2.497,82.9738127576029,485.6628418,,16.9,72.687,1.5,18.9258370999948
LCA,2014,21010.6981919895,96.8783264160156,18.8,94.8482428574282,99.0,99.0,1.901,82.7233630078731,470.48123169,,16.9,72.676,1.485,19.3915445904726
LCA,2015,20939.8810312364,95.2710037231445,18.7,95.2439847521417,99.0,97.0,,82.9135424876692,473.24108887,43.7,16.9,72.932,1.473,20.0204288176073
LCA,2016,21566.3058799575,94.9370727539062,18.6,95.6396226854017,95.0,99.0,5.672,83.1035196660243,479.8744812,,16.8,72.552,1.461,20.8164880000551
LCA,2017,22207.2131041263,95.5083618164062,18.5,96.0350677750338,80.0,87.0,6.245,83.2569990879187,504.96411133,,16.8,72.522,1.448,21.783720356472
LCA,2018,22761.1613461447,96.8281097412109,18.4,96.4302304236654,95.0,86.0,6.367,83.3759977820708,497.48629761,,16.7,72.655,1.436,22.9261241055144
LCA,2019,22445.2080507874,97.7209014892578,18.2,96.8249802505704,92.0,96.0,6.168,83.3723158043306,506.03204346,,16.6,72.249,1.424,24.2476974658382
LCA,2020,17247.9578674753,98.4292526245117,18.1,97.2192348527324,86.0,89.0,4.234,83.3681101145383,589.63696289,,16.5,72.308,1.411,25.7524386560998
LCN,2005,15565.1750239356,113.428680419922,25.6,92.8936196166007,93.5603697220571,92.5420312270811,,78.803190021519,340.033715210499,,21.5,72.5638143751286,2.34035064164282,77.266868551194
LCN,2006,16172.0518023451,109.354698181152,24.6,93.2084384704076,93.4284752231026,94.2510804100201,,79.4918355907081,395.877355864769,,20.6,72.8332266680253,2.29532888990533,77.5042941356727
LCN,2007,16820.2801252913,113.001747131348,23.6,93.4971223059941,92.8501747638492,93.9441289441259,,80.183516819682,471.865542425534,,19.8,73.0593298775944,2.25735285699401,77.7312607437126
LCN,2008,17242.6454978629,112.473052978516,22.7,93.7772473291981,92.0925513779,94.7925089847471,,80.870473024691,542.190518399797,,19.1,73.2561404095911,2.23167123797086,77.950737593591
LCN,2009,16665.1020164418,112.463836669922,21.8,94.0466298640182,93.7285386504492,94.4971309447541,,81.5533824550417,537.954762172632,,18.5,73.4422623291815,2.2066595265301,78.1635374830328
LCN,2010,17550.7377870024,111.409637451172,22.7,94.3154279147644,93.2767526468568,93.3484811948429,1.99648880487945,82.2368400319216,638.268486621135,,18.5,73.4093227755616,2.17888507325984,78.37135488215
LCN,2011,18150.5882548775,110.549781799316,20.4,94.5894637079044,92.8779936643834,94.4377344610592,,82.9161600162466,726.823051423349,,17.3,73.9248923022491,2.15996794046018,78.5717207273562
LCN,2012,18433.7387345819,109.402587890625,19.8,94.856002142063,93.2987340155254,95.1274794567592,,83.5858380699203,725.93494406431,,16.9,74.1643943654901,2.12951008238359,78.7697906096959
LCN,2013,18766.917591694,110.243026733398,19.2,95.1087326569394,89.9765266944441,91.7334718672792,,84.2465825989508,759.778531553803,,16.4,74.3809772735109,2.10800936827715,78.9755056336712
LCN,2014,18852.4281125219,109.37109375,18.7,95.3571579942683,88.6860103861376,92.921951456588,,84.9019916049358,764.606149531184,,16.0,74.5608348669826,2.09061835099534,79.185365448744
LCN,2015,18762.9039878165,108.312019348145,18.3,95.6009714625633,89.8564766562493,93.2499427166091,,85.5521939722884,682.328296273033,,15.6,74.7432221893097,2.05950841692013,79.4004597252698
LCN,2016,18550.8729173978,107.620933532715,18.5,95.8357797052245,89.5252287131676,92.6830782024289,,86.1960929811649,655.698700817697,,15.9,74.6774848833781,2.00688079738414,79.6161243552428
LCN,2017,18744.6242855123,107.052093505859,17.8,95.8591911821263,84.8083857807955,86.1649853334121,,86.1901512422603,739.436479369295,,15.3,74.8318087892113,1.98217325038003,79.8285331741903
LCN,2018,18893.7989523752,106.677040100098,17.4,96.1564685941853,85.9316574545234,91.1820966874589,,86.8260228187696,678.196454377282,,14.9,75.052717198381,1.96388556455325,80.019051151549
LCN,2019,18883.1868618303,106.588180541992,17.0,96.4029491848437,79.8749341998877,86.2499860234249,,87.4589803843898,661.879991697161,,14.6,75.2042598654921,1.91833263036506,80.2273019080141
LCN,2020,17508.6173350597,105.879936218262,16.7,96.678146522169,76.2018059434749,83.4245351135876,,88.07064711224,590.885593157634,,14.4,73.1889367787058,1.85875827927085,80.4373918656823
LDC,2005,2440.11770369825,91.1887817382812,105.839816864822,54.6782367474562,70.3389263263153,67.789504151659,,24.7625405698109,19.2157003669988,,68.8068897730275,58.3100149055359,4.9292390921157,27.5088909962302
LDC,2006,2556.63271986189,93.4662017822266,100.457635767686,55.4412599826255,72.0178621520319,68.839543602305,,25.7180394056049,22.6033827041661,,65.6934384276426,59.0169336288555,4.86718773523442,27.9983947849888
LDC,2007,2691.00800844867,95.0707015991211,95.873261787209,56.1921412588053,73.2188027370824,71.466613376491,,26.6592582918437,26.6540030804229,,62.9460487735914,59.6139962487597,4.80229332238785,28.4552997421588
LDC,2008,2806.96555455219,97.6679077148438,92.8247276095734,56.9866130162558,74.3358777251656,72.0221162873062,,27.624276603026,31.2165805808575,,60.9380964523821,59.8135647530126,4.73800240592664,28.9877215658902
LDC,2009,2867.15245697277,98.2552719116211,90.199391714479,57.7793951201688,76.254178144915,74.6031695534391,,28.5958533002665,32.0393199303347,,59.3020946036514,60.5743561841469,4.67492850389409,29.4686997453348
LDC,2010,2980.94840851133,98.7292785644531,85.6899688374813,58.5770763291545,76.0057127103439,75.5553898061961,0.190208558975872,29.5692580822365,32.9625009502665,,56.9185188263047,61.0428031511838,4.60128674172344,29.9273951664358
LDC,2011,3051.43683302234,100.333000183105,85.405630660543,59.1613564016438,77.3723907042636,76.3316589838625,,30.2613720503024,36.3832955931103,,56.8563436325487,61.5023936634084,4.52860111438592,30.3566815515875
LDC,2012,3129.10024240458,100.887176513672,78.9683107630127,59.9545849278074,76.7247449349828,75.3499189774524,,31.21675931444,38.0589446484464,,53.0507210044313,62.2276732048151,4.46919785866449,30.7678755749609
LDC,2013,3241.36780220136,100.728317260742,75.6025193182824,60.7503627112283,76.0709030763645,74.6250206973512,,32.174503959146,41.3174516198532,,51.1661366721214,62.7257554327064,4.41646106497764,31.1964735168481
LDC,2014,3352.66131202589,101.118438720703,74.8025837290209,61.5601151291794,77.6103203520125,74.7996610590687,,33.1441203995875,43.6680456926318,,50.6273245819973,62.9617174792618,4.36552691554673,31.6474007044254
LDC,2015,3444.48573373338,99.997428894043,72.8100125948255,62.3826384532674,77.5127031588418,74.3074169020461,,34.1176648626091,43.3198978854134,,49.5357662215851,63.3074864756394,4.32168259410509,32.1000663267792
LDC,2016,3530.49118814527,100.416076660156,71.054277919873,63.204596991494,78.0102795941363,73.5519436373254,,35.0848337967406,42.9537467618986,,48.5250792158551,63.726492423797,4.28311169474681,32.5615637568186
LDC,2017,3628.8467447362,100.997009277344,70.079615665245,64.0666325088685,78.2488822868269,74.2130940527796,,36.1304687716714,43.7602227355742,,47.8350515081626,64.0368817418845,4.23863246941022,33.0338857488887
LDC,2018,3726.77808267188,102.00984954834,66.2088432218734,64.8963222890898,78.2469523769697,74.404176872894,,37.0973094290905,44.606592137406,,45.6124436900325,64.6054293900193,4.19429284373892,33.5099096116646
LDC,2019,3830.88853350413,102.805526733398,64.9894842046459,65.7123610179098,78.5385202231842,74.3000131753503,,38.046406810509,42.6402286239909,,44.7718946200975,64.9756210416769,4.14860123810594,33.9542997559168
LDC,2020,3741.39972817227,103.261260986328,62.7609575491969,66.5395029101415,75.959900566772,72.7499440125432,,38.9973630402719,43.5824295346523,,43.6375843724231,64.8355012784588,4.1009908354428,34.3799933582931
LIC,2005,2117.2453953109,85.2637481689453,116.7,44.9623904799299,64.2191180688088,61.9985346894386,,24.321243101669,20.8437428946831,,72.8,56.7098937328984,5.78854562761536,27.6555122460358
LIC,2006,2183.70629205611,87.9786224365234,110.8,45.8200814727788,65.850219392871,64.0775091011201,,24.8725598760847,24.5964010099313,,69.5,57.5164128657126,5.72699315452571,27.900077606572
LIC,2007,2267.43652462977,90.3415908813477,105.8,46.6919747949909,68.3459506133319,66.4375127113086,,25.4972252508885,29.6838926752411,,66.6,58.1967760446753,5.65392549163727,28.1218408784964
LIC,2008,2332.31935449671,94.7421875,101.1,47.592938399596,69.3854686493478,67.2889848535231,,26.0994149078515,33.69305847354,,64.0,58.8124314098635,5.58723907179459,28.4714334703433
LIC,2009,2363.64532551769,95.3902282714844,102.3,48.457501235263,71.4575699681671,69.9965096026163,,26.6625400705601,34.4974042044612,,63.7,59.137335167122,5.51655354849076,28.7556436917097
LIC,2010,2461.60384878329,95.2655334472656,94.8,49.3418657914305,71.3985087292544,72.1626013453603,0.333018691870235,27.2485701783797,35.1090997100979,,60.6,59.9228440660563,5.43100141732385,29.0729554278402
LIC,2011,2471.46990092247,95.4299163818359,98.5,50.024957750738,73.3176822285558,72.5306789469827,,27.4087796571697,35.9922155527616,,62.4,60.0234280143609,5.33857067241804,29.494437993566
LIC,2012,2314.6902870397,96.3551712036133,88.9,50.8331373666523,72.3152576784192,71.7036581177177,,27.9086977401797,36.3020536195539,,57.3,60.645343297395,5.25819322056583,30.0528155394808
LIC,2013,2284.04770988727,95.6896286010742,85.4,51.5752845770226,71.4594141127795,69.9926967724858,,28.3139336414618,38.1405771210779,,55.4,61.1278756447435,5.18423782876554,30.6098031497852
LIC,2014,2312.39785199331,96.467903137207,86.2,52.3231010029081,72.5797874098314,69.9213638242551,,28.723446868562,40.5151075626366,,55.8,61.2355124632344,5.12108722158903,30.9580301102549
LIC,2015,2349.58022316902,95.0947418212891,84.9,53.1317012989763,72.385199763862,69.3513920413407,,29.2175754769085,39.2792691205827,,55.2,61.4773611355614,5.06156689472219,31.2227026369501
LIC,2016,2367.13435583932,96.2164306640625,83.6,53.9854659502737,73.3772794765064,69.0244054641436,,29.7825341058738,37.2649120637488,,54.6,61.9153373144368,5.00055222550695,31.5400399249211
LIC,2017,2398.91418465668,97.0881500244141,83.5,54.883662725879,74.1746613279655,69.869920962415,,30.4918852731791,36.3478931435026,,54.4,62.1652180538127,4.93974130374665,31.9030612391146
LIC,2018,2422.64161564751,98.2668304443359,77.9,55.7960726885516,73.9278289641482,69.5339554915236,,31.1439597715224,37.8340091123274,,51.6,62.8810663634809,4.8779638019878,32.3037160978336
LIC,2019,2449.56269658666,99.3772583007812,76.9,56.7316926973665,74.6211306662464,69.6230987128781,,31.828232962165,35.1047770648325,,50.9,63.3423644700836,4.81320552957201,32.6958821290116
LIC,2020,2399.29922464841,100.429161071777,73.9,57.6758716650856,72.0092554133067,67.7941871674201,,32.4789014119676,36.1610991326606,,49.6,63.3985123751126,4.74393919000877,33.08213074864
LIE,2005,,105.754722595215,,100.0,,,,99.95,,,,80.6682926829268,1.49,14.594120964481
LIE,2006,,107.511962890625,,100.0,,,,99.95,,,,80.9487804878049,1.43,14.5394671726401
LIE,2007,,107.265769958496,,100.0,,,,99.95,,,,81.2951219512195,1.42,14.4938864161177
LIE,2008,,105.525672912598,,100.0,,,,99.95,,,,82.6829268292683,1.43,14.4577640001239
LIE,2009,,105.751121520996,,100.0,,,,99.95,,,,81.5,1.71,14.4314852298684
LIE,2010,,105.459182739258,,100.0,,,,99.95,,,,81.8414634146342,1.4,14.4154354105611
LIE,2011,,104.950500488281,,100.0,,,,99.95,,,,81.7926829268293,1.69,14.4099998474121
LIE,2012,,103.828002929688,,100.0,,,,99.95,,,,82.3829268292683,1.51,14.4124545370445
LIE,2013,,,,100.0,,,,99.95,9956.29785156,,,82.2609756097561,1.45,14.4201755971624
LIE,2014,,102.660987854004,,100.0,,,,99.95,10096.85351563,,,82.0731707317073,1.59,14.4336985145967
LIE,2015,,105.665420532227,,100.0,,,,99.95,9639.75195313,,,82.6560975609756,1.4,14.4535587761782
LIE,2016,,105.491020202637,,100.0,,,,99.95,9703.75878906,,,82.2585365853659,1.61,14.4802918687379
LIE,2017,,104.699737548828,,100.0,,,,99.95,9715.07519531,,,83.7463414634147,1.44,14.5144332791067
LIE,2018,,106.329788208008,,100.0,,,,99.95,9736.24316406,,,83.0414634146342,1.58,14.5565184941154
LIE,2019,,103.830009460449,,100.0,,,,99.95,9686.88378906,,,84.1609756097561,1.48,14.6070830005951
LIE,2020,,102.913627624512,,100.0,,,,99.95,10004.52832031,,,81.6585365853659,1.46,14.6666622853765
LKA,2005,7452.7423412297,94.2228393554688,14.0,85.0330281014666,99.0,99.0,0.504,80.8225453170759,55.40001297,,11.2,73.073,2.263,15.167273918248
LKA,2006,7970.6649101939,94.2331619262695,13.3,85.3118425923699,98.0,99.0,0.505,81.6350563894259,63.2890892,39.7,10.7,72.825,2.292,15.4829275281105
LKA,2007,8454.20675331505,94.312141418457,12.6,85.590756668861,98.0,98.0,0.538,82.4507307606243,71.38779449,,10.1,72.983,2.295,15.8544279853018
LKA,2008,8897.82686005016,94.1940231323242,12.0,85.8700345787064,98.0,98.0,0.605,83.2695498205745,90.00082397,,9.7,72.556,2.232,16.2762363395441
LKA,2009,9156.31906481264,92.6846313476562,21.5,86.149546290692,97.0,97.0,0.662,84.0915264944886,97.26274872,36.1,13.3,70.298,2.179,16.7428136405592
LKA,2010,9832.18622335265,97.4528586032738,11.2,86.4291556311836,99.0,99.0,0.703,84.916653598686,105.07371521,,9.1,74.463,2.134,17.2486209380693
LKA,2011,10618.4925999722,97.2173193437696,10.8,86.7091246125712,99.0,99.0,0.718,85.744932124631,115.51642609,,8.9,74.74,2.144,17.7881192817964
LKA,2012,11447.6937737782,97.1213977626125,10.3,86.9893246653002,99.0,99.0,0.742,86.576365798464,110.03600311,38.7,8.5,75.187,2.173,18.2617686748284
LKA,2013,12249.7223347846,97.2127527169757,9.8,87.2717415635994,99.0,99.0,0.772,87.410942249761,133.15968323,,8.1,75.546,2.178,18.4323136480916
LKA,2014,12909.9663068113,97.433058484166,9.2,87.5563586215225,99.0,99.0,0.807,88.2487200055783,132.82194519,,7.7,75.757,2.134,18.6153877203724
LKA,2015,13329.779343882,97.4508545353363,8.7,87.8430484990773,99.0,99.0,0.83,89.0897723399477,144.29077148,,7.4,75.99,2.09,18.796256612131
LKA,2016,13845.6146782218,96.9411621819868,8.3,88.13156471936,99.0,99.0,0.856,89.9341591246989,145.32496643,39.3,7.0,76.136,2.062,18.9747679368162
LKA,2017,14572.4858214616,96.6249037351597,7.9,88.4218720472391,99.0,99.0,0.887,90.7819310655448,142.32518005,,6.7,76.239,2.044,19.1507693078088
LKA,2018,14759.8248945226,95.9343814573526,7.6,88.7139577159347,99.0,99.0,0.958,91.6331770755008,154.64622498,,6.5,76.485,2.033,19.3241083384127
LKA,2019,14637.4442912676,95.4735034890634,7.2,89.0074705240203,99.0,99.0,1.098,92.4879479800339,147.01193237,37.7,6.2,76.698,2.022,19.4946326418437
LKA,2020,13886.6513728689,95.2338733103182,6.9,89.3024800646489,96.0,96.0,1.167,93.3463184770693,159.71383667,,6.0,76.928,2.007,19.6621898312161
LMC,2005,4484.76374023139,101.050689697266,80.2,78.7250611142526,68.4003450094593,69.3806376327749,,35.555536455987,32.4573885953359,,57.4,63.1102278346515,3.4856609194131,34.0545691114954
LMC,2006,4721.62738527555,101.701522827148,77.2,79.3800829534511,68.6835170448424,69.9981322025799,,37.5592668886439,36.280915751815,,55.5,63.5808285753849,3.42312205907336,34.5117530268796
LMC,2007,4960.878329707,102.299362182617,74.2,80.0347389421579,67.8823866333223,70.6113831084406,,39.5743173279503,42.0517129647586,,53.7,63.9765127251389,3.36092523788426,34.966445022232
LMC,2008,5091.43324856468,101.691856384277,71.9,80.688760968272,71.9211229443131,72.7006212183375,,41.5980579839408,46.5772881050658,,52.1,64.2324104108652,3.31458828004324,35.415543687891
LMC,2009,5327.71639726179,101.343887329102,68.7,81.3419580150483,75.4077134150498,77.0390657178235,,43.6284221272033,46.8974209552876,,50.3,64.7622113931181,3.27981664038966,35.8513128846003
LMC,2010,5602.46049037949,101.676071166992,66.4,81.9935237669517,76.8442566274699,77.9061006118562,,45.6661512851818,52.7769775029726,,48.8,65.0880690485672,3.22172015997334,36.2735483182374
LMC,2011,5768.54126854103,101.638236999512,63.7,82.6445995333032,78.8123188042204,78.7995337216397,,47.7127511491427,57.7723003767385,,47.1,65.5448113702143,3.16546607539697,36.6778364164453
LMC,2012,5959.12380566511,102.941612243652,61.3,83.2953288204611,77.0331203337894,77.4854528743177,,49.7698270946608,60.1582324760935,,45.5,65.9312132098425,3.11328966326269,37.0484114964955
LMC,2013,6197.54309245233,103.469032287598,59.1,83.9463158807665,77.6366775766021,78.233054457818,,51.8397270336594,66.3377908253515,,44.0,66.2887596631171,3.05990683450816,37.4274790077421
LMC,2014,6478.86225993693,102.258598327637,57.1,84.5964591739483,79.7484874184538,79.2888228390917,,53.9145175116757,68.6151858398804,,42.6,66.6478228672882,2.98702179966159,37.8093027168867
LMC,2015,6770.17550450668,101.940551757812,55.3,85.243416285561,80.6276749699192,80.4217976215617,,55.9816395903903,68.8137584023809,,41.3,66.9713052944827,2.96689965139889,38.185025353104
LMC,2016,7060.83322568102,104.441192626953,53.5,85.8890697736834,82.731554277536,81.3687565168963,,58.0450794383559,67.7227067256924,,40.1,67.3084956145481,2.93557565130627,38.5571311552537
LMC,2017,7336.66033715744,103.467361450195,52.0,86.5345672291931,82.8137733617785,82.7844318442221,,60.1071752188082,64.7796792885906,,39.0,67.6239325402262,2.86660097910914,38.9231471210338
LMC,2018,7634.72598689899,97.1874618530273,50.6,87.1801016050836,84.6150766023484,84.5694880849519,,62.1671485465437,66.670528046304,,38.0,67.9414432210583,2.83163568851323,39.2838199953492
LMC,2019,7828.88816562443,96.9207000732422,49.3,87.8174112123763,85.9205580154497,85.8277825998558,,64.2229016166584,69.0093270906258,,37.1,68.2362841633293,2.77348406506652,39.6454155985217
LMC,2020,7421.0922949801,97.7965698242188,48.1,88.4535860032656,81.7199071477014,83.1789746051634,,66.2231303808005,71.5165376983127,,36.2,67.6210996997917,2.71681986260557,40.0181811356754
LMY,2005,6762.59683515012,101.534240722656,68.6974672801333,80.2749318476598,74.9442546332091,75.0369342222329,,52.2910532336651,85.428487381047,,48.5387765525387,67.1609764802491,2.84096668790463,42.4448632923241
LMY,2006,7185.63014243261,101.503639221191,65.6410044716513,80.8720611726111,76.2366172673226,76.941327877575,,53.7989572797841,97.7385691552569,,46.617383982774,67.5165744610236,2.82381710174622,43.0721632114442
LMY,2007,7671.7507012782,102.593101501465,62.8298769735926,81.4559887634798,76.2615949523711,77.3927032004464,,55.3055362360452,116.18225292646,,44.8174025793967,67.8705140876484,2.80750005696422,43.7313443578033
LMY,2008,7977.46088036183,102.823280334473,60.3603110479709,82.0501952096868,79.1706571183184,79.1975037534854,,56.8136368565945,137.330277239075,,43.2153707652758,68.0858529818689,2.80244694819699,44.296632656456
LMY,2009,8152.22412560338,102.651176452637,58.2281330024569,82.6194532913495,81.5274316920785,82.0084825053785,,58.3136336849484,144.090619735682,,41.81448096028,68.4826507476362,2.79074892719024,44.9146397964738
LMY,2010,8663.85763037059,102.467132568359,55.791137924775,83.1783550846272,82.153537685008,82.697144304547,1.07767029433131,59.808803193542,166.161294932361,,40.3335358947699,68.829079801859,2.75958492045206,45.4142988752394
LMY,2011,9057.29727616674,102.345336914062,54.4087946827606,83.6384102429879,83.3770888135293,83.3483319939712,,61.1987140906362,192.520289878571,,39.3950417356913,69.1237816714452,2.73472379534533,46.3060209061561
LMY,2012,9388.20025846692,102.949851989746,51.2347363369315,84.1636630030368,82.6165971461006,82.6118236996689,,62.6781386449838,204.550015215053,,37.3286021184461,69.4672754810116,2.74750531663815,46.898793612362
LMY,2013,9755.16890460974,103.186462402344,49.5783672586212,84.6841351880795,82.3034431584012,82.7213841116438,,64.1520702875141,218.766817749199,,36.2403490217864,69.7578943672838,2.70329855119878,47.5558053161274
LMY,2014,10105.0781953344,101.694442749023,48.2266301414437,85.197676216182,83.3825240256993,83.0650642754102,,65.6254135979243,226.131529774297,,35.2169759624244,70.0129747334528,2.68849691803633,48.164746904256
LMY,2015,10435.5053265179,101.003120422363,47.1646714262583,85.7048691791299,83.5719809913116,83.5660575120063,,67.0916523642366,221.29285957191,,34.5322861560513,70.2660277698023,2.65333574998965,48.8131137351494
LMY,2016,10798.4518286632,102.267349243164,45.7645870534782,86.2029232079023,84.7690629028717,83.9562757517009,,68.5477692291894,218.707618046406,,33.5892802078475,70.5023449377455,2.65412068752,49.4002817533326
LMY,2017,11215.7885981508,101.818687438965,44.8467778578483,86.6251560733656,84.8373383299942,84.2782748674985,,69.8449189521866,234.982527022959,,32.8717535680472,70.7083294342373,2.62319141928886,49.9511508416674
LMY,2018,11619.79598111,98.9042205810547,44.0386420740122,87.1273856343252,85.5898405411118,85.4681167691908,,71.2848007692504,243.177825281173,,32.4131735958797,71.0377085637557,2.54597740927616,50.513558376457
LMY,2019,11942.5710199999,98.909553527832,43.400655270482,87.6041481998176,85.8191348003386,85.3562429289795,,72.6896421911555,250.110629856494,,31.9271911090042,71.2751936184695,2.50621692104039,51.0178827228954
LMY,2020,11605.6207814452,99.5065307617188,43.1040813833532,88.070136499071,82.3316944038802,82.7444410667146,,74.0583353160626,252.960696498692,,31.801574248301,70.6688288777218,2.42139462693079,51.4188594538107
LSO,2005,2275.01614419256,125.938102722168,114.6,67.224549621847,89.0,83.0,,21.6703679710685,41.66717911,,78.9,43.611,3.428,22.5317981562788
LSO,2006,2381.02024562073,129.976348876953,114.7,67.8015454898826,89.0,82.0,,23.1744368605151,49.67809296,,79.6,43.182,3.414,23.3329886243114
LSO,2007,2470.31462127885,124.028053283691,111.9,68.3621774697103,88.0,81.0,,24.6557826139107,65.80387878,,79.0,43.66,3.442,24.2187949905661
LSO,2008,2589.16635854686,122.513938903809,111.6,68.9266715175082,88.0,80.0,,26.1239917400803,69.06710052,,83.9,44.304,3.392,25.1966303659683
LSO,2009,2538.19341751854,119.620330810547,99.1,69.4944225013917,91.0,84.0,,27.5788226829742,80.82315063,,77.6,45.055,3.309,26.2591028264855
LSO,2010,2651.37804898226,118.573860412332,90.9,70.0661261191784,93.0,88.0,0.069,29.020495938413,85.87903595,,73.6,46.045,3.25,27.4004815007995
LSO,2011,2749.31958166573,117.181528807654,85.2,70.6416125144182,96.0,92.0,,30.4489318304881,117.67031097,,70.9,46.93,3.343,28.6150355175921
LSO,2012,2894.22705048142,115.307928873959,81.4,71.1931354913507,95.0,91.0,,31.8586043360402,125.37831116,,71.0,48.235,3.296,29.8970340055453
LSO,2013,2914.37515966739,110.493088742815,79.3,71.7472805619843,93.0,90.0,,33.2568347766841,131.35578918,,71.4,49.547,3.283,31.2407460933407
LSO,2014,2930.61724036206,107.843876685208,77.6,72.3042900166606,88.0,92.0,,34.6437079655808,121.21549988,,70.3,50.786,3.239,32.6404409096604
LSO,2015,2986.95866729879,105.217264805575,75.1,72.8644331310882,83.0,93.0,,36.0192915871812,104.59999847,,69.0,51.83,3.217,34.0903875831861
LSO,2016,3057.26091568162,104.249373647237,71.4,73.4272764061932,87.0,90.0,,37.3835722556357,91.0127182,,68.2,52.908,3.18,35.5077950709441
LSO,2017,2924.68096193272,105.559253372505,70.1,73.9930898817459,89.0,89.0,,38.7366301247734,115.43321228,44.9,68.0,53.874,3.105,36.5283648068846
LSO,2018,2846.41828124649,96.0052004309251,68.8,74.5632870642167,90.0,89.0,0.457,40.0785080651777,130.93614197,,65.2,54.638,3.016,37.569092747415
LSO,2019,2773.28639887236,91.2787382569656,68.1,75.1376932253322,92.0,90.0,,41.4091356196007,235.94372559,,63.5,55.249,2.924,38.6040920446259
LSO,2020,2517.11044486593,87.7447358699667,66.3,75.7168396878056,93.0,90.0,,42.7284382834052,96.84536743,,62.1,55.133,2.846,39.6329305425532
LTE,2005,10466.0431607711,106.467437744141,23.0666406183677,87.7510195846209,90.9752732686342,90.3555629333509,,71.6587666289023,149.245755301258,,18.8427522394093,73.007214154553,1.69650821775942,50.6585131865521
LTE,2006,11333.0924408752,104.479118347168,21.4230637555318,88.3732987701501,94.3887094875758,94.3268463037475,,73.1683855762048,176.636192540343,,17.4991615066805,73.3817363374868,1.70521610506857,51.6357355450764
LTE,2007,12361.2116354473,105.651641845703,19.9410205907095,88.9745280432049,94.2932052722282,94.4980639434362,,74.6978527086117,217.760278278715,,16.2058765767078,73.7749281005029,1.72559590180346,52.7380161745815
LTE,2008,13098.0960309932,105.867500305176,18.5911842714602,89.5595106371304,96.7879876143467,96.7418879513276,,76.2073431069617,275.276270748682,,15.1103147969857,73.9252633570755,1.75364403334795,53.5584495858467
LTE,2009,13334.5473252508,105.161987304688,17.5377591257261,90.1266786782116,98.0625770779894,98.1807586300412,,77.6935423733747,286.830138175873,,14.0987589377431,74.3481601286124,1.76120613125096,54.5225313726798
LTE,2010,14254.5060505905,103.821311950684,16.3195349532003,90.6653284710949,97.7827611256372,98.1480247741268,1.75623626976471,79.155221054337,327.100889944449,,13.1745114168442,74.7108209347901,1.74154413297884,55.2002774149779
LTE,2011,15116.23443797,103.284896850586,15.4370950892919,91.1784463954,97.8325836995411,98.0131259401723,,80.5904544515685,387.551093885873,,12.3707326784901,74.9999962879426,1.7278444665002,56.9188763539629
LTE,2012,15849.9797393159,102.947113037109,14.4920222605257,91.6703745079076,97.7193684173819,98.1238210175404,,82.002287690068,415.551293402972,,11.5943637647991,75.2993648872023,1.81568916274948,57.8070692828074
LTE,2013,16550.7608765012,103.257141113281,13.7165601776572,92.1468192214999,95.9969831260945,98.1595831609005,,83.3930962270333,454.990353521171,,10.970948545959,75.5790485316218,1.76087460678168,58.7788304798318
LTE,2014,17214.8266070851,100.422798156738,12.963930913128,92.6060748069173,97.3604913221002,97.9475792438271,,84.7654870589132,477.348940512601,,10.2925260115304,75.8239893452747,1.80369952932348,59.6576878869777
LTE,2015,17784.0628531228,99.789421081543,12.2863199817925,93.0487194894448,97.8572027552504,97.8751441670307,,86.1168572677273,449.515822465306,,9.77604170584848,76.0762328807768,1.74181792108644,60.7294578905785
LTE,2016,18377.0584236764,100.017288208008,11.7039737633974,93.4722819910532,96.9150974930688,97.831385501355,,87.4467506891738,453.387708419732,,9.29119436053318,76.2928997245812,1.79032427587527,61.7622468361698
LTE,2017,19161.6836683691,100.372421264648,11.0144899278281,93.8838090358033,96.3620856665632,96.991250036238,,88.7505912998819,508.245446456403,,8.69753410299959,76.4174343501022,1.79210884553839,62.7392997946222
LTE,2018,20046.5223675086,100.352249145508,10.622397482105,94.2990201664384,95.7817165817426,97.4787773255523,,90.0275927699321,552.925978121776,,8.38966269944465,76.7781489421434,1.62886710640177,63.7579414927705
LTE,2019,20852.8824490568,100.15087890625,10.209210734269,94.6738170893986,94.7827665769231,97.2392721226176,,91.2789188426645,578.29718987738,,8.0978577406219,76.9979606258316,1.59442648548205,64.6307387465605
LTE,2020,20730.0029982162,100.25121307373,10.0462731195544,95.0325953106704,94.8793224759227,95.3166221438458,,92.4959920431844,599.999591287701,,7.9489198089009,76.6935638089228,1.43183708398957,65.2628534044695
LTU,2005,23953.8150681702,102.84455871582,9.0,91.9151921739671,94.0,97.0,3.721,86.614106124964,438.93267822,35.3,7.3,71.2536585365854,1.29,66.5784912109375
LTU,2006,26139.2837773621,102.028747558594,8.6,92.3957545700156,94.0,97.0,3.791,87.120025751018,536.05737305,34.4,6.9,71.0560975609756,1.33,66.6381530761719
LTU,2007,29381.9521464971,101.104446411133,8.0,92.8750439712318,95.0,97.0,3.884,87.6245897499717,704.29315186,34.8,6.5,70.9,1.36,66.7184982299805
LTU,2008,30457.3682543436,99.499267578125,7.3,93.3530575915625,96.0,97.0,3.881,88.1277954949637,936.50933838,35.7,6.0,71.8121951219512,1.45,66.7527770996094
LTU,2009,26227.5230201039,99.9498291015625,6.7,93.8193881104381,98.0,96.0,3.854,88.6676561367708,864.73638916,37.2,5.4,72.9146341463415,1.5,66.7816619873047
LTU,2010,26897.7243702338,100.421501159668,6.1,94.2758564978179,95.0,96.0,3.947,89.1941477060659,805.2244873,33.6,4.9,73.2682926829268,1.5,66.7712860107422
LTU,2011,29251.8774718539,101.251838684082,5.6,94.7419457559993,92.0,94.0,4.097,89.7354861346124,925.47161865,32.5,4.6,73.5634146341464,1.55,66.7518340055756
LTU,2012,30932.0983180261,101.85440826416,5.3,95.2233550480364,93.0,93.0,4.218,90.3009705081306,896.93707275,35.1,4.3,73.8634146341464,1.6,66.8536758422852
LTU,2013,32487.0008217277,101.802093505859,5.1,95.7024541817261,93.0,93.0,4.276,90.8648178620678,958.04650879,35.3,4.2,73.9146341463415,1.59,67.0092086791992
LTU,2014,33988.0148951198,101.519287109375,5.1,96.1793622122159,93.0,93.0,4.306,91.4271935305975,1019.7121582,37.7,4.2,74.5170731707317,1.57,67.1514937628023
LTU,2015,35264.7149248316,102.10758972168,5.0,96.6540744092519,93.0,94.0,4.338,91.9880821486282,918.50750732,37.4,4.1,74.3219512195122,1.63,67.2282485961914
LTU,2016,36632.0832798438,102.853378295898,4.8,97.1276074784164,94.0,94.0,4.466,92.5491836464928,986.13311768,38.4,4.0,74.6707317073171,1.63,67.1894226074219
LTU,2017,38789.2463179035,103.467041015625,4.5,97.5995795936684,94.0,94.0,4.555,93.1100410366065,1073.95800781,37.3,3.7,75.4804878048781,1.57,67.1012954711914
LTU,2018,41035.4018152732,103.667556762695,4.2,98.0695666979738,92.0,92.0,4.596,93.6701055685758,1241.38574219,35.7,3.5,75.6804878048781,1.53,67.1464742010457
LTU,2019,43078.7118585461,102.557037353516,3.9,98.5372101703489,92.0,93.0,4.568,94.2289437143384,1361.20288086,35.3,3.3,76.2829268292683,1.43,67.245735168457
LTU,2020,43108.1976060283,102.801078796387,3.7,98.8922199280899,91.0,90.0,4.481,94.786284769893,1511.79626465,36.0,3.1,75.0292682926829,1.36,67.4254608154297
LUX,2005,124871.952523256,99.8659591674805,3.5,99.9999981375846,99.0,95.0,2.557,97.6641072754687,5818.14599609,30.8,2.9,79.4317073170732,1.63,86.3735649102561
LUX,2006,130290.174082751,99.6400299072266,3.3,99.9999986253518,99.0,95.0,2.605,97.6595985810241,6070.73583984,30.9,2.7,79.2878048780488,1.65,86.7738936810355
LUX,2007,138683.319852878,99.5173110961914,3.1,100.0,99.0,96.0,2.711,97.6551965026452,6671.26513672,31.1,2.6,79.3829268292683,1.61,87.1831946460401
LUX,2008,135814.608862354,99.1816101074219,3.0,99.9999980028988,99.0,96.0,2.716,97.6508653485568,7578.74951172,32.6,2.5,80.5390243902439,1.61,87.6037664162874
LUX,2009,129004.508948877,,2.9,100.0,99.0,96.0,2.708,97.646673581353,7670.59375,31.2,2.4,80.6365853658537,1.59,88.0379076027949
LUX,2010,131434.360018803,98.0030136108398,2.8,100.0,99.0,96.0,2.771,97.642561725648,7459.83544922,30.5,2.4,80.6317073170732,1.63,88.48791681658
LUX,2011,129887.626962873,96.2988433837891,2.7,100.0,99.0,96.0,2.777,97.6385453220137,7174.73925781,32.1,2.3,80.9878048780488,1.52,88.9562814837254
LUX,2012,128897.403218507,98.7363967895508,2.7,99.9999990171324,99.0,99.0,2.807,97.6347032194608,6029.47460938,34.3,2.2,81.3926829268293,1.57,89.4405768017292
LUX,2013,129947.336184196,97.7293472290039,2.6,99.9999986127199,99.0,99.0,2.83,97.6310682676105,6356.64453125,32.0,2.2,81.8,1.55,89.9413746679705
LUX,2014,130249.550482759,97.3061294555664,2.6,100.0,99.0,99.0,2.882,97.6276041187324,6547.03466797,31.2,2.2,82.2292682926829,1.5,90.4577807676859
LUX,2015,130097.338289025,97.4022521972656,2.5,99.9999971975971,99.0,99.0,2.908,97.6243035577451,5421.93212891,32.9,2.1,82.2926829268293,1.47,90.9893679353068
LUX,2016,133661.734541281,97.4095687866211,2.5,99.999999435156,99.0,99.0,2.884,97.6211680150003,5475.13964844,31.7,2.1,82.6853658536585,1.41,91.5357090052649
LUX,2017,132169.829576174,96.7351989746094,2.5,99.9999966233411,99.0,99.0,2.984,97.618188396035,5713.11865234,34.5,2.1,82.0951219512195,1.39,92.0963768119916
LUX,2018,131733.884471489,97.3428497314453,2.4,99.9999952675499,99.0,99.0,,97.6153595742426,6227.08398438,35.4,2.1,82.2951219512195,1.38,92.6709441899184
LUX,2019,132724.754668303,98.3345489501953,2.4,100.0,99.0,96.0,,97.6126777405437,6221.73876953,34.2,2.0,82.6390243902439,1.34,93.2589839734767
LUX,2020,129865.631871124,98.6442489624023,2.4,100.0,99.0,99.0,,97.6101288941599,6785.86230469,33.4,2.0,82.1439024390244,1.36,93.8600689970981
LVA,2005,23213.3539355881,104.843978881836,10.5,98.0973437234884,99.0,98.0,2.959,89.6980083736191,440.8097229,39.0,8.6,71.3560975609756,1.39,67.8953910570353
LVA,2006,26431.8140222767,104.261993408203,9.9,98.1320758435858,96.0,98.0,3.028,89.7567394506575,552.30163574,35.6,8.1,70.8658536585366,1.46,67.873733661714
LVA,2007,29423.7371235063,104.213363647461,9.3,98.1662009076991,94.0,95.0,3.143,89.8089264081031,775.19146729,37.5,7.7,71.019512195122,1.54,67.8558853865191
LVA,2008,28726.9722869522,103.548599243164,8.8,98.2004790709608,94.0,96.0,3.233,89.8611624895794,913.52148438,37.2,7.3,72.419512195122,1.58,67.8420335208058
LVA,2009,24520.6791475489,102.918098449707,8.3,98.2356850389342,94.0,92.0,3.153,89.9210042199692,744.66162109,35.9,6.9,73.0804878048781,1.46,67.8323653539295
LVA,2010,24119.7307848939,102.958602905273,7.7,98.2717136022168,92.0,95.0,3.107,89.987937726115,689.07720947,35.0,6.4,73.4829268292683,1.36,67.8270681752453
LVA,2011,25308.7322074626,102.285652160645,7.2,98.3077017378479,92.0,92.0,3.134,90.0539577656872,764.59179688,35.8,6.0,73.5756097560976,1.33,67.8266897008267
LVA,2012,27496.5454583635,101.048713684082,6.6,98.3436350689574,91.0,90.0,3.144,90.1188989835072,745.51745605,35.2,5.5,73.7780487804878,1.44,67.8331638942219
LVA,2013,28375.1842887263,100.386268615723,6.1,98.3795180177465,94.0,96.0,3.19,90.182767248935,807.13000488,35.5,5.1,73.9829268292683,1.52,67.847334482933
LVA,2014,29243.7412502629,99.8528213500977,5.6,98.4153361248408,92.0,95.0,3.216,90.2454171956005,856.76654053,35.1,4.7,74.1243902439024,1.65,67.8686035364944
LVA,2015,30599.6133134147,99.3933181762695,5.1,98.4511105601359,94.0,96.0,3.197,90.4930837616034,775.86431885,34.2,4.3,74.4804878048781,1.7,67.8965395668259
LVA,2016,31668.5148442662,99.1985473632812,4.8,98.4869768488799,98.0,93.0,3.212,90.7423211464844,874.79772949,34.3,4.0,74.580487804878,1.74,67.9307110858472
LVA,2017,33036.3915943437,99.3678436279297,4.5,98.5228902646121,98.0,96.0,3.205,90.9929787461015,932.50158691,35.6,3.8,74.6292682926829,1.69,67.9706866054779
LVA,2018,34729.7062763057,99.614387512207,4.2,98.558820559671,96.0,98.0,3.303,91.2449187722214,1101.49243164,35.1,3.6,74.7829268292683,1.6,68.0160346376376
LVA,2019,35208.1934590859,99.9834365844727,3.9,98.5947259523274,99.0,99.0,3.267,91.4979934262128,1183.1151123,34.5,3.3,75.3878048780488,1.61,68.066323694246
LVA,2020,34225.8976044058,99.8328475952148,3.6,98.63057400499,99.0,99.0,3.338,91.7520645595703,1313.35412598,35.7,3.1,75.1853658536585,1.55,68.1211222872228
MAC,2005,87185.5254441553,102.854553222656,,100.0,,,,100.0,,,,81.3414634146341,0.912,100.0
MAC,2006,93828.3198758417,100.32633972168,,100.0,,,,100.0,,,,81.7292682926829,0.954,100.0
MAC,2007,102879.639164559,101.569869995117,,100.0,,,,100.0,,,,81.7292682926829,1.008,100.0
MAC,2008,102474.668562926,102.432548522949,,100.0,,,,100.0,,,,82.0268292682927,0.979,100.0
MAC,2009,104911.140336462,101.260093688965,,100.0,,,,100.0,,,,82.1756097560976,1.004,100.0
MAC,2010,130758.2806979,101.166413677399,,100.0,,,,100.0,,,,82.2731707317073,1.07,100.0
MAC,2011,155385.324208541,102.676451543276,,100.0,,,,100.0,,,,82.4707317073171,1.15,100.0
MAC,2012,164239.261923457,99.3245614035088,,100.0,,,,100.0,,,,82.4707317073171,1.357,100.0
MAC,2013,174569.523171267,99.6905829596413,,100.0,,,,100.0,,,,82.7219512195122,1.15,100.0
MAC,2014,162813.439348589,100.713656387665,,100.0,,,,100.0,,,,83.0219512195122,1.224,100.0
MAC,2015,123194.067291275,99.8024691358025,,100.0,,,,100.0,,,,83.2243902439024,1.142,100.0
MAC,2016,120530.052858314,101.287356321839,,100.0,,,,100.0,,,,83.2756097560976,1.138,100.0
MAC,2017,133322.632677744,105.325925925926,,100.0,,,,100.0,,,,83.5268292682927,1.021,100.0
MAC,2018,139541.157248769,101.238255033557,,100.0,,,,100.0,,,,83.6780487804878,0.915,100.0
MAC,2019,133453.896026037,96.2426035502959,,100.0,,,,100.0,,,,83.9292682926829,0.899,100.0
MAC,2020,59662.4855864551,92.7896174863388,,100.0,,,,100.0,,,,84.1292682926829,0.841,100.0
MAF,2005,,,,100.0,,,,99.2217301839164,,,,77.802,2.779,100.0
MAF,2006,,,,100.0,,,,99.2729530827894,,,,77.989,2.711,100.0
MAF,2007,,,,100.0,,,,99.3241759816624,,,,78.16,2.633,100.0
MAF,2008,,,,100.0,,,,99.3753988805353,,,,78.326,2.55,100.0
MAF,2009,,,,100.0,,,,99.4266217794083,,,,78.513,2.464,100.0
MAF,2010,,,,99.9978182352951,,,,99.4778446782813,,,,78.752,2.4,100.0
MAF,2011,,,,99.9920582504616,,,,99.5290675771542,,,,79.016,2.424,100.0
MAF,2012,,,,99.986298265628,,,,99.5802904760272,,,,79.302,2.773,100.0
MAF,2013,,,,99.9805382807944,,,,99.6315133749002,,,,79.528,2.719,100.0
MAF,2014,,,,99.9747782959609,,,,99.6827362737731,,,,79.727,2.707,100.0
MAF,2015,,,,99.9690183111273,,,,99.7339591726461,,,,79.829,2.665,100.0
MAF,2016,,,,99.9632583262937,,,,99.785182071519,,,,79.885,2.643,100.0
MAF,2017,,,,99.9574983414602,,,,99.836404970392,,,,78.762,2.657,100.0
MAF,2018,,,,99.9517383566266,,,,99.887627869265,,,,80.029,2.725,100.0
MAF,2019,,,,99.945978371793,,,,99.9388507681379,,,,80.078,2.791,100.0
MAF,2020,,,,99.9402183869595,,,,99.9900736670109,,,,80.085,2.829,100.0
MAR,2005,6103.42236328125,105.914749145508,41.4,68.7554997680292,98.0,97.0,,73.1773231573067,97.19748688,,36.8,68.748,2.613,55.4397798676399
MAR,2006,6488.673828125,104.963706970215,39.2,70.163478359653,97.0,95.0,,74.1286277364386,110.22368622,40.7,35.0,69.157,2.611,55.9627589629824
MAR,2007,6620.59033203125,105.59765625,36.9,71.5537323474751,95.0,95.0,0.586,75.07865785853,131.86448669,,33.2,69.62,2.618,56.5303841299064
MAR,2008,6901.95068359375,104.362167358398,34.8,72.9256075527307,99.0,96.0,,76.0270465893793,153.23677063,,31.4,70.051,2.612,57.1254169272616
MAR,2009,7063.72705078125,104.07991027832,32.8,74.2785219849732,99.0,98.0,0.646,76.9734340408013,165.50694275,,29.7,70.454,2.624,57.7306189138977
MAR,2010,7210.63671875,107.166739963715,30.9,75.6138635064954,99.0,98.0,,77.9186321842885,168.36595154,,28.1,70.821,2.629,58.3287516486646
MAR,2011,7503.79296875,108.872184910968,29.2,76.9300832583237,99.0,99.0,,78.8617098179303,179.00019836,,26.6,71.263,2.595,58.902576690412
MAR,2012,7628.64404296875,108.773776884177,27.5,78.2275853930086,99.0,99.0,,79.8028926607457,172.04353333,,25.2,71.674,2.543,59.4348555979895
MAR,2013,7839.0322265625,108.130874044354,26.0,79.5058796686335,99.0,99.0,0.631,80.7418405934609,179.81974792,39.5,23.8,72.117,2.478,59.9083499302469
MAR,2014,7951.79833984375,107.319519161584,24.5,80.7653426304432,99.0,99.0,0.913,81.6787833331369,188.6415863,,22.5,72.522,2.425,60.3030486171654
MAR,2015,8198.80859375,106.046255203021,23.1,82.0055254325952,99.0,99.0,,82.6133857695212,162.85198975,,21.4,72.894,2.406,60.6417124737154
MAR,2016,8141.9404296875,105.897808666144,21.9,83.2267677813963,99.0,99.0,,83.5458723077839,162.21507263,,20.3,73.228,2.396,60.9657656537179
MAR,2017,8450.0087890625,106.856009139924,20.8,84.4286583054916,99.0,99.0,0.734,84.4759106100825,166.8500061,,19.3,73.608,2.375,61.2761057031842
MAR,2018,8611.75,108.263128143079,19.9,85.6112006137327,99.0,99.0,,85.4034661501233,175.70518494,,18.5,73.946,2.354,61.5695822753314
MAR,2019,8768.17578125,110.072941907486,19.1,86.7740979476491,99.0,99.0,,86.3282321764417,178.73939514,,17.8,74.245,2.342,61.8430450233765
MAR,2020,8054.56298828125,112.354037460932,18.3,87.9176789567835,99.0,99.0,,87.2504334400562,192.04043579,,17.1,73.133,2.32,62.0933436005366
MCO,2005,,,4.5,100.0,99.0,96.0,,100.0,5878.00683594,,3.7,84.34,2.006,100.0
MCO,2006,,,4.4,100.0,99.0,94.0,,100.0,6146.87744141,,3.6,84.194,2.101,100.0
MCO,2007,,,4.3,100.0,99.0,95.0,,100.0,7035.9453125,,3.5,83.903,2.206,100.0
MCO,2008,,124.211936950684,4.2,100.0,99.0,94.0,,100.0,8342.875,,3.4,83.827,2.384,100.0
MCO,2009,,,4.1,100.0,99.0,92.0,,100.0,8190.71191406,,3.3,84.187,2.397,100.0
MCO,2010,,,4.0,100.0,99.0,93.0,,100.0,8025.15917969,,3.3,84.644,2.385,100.0
MCO,2011,,,3.9,100.0,99.0,91.0,7.375,100.0,8314.45996094,,3.2,85.01,2.22,100.0
MCO,2012,,,3.8,100.0,99.0,91.0,7.32,100.0,7869.89453125,,3.1,85.045,2.294,100.0
MCO,2013,,,3.7,100.0,99.0,91.0,8.107,100.0,8459.11328125,,3.0,85.056,2.313,100.0
MCO,2014,,,3.6,100.0,99.0,90.0,7.756,100.0,8691.6953125,,3.0,85.093,2.485,100.0
MCO,2015,,,3.5,100.0,99.0,89.0,,100.0,7354.13183594,,2.9,85.323,2.503,100.0
MCO,2016,,142.419937133789,3.4,100.0,99.0,89.0,,100.0,7157.92578125,,2.8,85.63,2.578,100.0
MCO,2017,,,3.3,100.0,99.0,88.0,,100.0,7101.640625,,2.7,85.878,2.418,100.0
MCO,2018,,,3.2,100.0,99.0,88.0,8.298,100.0,7621.97021484,,2.6,86.084,2.485,100.0
MCO,2019,,,3.1,100.0,99.0,88.0,8.609,100.0,7517.25341797,,2.6,86.151,2.403,100.0
MCO,2020,,,3.0,100.0,99.0,88.0,8.609,100.0,7582.41552734,,2.5,86.089,2.38,100.0
MDA,2005,8161.47344724765,,20.1,84.6970913966841,98.0,97.0,2.515,73.6881674871304,79.33213043,36.3,18.0,68.197,1.528,39.3704032897949
MDA,2006,8577.02858037286,,19.0,85.1105293092425,97.0,96.0,2.573,74.3686465028657,100.10816193,35.4,17.0,68.423,1.537,39.2182388305664
MDA,2007,8854.83397616724,,18.2,85.5244670482591,92.0,96.0,2.62,75.053404668561,135.44366455,34.4,16.4,68.674,1.575,39.4315032958984
MDA,2008,9563.69814290939,,17.7,85.9389111690626,90.0,95.0,2.623,75.742452878246,185.56115723,34.7,15.9,69.0,1.638,39.3710708618164
MDA,2009,9001.23432081622,,17.2,86.3538510383459,85.0,90.0,2.709,76.4357878576591,208.53004456,32.9,15.5,69.406,1.719,39.3255348205566
MDA,2010,9649.9509930271,93.5407792138963,16.8,86.7693011719513,90.0,97.0,2.743,77.1334278567767,198.28894043,32.1,15.2,69.876,1.703,39.2804946899414
MDA,2011,10217.3087761255,93.6029804526123,16.5,87.1852515314288,93.0,91.0,2.828,77.835369795755,214.98246765,30.6,14.9,70.173,1.65,39.3469161987305
MDA,2012,10158.3854676883,93.7979704671729,16.2,87.601707230864,92.0,91.0,2.889,78.5416235324603,223.61895752,29.2,14.7,70.344,1.661,39.3614196777344
MDA,2013,11080.0634585341,93.7649180861452,16.0,88.0186693421827,90.0,91.0,3.06,79.2521957133911,231.66229248,28.5,14.5,70.291,1.622,39.4275512695312
MDA,2014,11641.1208436577,107.431409833521,15.8,88.436133359262,90.0,90.0,3.091,79.9670878839298,230.76982117,26.8,14.3,70.241,1.82,39.6298484802246
MDA,2015,11691.0797484184,105.727652234967,15.6,88.8523471149568,87.0,89.0,3.159,80.6901033429329,186.43643188,27.0,14.2,70.118,1.87,39.6954040527344
MDA,2016,12377.366678394,104.469976581506,15.5,89.2722054309819,89.0,88.0,3.239,81.420818324275,171.18476868,26.3,14.1,70.179,1.89,39.7373237609863
MDA,2017,13118.8219369605,103.685761485913,15.4,89.6950297524802,88.0,93.0,3.285,82.1581768544632,243.94540405,25.9,14.0,70.375,1.81,39.9736557006836
MDA,2018,13895.5043655692,103.337388931903,15.4,90.1205722454001,93.0,93.0,3.204,82.9015800000824,276.4697876,25.7,14.1,70.236,1.81,40.3258094787598
MDA,2019,14621.2401362286,105.074923420813,15.5,90.5483180309042,91.0,97.0,4.033,83.6501429350345,283.98425293,26.0,14.1,70.181,1.78,40.772289276123
MDA,2020,13559.2600217483,106.519975508955,15.6,90.9779971950064,86.0,84.0,4.038,84.4032169070888,305.48913574,25.0,14.3,69.914,1.77,41.3368530273438
MDG,2005,1648.17631554009,128.547912597656,84.1,40.0429127960642,85.0,74.0,0.172,6.12117413127887,15.9498682,39.9,54.1,60.664,5.195,26.4743019495822
MDG,2006,1686.86335460016,127.919273376465,80.8,40.878116387823,85.0,71.0,0.163,6.60626042533301,16.44085503,,52.2,61.14,5.133,26.7586741989468
MDG,2007,1731.61751794976,129.294372558594,77.6,41.7110487315334,84.0,81.0,0.173,7.09404608313975,19.33553123,,50.3,61.533,5.083,27.0400195163682
MDG,2008,1794.40235887329,132.619201660156,74.8,42.5424880385146,77.0,70.0,0.178,7.58477414006482,20.91898537,,48.7,61.992,5.043,27.31826536364
MDG,2009,1673.15551466723,140.266357421875,72.4,43.3700536128356,77.0,63.0,0.173,8.07809172690129,19.56957817,,47.3,62.304,5.003,27.5933392025561
MDG,2010,1635.24511473059,135.673193203157,70.3,44.1945358943364,70.0,66.0,0.186,8.57423264106828,21.13975906,42.4,46.2,62.597,4.896,27.8651684949103
MDG,2011,1614.55137773785,135.663024043331,68.6,45.0153822584225,73.0,62.0,0.137,9.07317377918647,22.88667488,,45.2,62.86,4.737,28.1336807024963
MDG,2012,1617.79082882481,136.435592632075,67.3,45.8324865165496,68.0,63.0,0.136,9.57497737668474,19.30151749,42.6,44.5,63.007,4.613,28.3988032871081
MDG,2013,1610.6023078966,136.436484265628,66.4,46.645311071975,70.0,64.0,0.146,10.0796108433394,19.33186913,,44.1,63.161,4.527,28.6604637105393
MDG,2014,1620.357889066,137.445786724101,65.7,47.4541920353579,68.0,66.0,0.173,10.5872297277492,22.56570244,,43.8,63.261,4.421,28.9185894345838
MDG,2015,1627.5806134224,138.833200771878,65.3,48.258173464398,62.0,60.0,,11.0976984755033,22.29386139,,43.6,63.362,4.335,29.1731079210354
MDG,2016,1648.91226979296,134.676592456536,64.9,49.0575914521926,68.0,62.0,,11.6111708038341,24.20793915,,43.6,63.431,4.285,29.4239466316878
MDG,2017,1669.72764267278,139.186670285989,64.9,49.8519386234101,65.0,55.0,,12.1276026442495,23.62072182,,43.7,63.433,4.259,29.671033028335
MDG,2018,1678.78623269491,132.689298160896,64.9,50.6411241447461,74.0,68.0,0.195,12.647045200372,21.12731934,,43.9,63.491,4.246,29.9181125346909
MDG,2019,1707.83153830039,124.946579330031,65.0,51.4242559942128,69.0,60.0,,13.1693375483997,15.50084877,,44.1,63.504,4.221,30.3046972370204
MDG,2020,1545.72714379204,126.585803806645,65.1,52.2020747813196,67.0,55.0,,13.6947390405503,16.78295326,,44.3,62.706,4.17,30.7019474167548
MDV,2005,13942.8753891662,113.929962158203,21.6,95.6853187306833,98.0,97.0,,81.9107386991057,335.13778687,,18.6,74.785,2.199,34.0715178283824
MDV,2006,16829.9768208157,112.385597229004,19.4,95.9990896604814,98.0,97.0,,82.9678419611105,403.94284058,,16.7,75.256,2.204,34.8678636610379
MDV,2007,17439.9504862625,107.563919067383,17.6,96.2874159070082,98.0,97.0,1.701,83.8983717139846,478.24349976,,15.2,75.711,2.293,35.4340781469745
MDV,2008,18344.4866455436,105.335929870605,16.1,96.5912125860585,98.0,97.0,,84.9631631924184,775.14593506,,13.9,75.999,2.371,35.9335121678807
MDV,2009,16230.0089361263,104.559181213379,14.9,96.8924931173137,98.0,98.0,1.51,86.0231687446511,679.66296387,38.4,12.8,76.371,2.39,36.3718272129661
MDV,2010,16730.0144200167,102.100165482332,13.8,97.1912684549674,96.0,97.0,1.455,87.0784721184559,608.87176514,,11.9,76.756,2.349,36.7646137762553
MDV,2011,17581.7676697752,100.38204155014,12.9,97.4875221810395,96.0,96.0,,88.128993363051,588.20758057,,11.1,77.141,2.307,37.1274623517731
MDV,2012,17390.1474995422,97.4747092509902,12.1,97.7812411341271,99.0,98.0,,89.1747640869776,647.11553955,,10.4,77.512,2.254,37.475963433544
MDV,2013,17986.8907361645,95.7687484324053,11.3,98.0723697097107,99.0,99.0,,90.2153433449242,671.65325928,,9.8,77.847,2.174,37.8257075155926
MDV,2014,18765.3592118344,96.8073394495413,10.6,98.3609146245112,99.0,99.0,1.862,91.250996049753,707.39245605,,9.1,78.187,2.089,38.1938859868107
MDV,2015,18829.4481529112,99.0061090225564,9.9,98.6468575811513,99.0,99.0,,92.2815312224762,837.47290039,,8.5,78.607,2.004,38.5771510715291
MDV,2016,19345.1792343541,98.2565323867083,9.2,98.9301591789306,98.0,99.0,1.32,93.3068469398135,1017.99908447,31.3,8.0,78.913,1.903,38.9560872317815
MDV,2017,20036.7165354949,97.1472662194312,8.6,99.2108231698123,98.0,99.0,1.894,94.3268032321981,961.57415771,,7.4,79.228,1.798,39.32787719143
MDV,2018,21072.5805249694,96.6406154097958,8.0,99.4838786975911,98.0,99.0,1.862,95.3413870915622,833.21575928,,6.9,79.433,1.71,39.6923354428279
MDV,2019,21855.501224579,96.8629835988386,7.4,99.6231486421787,98.0,99.0,2.235,96.3505180491116,880.79962158,29.3,6.4,79.707,1.64,40.0492764783282
MDV,2020,14242.9750701162,97.1784452967759,6.9,99.6489940790337,98.0,98.0,,97.1213636398167,845.82440186,,6.0,78.713,1.613,40.3985147902839
MEA,2005,11466.1867676249,90.0650177001953,63.2,86.419120289836,77.7291888178715,75.8944378307304,,66.3950017520511,121.683320292599,,53.4,67.529947021124,3.57811114316293,50.1043079184128
MEA,2006,11838.3024594452,89.3588027954102,61.3,86.7657969590375,76.4964334059852,75.3526370031314,,67.3949039790191,136.608882469712,,52.0,68.0590796974229,3.56377930573561,50.3795976913063
MEA,2007,12172.6860848971,90.2111282348633,59.4,87.170261193127,75.095474477901,75.0919871723965,,68.4228422818511,158.676155464358,,50.5,68.346588319376,3.54500927423124,50.6801329870905
MEA,2008,12410.3548378055,90.2114562988281,57.6,87.6106680386852,75.4326868440159,74.8840109116428,,69.4130738517555,186.748752329642,,49.1,68.7041650814368,3.52422252680883,50.9861350256982
MEA,2009,12328.590525863,90.0345687866211,55.9,87.9518226116268,75.559761235791,75.9608135910691,,70.37059373893,202.48528568994,,47.8,68.9987213130448,3.50913344979088,51.2777903563857
MEA,2010,12644.5287639675,90.8270492553711,54.2,88.279503257658,75.4814062619531,76.5373275823855,0.95570555441206,71.3307472368225,218.14772021924,,46.5,69.2105446964534,3.49627868102769,51.496551443161
MEA,2011,12878.6633569426,89.3950119018555,52.5,88.6179649934772,79.1959109301168,77.5710463823386,,72.304976933552,248.633930530043,,45.0,69.3940300698411,3.47744099649193,51.8428269722488
MEA,2012,12998.8237760191,90.349983215332,51.1,88.9548517198708,77.8866822972099,77.371547603911,,73.2906862002182,263.576317132359,,43.7,69.4551250054337,3.47103841927052,52.3441905145837
MEA,2013,12974.7088043422,89.1839981079102,49.4,89.3167800240958,78.8901610385409,79.659299473936,,75.2718457016154,266.514616894441,,42.3,69.708340253746,3.45458378198777,52.9394246896376
MEA,2014,13125.9569108265,89.1339874267578,47.6,89.670549322907,80.0252876983751,80.1955223514551,,76.256001832016,281.936310466207,,40.9,69.9897867130321,3.43769825413249,53.3224917392575
MEA,2015,13274.4834148132,88.7086563110352,46.2,90.0452010696712,80.4787259471466,81.6001016782004,,77.2666792083961,275.945184678584,,39.8,70.1510409297575,3.40467709971311,53.6392632351358
MEA,2016,13660.6647261647,90.1161422729492,44.6,90.4193410245189,82.1591061097829,83.0476451808701,,78.2661018344261,280.363793333504,,38.6,70.4288635225293,3.34433522982973,53.9026375690062
MEA,2017,13738.7112789254,89.8634033203125,43.5,90.7699929945259,82.4679590461486,82.6716636729248,,79.207872566406,287.67052775355,,37.7,70.7096592741194,3.31820651237254,54.0927613956461
MEA,2018,13857.6977166328,91.0566864013672,42.7,91.1088781867545,84.1873542376929,83.1038012097369,,80.0758906562006,277.246934086199,,37.2,70.9403213532696,3.23367617917511,54.2444653262483
MEA,2019,13875.4354818805,91.8066787719727,41.9,91.4521106234425,85.3001642481221,83.0835732726109,,80.9099122844731,276.604898950364,,36.5,71.2438695042576,3.16206943875318,54.4404080887212
MEA,2020,13261.5451067803,92.2091598510742,40.8,91.7889997502846,81.6075104018515,83.3551684428118,,81.729053627697,277.315342121299,,35.7,69.9110789555644,3.11688086418962,54.6812240122644
MEX,2005,20277.2552852007,108.534042358398,22.1,93.9295704021899,98.0,96.0,1.768,82.634046861873,483.97970581,50.9,19.5,73.627,2.495,76.4748624380269
MEX,2006,20965.8256087044,108.129272460938,21.3,94.3895494210949,98.0,96.0,1.886,83.2911380511861,514.29864502,49.7,18.9,73.746,2.456,76.4982455683657
MEX,2007,21102.2688338349,108.726860046387,20.7,94.8449664577953,98.0,96.0,1.929,83.9388749115264,558.06530762,,18.4,73.796,2.421,76.5047326234761
MEX,2008,20992.5602662364,109.446380615234,20.0,95.2791786706115,96.0,96.0,1.957,84.5778681369926,573.11114502,50.8,17.9,73.695,2.391,76.5090428271033
MEX,2009,19385.5437251877,110.722198486328,19.5,95.5850499173434,95.0,96.0,1.987,85.2078679687607,492.59887695,,17.4,73.628,2.364,76.5143930040295
MEX,2010,20058.3854882301,110.995216369629,18.9,95.8874978648844,95.0,95.0,2.007,85.8292495991465,534.08520508,47.7,17.0,73.718,2.34,76.5244441414713
MEX,2011,20457.6001677783,111.058860778809,18.4,96.1869601419422,97.0,98.0,2.109,86.4428801813735,565.31738281,,16.6,73.921,2.317,76.5667802279537
MEX,2012,20898.935720908,111.073516845703,17.9,96.483147256866,99.0,99.0,2.12,87.0483009641919,582.48297119,49.6,16.2,74.128,2.294,76.6585199140734
MEX,2013,20805.3480406564,110.109268188477,17.5,96.7762637072841,83.0,89.0,2.164,87.6459487223264,625.59765625,,15.8,74.289,2.269,76.7955768077952
MEX,2014,21069.7661653886,108.573143005371,17.0,97.0663144004475,87.0,98.0,2.237,88.2358926764479,609.82232666,48.9,15.4,74.404,2.211,76.9741367091766
MEX,2015,21408.9283216195,106.963432312012,16.6,97.3531385567766,87.0,98.0,2.34,88.8179258213353,553.91259766,,15.0,74.431,2.137,77.1903854182753
MEX,2016,21578.263354126,106.391220092773,16.2,97.6369085403618,93.0,97.0,2.345,89.3924181439649,489.92230225,46.9,14.7,74.376,2.086,77.4405087351486
MEX,2017,21777.5225127275,105.797607421875,15.8,97.9175037608425,85.0,76.0,2.409,89.9592224609298,512.54974365,,14.4,74.261,2.041,77.7206924598541
MEX,2018,21997.7730219494,105.188163757324,15.4,98.1950089060211,88.0,97.0,2.456,90.5185596102805,528.26306152,46.0,14.0,74.301,2.03,78.0271223924494
MEX,2019,21704.185952748,105.095039367676,15.0,98.46943436997,82.0,73.0,2.46,91.0705197769802,549.72601318,,13.7,74.53,2.02,78.355984332992
MEX,2020,19728.4817827455,104.517730712891,14.6,98.7408072689782,72.0,92.0,2.425,91.6152077254503,535.11669922,44.6,13.4,70.449,1.99,78.677960602824
MHL,2005,4075.6807928036,105.958961486816,41.3,88.5455141117699,77.0,86.0,,75.7826662619326,490.59927368,,33.7,64.112,4.276,70.6234401061174
MHL,2006,4076.09863045701,105.283256530762,40.9,88.4803975214392,74.0,96.0,,76.0448233755654,613.29852295,,33.5,64.207,4.197,71.2077527286922
MHL,2007,4222.95393537643,101.758949279785,40.4,88.4157787879213,93.0,94.0,0.596,76.2960646332462,485.01657104,,33.2,64.259,4.09,71.7941991662501
MHL,2008,3903.80571323423,102.192817687988,40.0,88.3514803494463,95.0,86.0,,76.5371074289025,536.23034668,,32.9,64.3,3.967,72.3673018695269
MHL,2009,4047.74537243531,102.752967834473,39.5,88.2877562001055,96.0,78.0,,76.7672035221088,543.67626953,,32.5,64.395,3.83,72.9115832892586
MHL,2010,4269.9054604506,,39.0,88.2244329493456,94.0,97.0,0.615,76.987068031911,548.59899902,,32.2,64.498,3.673,73.4115658761809
MHL,2011,4259.66173142969,105.389073868541,38.4,88.1615235690486,87.0,88.0,0.636,77.1968326186549,376.39205933,,31.8,64.641,3.527,73.8553711172585
MHL,2012,4244.58812838612,,37.8,88.0994261058338,80.0,78.0,0.467,77.3953434668074,410.4979248,,31.3,64.776,3.382,74.2705132518924
MHL,2013,4470.42630092843,,37.0,88.0383075874041,79.0,79.0,,77.5823878699737,445.42425537,,30.7,64.954,3.247,74.6790601806083
MHL,2014,4492.56749211821,,36.1,87.9780013453875,78.0,79.0,,77.7587559493787,449.90563965,,30.1,65.11,3.18,75.0790555372177
MHL,2015,4670.70755785577,106.642496439208,35.2,87.918586730439,85.0,75.0,,77.9244886482311,557.35211182,,29.4,65.292,3.131,75.4702568207363
MHL,2016,4897.14934002038,104.845524161605,34.2,87.8599925436278,71.0,75.0,,78.0801139470474,619.35668945,,28.6,65.477,3.091,75.8524215301796
MHL,2017,5200.01066532485,,33.2,87.8022983184249,80.0,83.0,,78.2256974121697,553.06298828,,27.8,65.673,3.064,76.2253071645634
MHL,2018,5636.02954937672,,32.2,87.7453304443591,81.0,83.0,,78.3619174334576,702.8359375,,27.0,65.87,3.038,76.5886712229035
MHL,2019,6405.89632387105,109.175973437972,31.2,87.6892595354253,79.0,85.0,,78.488659643571,793.66851807,35.5,26.2,66.047,3.012,76.9422712042154
MHL,2020,6418.00663822416,108.44888745566,30.3,87.6339278712455,82.0,89.0,,78.6065823369048,687.02435303,,25.5,65.387,2.989,77.285864607515
MIC,2005,7201.40053186685,103.86109161377,60.5324100373271,83.4689334756154,76.6718530439005,77.1371516111267,,54.8178424563535,90.8328517614538,,44.2249950894515,68.1199928300658,2.60749791085604,43.8019695175297
MIC,2006,7665.31771724037,103.497032165527,57.8840436729488,84.0948443130993,77.9416816494126,79.053093619512,,56.4552887623479,103.969709376121,,42.4915113305192,68.4498049465259,2.58971129169206,44.4880456129603
MIC,2007,8197.99268490885,104.442680358887,55.3796396069672,84.7050453080491,77.5845043897324,79.2235996209305,,58.0880023007262,123.682970678785,,40.8479954896818,68.7885219423492,2.5732766508616,45.2126380147461
MIC,2008,8535.84090946808,104.07202911377,53.2555633962478,85.3170176419624,80.8298182861697,81.2166934899013,,59.72558976698,146.469915555814,,39.4099559636348,68.9800130190862,2.56880037836948,45.8225269106267
MIC,2009,8733.86163528882,103.802803039551,50.7596649438918,85.9087004077774,83.254080926513,84.068139766347,,61.3611254744103,153.919620001281,,37.8472943685616,69.3980951064878,2.5577435930723,46.4975357084807
MIC,2010,9296.31778418793,103.637748718262,48.8928891337214,86.4860732638333,84.0135329552697,84.5190083050129,1.17754356331191,62.991759726952,178.0796210473,,36.5861579352607,69.7152724941539,2.52686339727836,47.0403033483919
MIC,2011,9737.81435931152,103.492416381836,46.8370771092161,87.0398851546243,85.1728884129279,85.2794933248228,,64.6180478906312,206.992484988271,,35.2212814107862,70.0433399389519,2.50354304996341,48.0047713767066
MIC,2012,10125.510949148,104.069122314453,44.5499933253951,87.5847190757083,84.482428873292,84.5875669020083,,66.2468854522926,220.347721213285,,33.6469042324015,70.3714424713366,2.5203286761446,48.6253515790537
MIC,2013,10542.026674052,104.493049621582,43.1106066708463,88.1256927405889,84.2809003156848,85.0425171310916,,67.8773282643311,236.389242842547,,32.6387867586089,70.653650805728,2.47456155116053,49.3147227686173
MIC,2014,10935.2532861253,102.633666992188,41.3874477917751,88.6569050493673,85.3752846261291,85.4896580921696,,69.5084249063081,244.488141087329,,31.3623729949195,70.9352424200034,2.45995452894726,49.9726953069028
MIC,2015,11307.9180137805,102.081848144531,40.2919351330772,89.1775531146105,85.6734330404366,86.2363017291417,,71.1294757304409,239.56122992208,,30.6120960577314,71.2016487222758,2.42245316265027,50.6857478753473
MIC,2016,11720.8222579728,103.386512756348,38.8439677609959,89.6885080548261,86.9538786758946,86.8200403181411,,72.7417537219064,237.224613493272,,29.5910982621596,71.4300275716491,2.42391884220825,51.3297823323889
MIC,2017,12195.0632181132,102.705619812012,37.6468384094244,90.1238294358875,86.9263449295262,87.1011256760136,,74.1825664963615,255.992022217377,,28.6833881624851,71.6459926445355,2.39029375367272,51.9320485360666
MIC,2018,12658.3244996246,99.0251922607422,37.3739192546255,90.6419478778908,87.9296737721053,88.6651021108228,,75.7875259579483,265.175174620183,,28.5021502417225,71.9484629361219,2.30528428131855,52.5468329848241
MIC,2019,13034.1513333008,98.8198623657227,36.6238785213717,91.131732253952,88.1664021157563,88.6541426926325,,77.3613076343066,273.594359283376,,27.9399320494158,72.1773912892027,2.26136124257505,53.1016369485035
MIC,2020,12685.0950213792,99.3273010253906,36.5137939030937,91.6088766387223,84.6000464594502,86.0297536943529,,78.9020869897916,277.112303362011,,27.8554299246045,71.5113174647439,2.1681220437839,53.543730448338
MKD,2005,13354.4611473701,98.1046905517578,13.7,96.8586412875669,97.0,96.0,2.102,89.1441375585342,229.81243896,39.3,12.2,73.6975609756098,1.5,57.8614206464767
MKD,2006,14118.2297877525,97.4777984619141,13.1,96.9404130326478,93.0,94.0,2.483,89.7448433584085,242.60142517,42.6,11.6,73.8951219512195,1.46,57.8796574341199
MKD,2007,15118.2436719552,97.6788101196289,12.3,97.0213724658105,95.0,96.0,2.427,90.3525986106097,263.25378418,,10.9,73.8,1.46,57.9111032054655
MKD,2008,16038.0413530579,91.8012084960938,11.5,97.1016356457898,95.0,98.0,2.59,90.966962665795,313.61117554,46.1,10.2,74.4,1.47,57.9593566737547
MKD,2009,16084.2279730567,91.9132537841797,10.8,97.1812973186845,96.0,96.0,2.603,91.5875725774437,297.88058472,42.8,9.6,74.4463414634146,1.5,58.0280165522288
MKD,2010,16731.0901838425,92.3337936401367,10.4,97.260478214411,95.0,98.0,2.701,92.2138622798074,308.09429932,40.1,9.2,74.9975609756098,1.6,58.1206815541291
MKD,2011,17201.236162644,,10.2,97.3392765626462,96.0,97.0,2.769,92.8454434778871,335.13171387,39.4,9.1,75.1,1.46,58.2409503926967
MKD,2012,17189.9956305456,92.9667129516602,10.4,97.4178150815546,95.0,96.0,2.839,93.4817519077294,317.978302,38.1,9.2,74.9024390243903,1.5,58.3924217811729
MKD,2013,17758.2275594412,96.9780578613281,10.7,97.4961912518525,98.0,96.0,2.883,94.1223717416181,361.13168335,36.2,9.5,75.4,1.5,58.578694432799
MKD,2014,18452.2062280148,95.9001388549805,11.1,97.5745230862782,95.0,93.0,3.021,94.7668041558134,357.63867188,35.2,9.8,75.4512195121951,1.5,58.8033670608162
MKD,2015,19215.0740381192,96.8858184814453,11.1,97.6529269300646,91.0,89.0,3.017,95.4144114282649,322.25213623,35.6,9.8,75.4024390243902,1.49,59.0700383784659
MKD,2016,19825.7724685057,,10.6,97.7315020702952,95.0,82.0,3.166,96.0648171578031,347.44271851,34.5,9.4,75.4,1.5,59.3823070989891
MKD,2017,20121.0510180726,95.2024078369141,9.6,97.8103630941709,91.0,83.0,3.204,96.7174458342857,375.3303833,34.2,8.5,75.9536585365854,1.43,59.7437719356273
MKD,2018,20805.9221192555,95.5603866577148,8.4,97.8896166330973,93.0,75.0,3.315,97.3296814337333,426.57290649,33.0,7.4,76.6487804878049,1.42,60.1580316016216
MKD,2019,21766.8842062487,93.6538467407227,7.1,97.9693792101594,92.0,75.0,3.409,97.8791697296938,469.47344971,33.5,6.3,76.6024390243903,1.34,60.6286848102132
MKD,2020,20971.4421033593,93.4353332519531,6.0,98.049753932852,84.0,63.0,3.343,98.4277706026568,510.81011963,,5.3,74.3951219512195,1.31,61.1593302746435
MLI,2005,2546.33281405861,69.7963180541992,160.1,57.6096707559848,77.0,73.0,0.06,23.4264099806876,23.97353554,,88.3,53.792,6.708,20.8706715422205
MLI,2006,2555.07476258805,72.4690475463867,154.6,59.2432791544715,78.0,68.0,0.057,24.6671660825145,26.93190002,38.9,85.8,54.305,6.677,21.2987608960246
MLI,2007,2515.94692366143,74.726676940918,149.2,60.8678932754337,74.0,66.0,0.06,25.9143828499992,29.63545799,,83.4,54.756,6.647,21.7398043631622
MLI,2008,2523.19961270039,76.5747985839844,144.0,62.4840069987377,74.0,71.0,0.063,27.1686715784898,33.21391678,,81.1,55.187,6.624,22.1922849560871
MLI,2009,2575.54549773648,77.8208770751953,138.9,64.0894295059223,73.0,73.0,0.116,28.4286615146563,34.64731598,33.0,78.9,55.588,6.592,22.6557955217884
MLI,2010,2632.2646821909,78.2843194478002,133.8,65.6825064344256,73.0,78.0,0.096,29.6932856424804,31.36436844,,76.7,55.993,6.579,23.1359461824894
MLI,2011,2623.34627008698,78.6656430079497,128.8,67.2626511406481,66.0,72.0,0.111,30.9622372812507,31.67968369,,74.5,56.367,6.545,23.6379674039304
MLI,2012,2520.52931086804,75.3898048541622,123.9,68.8293224749943,65.0,67.0,0.101,32.2352227048023,27.53120613,,72.4,56.696,6.523,24.1606168848588
MLI,2013,2528.5300676726,70.8734283447266,119.1,70.3820228884165,64.0,62.0,0.113,33.5119596461235,30.06661987,,70.3,57.052,6.491,24.7033626854883
MLI,2014,2609.16733048395,71.8215759998762,114.4,71.9205681917845,66.0,65.0,0.097,34.7924079704944,35.7261734,,68.2,57.482,6.441,25.2656728660325
MLI,2015,2686.56065073799,70.5209747052129,109.7,73.4442818917146,70.0,67.0,0.094,36.0760821566718,28.97842216,,66.1,57.852,6.385,25.847015486705
MLI,2016,2759.11051293341,71.8693090094813,105.1,74.9530465324724,76.0,70.0,0.117,37.3629585814102,27.58086205,,64.0,58.286,6.319,26.4468586077195
MLI,2017,2816.19423901587,74.6733759399248,100.6,76.4467561333581,77.0,70.0,0.113,38.6530201870083,28.49467659,,61.9,58.562,6.251,27.0646702892896
MLI,2018,2862.40728987476,70.3689604909815,96.2,77.9248726503067,76.0,71.0,0.12,39.9458152875809,31.16962242,36.0,59.7,58.873,6.118,27.6999185916288
MLI,2019,2916.17167791084,,91.9,79.3875776496975,77.0,71.0,,41.2415636688459,31.4089489,,57.6,59.217,5.892,28.3520715749509
MLI,2020,2796.41038444386,,87.6,80.8342374526546,70.0,62.0,,42.5396302417606,28.20211601,,55.4,58.858,5.85,29.0205972994693
MLT,2005,32776.9683721182,102.89608001709,6.9,100.0,92.0,86.0,3.404,99.9484979431454,1378.2388916,,6.1,79.3,1.38,93.6985189936163
MLT,2006,33420.7141096927,102.830116271973,6.9,99.9999978183576,85.0,94.0,3.764,99.9484166203892,1480.1126709,28.0,6.0,79.4390243902439,1.36,93.7986874969541
MLT,2007,34981.7020970372,103.004371643066,6.9,100.0,74.0,79.0,3.253,99.9483801402341,1606.22094727,29.2,6.0,79.7926829268293,1.35,93.9118231189546
MLT,2008,36287.726099619,103.135833740234,6.9,99.9999999672221,72.0,78.0,3.279,99.9483390179808,1759.8626709,29.0,6.0,79.6365853658537,1.43,94.0294765354989
MLT,2009,35512.6774555483,98.1346664428711,6.9,100.0,73.0,82.0,2.987,99.948299467383,1683.5435791,30.2,6.0,80.2414634146342,1.42,94.1423744490362
MLT,2010,37528.7341525511,102.578308105469,6.9,99.9999988772099,76.0,73.0,3.026,99.9482592767257,1735.48693848,29.0,6.0,81.3975609756098,1.36,94.2412435620154
MLT,2011,37740.8473665429,100.981498718262,6.8,100.0,96.0,84.0,3.107,99.9529309076339,1962.20556641,29.1,6.0,80.7463414634146,1.45,94.3155916422812
MLT,2012,38937.1487755674,100.937980651855,6.8,100.0,99.0,93.0,3.237,99.9576050642504,1898.50866699,29.4,6.0,80.7463414634146,1.42,94.3626256493653
MLT,2013,40921.3167795062,100.87850189209,6.7,99.9999994764776,99.0,99.0,3.421,99.9622878778312,2127.0612793,28.8,5.9,81.7463414634146,1.36,94.3906567856206
MLT,2014,43163.1473000396,100.008308410645,6.7,99.999997506533,99.0,98.0,3.604,99.9669760572969,2466.89111328,29.0,5.9,81.8951219512195,1.38,94.412512773898
MLT,2015,46171.8893420758,99.9228973388672,6.6,99.9999976305003,97.0,89.0,3.676,99.9716734306493,2249.00463867,29.4,5.8,81.7975609756098,1.37,94.4387696268011
MLT,2016,46967.3486291212,99.7741088867188,6.5,99.9999985454062,97.0,93.0,3.828,99.9763785453032,2326.67016602,29.1,5.7,82.3536585365854,1.37,94.4800033569336
MLT,2017,51628.2677400365,99.4793930053711,6.4,99.9999988683956,98.0,91.0,3.965,99.9810896682043,2562.88574219,29.2,5.6,82.1951219512195,1.26,94.5691806330314
MLT,2018,53419.0022708322,99.830680847168,6.3,99.9999969675015,97.0,96.0,3.972,99.9858051675868,2759.91186523,28.7,5.5,82.2487804878049,1.23,94.7242373261706
MLT,2019,53393.4231642463,98.9984817504883,6.1,100.0,98.0,96.0,4.026,99.9905343490211,2947.24023438,31.0,5.4,82.6585365853659,1.14,94.9332032524644
MLT,2020,50389.6963309289,98.1449203491211,6.0,100.0,98.0,95.0,4.164,99.9952644133915,3140.77026367,31.4,5.2,82.0975609756098,1.14,95.1841082280263
MMR,2005,2377.90258162976,104.437133789062,76.3,55.2373698713053,73.0,84.0,0.392,66.2119516928638,7.65254498,,64.7,61.72,2.515,28.390792243762
MMR,2006,2669.32700379999,105.169502258301,73.6,56.9590615338735,82.0,78.0,0.429,66.756940787588,8.47415161,,62.6,62.026,2.471,28.5517581878355
MMR,2007,2968.3033151236,106.169532775879,70.8,58.7062336029249,86.0,81.0,0.453,67.3001769970488,9.91384029,,60.5,62.367,2.447,28.7079107938945
MMR,2008,3254.738978881,108.062278747559,101.7,60.4787323145867,85.0,82.0,0.49,67.8416392315072,14.70817947,,71.0,56.364,2.404,28.8586544957208
MMR,2009,3578.17424704515,108.319793701172,65.1,62.2761475757096,90.0,87.0,0.504,68.3369194463673,18.70313454,,56.0,63.095,2.369,29.0033937270962
MMR,2010,3893.79030665874,109.490142822266,62.4,64.0988519879754,90.0,88.0,0.539,68.829818100566,20.23270416,,53.8,63.479,2.335,29.1415329218024
MMR,2011,4078.61220919965,,59.7,65.9461876733172,84.0,88.0,0.568,69.3199771322654,27.40522575,,51.7,63.859,2.306,29.2724765136213
MMR,2012,4340.99945069174,,57.0,67.8182524811461,84.0,84.0,0.599,69.8075314320921,37.25568008,,49.5,64.251,2.276,29.3956289363345
MMR,2013,4666.95376141392,,54.6,69.7146626625881,75.0,86.0,,70.2923141744914,37.68575287,,47.5,64.617,2.264,29.5103946237239
MMR,2014,5006.50667149767,115.448463439941,52.4,71.6357324611293,88.0,88.0,,70.7745876052099,54.28113556,,45.8,64.994,2.252,29.6164342116462
MMR,2015,5313.88615901476,,50.5,73.5840283312627,89.0,84.0,,71.2558705695299,63.62335968,38.1,44.1,65.288,2.266,29.7166821191682
MMR,2016,5580.98977273232,119.916152954102,48.7,75.5592746825868,90.0,91.0,0.638,71.7359380963987,59.67910385,,42.6,65.64,2.27,29.8129165582094
MMR,2017,5877.87465558175,121.799392700195,46.8,77.5609391468529,89.0,83.0,0.889,72.2144198606081,59.51782608,30.7,41.1,65.909,2.252,29.9051727703437
MMR,2018,6201.26341429803,120.214569091797,45.2,79.5886557826298,91.0,93.0,0.696,72.6910446469858,60.83261871,,39.8,66.232,2.228,29.993574050729
MMR,2019,6562.98898478625,,43.6,81.6416324017497,90.0,84.0,0.757,73.1653173340109,53.72147369,,38.4,66.457,2.206,30.0782436945232
MMR,2020,5926.83450206681,,42.1,83.6954599459105,84.0,91.0,,73.6368737740023,66.02284241,,37.2,66.612,2.179,30.1593049968842
MNA,2005,8068.28257623881,,65.7828528420864,85.4916058426431,76.6872200537674,74.7133347620436,,65.2435393938995,71.8909347897181,,55.6915524265694,66.853402612801,3.62182195458792,47.5319300484683
MNA,2006,8323.68223524681,,63.8828983214164,85.8416378085292,75.3673150355647,74.1816749477226,,66.2480350043931,81.046497753379,,54.1880930435813,67.3815240346302,3.6100312048631,47.7512660052196
MNA,2007,8627.73711127116,,61.8559491743971,86.2463970221447,73.8767057278389,73.8590541435073,,67.2619866171839,96.7627295637141,,52.6713440292116,67.6503603993861,3.59441353508586,47.9731071044676
MNA,2008,8753.13707659614,,60.0605390860058,86.7028057355943,74.1723555330768,73.5864390770215,,68.2404149946355,115.762752686957,,51.2324639561089,67.9910660173055,3.58130406581268,48.2030779120363
MNA,2009,8831.71489382729,,58.3663299864853,87.0501593684091,74.2875355637939,74.6947308757779,,69.2034143504547,127.401517091482,,49.9280224706447,68.2744546682628,3.57177972392374,48.4373440390892
MNA,2010,9052.10818995059,,56.606004469962,87.4162819343599,74.2098839577824,75.3162884171714,,70.1949292331221,140.539041915876,,48.5108314263146,68.4912505131132,3.56282894271289,48.6902296244778
MNA,2011,8988.59983471501,,54.8421887091685,87.7676574616923,78.1383584005639,76.3840448539577,,71.1894806763045,158.778757989943,,47.0654261999844,68.6624095113408,3.54610406035721,49.0044547569398
MNA,2012,8984.93510074166,,53.3649585528709,88.1145347041119,76.7477012313457,76.1688644554981,,72.1813013903067,167.647661012941,,45.7197117965624,68.6913310388784,3.54106246026335,49.4690950778976
MNA,2013,8907.44506975348,,51.5708395126252,88.4816812358785,77.7637374395733,78.554675462845,,73.2128006515828,158.090976950287,,44.2810796568232,68.9136300385634,3.53015929601993,50.0190261281607
MNA,2014,8991.33075661477,,49.8162056878113,88.8517445872969,78.9839798611862,79.134237658974,,74.2501713853102,161.57789085985,,42.9091777162704,69.1715558421355,3.51235230424941,50.3756426552581
MNA,2015,9038.56259409523,,48.3695161809907,89.2326194975922,79.4230637478236,80.6062475920961,,75.2914272852237,159.772759933662,,41.745168626521,69.2873263613117,3.48219949137543,50.6192148296493
MNA,2016,9412.5084550993,,46.8492727969889,89.6213797376441,81.2052794984295,82.117669815156,,76.3414593674824,158.319363742984,,40.5944945238614,69.5328376363007,3.41866135030369,50.8273618824722
MNA,2017,9558.34316749669,,45.7708991752807,90.0037539897439,81.4962800455173,81.7651904266169,,77.3739363536868,159.087335046839,,39.6871762284435,69.8141316373328,3.38993507836557,51.0212891329828
MNA,2018,9610.53590554892,,45.0311073861595,90.3868591319863,83.3995558821619,82.1532807587773,,78.3580724557766,139.902719650037,,39.1265063924956,70.0733668958653,3.2999810388616,51.2278326304516
MNA,2019,9622.70742842857,,43.9889081854891,90.7675430320011,84.5785588336869,82.2281510833076,,79.2892833996802,135.944696475486,,38.344503876803,70.417484585256,3.23197870200249,51.461592912125
MNA,2020,9308.58068497712,,42.7294271759822,91.126512818435,80.7652390252073,82.5113424397491,,80.1716511891983,125.750005425982,,37.4140515517314,69.050634286622,3.19426320279169,51.6896857274925
MNE,2005,16348.8994494652,108.755180358887,10.6,,,,1.897,,,30.2,9.3,73.9829268292683,1.69,62.6763680644251
MNE,2006,17727.3660449403,112.498550415039,9.7,95.1771363433135,90.0,90.0,1.942,90.6415121374975,,30.0,8.6,73.8390243902439,1.73,63.111308588912
MNE,2007,18966.4529580465,116.795532226562,8.9,95.4603088591974,92.0,90.0,1.947,91.1775903884606,,31.4,7.8,74.3390243902439,1.8,63.5035790981749
MNE,2008,20238.9216459135,120.292976379395,8.1,95.7432123993098,95.0,89.0,2.073,91.7158378297671,,30.5,7.1,75.1365853658537,1.89,63.8414387962647
MNE,2009,18984.9379136097,113.767211914062,7.4,96.0257884355961,92.0,86.0,2.072,92.2561094620688,,31.0,6.4,75.1439024390244,1.98,64.1131468872325
MNE,2010,19476.1626179487,108.25479888916,6.7,96.3080710826968,94.0,90.0,2.019,92.7984934115956,,28.9,5.8,75.990243902439,1.7,64.3069625751293
MNE,2011,20110.4869725048,98.0292282104492,6.1,96.5900878676882,95.0,91.0,1.99,93.3430526184903,571.65600586,30.8,5.2,76.0829268292683,1.65,64.4210914835811
MNE,2012,19576.412051459,99.0702972412109,5.5,96.8718312757474,94.0,90.0,2.014,93.8897863076242,535.16223145,41.2,4.7,76.3,1.72,64.5244008658951
MNE,2013,20201.2916344369,,5.0,97.1533140949299,94.0,88.0,2.129,94.438754002914,597.17596436,39.0,4.3,76.490243902439,1.73,64.6252987959653
MNE,2014,20641.7645176561,,4.6,97.4345288246908,91.0,76.0,2.17,94.9899616180891,581.40106201,38.8,3.9,76.3390243902439,1.75,64.7232143772459
MNE,2015,21131.8410316247,101.203620910645,4.2,97.7154742169306,89.0,64.0,2.372,95.5434213816421,582.18743896,39.0,3.5,76.6024390243903,1.7,64.8181652937171
MNE,2016,21834.0918741924,100.174591064453,3.9,97.9838031663894,89.0,47.0,2.589,96.0990784093621,604.88665771,38.5,3.2,76.5414634146342,1.8,64.9101692293409
MNE,2017,22513.7807637171,100.943252563477,3.6,98.2281722973241,87.0,58.0,2.675,96.6569962707111,623.68841553,36.9,3.0,76.6853658536585,1.8,64.9992438680584
MNE,2018,23562.1762558957,103.264472961426,3.3,98.8789249228913,86.0,42.0,2.809,97.2142443586762,745.7520752,36.8,2.8,77.8853658536585,1.8,65.0854068937869
MNE,2019,24585.1159529158,103.651741027832,3.1,99.0815729243166,87.0,37.0,2.792,97.5022963479866,754.77441406,35.7,2.6,76.6829268292683,1.8,65.1686759904159
MNE,2020,20904.5999314513,103.846572875977,2.9,99.2839751783308,84.0,24.0,2.831,97.771772470462,896.24884033,35.4,2.4,75.9317073170732,1.75,65.2490688418027
MNG,2005,7499.84803935428,96.1072006225586,40.5,69.2258593497373,99.0,97.0,2.648,48.0796741751259,38.04277039,,31.4,65.2807317073171,2.0,62.3122627023789
MNG,2006,8043.99678108557,98.0709686279297,37.0,70.5155400151406,99.0,99.0,2.739,49.6017260697185,49.52784348,,28.8,65.9021951219512,2.1,63.8388366340039
MNG,2007,8750.13407442299,96.4715576171875,33.8,71.7804641476083,95.0,98.0,2.813,51.1306318210775,66.17643738,35.8,26.5,66.5934146341464,2.3,65.2590695004873
MNG,2008,9379.85489687765,98.8945388793945,31.0,73.0207899506692,96.0,97.0,2.879,52.6658164646959,97.26833344,,24.4,67.2460975609756,2.6,66.4693095486742
MNG,2009,9095.9769892529,109.426750183105,28.5,74.2336967289894,95.0,94.0,2.679,54.2047237331896,76.7000351,,22.5,67.9690243902439,2.8,67.3659050254095
MNG,2010,9507.118823625,121.840103149414,26.3,75.4224593493441,96.0,97.0,2.775,55.748796660386,99.50933838,33.1,20.8,68.5056097560976,2.4,67.8298018313254
MNG,2011,10960.0959283864,120.545547485352,24.4,76.3129761358457,99.0,98.0,2.893,57.1062265256697,135.98664856,33.9,19.4,69.109268292683,2.6,67.9196058798676
MNG,2012,12078.9185320062,115.839420097405,22.8,77.0456343168303,99.0,99.0,3.075,58.3638961437545,169.6519928,33.8,18.2,69.500243902439,2.7,67.9522782537785
MNG,2013,13210.0945665668,107.682179792169,21.5,77.7798259632281,98.0,97.0,3.125,59.6305788541198,180.41543579,,17.3,70.0980487804878,3.0,67.9776750055915
MNG,2014,13943.4277148653,99.8473218349628,20.4,78.5150961295777,99.0,98.0,3.193,60.9059101713151,176.69651794,32.0,16.5,70.5831707317073,3.1,67.9941357229626
MNG,2015,13974.5967260365,97.8139824176106,19.4,79.2523120738023,99.0,98.0,3.243,62.1905023037508,165.19296265,,15.7,70.810243902439,3.0,67.9999999906095
MNG,2016,13898.1456953585,97.2863818674059,18.4,79.9910274586386,99.0,99.0,3.289,63.4840050160805,168.41404724,32.3,15.0,70.2239024390244,3.0,67.9776754820979
MNG,2017,14401.5375067562,94.4515595966861,17.4,80.7307985361717,99.0,99.0,3.407,64.7860401773072,160.4889679,,14.2,70.5434146341463,2.8,67.9260583223672
MNG,2018,15230.2408828847,95.085682296023,16.4,81.4783824183296,99.0,99.0,3.526,66.102065585159,188.64115906,32.7,13.5,70.8270731707317,2.9,67.8683444833372
MNG,2019,15790.6961126441,94.1334790567196,15.6,82.233221224194,98.0,98.0,3.647,67.4319599015551,197.57131958,,12.8,71.0531707317073,3.0,67.8277299551557
MNG,2020,14801.3420829185,92.3464601580662,14.8,82.994734823721,96.0,97.0,3.778,68.7755717433728,188.77464294,,12.2,71.3490243902439,2.9,68.0894771770775
MNP,2005,,,,97.430139110996,,,,95.3190944864897,,,,77.307,2.256,90.5796270580004
MNP,2006,,,,97.6192823098218,,,,95.5802406275802,,,,77.688,2.613,90.6534562341057
MNP,2007,,,,97.8084255086475,,,,95.8413867686706,,,,77.863,2.786,90.726220848958
MNP,2008,,,,97.9975687074732,,,,96.102532909761,,,,77.938,2.815,90.7990126104496
MNP,2009,,,,98.186711906299,,,,96.3636790508513,,,,77.903,2.736,90.8729232264729
MNP,2010,,,,98.3758551051247,,,,96.6248251919417,,,,77.8,2.982,90.9488180328106
MNP,2011,,,,98.5649983039505,,,,96.8859713330322,,,,77.688,3.208,91.0253367901352
MNP,2012,,,,98.7541415027762,,,,97.1471174741226,,,,77.566,3.328,91.1011927559234
MNP,2013,,,,98.9432847016019,,,,97.408263615213,,,,77.452,3.535,91.1764941872129
MNP,2014,,,,99.1324279004277,,,,97.6694097563033,,,,77.377,3.372,91.2512344351276
MNP,2015,,,,99.3215710992534,,,,97.9305558973937,,,,77.36,3.134,91.3254068507915
MNP,2016,,,,99.5107142980791,,,,98.1917020384842,,,,77.392,2.923,91.3990047853283
MNP,2017,,,,99.6998574969049,,,,98.4528481795746,,,,77.47,2.762,91.4720215898621
MNP,2018,,,,99.8890006957306,,,,98.713994320665,,,,77.51,2.643,91.5444506155168
MNP,2019,,,,100.0,,,,98.9751404617553,,,,77.844,2.559,91.6162852134162
MNP,2020,,,,100.0,,,,99.2362866028457,,,,78.03,2.494,91.6908367362908
MOZ,2005,970.38995609863,100.058006286621,125.7,30.391019323665,80.0,78.0,,15.661495607588,18.40718079,,80.5,52.322,5.5,30.0098613217248
MOZ,2006,1041.80471709595,102.737716674805,118.8,31.9468315696643,78.0,76.0,0.026,16.6744657730016,18.05057144,,76.0,52.748,5.452,30.1740801725307
MOZ,2007,1095.12568701598,109.321502685547,110.7,33.5293144441132,75.0,75.0,,17.6947339130943,19.29700851,,70.1,53.255,5.466,30.3598131347122
MOZ,2008,1141.94256161019,114.194580078125,104.4,35.2815210331491,75.0,77.0,,18.8175728896395,24.48562622,45.5,67.4,53.799,5.598,30.5625357695184
MOZ,2009,1178.70909947834,115.103843688965,98.3,37.0713316939985,74.0,80.0,0.047,19.9603052560203,27.68954468,,63.9,54.4,5.681,30.7715592059159
MOZ,2010,1224.23020471309,116.867207366317,95.6,38.8870842432342,74.0,82.0,0.05,21.1157832994067,26.26061249,,63.6,55.04,5.66,30.9861779822921
MOZ,2011,1275.52959822581,113.599054478212,91.1,40.7272349107275,77.0,82.0,0.054,22.2833615319123,30.42516136,,59.8,55.733,5.599,31.2062230032794
MOZ,2012,1338.51594866104,113.200785284243,86.5,42.5912317568362,80.0,83.0,0.056,23.4630594441157,35.24672699,,57.1,56.46,5.518,31.4315251735105
MOZ,2013,1385.83254864214,114.118825775581,82.9,44.4785109091444,82.0,83.0,0.058,24.6548929254595,41.5031395,,56.1,57.189,5.43,31.6619153976179
MOZ,2014,1449.92926632722,114.277516463599,79.7,46.3885053370703,85.0,83.0,,25.8588794084376,43.50259018,54.0,55.1,57.965,5.304,31.8972245802342
MOZ,2015,1512.5997455554,114.82837357539,75.8,48.3206421640835,85.0,83.0,,27.0750381576231,40.35658646,,53.8,58.711,5.245,32.1372836259918
MOZ,2016,1537.90853271216,113.687876415561,73.3,50.2743318960673,85.0,83.0,,28.3033808340067,31.85357285,,52.8,59.455,5.188,32.3819234395234
MOZ,2017,1532.0073576114,111.566194762496,72.0,52.2485430306556,85.0,83.0,0.077,29.5435460585168,36.75825882,,51.4,60.148,5.128,32.6274411492675
MOZ,2018,1538.83512127022,115.270990181058,70.2,54.2431367591977,85.0,83.0,0.085,30.7959176592195,41.29206467,,50.3,60.79,5.07,32.9902559073541
MOZ,2019,1528.88988354373,117.86067127577,68.6,56.2587719909351,85.0,83.0,0.086,32.0616645064997,41.01906586,50.7,49.2,61.306,5.016,33.4177241517032
MOZ,2020,1466.12476474476,118.980061431837,67.6,58.2943448564578,71.0,73.0,0.084,33.3404532645595,34.92252731,,48.6,61.39,4.959,33.9044006416285
MRT,2005,5445.82950903243,89.0759201049805,72.5,48.3637496328725,71.0,65.0,,24.4309798679279,34.00539017,,52.2,63.92,5.376,40.407151934074
MRT,2006,6284.70209004217,92.2504577636719,68.1,49.8930914741819,68.0,62.0,,25.9997164897389,35.14922333,,49.4,64.493,5.404,41.3739934217664
MRT,2007,6002.77832134488,94.5087280273438,64.3,51.4299037180572,75.0,67.0,,27.6037678904985,40.41820145,,47.2,64.885,5.426,42.4406001164139
MRT,2008,5813.35608502791,91.1832809448242,61.3,52.9742769831922,74.0,65.0,,29.2444593327866,49.2858696,35.7,45.3,65.233,5.436,43.5784901049073
MRT,2009,5639.78744910419,97.033561706543,58.8,54.5236725907371,64.0,59.0,0.136,30.9205985186658,44.64679718,,43.9,65.485,5.406,44.7591814741371
MRT,2010,5605.76388862715,97.8571652188966,56.8,56.0793137596393,64.0,67.0,0.161,32.634513910578,43.759655,,42.7,65.661,5.384,45.9541923109942
MRT,2011,5653.21720092427,95.4359624506773,55.1,57.6405391140785,75.0,67.0,,34.3867695026877,47.77469254,,41.8,65.754,5.38,47.1350407023691
MRT,2012,5716.25195414285,94.9017954032329,53.5,59.206705237902,80.0,75.0,,36.1778963960657,49.2515831,,41.0,65.808,5.352,48.2732447351525
MRT,2013,5769.72870902318,93.6377057031555,52.1,60.7764532840581,80.0,80.0,,38.0075543396616,55.47412872,,40.2,65.89,5.317,49.3553973225913
MRT,2014,5837.85203095508,93.9026961891851,50.6,62.3466709330309,81.0,75.0,0.162,39.8731407401327,59.39431381,32.6,39.3,66.207,5.261,50.4694791226856
MRT,2015,5969.54239289516,96.699365333097,49.1,63.916470728636,73.0,70.0,0.175,41.7742652183786,57.1233139,,38.5,66.498,5.211,51.6680350049622
MRT,2016,5866.28144674129,88.6641926490124,47.7,65.4850065623498,74.0,73.0,,43.7104270690001,49.90084076,,37.6,66.823,5.157,52.9185627319946
MRT,2017,6050.62180325299,87.8173094861384,46.2,67.0528469845158,76.0,75.0,0.188,45.6828446170813,55.22446442,,36.7,67.088,5.106,54.1970448502004
MRT,2018,6153.63790241704,90.2193039220816,44.7,68.6188207153195,77.0,78.0,0.196,47.6904380054199,49.68307495,,35.8,67.419,5.044,55.1305077000081
MRT,2019,6162.21044455969,90.2671941351334,43.4,70.1831740304399,80.0,75.0,0.201,49.7339098436372,54.63365555,32.0,34.9,67.64,4.984,56.0596215779146
MRT,2020,5963.23549724988,93.8044664780786,42.0,71.7451315704303,81.0,82.0,0.203,51.8124755125379,53.89974594,,33.9,66.794,4.912,56.9836701058893
MUS,2005,15264.5981839157,102.094566345215,15.6,99.473396831772,97.0,98.0,1.068,91.9320916263266,192.13858032,,13.7,72.4321951219512,1.88,41.1419874152917
MUS,2006,15932.8192222795,101.59693145752,15.4,99.4967060410466,97.0,99.0,1.108,92.2159724037212,203.24180603,35.7,13.5,72.4321951219512,1.77,40.9607687547567
MUS,2007,16774.5685137565,100.83757019043,15.2,99.5200720163926,97.0,98.0,1.123,92.5003340946351,229.2313385,,13.3,72.5707317073171,1.74,40.7846600109183
MUS,2008,17627.1121948078,101.194557189941,15.0,99.5434873367577,99.0,98.0,1.138,92.7851254425672,312.88540649,,13.2,72.5707317073171,1.67,40.6154231740954
MUS,2009,18171.6870025783,100.478866577148,14.9,99.5669598698171,99.0,99.0,1.153,93.0703993955795,301.67260742,,13.1,72.8824390243903,1.59,40.4548202346069
MUS,2010,18925.5713852829,100.593631948192,14.8,99.5904884029877,99.0,99.0,1.169,93.356133421421,357.17382813,,13.0,72.9673170731707,1.57,40.3046131827718
MUS,2011,19678.6022639733,100.025853822488,14.9,99.6140745200193,98.0,99.0,1.407,93.6423302206656,385.76248169,,13.1,73.2668292682927,1.55,40.1665923228716
MUS,2012,20313.0328941469,99.3669004354746,15.0,99.6377035692288,98.0,99.0,1.336,93.928957338752,387.1026001,38.5,13.2,73.8634146341464,1.56,40.0369511615085
MUS,2013,20952.3775734986,97.8401164880995,14.9,99.6614006304561,98.0,99.0,1.585,94.2160990172905,440.00280762,,13.2,74.0170731707317,1.45,39.9108848558771
MUS,2014,21721.3096444788,97.151872457029,14.7,99.6851453153078,97.0,98.0,1.88,94.5036776997777,544.44122314,,13.0,74.1943902439024,1.44,39.7887571971735
MUS,2015,22499.0254570551,97.1186716587986,14.5,99.7089459082034,97.0,99.0,1.973,94.7917221671352,515.72247314,,12.9,74.3531707317073,1.37,39.6709610617726
MUS,2016,23357.230006621,96.7216048032764,14.6,99.7328674353139,96.0,92.0,2.144,95.0806649213747,540.39239502,,13.0,74.3948780487805,1.41,39.5578893260494
MUS,2017,24258.988821567,96.4786321239223,15.0,99.7568929289724,94.0,89.0,2.268,95.3704562123422,594.86120605,36.8,13.3,74.5146341463415,1.46,39.4499348663789
MUS,2018,25243.886462031,96.4493985496331,15.4,99.7810033691491,97.0,99.0,1.858,95.6610436549434,640.62182617,,13.7,74.4163414634146,1.42,39.3474905591359
MUS,2019,25958.4900281465,95.423076066873,15.7,99.8052010577748,96.0,99.0,2.558,95.9523952887646,639.18286133,,14.0,74.2358536585366,1.41,39.2509492806955
MUS,2020,22272.5398696677,95.0063902545739,15.8,99.8294531889086,95.0,98.0,2.689,96.2430585209024,541.95184326,,14.1,74.1770731707317,1.46,39.1607039074325
MWI,2005,1214.7426419188,131.803100585938,109.7,58.1227398593288,93.0,82.0,,11.6430173155279,17.24028015,,65.1,52.469,5.848,15.1041793656241
MWI,2006,1237.27386519947,131.494323730469,102.7,58.9127413872202,99.0,85.0,,13.9195182666637,20.95070648,,61.6,53.652,5.802,15.1753987017157
MWI,2007,1318.33196397214,128.682327270508,96.9,59.7001195551836,87.0,83.0,,16.1881872542677,25.0216465,,59.1,54.687,5.724,15.2477960727861
MWI,2008,1378.42886690465,136.033767700195,91.0,60.4845500797973,91.0,88.0,0.018,18.4488656297589,32.73482132,,56.0,55.715,5.609,15.3238029928378
MWI,2009,1449.72601522136,133.763076782227,85.3,61.2695217967754,93.0,92.0,0.018,20.7030011916433,35.56456757,,53.7,56.714,5.453,15.4015312766848
MWI,2010,1504.37514113215,135.953379497131,80.1,62.054717323412,93.0,93.0,,22.950220782325,33.99194336,45.5,51.5,57.787,5.263,15.4776969380518
MWI,2011,1533.22889572405,136.570114875395,74.0,62.8400904977238,97.0,96.0,,25.1902507973083,39.29234314,,48.0,58.859,5.083,15.5523153908723
MWI,2012,1518.14803849238,136.603950137451,67.9,63.6250410332197,96.0,90.0,,27.4226021008412,32.53762817,,45.1,59.87,4.902,15.6253133040464
MWI,2013,1555.50607410511,140.88915082399,62.9,64.4097635787401,89.0,88.0,0.012,29.6470619671529,39.54008484,,42.6,60.816,4.759,15.6966173464742
MWI,2014,1597.56484331405,140.734554498983,60.0,65.1933925643295,91.0,85.0,,31.8630595478382,35.33760452,,41.1,61.651,4.569,15.766154187056
MWI,2015,1597.69145324855,139.547593190997,57.4,65.9763340121013,88.0,87.0,,34.0704035850355,34.97310638,,39.7,62.324,4.384,15.8338504946918
MWI,2016,1593.59549264808,137.823026920131,55.8,66.7575071708792,84.0,81.0,0.031,36.2684898070789,34.0307579,44.7,39.1,63.163,4.216,15.899632938282
MWI,2017,1613.0593571462,139.233233518644,53.8,67.5372652238348,88.0,83.0,,38.4570661478088,37.60110092,,38.5,63.914,4.113,15.9634281867266
MWI,2018,1638.91665761076,136.723876953125,52.0,68.3152167592517,92.0,87.0,0.15,40.6356741988533,36.70302963,,38.0,64.464,4.021,16.0221486554255
MWI,2019,1687.28944917892,139.274520404398,51.3,69.0907681697374,95.0,92.0,,42.8038384563156,36.91519165,38.5,38.3,64.995,3.952,16.1383746619001
MWI,2020,1656.43985192533,136.43618677975,50.4,69.8639475231257,94.0,90.0,0.049,44.9611479828173,42.37881851,,38.2,65.216,3.877,16.2961471756409
MYS,2005,20767.5857243346,97.1333618164062,8.3,96.6181133763505,96.0,96.0,0.778,93.9630919319295,162.17677307,,6.5,74.37,2.391,67.0159820173565
MYS,2006,21444.4857715028,97.8367385864258,8.3,96.7127740822189,95.0,95.0,0.83,94.1271404616595,200.54800415,44.8,6.5,74.697,2.308,67.9191992840997
MYS,2007,22305.118263117,98.3626403808594,8.3,96.8049040699595,97.0,95.0,0.879,94.287803077426,230.5599823,,6.5,74.961,2.252,68.7649673902807
MYS,2008,22898.0027575442,98.6990509033203,8.2,96.894523797627,97.0,95.0,0.911,94.4451244256703,263.67819214,45.5,6.5,75.151,2.262,69.5438130147565
MYS,2009,22106.6417311801,98.7940902709961,8.2,96.981531661434,97.0,95.0,1.086,94.5991098396151,245.64353943,,6.5,75.269,2.223,70.2462628363839
MYS,2010,23307.9698543785,98.8697814941406,8.1,97.0660732321152,96.0,95.0,1.151,94.7498776690501,285.64263916,,6.5,75.376,2.144,70.8625314831025
MYS,2011,24115.8181203958,98.855643801119,8.1,97.1420179422796,96.0,95.0,1.255,94.8950271076726,343.45877075,43.6,6.5,75.488,2.153,71.4245166681964
MYS,2012,25006.3587781537,98.7042528833624,8.0,97.2149965525313,97.0,95.0,1.305,95.0372152977718,371.76046753,,6.5,75.552,2.117,71.9680127926087
MYS,2013,25736.3525554142,98.9066848845224,8.0,97.2860389333655,97.0,95.0,1.555,95.1769234434239,381.69210815,41.3,6.5,75.464,2.07,72.4882717118078
MYS,2014,26818.4317281659,97.15563448844,8.1,97.3553157635016,97.0,92.0,1.484,95.314250824297,414.4392395,,6.6,75.345,2.058,72.9802206910773
MYS,2015,27699.6278860387,95.6311535513474,8.2,97.4227111540385,99.0,93.0,1.489,95.4491928177034,368.77331543,41.1,6.7,75.288,2.008,73.4387869957006
MYS,2016,28425.3707609412,96.2219697129545,8.2,97.4883578339003,98.0,96.0,1.576,95.5818387511704,350.71160889,,6.7,75.371,1.942,73.8588978909614
MYS,2017,29551.5457597197,96.2574604579347,8.2,97.5518244346184,99.0,96.0,1.787,95.7121393469454,366.36639404,,6.7,75.542,1.893,74.2354806421432
MYS,2018,30459.9655338061,95.7761544783431,8.2,97.6132438171196,99.0,98.0,1.858,95.8087179177358,409.84710693,41.2,6.8,75.734,1.838,74.5634625145296
MYS,2019,31300.5086554849,94.3275054202176,8.2,97.6726796234952,98.0,97.0,2.021,95.93567943551,419.32568359,,6.8,75.9,1.777,74.8377707734042
MYS,2020,29200.452632127,93.1800129351047,8.2,97.7301935332944,98.0,95.0,2.183,95.9966449391973,406.52005005,,6.8,76.057,1.68,75.0511895575672
NAC,2005,58908.2584676373,101.58113861084,7.8,98.9561957246424,95.7610761801873,92.1592825465418,,99.8706193417965,6117.72962294646,,6.6,77.7462382909607,2.00891827912543,80.178299105658
NAC,2006,59957.8206045602,101.985366821289,7.7,98.9559206843351,95.9202993097346,92.0797006902654,,99.868311425755,6502.88258605572,,6.6,77.9690402937581,2.05978280204498,80.3600524141266
NAC,2007,60581.9753282087,102.440528869629,7.6,98.955675583694,95.841043973986,92.158956026014,,99.8599657289774,6861.78912618278,,6.5,78.2395331531403,2.074587380697,80.5118307958947
NAC,2008,60117.4818737471,102.839820861816,7.5,98.9554041355776,95.6787285680114,92.0803178579972,,99.851579205596,7078.0569544403,,6.4,78.3038592516027,2.03436462442012,80.6296365766882
NAC,2009,58023.6383008921,101.993896484375,7.3,98.9550838140497,94.6700252280786,90.0824936929803,,99.8431199606829,7292.85104928575,,6.2,78.6547128363776,1.97033818233665,80.7058455421621
NAC,2010,59088.9185210479,101.326446533203,7.2,99.0266180332447,94.4911338553713,91.8303779517904,,99.8351144381376,7561.25568309711,,6.1,78.8169547045614,1.90241045540461,80.7342788376108
NAC,2011,59609.0873919323,100.648773193359,7.0,99.0972791660901,95.2197295388832,91.6532131283925,,99.8065062592826,7756.30697689534,,6.0,78.9234323511493,1.86754587684267,80.739712124815
NAC,2012,60442.1261871716,100.091178894043,6.9,99.1668813881125,93.736163300148,90.8241088667653,,99.7781635437138,7989.42877217773,,5.9,79.0322253270364,1.85497020907638,80.7337652170105
NAC,2013,61249.6479379237,99.4497604370117,6.8,99.235530917174,93.7342896854463,91.8228597902975,,99.7501752176718,8117.86686961012,,5.8,79.0411295925553,1.83232546339748,80.7164808734964
NAC,2014,62302.7654278932,99.6610717773438,6.7,99.3032049555659,94.6440236922621,91.8220118461311,,99.7226132624607,8438.05301814995,,5.7,79.135655352291,1.83688870286129,80.6863203799841
NAC,2015,63503.57678579,100.262733459473,6.6,99.369995523075,94.644862373471,91.7336467801032,,99.6956039642977,8747.32526885579,,5.7,79.0036254654542,1.81894736304592,80.6417223720746
NAC,2016,64087.4542421837,101.118087768555,6.6,99.4355151183628,94.6459095120861,91.7344321340646,,99.6687684232382,9045.88220949926,,5.6,78.8800103845064,1.79727819078773,80.5816899364942
NAC,2017,65208.2856615564,101.538818359375,6.5,99.4998055616552,93.7336205528001,90.9112068509334,,99.6422342008677,9326.7061287435,,5.5,78.868288279967,1.74371916045505,80.5059159293977
NAC,2018,66679.8386372116,101.022567749023,6.4,99.5625475820337,93.731832830566,91.821221887044,,99.6158138599293,9660.53793736176,,5.5,78.960276789842,1.70714584622083,80.4126136678733
NAC,2019,67946.3411183071,100.633087158203,6.4,99.623873149285,93.7297727752354,90.0,,99.5896839849981,9992.72741968316,,5.4,79.1328897249464,1.68176811100914,80.2981427760977
NAC,2020,66040.8731205658,99.9889068603516,6.4,99.6841288179211,92.909565076529,90.909565076529,,99.5641419336152,11030.9216326206,,5.4,77.4492825889982,1.61762838954821,80.2018987822716
NAM,2005,9245.1365329555,112.362739562988,71.0,78.5320876453257,86.0,73.0,,30.0109518702615,402.20068359,,41.3,52.557,3.571,36.5870014553064
NAM,2006,9773.29833199798,113.178672790527,66.0,79.0046008864518,86.0,63.0,,30.5926680157068,437.56240845,,40.1,53.183,3.601,37.6722151614564
NAM,2007,10162.2400708746,116.05362701416,62.0,79.4708868241615,86.0,69.0,0.383,31.1618359120794,493.60388184,,41.4,54.026,3.608,38.763436210037
NAM,2008,10286.5124067605,116.289268493652,57.5,79.9311134554851,83.0,73.0,,31.7185868742759,443.17068481,,43.2,54.74,3.616,39.8328120256318
NAM,2009,10166.2899453939,116.96800994873,53.2,80.3834346901376,83.0,76.0,,32.2603036353343,420.74865723,61.0,44.8,55.347,3.633,40.8524900328246
NAM,2010,10614.6201576671,118.109136341535,50.3,80.8294504898485,83.0,75.0,,32.7891161090276,567.35003662,,43.7,56.093,3.657,41.7946176561991
NAM,2011,10965.2729759535,119.055637083219,50.0,81.267654864296,82.0,74.0,,33.3028894118118,624.59814453,,44.2,56.647,3.658,42.6276075621535
NAM,2012,11266.6089486464,121.103692738221,52.6,81.7057329100665,84.0,76.0,,33.8118744896686,606.36633301,,46.9,57.733,3.676,43.3804079185694
NAM,2013,11593.5753768689,122.732813532372,50.8,82.1358474215349,89.0,82.0,,34.3053246503093,539.41345215,,45.8,58.468,3.653,44.1106769079132
NAM,2014,11982.6963648348,122.71193654589,50.0,82.5578966769433,88.0,83.0,,34.7830478360411,452.2585144,,44.9,59.311,3.635,44.8214248210559
NAM,2015,12166.5658392058,124.629282782131,51.8,82.9710417542827,92.0,85.0,,35.243867972916,476.50784302,59.1,45.3,60.008,3.604,45.5103554445325
NAM,2016,11846.7880832757,124.182705227995,51.4,83.3709791418252,85.0,75.0,,35.68218646148,409.78051758,,45.3,60.81,3.574,46.1751725648784
NAM,2017,11408.7253099967,125.87493234498,49.8,83.756921632109,88.0,80.0,0.567,36.0971096744774,447.95223999,,44.3,61.661,3.511,46.8135799686288
NAM,2018,11214.38604306,124.591680749168,48.5,84.1291083222967,89.0,82.0,0.335,36.4891060185928,457.6807251,,43.8,62.579,3.462,47.4232814423189
NAM,2019,10813.3044681944,124.155345932542,46.6,84.5549009012644,87.0,80.0,0.368,36.9123066913261,419.14828491,,42.8,63.546,3.404,48.0019807724839
NAM,2020,9652.24827219463,122.345254349927,44.8,84.9689182481296,93.0,90.0,0.38,37.3147816708838,370.81643677,,41.6,64.071,3.349,48.547381745659
NCL,2005,,,,95.8050343322036,,,,100.0,,,,74.867,2.227,63.918391040144
NCL,2006,,,,96.0383867482015,,,,100.0,,,,75.016,2.241,64.7508025811084
NCL,2007,,,,96.2717391641993,,,,100.0,,,,75.181,2.215,65.6204802173329
NCL,2008,,,,96.5050915801972,,,,100.0,,,,75.398,2.204,66.3257509774158
NCL,2009,,,,96.7384439961951,,,,100.0,,,,75.676,2.194,66.6631859586932
NCL,2010,,,,96.9717964121929,,,,100.0,,,,75.992,2.187,66.703836218007
NCL,2011,,,,97.2051488281908,,,,100.0,,,,76.315,2.2,66.726209122213
NCL,2012,,,,97.4385012441887,,,,100.0,,,,76.615,2.202,66.7417059914448
NCL,2013,,,,97.6718536601866,,,,100.0,,,,76.867,2.167,66.7584127864925
NCL,2014,,,,97.9052060761844,,,,100.0,,,,77.053,2.118,66.7846387072769
NCL,2015,,,,98.1385584921823,,,,100.0,,,,77.206,2.079,66.8278045547803
NCL,2016,,,,98.3719109081802,,,,100.0,,,,77.359,2.078,66.8902054658406
NCL,2017,,,,98.6052633241781,,,,100.0,,,,77.504,2.043,66.9683393293094
NCL,2018,,,,98.8386157401759,,,,100.0,,,,77.557,2.041,67.0588809757675
NCL,2019,,,,99.0719681561738,,,,100.0,,,,77.262,2.05,67.1574673707832
NCL,2020,,,,99.3053205721716,,,,100.0,,,,77.049,2.022,67.2747261065933
NER,2005,1241.20064789059,47.7686805725098,171.4,40.3308901559153,45.0,47.0,,8.51225299855436,18.67140198,44.4,84.9,53.32,7.769,16.2687225341797
NER,2006,1267.601412271,48.2523002624512,161.6,41.0575024887785,52.0,53.0,,8.91225988238255,19.9213028,,80.8,54.223,7.744,16.2675724894628
NER,2007,1260.18545165015,50.5029983520508,153.1,41.7774242131502,58.0,60.0,,9.3108172797856,20.96952438,37.3,77.3,55.063,7.726,16.2641887037781
NER,2008,1308.2751730424,54.2272987365723,146.0,42.4900876989759,67.0,66.0,0.019,9.70763488348427,24.86141586,,74.5,55.852,7.702,16.2586706998252
NER,2009,1285.27757373191,57.9658889770508,140.3,43.1966321655043,71.0,69.0,0.028,10.1032794598234,24.54927635,,72.4,56.487,7.679,16.2511180003032
NER,2010,1344.4988701596,61.5986113613618,136.0,43.8964824399921,70.0,67.0,,10.4974697713474,23.47736168,,70.9,57.08,7.64,16.2416301279116
NER,2011,1325.92646987416,65.2535100604653,132.7,44.5891012347432,75.0,69.0,,10.8898889805879,24.84123039,31.5,70.0,57.6,7.592,16.2303066053496
NER,2012,1411.52001409831,67.1548957778323,130.3,45.2755729615711,73.0,75.0,0.053,11.2811585980416,22.71487427,,69.5,57.987,7.527,16.2141284004355
NER,2013,1431.71115490341,68.050738334559,128.3,45.9553436655962,75.0,80.0,0.051,11.6709689397012,24.61338997,,69.2,58.364,7.445,16.2162595696064
NER,2014,1471.50554729559,68.6922497937291,126.8,46.6360032875155,82.0,80.0,0.027,12.0644714438851,25.09494019,34.3,69.1,58.693,7.342,16.2450424611665
NER,2015,1480.39815168147,70.8931423850977,125.4,47.3180912197977,84.0,85.0,0.032,12.4627973884211,25.96905327,,69.1,58.85,7.215,16.3035606587493
NER,2016,1488.08648074655,72.8476843361488,124.3,48.0001316756614,80.0,76.0,0.033,12.8657160959019,22.68474007,,69.2,59.228,7.043,16.3898280543236
NER,2017,1515.48307317618,74.3787719289761,123.1,48.6826437620777,85.0,82.0,0.022,13.2744201872419,29.09627533,,69.3,59.524,6.874,16.5036987906896
NER,2018,1565.01970005142,,121.9,49.364204791619,79.0,77.0,0.037,13.6886629942744,30.61364555,37.3,69.3,59.765,6.706,16.6449011799221
NER,2019,1605.19476569029,66.7727319163256,120.8,50.045306277114,81.0,79.0,0.039,14.10969749241,31.89424324,,69.3,60.031,6.537,16.813146499685
NER,2020,1622.27873602911,,119.5,50.7254664539795,81.0,79.0,0.035,14.5380631441061,35.75537109,,69.1,59.89,6.369,17.0081420003794
NGA,2005,6496.93228175977,96.3063507080078,145.8,52.0438578033599,36.0,41.0,0.27,30.7689136757313,52.24337006,,80.0,49.538,6.063,47.5656414756863
NGA,2006,6702.94533333874,96.6624374389648,140.9,53.6309977200112,40.0,44.0,0.333,31.5068491941473,63.63072205,,77.7,49.876,6.053,48.424271994461
NGA,2007,6949.42650711567,88.06884765625,136.5,55.2248334433962,42.0,41.0,0.361,32.2676921129548,66.90659332,,75.6,50.381,6.027,49.2357987173198
NGA,2008,7215.76946195762,79.2687530517578,132.5,56.8252264251632,53.0,53.0,0.359,33.0520750926105,77.45053101,,73.8,50.748,6.024,50.0505212312351
NGA,2009,7581.40572089092,80.3091735839844,129.2,58.4306651834765,63.0,64.0,0.36,33.8602860424374,65.71811676,,72.3,51.08,5.993,50.86453484762
NGA,2010,7962.63957281031,79.8300399780273,126.3,60.04206159591,56.0,56.0,,34.6931346813428,73.008255,35.7,71.1,51.315,5.948,51.6778188255446
NGA,2011,8153.53178650271,84.6805572509766,123.8,61.6552661645974,53.0,53.0,,35.5499413895312,80.2377243,,70.0,51.49,5.893,52.490352424079
NGA,2012,8265.90551181051,85.9125900268555,121.6,63.2702627408651,36.0,41.0,,36.4309338253294,87.89523315,35.5,69.1,51.688,5.797,53.302114902293
NGA,2013,8581.20782264031,87.8349702257826,119.9,64.8863828876252,39.0,42.0,0.363,37.3360751927047,97.29588318,,68.5,51.827,5.694,54.1130855192568
NGA,2014,8884.77428628672,84.1216580144923,118.7,66.5036264382039,43.0,42.0,,38.2655103767243,102.39888763,,68.1,51.94,5.622,54.9232435340404
NGA,2015,8892.05798673631,25.5657563073792,117.8,68.1220021164846,42.0,42.0,,39.2193808312227,92.91207123,35.9,68.0,51.939,5.503,55.7325682057138
NGA,2016,8534.69281482375,78.8780517578125,117.4,69.7405688273521,53.0,48.0,0.428,40.1973286058844,75.52328491,,68.1,52.189,5.343,56.541038793347
NGA,2017,8396.78452243227,,117.2,71.3599849035344,55.0,54.0,,41.1997192224782,70.31814575,,68.3,52.397,5.182,57.3486345560101
NGA,2018,8362.62330860296,81.6278513667331,117.2,72.9796602996736,61.0,56.0,0.364,42.2262627362671,63.60244751,35.1,68.7,52.669,5.021,58.1553347527729
NGA,2019,8361.78664836,,117.4,74.5993213952744,66.0,58.0,0.356,43.2767522763627,67.6254425,,69.1,53.009,4.861,58.9611186427056
NGA,2020,7664.21099575168,84.371583976485,117.4,76.2190366017765,62.0,60.0,,44.3511472247714,67.91384888,,69.5,53.072,4.7,59.7659654848781
NIC,2005,5356.95817825808,119.177742004395,29.7,,86.0,96.0,0.509,,73.65701294,48.8,25.5,70.374,2.765,55.9375480421093
NIC,2006,5500.40543544526,123.00740814209,28.4,,88.0,99.0,0.501,,79.3536377,,24.4,70.958,2.733,56.1058547675536
NIC,2007,5697.2107429964,121.699150085449,27.1,,93.0,99.0,0.535,,93.93821716,,23.3,71.197,2.697,56.2816618351146
NIC,2008,5809.09928522386,121.101028442383,25.8,,97.0,99.0,0.659,,109.20231628,,22.3,71.404,2.66,56.4638124507513
NIC,2009,5538.36555049931,,24.5,,98.0,99.0,0.714,,112.75749207,43.9,21.2,71.499,2.626,56.651098305894
NIC,2010,5701.12754906379,119.666778564453,23.2,,98.0,99.0,0.739,,117.70147705,,20.1,71.761,2.596,56.842311091973
NIC,2011,5976.25247519395,,21.9,,98.0,99.0,0.825,,125.13540649,,19.0,72.033,2.558,57.0362425004184
NIC,2012,6275.78730248003,,20.6,,98.0,99.0,0.872,,133.64489746,,18.0,72.435,2.527,57.2316842226606
NIC,2013,6494.14920922407,,19.4,,98.0,99.0,0.91,,140.20372009,,17.0,72.551,2.492,57.4274279501299
NIC,2014,6712.21708286288,,18.3,,98.0,99.0,0.906,,156.22232056,46.2,16.0,72.792,2.463,57.6222653742564
NIC,2015,6939.03243274344,,17.2,,98.0,99.0,0.942,,165.18948364,,15.0,72.899,2.434,57.8149881864705
NIC,2016,7158.75755467501,,16.1,,98.0,99.0,0.965,,171.5748291,,14.2,73.18,2.407,58.0043880782023
NIC,2017,7391.19638215265,,15.3,,98.0,99.0,1.0,,181.75810242,,13.4,73.389,2.378,58.1892567408822
NIC,2018,7049.02709828403,,14.6,,98.0,99.0,0.682,,172.9760437,,12.9,73.879,2.347,58.3683858659405
NIC,2019,6756.59334024487,,14.3,,98.0,99.0,,,166.49009705,,12.6,73.764,2.321,58.5405671448072
NIC,2020,6523.36944661195,,14.2,,92.0,97.0,,,165.88038635,,12.5,70.766,2.299,58.7045922689128
NLD,2005,58422.0304069674,107.940986633301,5.3,99.999998280043,96.0,95.0,2.684,97.9163269623659,3823.48095703,29.0,4.4,79.3463414634146,1.71,83.5048949725161
NLD,2006,60391.5155033324,107.839912414551,5.1,100.0,96.0,96.0,2.77,97.8921645573829,4080.21972656,30.0,4.3,79.6975609756098,1.72,84.6532280358545
NLD,2007,62601.6612832425,107.652893066406,4.9,100.0,97.0,96.0,2.768,97.8704752768738,4696.14160156,29.6,4.1,80.0975609756098,1.72,85.4089231499726
NLD,2008,63678.4005491428,107.348289489746,4.7,100.0,97.0,96.0,2.844,97.8497502030324,5382.44580078,29.3,4.0,80.2512195121951,1.77,85.6149582464487
NLD,2009,61029.7329801783,107.019401550293,4.6,99.9999979513678,97.0,96.0,2.896,97.8284751819117,5282.74316406,27.9,3.9,80.5487804878049,1.79,86.2223179632671
NLD,2010,61518.5768954231,106.750358581543,4.4,99.9999991848021,97.0,96.0,2.936,97.808168937922,5191.69384766,27.8,3.8,80.7024390243902,1.79,87.3502790247129
NLD,2011,62318.1391154389,107.072776794434,4.3,100.0,97.0,96.0,3.103,97.7902878211501,5562.12109375,27.8,3.7,81.2048780487805,1.76,88.0059204972573
NLD,2012,61480.8416416324,107.048240661621,4.2,100.0,97.0,96.0,3.223,97.7732705537269,5284.64990234,27.6,3.6,81.1048780487805,1.72,88.5342462391333
NLD,2013,61281.3125686741,,4.2,100.0,97.0,96.0,3.282,97.7588931118417,5532.72607422,28.1,3.6,81.3048780487805,1.68,89.1749992370605
NLD,2014,62045.849197561,,4.1,100.0,96.0,96.0,3.392,97.7468177052972,5601.88574219,28.6,3.5,81.7073170731707,1.71,89.8364787097165
NLD,2015,63081.4083495966,106.059417724609,4.1,99.9999977623031,95.0,95.0,3.457,97.7352192649865,4676.56201172,28.2,3.5,81.509756097561,1.66,90.2787737214621
NLD,2016,64267.7476553623,105.680366516113,4.1,99.9999992507495,95.0,94.0,3.501,97.7241321475967,4644.02099609,28.2,3.5,81.5609756097561,1.66,90.5803239452777
NLD,2017,65665.9910229578,105.039421081543,4.0,99.9999992668183,94.0,93.0,3.565,97.7135252353783,4934.57519531,28.5,3.5,81.7609756097561,1.62,91.1219700676602
NLD,2018,66758.2454283317,104.561111450195,4.0,100.0,93.0,93.0,3.632,97.7036451274894,5330.66015625,28.1,3.5,81.8121951219512,1.59,92.6062472401044
NLD,2019,67847.8818461095,104.578910827637,4.0,99.999999064505,94.0,94.0,3.713,97.6944050882075,5340.61279297,29.2,3.5,82.1121951219512,1.57,93.8898028856479
NLD,2020,64862.1890353474,104.338813781738,4.0,99.999999064231,94.0,94.0,3.805,97.6857903463505,5865.90527344,26.0,3.5,81.3585365853659,1.54,94.2532277765935
NOR,2005,83955.3365007578,99.2598037719727,4.1,100.0,91.0,90.0,3.563,98.0669754884968,5584.68896484,30.6,3.3,80.0414634146342,1.84,77.8260148882032
NOR,2006,85653.1367825864,99.3583068847656,3.9,100.0,94.0,92.0,3.732,98.0661529563292,5892.98730469,26.4,3.2,80.3439024390244,1.9,78.0877227783203
NOR,2007,87670.8617980792,99.5711975097656,3.7,100.0,93.0,92.0,3.844,98.0652982043914,6895.56005859,27.1,3.0,80.3951219512195,1.9,78.4072502632828
NOR,2008,87297.3980291813,99.708251953125,3.6,99.9999977163504,94.0,93.0,3.955,98.0644197562201,7768.05029297,27.0,2.9,80.5926829268293,1.96,78.7541006020666
NOR,2009,84812.6851277638,99.7100524902344,3.4,99.9999984427173,94.0,93.0,4.048,98.0635534703238,7301.95996094,26.2,2.8,80.7951219512195,1.98,79.0570820210427
NOR,2010,84604.5143891947,99.6255111694336,3.3,99.9999997403377,93.0,93.0,4.114,98.062693752149,7859.51611328,25.7,2.7,80.9975609756098,1.95,79.245002746582
NOR,2011,84670.8344398355,99.6926803588867,3.1,99.9999978903117,94.0,93.0,4.188,98.0616329327885,8900.37207031,25.3,2.6,81.2951219512195,1.88,79.311620451463
NOR,2012,85925.8723352057,99.6305236816406,3.0,100.0,95.0,94.0,4.232,98.060379335627,8970.11914063,25.7,2.5,81.4512195121951,1.85,79.4905925441617
NOR,2013,85973.7694976801,99.6445617675781,2.9,99.9999992599067,94.0,93.0,4.306,98.0591412687485,9241.265625,26.4,2.4,81.7512195121951,1.78,79.9723980455359
NOR,2014,86790.7924625691,99.4954223632812,2.8,100.0,93.0,94.0,4.429,98.0579255402038,9116.37792969,26.8,2.3,82.1,1.75,80.6117159535579
NOR,2015,87688.1196708993,99.3740463256836,2.7,99.9999975725988,95.0,95.0,4.091,98.0567246248415,7566.56152344,27.5,2.2,82.3048780487805,1.72,81.2378240971353
NOR,2016,88041.6414808956,99.2189407348633,2.6,99.9999982841092,96.0,96.0,4.22,98.0555433258963,7492.07666016,28.5,2.1,82.4073170731707,1.71,81.6800003051758
NOR,2017,89664.9086415829,99.2714920043945,2.5,100.0,96.0,96.0,4.346,98.0543904284695,7815.78710938,27.0,2.1,82.609756097561,1.62,81.9699745912375
NOR,2018,90064.0687974358,99.1744232177734,2.5,100.0,96.0,96.0,4.466,98.053258505645,8271.859375,27.6,2.0,82.7585365853659,1.56,82.2452112401723
NOR,2019,90772.9017041865,99.0806503295898,2.4,99.9999973521183,97.0,97.0,4.578,98.0521493999593,8007.35546875,27.7,2.0,82.9585365853659,1.53,82.4935894878281
NOR,2020,89012.2723804504,98.8857498168945,2.4,100.0,97.0,97.0,4.682,98.0510810985992,7824.57714844,28.4,2.0,83.209756097561,1.48,82.7029885700532
NPL,2005,2580.23106308364,113.656700134277,60.0,82.6989066918082,75.0,74.0,,27.6497562651801,14.14693356,,48.8,65.275,3.115,45.5065633424317
NPL,2006,2641.34799494749,128.364685058594,57.3,83.3207910288118,89.0,85.0,,30.3297393254008,13.68047714,,46.9,65.891,2.967,49.5059100328759
NPL,2007,2708.7143922589,130.224639892578,54.7,83.9381629345447,82.0,81.0,,33.0557887006794,17.13900185,,45.0,66.169,2.857,53.3827400058951
NPL,2008,2852.60983167965,128.883773803711,52.4,84.5508362701857,82.0,79.0,,35.8273714281674,18.86374855,,43.3,66.442,2.737,56.9108061152324
NPL,2009,2961.83900365912,141.323684692383,50.1,85.158729874995,95.0,90.0,,38.6441196454107,20.86620903,,41.7,66.6,2.63,59.8638612146309
NPL,2010,3085.31407004502,147.086534908967,47.9,85.7617588960131,93.0,86.0,,41.5056568805896,29.62231827,32.8,40.1,66.772,2.541,62.0156581578338
NPL,2011,3176.65040602417,151.550483561125,45.8,86.3599023849968,92.0,88.0,,44.4117125540755,34.14775085,,38.5,67.123,2.462,63.139949798584
NPL,2012,3316.50073452021,149.360557184797,43.7,86.9532837280701,90.0,86.0,0.506,47.3622706946734,33.64963913,,36.9,67.364,2.42,63.6558406194333
NPL,2013,3426.5579593796,145.726105062929,41.7,87.5415795968781,92.0,88.0,0.55,50.3565022636622,35.14327621,,35.4,67.598,2.36,64.1314570156048
NPL,2014,3621.73168937112,143.002222135589,39.7,88.1248062062868,92.0,88.0,,53.394175397633,41.9739151,,33.9,67.812,2.319,64.5640847098488
NPL,2015,3745.26182249477,143.572010949657,37.8,88.7026979901049,91.0,85.0,,56.4745599225782,46.49585342,,32.4,67.374,2.273,64.9510094249155
NPL,2016,3743.7445783578,139.177686890567,36.0,89.2751913988418,87.0,83.0,,59.5972467919298,47.1232872,,31.0,68.444,2.226,65.2895168835553
NPL,2017,4071.70431755798,135.346176281377,34.2,89.8420840030234,90.0,90.0,0.681,62.7615781748289,49.63085556,,29.6,68.74,2.173,65.5768928085184
NPL,2018,4371.38571771897,,32.6,90.4032337065468,91.0,91.0,0.749,65.966994107957,51.16546249,,28.3,69.036,2.12,65.8104229225551
NPL,2019,4607.52454717112,137.43376159668,31.0,90.9584624626018,93.0,92.0,0.815,69.2128409973963,53.61107254,,27.1,69.299,2.08,65.9873929484157
NPL,2020,4412.5420439395,121.90357208252,29.6,91.5076217588488,84.0,87.0,0.857,72.4985122908231,59.07941437,,25.9,69.106,2.051,66.1050886088505
NRU,2005,7209.75436644373,121.36637878418,34.0,98.3319873278861,80.0,80.0,,64.6646322710967,328.92779541,,31.3,59.361,3.377,100.0
NRU,2006,7830.71818547398,96.9380722045898,32.7,98.3353043200152,72.0,99.0,,65.0151108339822,363.46365356,,30.1,59.409,3.4,100.0
NRU,2007,6110.38387689914,88.7212600708008,31.4,98.3386213121444,99.0,99.0,,65.3655742516606,586.8157959,,28.9,59.49,3.504,100.0
NRU,2008,7340.51910638777,92.8888931274414,29.8,98.3094823914475,99.0,99.0,1.0,65.7160225241319,809.65649414,,27.5,59.675,3.665,100.0
NRU,2009,6927.86734285808,,28.2,98.2803412813285,99.0,99.0,1.0,66.0664556513962,575.39526367,,26.0,59.852,3.847,100.0
NRU,2010,6909.24218919312,,26.4,98.2511979817874,99.0,99.0,1.1,66.4168736334532,626.21124268,,24.4,60.074,4.019,100.0
NRU,2011,7882.14105570292,,24.6,98.2220524928242,99.0,99.0,1.386,66.7672764703033,672.27624512,,22.7,60.287,4.117,100.0
NRU,2012,9640.80144364362,98.7878799438477,22.7,98.1929048144389,79.0,96.0,,67.1176641619461,873.81658936,32.4,21.0,60.533,4.115,100.0
NRU,2013,9799.7380290632,,20.9,98.1637549466314,87.0,97.0,,67.4680367083819,808.10583496,,19.3,60.701,4.098,100.0
NRU,2014,11114.3912279587,109.659492492676,19.2,98.1346028894019,95.0,98.0,,67.8183941096107,736.00012207,,17.7,60.834,4.085,100.0
NRU,2015,11271.9122695363,99.080157695014,17.5,98.1054486427502,91.0,98.0,1.273,68.1687363656322,973.30883789,,16.2,60.897,4.075,100.0
NRU,2016,11531.3630078665,112.507781982422,15.9,98.0762922066764,97.0,98.0,,68.5190634764467,978.48120117,,14.7,60.996,4.027,100.0
NRU,2017,10633.2766406018,,14.4,98.0471335811805,87.0,95.0,,68.8693754420541,1127.47509766,,13.4,61.101,3.879,100.0
NRU,2018,10402.6131019197,,13.1,98.0179727662624,90.0,99.0,,69.2196722624544,1220.0769043,,12.2,61.238,3.683,100.0
NRU,2019,11184.5284927206,104.79955291748,12.0,97.9888097619223,96.0,95.0,,69.5699539376476,1213.86804199,,11.1,61.393,3.531,100.0
NRU,2020,11306.0207729999,102.257713317871,10.9,97.95964456816,95.0,98.0,,69.9202204676336,1270.52563477,,10.2,61.527,3.466,100.0
NZL,2005,40970.295838255,99.8288269042969,6.6,99.9999975084119,89.0,82.0,2.105,99.9999975084119,2295.37182617,,5.5,79.8512195121951,1.97,85.9299325780946
NZL,2006,41596.8311289998,99.5968475341797,6.5,100.0,89.0,82.0,2.273,100.0,2304.06518555,,5.4,80.0487804878049,2.01,85.9356841665703
NZL,2007,42473.1182614499,99.4614868164062,6.4,99.999996901465,88.0,79.0,2.298,99.999996901465,2705.66430664,,5.3,80.1512195121951,2.18,85.9291840664852
NZL,2008,41682.2459069155,99.3267135620117,6.4,100.0,89.0,86.0,2.463,100.0,2708.65625,,5.3,80.3512195121951,2.19,85.9144723093505
NZL,2009,41250.9985717425,99.0637130737305,6.3,99.9999975383469,92.0,89.0,2.58,99.9999975383469,2582.28100586,,5.2,80.7024390243902,2.13,85.8918345477824
NZL,2010,41395.370375582,99.0315399169922,6.2,100.0,93.0,91.0,2.625,100.0,3072.73608398,,5.2,80.9048780487805,2.17,85.8614043258228
NZL,2011,41961.9202263641,99.0727310180664,6.1,99.9999988858894,95.0,93.0,2.655,99.9999988858894,3501.22045898,,5.1,81.1560975609756,2.09,85.8233151875134
NZL,2012,42693.4234516571,98.8831405639648,6.0,99.9999978085497,93.0,92.0,2.713,99.9999978085497,3682.94213867,,5.0,81.4073170731707,2.1,85.777700676896
NZL,2013,43453.2814172317,98.8762893676758,5.9,100.0,92.0,92.0,2.822,100.0,3833.82226563,,4.9,81.4048780487805,2.01,85.7080129786455
NZL,2014,44369.7664241859,98.6514434814453,5.8,100.0,93.0,93.0,2.889,100.0,3997.43237305,,4.8,81.4568292682927,1.92,85.5076659530411
NZL,2015,45097.016468387,98.5381393432617,5.6,100.0,92.0,93.0,3.031,100.0,3433.59643555,,4.7,81.6124390243903,1.99,85.1518763760531
NZL,2016,45746.135981069,98.5837478637695,5.5,99.9999978251524,92.0,92.0,3.115,99.9999978251524,3516.93481445,,4.6,81.6585365853659,1.87,84.691365594
NZL,2017,46285.9810980642,98.4804382324219,5.4,99.9999952214353,94.0,93.0,3.253,99.9999952214353,3702.09985352,,4.5,81.8585365853659,1.81,84.1701025874108
NZL,2018,46974.6818400482,98.5529708862305,5.3,99.9999959549403,93.0,92.0,3.311,99.9999959549403,3706.80273438,,4.5,81.7073170731707,1.71,83.8017846685577
NZL,2019,47392.1933135172,98.2542037963867,5.2,99.9999954101942,92.0,92.0,3.37,99.9999954101942,3679.59692383,,4.4,82.0560975609756,1.72,83.804965871667
NZL,2020,46326.3804672976,97.5365295410156,5.1,100.0,92.0,91.0,3.442,100.0,3887.71264648,,4.3,82.2560975609756,1.62,83.8138977095908
OED,2005,43314.4668519001,104.533653259277,10.8427954935279,98.1598234577909,95.3415551187576,92.9076017930029,,96.5083195059895,3166.51671804892,,9.20212317800109,77.953987145508,1.78381673612008,77.4936924595116
OED,2006,44393.8812932118,104.563491821289,10.3626086722289,98.2276423250239,95.7289035344162,93.8235962686632,,96.6500186095775,3337.2848700885,,8.81917354680212,78.2501352258837,1.81362469163865,77.7888469764318
OED,2007,45303.2152816216,104.814399719238,9.94498031482296,98.3002375208249,96.0572706279246,93.5875859782394,,96.7923103035939,3626.28485957125,,8.48289379126494,78.4729454763552,1.82970853791825,78.0642096289465
OED,2008,45165.4822304847,104.962608337402,9.56241048704293,98.3682611935733,95.7073905569575,93.5384981333481,,96.9299697345894,3878.71907113635,,8.17965616207063,78.6146332445559,1.83387500814556,78.3181788893633
OED,2009,43274.1924719738,104.773788452148,9.28419539882045,98.425543132646,95.1828591727767,92.9799475469,,97.0653365282889,3918.85041658081,,7.92707917841232,78.8670589595977,1.80424351640786,78.5473387767398
OED,2010,44296.3842287079,104.519599914551,8.92189627668077,98.4855090496346,95.1479387633252,93.2780674308208,2.72938135324437,97.2001172564287,4047.09086608608,,7.6484037783175,79.0473008520596,1.7911408975842,78.7569427727752
OED,2011,44960.672133865,104.214660644531,8.69271975908628,98.5435373506337,95.6779694028461,93.8701282704344,,97.3265602609586,4341.01371046285,,7.44695808542711,79.2685938676768,1.76778605469718,78.9249730148856
OED,2012,45281.102496489,103.889427185059,8.42946117167397,98.6030235371505,95.893805029041,94.2814673291453,,97.4557913295871,4350.45469523628,,7.25440209299657,79.429885982955,1.77018851627096,79.1610424174922
OED,2013,45741.9859886325,104.2216796875,8.24204327810092,98.6613157377222,92.964616828985,93.1296929732767,,97.5847050796629,4372.73206738339,,7.10319850099227,79.6249265687692,1.74599532546803,79.5300893668637
OED,2014,46491.7899829914,103.328002929688,8.01901609332278,98.7211992243707,93.7712363121773,94.3278532190341,,97.7144555984892,4493.43503373231,,6.90425862464224,79.876650819389,1.75288051976034,79.9154420386729
OED,2015,47398.5562028596,102.903419494629,7.81948408324089,98.7776698532336,93.9966185006143,94.4485883914697,,97.8464677840072,4326.51774770484,,6.73424613718391,79.7619467978058,1.74079217609516,80.2234048818443
OED,2016,47990.2203158456,102.840217590332,7.61012730966197,98.8334588993377,94.9354113984791,94.2689432859078,,97.97845585211,4448.93897113615,,6.56538407233189,79.8914217482034,1.72758934224375,80.3858291802831
OED,2017,49000.2450341257,102.417877197266,7.45157408345812,98.8875382287429,93.4027009215075,91.1923201082408,,98.0996773303952,4593.86479128032,,6.44053838549282,79.9309175598336,1.69386261779845,80.4525335528694
OED,2018,49885.2296815603,102.268859863281,7.31724142421779,98.9403449532784,93.930648613539,94.429510206939,,98.2111386174867,4804.8720315435,,6.35181307348757,80.0273651713987,1.66603190210395,80.5397753365218
OED,2019,50499.1828634038,102.320198059082,7.21198030537372,98.9923969965201,93.2683783652978,90.73792606613,,98.3156600340623,4885.84558449251,,6.24325876037331,80.2449221878264,1.6314271148878,80.6506763352269
OED,2020,48279.8578743016,101.71923828125,7.09705176462164,99.046344633153,90.9861162467657,93.1714571749245,,98.4192836320128,5299.92923102032,,6.16574364465145,78.9578582698334,1.58203437325954,80.7381377175693
OMN,2005,41551.1413844552,96.953971862793,12.9,86.0602755793835,99.0,98.0,1.7,92.2937638272692,326.909729,,10.4,75.07,3.029,71.8577803438712
OMN,2006,42540.4398485334,95.9230117797852,12.5,86.4235189460014,98.0,96.0,1.821,93.1032818281143,341.97601318,,10.2,75.354,2.879,72.3920261203777
OMN,2007,43696.9691440917,93.5471420288086,12.2,86.7831972682,99.0,97.0,1.91,93.9002107979075,397.21173096,,9.9,75.596,2.761,73.0679250158092
OMN,2008,46586.3955926767,91.8159637451172,12.0,87.1393591808879,99.0,98.0,1.978,94.6847837073689,466.60375977,,9.8,76.124,2.762,73.807772368029
OMN,2009,48304.1178923167,100.969787597656,11.9,87.4916215447679,98.0,99.0,2.072,95.4570743657186,510.08691406,,9.7,76.631,2.829,74.5338635149003
OMN,2010,48191.6145135737,,11.7,87.8404432564797,99.0,99.0,2.126,96.2174842174493,583.57073975,,9.5,77.184,2.973,75.1579724666274
OMN,2011,44440.3092616125,111.140314266055,11.6,88.2854889503874,99.0,99.0,2.057,96.9895887554529,563.23632813,,9.4,77.74,2.955,75.6585803514688
OMN,2012,41964.0828578552,103.370301718633,11.4,88.7987968638673,98.0,99.0,1.989,97.7533977258664,561.1171875,,9.3,78.187,2.928,76.088156621068
OMN,2013,40854.4853548905,105.94441986084,11.3,89.2944813891267,98.0,99.0,2.001,98.4864188461934,587.71075439,,9.2,78.633,2.954,76.4914234214313
OMN,2014,39639.9870514802,105.678726196289,11.2,89.7744741935216,99.0,99.0,2.162,99.0454609162921,726.64660645,,9.1,79.03,2.97,76.8892576748951
OMN,2015,39813.7887054675,104.035346984863,11.1,90.238487505215,99.0,99.0,2.13,99.3190102957444,767.04455566,,9.0,79.346,2.965,77.3025363037955
OMN,2016,39860.9893909688,103.313171386719,11.0,90.6874222506819,99.0,99.0,1.964,99.3192950863755,714.48864746,,9.0,79.581,2.949,77.7521362304688
OMN,2017,38691.1077105097,101.832942186837,11.0,91.1148946068941,99.0,99.0,2.013,99.3195652935256,704.6295166,,8.9,79.748,2.923,78.3142260040136
OMN,2018,38673.6045360857,101.079902648926,10.9,91.5230946241618,99.0,99.0,2.104,99.3198091795186,639.78082275,,8.8,79.864,2.81,78.9655839720276
OMN,2019,38292.3859682752,97.7350515463917,10.8,91.8882619028406,99.0,99.0,2.091,99.3200354455114,730.08325195,,8.7,79.946,2.696,79.5780017545962
OMN,2020,37560.5998714953,90.636727982112,10.7,92.1680305395851,99.0,99.0,2.003,99.320248468501,859.24987793,,8.6,77.763,2.638,80.0176378922722
OSS,2005,19025.7152123296,104.680641174316,58.337564960843,85.4487188536768,82.4513732227783,80.3369139214661,,69.6677546645404,542.800898012148,,43.0281154137645,67.5574840535073,2.75075169301356,51.8462582464214
OSS,2006,19972.170220709,105.962051391602,54.8443961077682,86.3366170031865,84.2123604268513,82.9696125240151,,71.5660728041039,573.130311793115,,40.2086626551743,67.8310957913256,2.7102878305936,51.9795232738831
OSS,2007,20725.0165004664,105.443099975586,52.1729947304819,86.6781321420603,87.612876587505,84.1339863697629,,72.2803066536939,673.620423278128,,39.0089748024492,68.1699901591828,2.68571770492518,52.1433573807164
OSS,2008,20642.7124569961,105.810958862305,50.0340991815804,87.0386379308789,90.1940844228827,87.0042680931582,,73.0219160340897,750.965363519624,,38.0618399069755,68.5798272966725,2.66460894391143,52.3216948638063
OSS,2009,19493.3000281391,105.550102233887,47.7621627153638,87.4098388776387,89.1632353569749,87.6921794634334,,73.7692398455599,691.330782751149,,36.638245318952,69.0687004196222,2.62743564380249,52.4747905219688
OSS,2010,19867.3807612748,107.36750793457,44.9563981042654,87.7845618998522,88.1288549516251,86.5081755059549,1.39755160111887,74.5249961861143,693.761529237095,,35.2274199984755,69.566524844548,2.57070137121236,52.5708962840155
OSS,2011,20400.5925129711,105.194328308105,41.7939032990082,88.1584735154439,88.4455759782313,85.3630285499159,,75.2789407564214,733.855152737728,,33.7776039924418,69.9373436903887,2.51548420470119,52.6428502012722
OSS,2012,20484.2211190429,104.913421630859,39.8702260901179,88.542950785883,91.2734410711565,87.4764017979582,,76.0634053295294,703.78445212039,,33.0091781226567,70.3920318149408,2.4760971205039,52.7289447956897
OSS,2013,20455.8345932464,104.034332275391,38.6929656208662,88.9320078019499,91.5142813451273,87.6816911100598,,76.8571253085591,747.145098275729,,32.3844051750759,70.8040790092001,2.41290393519565,52.8229475994541
OSS,2014,20672.6945499764,103.146179199219,37.7056726380277,89.3277006993487,89.9009234885635,86.7916688723237,,77.6657752681707,784.248841413371,,31.7591606317805,71.0941610047193,2.37748483573675,52.9439535683465
OSS,2015,21083.6921175309,102.499816894531,36.3627671239323,89.7306363831214,88.9566772828411,85.1388634391557,,78.5000968276193,717.47568606246,,30.6358450787077,71.4757935597765,2.32480125606495,53.0938477646158
OSS,2016,21627.6861621069,102.030372619629,34.8615275003077,90.144180142972,86.9753374429512,84.2550889258571,,79.336739820512,761.486513338512,,29.4232689813193,71.7707341897413,2.2971690514612,53.2560302540443
OSS,2017,22394.7899889508,101.911407470703,34.0687697615638,90.5554363038309,88.6443779173015,85.5170404370736,,80.1846170273583,833.968543908001,,28.8792153998443,72.1178742995091,2.25077965889989,53.4441254377598
OSS,2018,23016.1225593731,101.287216186523,32.9009289232935,90.9737724482327,89.5546157893711,85.4211846900396,,81.0384961161673,915.684368930563,,27.8833337377757,72.4217850423792,2.20951794456377,53.6519140670653
OSS,2019,23776.9773929696,100.89958190918,32.4535817474853,91.3664888492845,89.364059039508,83.8816276443354,,81.8776278446538,930.960863900857,,27.3682789590699,72.6570116424877,2.16887799331057,53.8727328667505
OSS,2020,22204.358146968,100.656608581543,31.6722970550828,91.7169193198729,85.8254712130338,79.6252577041923,,82.5521903315343,989.041056411903,,26.842599403847,72.5097097789427,2.14456415435879,54.0599291555754
PAK,2005,4042.15457513378,71.9533462524414,96.0,87.9858227113677,63.0,61.0,0.72,40.051948707326,19.58962631,31.3,80.0,62.416,4.595,33.9190062789495
PAK,2006,4185.86655659206,68.5336532592773,94.2,88.1422644667259,59.0,59.0,,41.8712078550453,24.43647003,,78.6,63.624,4.589,34.0931793866356
PAK,2007,4257.92556870432,72.8158721923828,92.3,88.3130427829655,54.0,57.0,0.693,43.6965924516825,26.14198685,29.7,77.3,63.807,4.554,34.2683067336065
PAK,2008,4233.34830715497,72.6429901123047,90.5,88.4820319386941,53.0,56.0,0.707,45.5276108650431,24.34272766,,75.9,64.002,4.515,34.4460387735948
PAK,2009,4270.43882264229,72.9343795776367,88.5,88.6492343131649,52.0,56.0,0.718,47.3641982720808,23.14643288,,74.4,64.206,4.465,34.6280259603331
PAK,2010,4228.7817715945,73.6427366739346,86.5,88.8147345072875,52.0,57.0,0.727,49.2066353675779,23.62846184,28.8,72.8,64.378,4.398,34.8159187475539
PAK,2011,4246.06710882497,70.4406693319938,84.3,88.978515573403,63.0,59.0,0.748,51.0548082670217,25.02491379,29.7,71.1,64.659,4.305,35.0113675889897
PAK,2012,4292.02110293486,69.90386379122,82.0,89.1405658210321,64.0,63.0,0.775,52.9086096866619,25.59742928,,69.3,64.883,4.204,35.2160229383731
PAK,2013,4407.14705841377,68.8875716330274,79.6,89.3007289268109,65.0,68.0,0.795,54.7673079838163,28.20998955,29.5,67.4,65.129,4.125,35.4315352494366
PAK,2014,4520.23463399286,72.1897974318755,77.2,89.4591472805659,69.0,71.0,0.818,56.6314636170423,32.11787415,,65.5,65.374,4.055,35.6595549759128
PAK,2015,4645.28631071145,71.7399191116414,74.8,89.6158196961384,72.0,75.0,0.85,58.5009708232225,33.99359894,31.3,63.6,65.641,3.988,35.9017325715342
PAK,2016,4886.61212115378,75.7336415786478,72.4,89.7707150440618,75.0,75.0,0.89,60.3757049658476,36.46934128,,61.7,65.943,3.902,36.1597184900333
PAK,2017,5031.56060738433,74.497149935232,70.1,89.9237776878555,75.0,76.0,0.932,62.2553089946578,42.07228851,,59.8,66.223,3.9,36.4351548223399
PAK,2018,5255.06350681272,77.3862722679522,67.9,90.0758470234098,80.0,79.0,0.917,64.1435342442995,40.09578323,29.6,58.1,66.481,3.855,36.7478511550359
PAK,2019,5295.95295138203,78.702552622727,65.8,90.2267743289886,84.0,81.0,1.049,66.0398368746477,36.01374817,,56.3,66.729,3.81,37.1091631735769
PAK,2020,5135.01459288839,,63.7,90.3763302585524,80.0,83.0,,67.9433820948755,36.9091301,,54.6,65.701,3.765,37.5080192948099
PAN,2005,16867.9674513124,107.977203369141,21.9,91.0627978402199,92.0,99.0,1.355,67.5645305842362,323.0513916,53.8,17.4,75.16,2.643,64.0721934428526
PAN,2006,18190.281154717,108.620910644531,21.2,91.2562151531688,88.0,95.0,1.356,68.6424595699143,370.62973022,54.6,16.9,75.429,2.62,64.355408255933
PAN,2007,20208.8293911964,109.872016906738,20.5,91.4461388885148,85.0,95.0,1.309,69.7247974616696,472.08703613,52.7,16.3,75.675,2.612,64.6019807394311
PAN,2008,21867.8272186787,108.608779907227,19.8,91.6329440597259,86.0,96.0,1.387,70.8121135731026,506.78494263,52.7,15.8,75.937,2.608,64.8088713516952
PAN,2009,21822.996136155,106.596946716309,19.2,91.8164868861301,85.0,96.0,1.315,71.9041216278813,550.80755615,51.8,15.3,76.228,2.593,64.9730405510737
PAN,2010,22739.1194141341,105.504772050038,18.7,91.9966294834708,94.0,97.0,1.411,73.0005374055146,607.42242432,51.6,14.9,76.417,2.587,65.0926097647906
PAN,2011,24999.4702655482,104.523012045042,18.3,92.175026614494,87.0,97.0,1.503,74.1041771182907,664.97564697,51.3,14.5,76.659,2.604,65.1896678664818
PAN,2012,26926.8956928065,103.146450660238,17.9,92.3514556960261,85.0,98.0,1.603,75.2147165198156,725.01544189,51.7,14.2,76.877,2.591,65.2829468288151
PAN,2013,28135.3387835383,102.088016559889,17.5,92.5258725116137,80.0,92.0,1.586,76.3321222229942,805.78985596,51.5,14.0,77.129,2.569,65.3709770103365
PAN,2014,28931.8156401199,99.132606826684,17.3,92.6983815513135,80.0,90.0,1.588,77.4566352300972,919.2946167,50.5,13.8,77.365,2.552,65.4531164770096
PAN,2015,29933.1671530011,96.205074799494,17.1,92.8686371033942,73.0,93.0,1.579,78.5876693762409,982.06530762,50.8,13.6,77.583,2.53,65.5287232947981
PAN,2016,30765.2490653506,93.4375028559417,17.0,93.188819816336,86.0,95.0,1.573,79.7251829235126,1056.68481445,50.4,13.5,77.772,2.502,65.5971555296656
PAN,2017,31979.8246437748,94.7657015347774,16.7,93.5073884501397,81.0,98.0,1.589,80.8694181421993,1126.96154785,49.9,13.3,77.901,2.462,65.6577712475758
PAN,2018,32681.4729886331,,16.3,93.8241340868165,88.0,98.0,1.609,82.0200768210799,1227.30554199,49.2,12.9,78.266,2.402,65.7099285144924
PAN,2019,33163.7172814857,93.3286426450155,15.9,94.1389735045272,88.0,97.0,1.637,83.1771159799322,1339.45153809,49.8,12.6,78.514,2.288,65.752985396379
PAN,2020,26881.8277221689,95.2048771264878,15.5,94.4306492571863,74.0,80.0,1.63,84.3402384762944,1358.4498291,,12.2,76.33,2.184,65.7862999591993
PER,2005,8948.74710742664,114.135032653809,26.6,84.0910140674012,77.0,77.0,,68.1735152494759,123.25354004,50.4,21.3,71.988,2.643,74.8162354830832
PER,2006,9546.62529545456,114.313377380371,25.0,84.796972001847,94.0,93.0,,68.8406174970812,136.14295959,50.3,20.1,72.337,2.619,75.2766672012397
PER,2007,10284.9672238506,114.932861328125,23.6,85.4925787573111,93.0,92.0,1.653,69.4977421323012,158.55148315,50.0,19.1,72.746,2.583,75.7615250588738
PER,2008,11150.0262166889,112.584442138672,22.3,86.1388730860252,93.0,92.0,,70.0979718244948,191.42611694,47.5,18.1,72.743,2.528,76.2744879116779
PER,2009,11202.8654418496,112.00821685791,21.2,86.7621628336496,93.0,91.0,0.944,70.6712078070281,209.1973877,47.0,17.3,72.631,2.48,76.822147540745
PER,2010,12057.3912963716,112.186592102051,20.2,87.3815093121049,93.0,94.0,,71.2400990831427,241.43280029,45.5,16.5,72.886,2.421,77.4020936833934
PER,2011,12724.8832049429,109.572143554688,19.3,87.9963640224872,91.0,96.0,,71.803986474928,264.46487427,44.7,15.8,73.327,2.413,78.0118164985462
PER,2012,13393.5923851679,103.61678314209,18.5,88.6072952219099,95.0,94.0,1.139,72.3636014252996,309.31439209,44.4,15.2,73.979,2.356,78.6488061451268
PER,2013,14050.2420319137,105.152191162109,17.8,89.2138017423285,88.0,85.0,,72.9183194169617,320.96490479,43.9,14.7,74.591,2.317,79.3105527820586
PER,2014,14242.6444760801,102.949859619141,17.2,89.8161834428489,88.0,89.0,,73.4685325137981,332.18841553,43.1,14.2,75.26,2.271,79.9945465682649
PER,2015,14540.8313160635,102.787979125977,16.6,90.4146720652742,90.0,92.0,,74.0145820909902,310.60983276,43.4,13.8,75.732,2.229,80.698277662669
PER,2016,14915.4366324454,104.087951660156,16.1,91.0088509037893,90.0,89.0,1.307,74.5559040876133,311.33517456,43.6,13.4,75.951,2.189,81.4192362241943
PER,2017,15067.489279382,102.807487487793,15.7,91.5989672683032,89.0,88.0,,75.0928493726003,332.54321289,43.3,13.1,75.958,2.152,82.1931650502403
PER,2018,15384.1846082423,104.412582397461,15.3,92.1863171590782,89.0,86.0,1.373,75.6274098296364,362.75994873,42.4,12.8,76.018,2.118,82.6854929960921
PER,2019,15461.4572585466,108.469970703125,14.9,92.7704924879638,88.0,85.0,1.354,76.1591748496731,367.98739624,41.5,12.5,76.275,2.086,83.1033003087105
PER,2020,13607.7640705828,113.065826416016,14.5,93.351440846039,72.0,77.0,1.436,76.6882865431078,399.13800049,43.7,12.2,73.832,2.056,83.5267437189637
PHL,2005,5386.81653712891,101.720321655273,32.8,88.3678311380432,89.0,92.0,1.205,66.7468776426565,45.67607498,,25.0,68.423,3.448,41.3297701258519
PHL,2006,5578.57225112139,100.087287902832,32.0,88.7447546834869,88.0,92.0,1.214,67.1831301872284,53.87452698,47.2,24.5,68.172,3.466,41.8308558715226
PHL,2007,5840.06810169965,100.310913085938,31.3,89.1223731975384,87.0,92.0,1.221,68.2064372279476,64.27903748,,24.1,68.549,3.403,42.3470499959497
PHL,2008,5987.03757861835,101.465858459473,30.7,89.5006950192922,87.0,90.0,1.232,69.2399098229444,75.69056702,,23.7,68.643,3.401,43.1547492407016
PHL,2009,5965.30730902221,102.759162902832,30.1,89.8798092589211,88.0,89.0,1.237,70.2836819040094,77.64539337,46.3,23.3,68.631,3.376,44.3356772609527
PHL,2010,6273.03927731515,,29.5,90.264011405217,88.0,87.0,0.543,71.3424056654417,89.35166931,,23.0,68.883,3.315,45.5208176726647
PHL,2011,6388.31296959977,,29.0,90.670107052381,89.0,86.0,0.554,72.4331957075581,95.95716095,,22.7,69.096,3.236,46.6833632464759
PHL,2012,6697.55620962768,,28.6,91.0748919479401,89.0,84.0,0.564,73.5302350229801,109.2149353,46.5,22.4,69.237,3.143,47.9182784810426
PHL,2013,7016.53846470436,,28.3,91.4784521468904,85.0,83.0,0.574,74.6335366418639,118.87432098,,22.2,69.283,3.042,49.1313688766206
PHL,2014,7340.361585912,104.629987793486,28.0,91.8806100613092,80.0,81.0,0.589,75.7428560199161,106.16293335,,22.1,69.311,2.894,50.2392400212368
PHL,2015,7691.76308685047,103.408354699272,27.9,92.2815392767777,76.0,80.0,0.609,76.8582853974515,113.4342804,44.6,22.1,69.45,2.829,51.1549047745227
PHL,2016,8131.82537948653,101.721937186986,27.8,92.6811507144986,84.0,80.0,0.631,77.9796692916052,118.05981445,,22.2,69.49,2.679,51.9114748151175
PHL,2017,8584.13622709699,99.3666730080757,27.8,93.0805992720253,84.0,81.0,0.66,79.1077756692214,120.32259369,,22.3,69.966,2.525,52.6010482354344
PHL,2018,9016.28659637608,94.5541345217085,27.9,93.4798496793252,84.0,82.0,0.695,80.2422384212533,125.27716827,42.3,22.5,69.761,2.378,53.2088897464754
PHL,2019,9452.2939715981,93.0076871274695,28.0,93.8786426296812,84.0,83.0,0.732,81.3825055793541,141.6925354,,22.6,69.68,2.215,53.7157859948017
PHL,2020,8455.18457134106,93.2822386485839,28.0,94.2767858134665,83.0,79.0,0.752,82.5280655331601,166.61218262,,22.7,70.097,2.075,54.1077719895977
PLW,2005,17464.6208167636,109.526702880859,22.1,99.3769813295124,98.0,98.0,,93.9036183333376,810.10369873,,18.8,66.219,2.017,77.574268209537
PLW,2006,17706.3673621904,107.807418823242,21.3,99.3892669217874,98.0,98.0,1.327,94.2803727715843,852.00756836,,18.1,66.633,1.996,78.306895759147
PLW,2007,18096.7989531775,107.821228027344,20.6,99.4010959735375,94.0,91.0,,94.6464571391492,897.35339355,,17.6,67.113,1.968,79.019601300651
PLW,2008,17355.2423019079,,20.1,99.4124857740531,92.0,97.0,,95.0022925220304,880.83892822,,17.1,67.562,1.947,79.6639213135968
PLW,2009,16541.1206311875,,19.7,99.4234283601543,49.0,75.0,1.551,95.3478284028423,947.12615967,,16.8,67.99,1.935,80.2186712923386
PLW,2010,16313.4287679398,,19.5,99.4339340465691,69.0,39.0,1.576,95.6834729135313,1093.30786133,,16.6,68.347,1.937,80.6626667312304
PLW,2011,17354.9336767951,,19.5,99.4440153149557,84.0,85.0,,96.0093169387409,1072.56323242,,16.6,68.638,1.965,80.9747231246263
PLW,2012,18024.7540996872,,19.7,99.4536903188215,89.0,91.0,,96.3258137255761,1239.99304199,,16.8,68.863,2.006,81.1285663568435
PLW,2013,17891.3784371353,116.396903589022,20.1,99.462942387352,99.0,99.0,,96.6329212315953,1399.29931641,,17.2,68.981,2.054,81.0756895339142
PLW,2014,18574.7889489655,112.723521320495,20.6,99.4717956107824,95.0,83.0,1.412,96.931030387653,1481.35656738,,17.7,69.062,2.032,80.7338640362566
PLW,2015,20104.2315379069,,21.3,99.4802609974161,90.0,95.0,,97.2203841305645,1554.91186523,,18.2,69.07,2.002,80.388246269234
PLW,2016,20408.2613269723,,21.9,99.4882554515008,98.0,96.0,,97.5006428774559,1704.62316895,,18.8,69.046,2.055,80.1089335766065
PLW,2017,19693.4082379382,,22.5,99.4958049799968,97.0,93.0,1.91,97.7722965190515,1775.32849121,,19.4,69.019,2.019,79.8284579022498
PLW,2018,19608.9617027822,,22.9,99.5029234836391,95.0,90.0,1.573,98.0358496591014,1809.22070313,,19.7,68.989,1.97,79.5520868568744
PLW,2019,19685.6037989273,,23.0,99.5096367882251,97.0,97.0,2.191,98.2917742819101,1928.91564941,,19.8,68.982,1.984,79.2803814152827
PLW,2020,18509.2491855913,105.470914127424,22.9,99.5159760034998,96.0,93.0,1.798,98.5405897338691,1938.33837891,,19.8,68.689,1.972,79.0796884006264
PNG,2005,3136.98756942536,57.029369354248,65.9,31.1975839865921,72.0,82.0,,16.6059135071294,27.49723434,,51.6,61.868,4.22,13.0708971726612
PNG,2006,3202.89763507367,55.561408996582,64.6,32.6715142031645,70.0,82.0,,17.0313208013981,30.03865242,,50.6,62.018,4.148,13.04994211169
PNG,2007,3346.27900337124,,63.2,34.1459986588811,66.0,72.0,,17.4570499950418,33.18586731,,49.5,62.211,4.076,13.0324481284965
PNG,2008,3234.33247673,59.4429588317871,61.8,35.6210359201692,56.0,66.0,0.046,17.8830999336479,34.69308472,,48.4,62.511,4.015,13.0185611592166
PNG,2009,3350.07263964739,,60.3,36.8704561758444,64.0,65.0,,18.2486172804539,36.5436821,41.9,47.2,62.772,3.941,13.008427139986
PNG,2010,3579.63000710983,,58.9,38.0973177449194,55.0,63.0,0.049,18.6101507749501,39.3453064,,46.1,63.056,3.883,13.0021920069407
PNG,2011,3515.28312517363,,57.5,39.3010861598771,58.0,66.0,,18.9672978280348,52.49456787,,44.9,63.382,3.816,13.0000025015364
PNG,2012,3577.91014722774,100.860790212899,56.1,40.4828087269689,57.0,71.0,,19.3208666166654,70.27664948,,43.8,63.639,3.746,13.0143796071362
PNG,2013,3615.74646029074,,54.7,41.6488410056407,60.0,72.0,,19.6757982283776,76.75310516,,42.7,63.927,3.684,13.0582475733094
PNG,2014,3999.13038811865,101.784196531861,53.3,42.7986148436166,52.0,65.0,,20.0317273970696,89.08061218,,41.6,64.198,3.625,13.1316404025265
PNG,2015,4155.05563962107,,57.3,43.9315688336247,49.0,57.0,,20.3882856738352,45.18995285,,43.6,64.473,3.558,13.2341359836319
PNG,2016,4276.29643263164,104.505056068347,50.4,45.0471749676037,46.0,46.0,,20.745116008719,53.98646545,,39.4,64.7,3.495,13.3653651942392
PNG,2017,4322.77662200998,,48.9,46.144916980198,36.0,41.0,,21.1018609699395,55.24723816,,38.3,64.923,3.432,13.5249644881888
PNG,2018,4211.68504310327,110.133799712778,47.5,47.2247346164126,35.0,37.0,0.064,21.4585108450562,59.04003525,,37.3,65.114,3.382,13.7125720532162
PNG,2019,4302.16255230002,105.318008718042,46.1,48.285710104836,35.0,37.0,0.06,21.8143659983838,59.89566803,,36.2,65.331,3.322,13.9278267446947
PNG,2020,4078.15378358566,102.053543720153,44.7,49.3273961743901,40.0,44.0,,22.169086312378,55.92817688,,35.2,65.075,3.274,14.1703677185729
POL,2005,21568.9476594356,99.9291229248047,7.6,98.239082450466,99.0,98.0,2.14,90.9202465624261,465.70019531,35.8,6.5,74.9951219512195,1.24,61.5497010774856
POL,2006,22921.1975887696,99.6375198364258,7.3,98.2358209800508,99.0,99.0,2.183,91.5867449958382,524.09747314,34.7,6.3,75.1439024390244,1.27,61.4199688499096
POL,2007,24484.0656663756,99.1174926757812,7.0,98.2325323124188,99.0,98.0,2.197,92.2555378641252,660.92468262,34.0,6.0,75.2439024390244,1.31,61.2756005207604
POL,2008,25553.9058406534,98.238639831543,6.7,98.2292078050967,99.0,98.0,2.169,92.9266483730048,892.59698486,33.5,5.8,75.5439024390244,1.39,61.1258760375274
POL,2009,26204.410367111,98.0396499633789,6.3,98.2259217196512,99.0,98.0,2.179,93.6002677787451,759.60577393,33.4,5.4,75.6951219512195,1.4,60.9800753477
POL,2010,27112.1333797381,98.6196365356445,6.0,97.6879584408668,99.0,98.0,2.184,94.2762845397447,809.19940186,33.2,5.1,76.2463414634146,1.41,60.8474783987677
POL,2011,28521.6612623568,99.2583465576172,5.7,97.1483620185882,99.0,98.0,2.204,94.9547125941391,866.09466553,33.2,4.9,76.6951219512195,1.33,60.7357090652544
POL,2012,28952.9157305301,100.680816650391,5.4,96.6064109843745,99.0,98.0,2.223,95.6349971602727,815.1418457,33.0,4.7,76.7463414634146,1.33,60.6341632788866
POL,2013,29168.624211075,100.073501586914,5.2,96.0626756426039,99.0,98.0,2.228,96.3180175161036,878.08837891,33.1,4.5,77.0,1.29,60.5333187465323
POL,2014,30334.8786569618,99.5637130737305,5.0,95.5170444873157,98.0,97.0,2.292,97.0037037873813,911.29815674,32.8,4.3,77.6024390243903,1.32,60.4340063344328
POL,2015,31700.3682364154,,4.9,94.9696427851433,98.0,96.0,2.311,97.6921036491612,803.95965576,31.8,4.2,77.4512195121951,1.32,60.3362886805635
POL,2016,32675.3052259954,,4.8,94.4224326184484,98.0,96.0,2.397,98.3831051859455,816.08618164,31.2,4.1,77.8512195121951,1.39,60.2402284228997
POL,2017,34354.5987616319,97.6803283691406,4.6,93.8761307350633,96.0,94.0,2.36,98.7966126825203,909.57818604,29.7,4.0,77.7536585365854,1.48,60.145888199417
POL,2018,36500.4114282584,94.4897613525391,4.5,93.3312333762882,95.0,93.0,2.341,98.9554251030336,978.73565674,30.2,3.9,77.6024390243903,1.46,60.0533306480907
POL,2019,38181.6230334689,94.9449615478516,4.5,92.7883142536668,95.0,93.0,3.279,98.9575340330854,1014.03820801,28.8,3.8,77.9048780487805,1.44,59.9626184068963
POL,2020,37852.8021313639,82.211540222168,4.4,92.2480567425882,94.0,92.0,3.303,98.9575085375078,1025.98486328,28.5,3.8,76.4,1.39,59.8738141138092
PRE,2005,3897.99424559981,91.3320770263672,121.591205491695,49.0557854593847,62.1798547440906,61.4816287280663,,25.3186438893104,33.8796086868975,,73.3636005005767,54.3650816168261,5.8930903290518,36.1336393443403
PRE,2006,4024.27616541647,92.7771377563477,115.833179292551,50.0819385108168,63.7420474719333,63.6720327340197,,26.0634124265956,40.330435423869,,70.3044111678617,54.9712541124866,5.85896240059216,36.6576263996931
PRE,2007,4156.31275431464,92.6863403320312,111.105326355607,51.0704536315461,65.0730050404881,64.2098945680316,,26.7696462030644,46.970525164413,,67.687898297891,55.550345439484,5.81489319470305,37.1555611474693
PRE,2008,4296.51657824143,93.45703125,106.675489316872,52.1437772569111,68.7543638095694,67.4745177591695,,27.5751927024251,55.279979358177,,65.327566723402,56.1355264401913,5.78001838282773,37.6700291238882
PRE,2009,4380.77455783827,93.9518432617188,104.898559682785,53.240538037445,72.3744869162274,71.514108228369,,28.4346382438054,52.3424228222144,,64.2705194979514,56.509207413095,5.73845477829302,38.1761069796309
PRE,2010,4542.96699291196,94.168212890625,99.6869369057198,54.3341597012968,70.6659153787624,70.4975330077842,0.191346206170713,29.2935858553327,53.8941162383128,,61.8117712229254,57.1220509386403,5.68765836081891,38.6630102635042
PRE,2011,4601.80263323492,95.3869018554688,99.7290060999196,55.2364617408044,71.2703232359316,69.4980922301083,,29.8577230504484,58.8589056369694,,62.043525008577,57.3117928365729,5.62419526497303,39.1548370511869
PRE,2012,4699.8157799984,96.5412216186523,93.5323319667408,56.3259044794462,67.8440989910667,68.1476050193574,,30.7510764886636,61.6702470644718,,58.5885284058497,58.015496924455,5.54482220716802,39.6620389744185
PRE,2013,4836.16367046518,96.829231262207,90.3645430472991,57.4143469844855,67.5076237277667,67.7409344855542,,31.6623578208891,67.1908704287985,,56.9876218491189,58.4505165351906,5.45936452020446,40.1809529696697
PRE,2014,4943.93909593226,96.2451019287109,89.7347559293146,58.4946654130095,69.4520188148029,67.349411842272,,32.5682958447276,68.7256206455684,,56.6951123578899,58.608641358086,5.3745875721949,40.696367549657
PRE,2015,4955.04368705216,93.9909133911133,88.0082711512247,59.5689176606483,68.9528722890967,66.9742117771949,,33.4679861141248,61.8741806481895,,55.9215672831297,58.9361548123525,5.27758547837422,41.1934386147893
PRE,2016,4937.98687866513,93.9877014160156,86.6216026727294,60.6310942110997,72.1388944569566,67.6744314237818,,34.3631095615153,59.5406046088633,,55.2834511967137,59.2361026971089,5.17638728784659,41.6692983719903
PRE,2017,4883.51888202169,94.3688201904297,85.8918608835943,61.7252042092932,72.7709956847372,69.2571736250141,,35.3522480639089,57.5102082656623,,54.9009635136217,59.5398409028105,5.07622222213331,42.1481736818509
PRE,2018,4877.52526198822,95.0868988037109,82.3130203380837,62.7782105736064,75.1360457566106,70.7296640594056,,36.2039759286967,56.1506000130814,,53.0125068089293,60.207194494983,4.97278203806297,42.6168705959194
PRE,2019,4894.86910665179,95.7843322753906,81.3480106523881,63.8022512910426,76.4187792093091,71.1048194218935,,37.0586180984005,57.5741584522018,,52.4421630353559,60.5564155644205,4.87031052139648,43.0478017904088
PRE,2020,4560.44774666763,96.3249664306641,79.2919052506055,64.8086513443881,73.1356590894092,69.9394066616728,,37.9097225273209,58.8363731657314,,51.5352354471261,60.5007902438254,4.77423459378646,43.4980819386669
PRI,2005,42555.7081189669,,,97.9506470076727,,,,98.522343189415,,,,76.703,1.7702,94.058055748557
PRI,2006,42133.9682748773,,,98.0981272826087,,,,98.7016593871866,,,,77.561,1.7123,93.9636036518786
PRI,2007,41888.6232716478,,,98.2456075575448,,,,98.8809755849582,,,,77.659,1.6505,93.8788197135489
PRI,2008,41358.0689136668,,,98.3930878324808,,,,99.0602917827298,,,,78.111,1.6516,93.8114589079331
PRI,2009,40772.3514249612,97.1196517944336,,98.5405681074169,,,,99.2396079805014,,,,78.377,1.6528,93.7692762093964
PRI,2010,40777.6892825687,99.1731872558594,,98.688048382353,,,,99.418924178273,,,,78.717,1.6235,93.7588772214391
PRI,2011,40972.5364074959,92.7918167114258,,98.835528657289,,,,99.5982403760446,,,,78.766,1.5965,93.7598202101009
PRI,2012,41347.4542013586,95.8943328857422,,98.9830089322251,,,,99.7775565738162,,,,79.258,1.5425,93.7630744424317
PRI,2013,41556.7852350074,97.8782806396484,,99.1304892071611,,,,99.9568727715878,,,,80.318,1.47,93.7698316907305
PRI,2014,41593.6798280708,99.8299865722656,,99.2779694820972,,,,100.0,,,,80.039,1.432,93.7813071818968
PRI,2015,41737.6068571153,100.338363647461,,99.4254497570333,,,,100.0,,,,80.677,1.3365,93.7987161428303
PRI,2016,41858.2626698462,94.4198226928711,,99.5729300319693,,,,100.0,,,,80.355,1.2425,93.8232738004303
PRI,2017,41479.9977732034,,,99.7204103069054,,,,100.0,,,,79.07,1.101,93.8561953815964
PRI,2018,41119.3088051648,95.0853271484375,,99.8678905818415,,,,100.0,,,,81.086,1.035,93.8986961132283
PRI,2019,41656.3291581369,,,100.0,,,,100.0,,,,81.438,0.982,93.9519912222253
PRI,2020,40171.3744461738,,,100.0,,,,100.0,,,,80.009,0.922,94.0116144995587
PRK,2005,,,33.3,98.8654741695466,79.0,96.0,,75.2267505195982,,,26.3,69.168,1.872,59.7506437119853
PRK,2006,,,32.8,98.4923401809143,89.0,96.0,,75.2372785852435,,,25.9,69.061,1.936,59.8339025655097
PRK,2007,,,32.4,98.1201000899291,92.0,99.0,,75.9237809171583,,,25.6,69.021,1.943,59.926906023448
PRK,2008,,,31.0,97.7487538824727,92.0,98.0,3.228,76.6139843400435,,,24.7,69.303,1.97,60.0310692203612
PRK,2009,,101.156799316406,30.0,97.3801763920386,93.0,98.0,,77.3190361028758,,,23.9,69.702,1.905,60.1544414620403
PRK,2010,,,28.7,97.014188853857,93.0,99.0,,78.0324089256356,,,22.9,70.246,1.89,60.307007469148
PRK,2011,,,27.2,96.6502023193552,94.0,99.0,,78.7499982089361,,,21.7,70.772,1.883,60.4836230684404
PRK,2012,,,25.7,96.2883252948552,96.0,99.0,3.39,79.4722787144222,,,20.6,71.317,1.882,60.6781140779735
PRK,2013,,,24.1,95.9284725238966,93.0,99.0,,80.1989508804153,,,19.3,71.867,1.877,60.8843063158034
PRK,2014,,,22.6,95.5706751338568,93.0,99.0,3.451,80.9301775081677,,,18.2,72.451,1.874,61.0940947540873
PRK,2015,,,21.4,95.2148802388595,96.0,98.0,,81.6658106218557,,,17.2,72.825,1.863,61.3247571174501
PRK,2016,,,20.6,94.8621018158696,96.0,99.0,3.645,82.4086074475707,,,16.5,72.971,1.856,61.5681351428803
PRK,2017,,,19.1,94.5124525053213,97.0,99.0,3.628,83.1584097748592,,,15.4,73.034,1.848,61.8206076091402
PRK,2018,,92.0648422241211,18.4,94.166236701267,97.0,98.0,,83.9155776338149,,,14.8,73.02,1.834,62.0826119807623
PRK,2019,,,17.7,93.8236874339691,97.0,99.0,,84.6194920966635,,,14.3,72.928,1.825,62.3542226611578
PRK,2020,,,17.4,93.8438447876847,97.0,99.0,,84.6654650844227,,,14.1,72.783,1.821,62.6355140538495
PRT,2005,35870.3092741502,114.44255065918,4.7,99.1782486155744,93.0,93.0,3.502,98.2205201292001,1814.35449219,38.5,3.7,78.0707317073171,1.41,58.2450763389585
PRT,2006,36387.5367379523,113.981163024902,4.4,99.1723206497846,97.0,97.0,3.572,98.3299181904217,1857.64526367,38.1,3.4,78.419512195122,1.37,59.0340947058419
PRT,2007,37226.4702626704,113.063117980957,4.2,99.1678155368085,97.0,95.0,3.657,98.4378342320443,2112.52880859,36.8,3.3,78.3219512195122,1.35,59.7481128966109
PRT,2008,37291.5048969664,112.717491149902,4.0,99.1647380215386,97.0,97.0,3.752,98.5442996404821,2391.98120117,36.6,3.2,78.5243902439025,1.39,60.3510029424595
PRT,2009,36092.8109314688,110.981079101562,3.9,99.163049429434,96.0,95.0,3.858,98.649279909145,2346.54199219,34.9,3.1,78.7268292682927,1.34,60.8066368745822
PRT,2010,36703.1141882825,109.77262878418,3.8,99.1627697149576,98.0,96.0,3.982,98.7528330142709,2259.30371094,35.8,3.0,79.0268292682927,1.39,61.0788867241731
PRT,2011,36127.2949766157,109.651611328125,3.7,99.1638655691721,97.0,97.0,4.123,98.8549411407512,2255.96923828,36.3,3.0,80.4707317073171,1.35,61.1410698395502
PRT,2012,34804.6333340484,108.395370483398,3.7,99.166331194383,98.0,97.0,4.241,98.9556231886088,1976.91479492,36.0,3.0,80.3731707317073,1.28,61.1409793914666
PRT,2013,34651.7719455059,109.373641967773,3.6,99.1701146660996,98.0,98.0,4.399,99.0548734178937,2027.42089844,36.2,2.9,80.7219512195122,1.21,61.1405315215642
PRT,2014,35097.4098263232,107.813301086426,3.6,99.1752179705085,98.0,98.0,4.562,99.1527262690652,2056.61474609,35.6,2.9,81.1219512195122,1.24,61.1394537361116
PRT,2015,35803.3575649772,106.229377746582,3.6,99.1816068105742,98.0,98.0,4.748,99.2491933162673,1787.03759766,35.5,2.9,81.1243902439025,1.31,61.137469211538
PRT,2016,36636.2978441636,105.035911560059,3.6,99.1892660271038,98.0,98.0,4.93,99.3443014964216,1870.31848145,35.2,2.9,81.1243902439025,1.37,61.1343011242723
PRT,2017,37943.1150505677,104.209732055664,3.6,99.1981706237111,98.0,98.0,5.103,99.43806801438,1991.32263184,33.8,2.9,81.4243902439025,1.38,61.1296726507436
PRT,2018,39123.6151282575,104.378570556641,3.5,99.2082778688964,99.0,99.0,5.276,99.5305100855018,2206.71240234,33.5,2.9,81.3243902439024,1.42,61.1233069673808
PRT,2019,40188.2868799223,104.897682189941,3.5,99.2195921254353,99.0,99.0,5.422,99.6200248701138,2209.50219727,32.8,2.8,81.6756097560976,1.44,61.114927250613
PRT,2020,36852.2287338103,105.753471374512,3.4,99.2320711795606,99.0,99.0,5.576,99.6529221881304,2328.35571289,34.7,2.8,81.3292682926829,1.42,61.1042566768691
PRY,2005,10288.800866577,116.596778869629,29.7,82.7470465879878,96.0,91.0,,76.728771501701,95.1805954,51.4,25.8,71.317,2.973,58.894079141979
PRY,2006,10671.6449984385,114.910606384277,28.9,83.9229047552195,98.0,91.0,,77.8439277858393,122.45078278,53.0,25.1,71.584,2.889,59.0202286834627
PRY,2007,11140.4629098064,113.681617736816,28.2,85.0852532199197,95.0,91.0,,78.9486876932809,161.25285339,53.0,24.5,71.817,2.823,59.1328545601355
PRY,2008,11749.6546354418,112.590606689453,27.3,86.2343916183711,89.0,91.0,,80.0433396656403,220.90351868,50.7,23.8,72.047,2.792,59.2442256780564
PRY,2009,11599.8198579092,111.871238708496,26.5,87.3701346043735,86.0,91.0,,81.1277039466521,217.7858429,49.1,23.2,72.282,2.757,59.3666109432844
PRY,2010,12736.9672867807,112.199429171095,25.7,88.4925524343049,91.0,93.0,,82.2018433166323,258.43127441,51.0,22.5,72.551,2.695,59.5122792618786
PRY,2011,13107.8104435989,111.292626449933,24.9,89.6017300612008,92.0,91.0,,83.2658343869198,337.81317139,52.3,21.9,72.787,2.667,59.693499539898
PRY,2012,12833.1801619413,115.087921142578,24.2,90.6978954700582,91.0,88.0,1.391,84.3199132953919,368.7868042,47.6,21.2,73.105,2.658,59.9212909454702
PRY,2013,13698.9722320262,,23.4,91.7766282217671,91.0,88.0,,85.3589778746888,391.80084229,47.9,20.6,73.292,2.636,60.2375315600901
PRY,2014,14217.5580896983,,22.7,92.8421252536178,93.0,84.0,,86.387257170265,440.85821533,50.7,20.0,73.415,2.646,60.7101965948157
PRY,2015,14425.777586033,,21.9,93.8962871621524,92.0,78.0,,87.4068345992566,393.42440796,47.6,19.3,73.454,2.645,61.3302768533263
PRY,2016,14824.7906280812,100.612358093262,21.2,94.939272291061,92.0,85.0,,88.4178947324525,385.52297974,47.9,18.7,73.487,2.624,62.0827613208606
PRY,2017,15318.4012187276,,20.5,95.9709683490468,91.0,92.0,,89.4202504452198,406.60488892,48.5,18.1,73.45,2.591,62.9526389826574
PRY,2018,15591.0142663085,,19.9,96.9920505649968,88.0,93.0,1.466,90.415146711899,422.13101196,46.0,17.6,73.627,2.561,63.9248988239553
PRY,2019,15319.3889991221,,19.2,98.0247086553271,86.0,87.0,,91.4154881056866,416.84432983,45.7,17.0,73.668,2.525,64.9845298299929
PRY,2020,14989.7667130162,90.8342908567893,18.6,99.046227094695,79.0,80.0,1.296,92.4079453626308,411.81765747,43.5,16.5,72.72,2.497,66.116520986009
PSE,2005,4885.07252184444,92.9911575317383,26.0,94.8277543650199,96.0,98.0,,91.4202595193558,158.43028259,34.7,22.6,72.004,4.867,80.5172240645229
PSE,2006,4714.37331793342,91.143928527832,25.1,95.3106208970364,96.0,99.0,,91.9045563015934,154.09745789,34.0,21.8,71.831,4.739,81.7611786265942
PSE,2007,4769.52328096801,90.8438262939453,24.3,95.7922178892891,99.0,98.0,,92.3883325224338,149.22294617,35.6,21.1,72.064,4.627,82.596126313073
PSE,2008,4984.80579890695,91.2150421142578,23.5,96.2724627426521,96.0,96.0,,92.8715067384258,200.96418762,,20.4,72.204,4.509,83.0979098899913
PSE,2009,5270.66331643219,91.4870910644531,22.7,96.7516575429854,97.0,97.0,,93.3543676724512,221.97026062,34.5,19.7,72.306,4.44,83.5050344815957
PSE,2010,5432.24363072522,92.4950752375136,21.9,97.2297787451688,99.0,98.0,,93.8369024914522,219.44699097,35.3,19.0,73.302,4.434,83.8853491139676
PSE,2011,5805.32115329251,93.2215373459028,21.1,97.706730631295,99.0,99.0,,94.3190277945478,308.36453247,34.4,18.3,73.557,4.305,84.2340950604341
PSE,2012,6009.10925822042,94.7061306249874,20.3,98.182466002808,97.0,98.0,,94.800706660906,298.34082031,,17.7,73.722,4.154,84.5465135943222
PSE,2013,6142.20204342591,94.7726406972161,19.6,98.5793947721918,99.0,99.0,,95.2818879253375,327.25717163,,17.0,74.14,4.049,84.8178459889593
PSE,2014,5990.42661523778,96.0595015055566,21.9,98.968060270875,99.0,99.0,,95.7625423734235,314.27474976,,17.6,72.781,3.995,85.0433335176723
PSE,2015,6072.65031768549,96.3706500890533,18.2,99.2037493504784,99.0,99.0,,96.2425962734405,286.91394043,,15.8,74.577,3.977,85.2182174537886
PSE,2016,6464.13352537371,96.5069849798254,17.5,99.3094975837185,99.0,99.0,,96.7220200053128,299.4125061,33.7,15.2,74.917,3.887,85.3377390706351
PSE,2017,6426.79521615335,97.5735629387144,16.9,99.2241825771885,99.0,99.0,1.774,97.2007822905197,310.2114563,,14.6,75.216,3.771,85.3782255354
PSE,2018,6342.9374800852,96.5580534271123,16.3,99.1372582782546,99.0,99.0,2.168,97.6788204548577,324.02166748,,14.1,75.38,3.674,85.5351131070872
PSE,2019,6269.89134527985,95.6166576244839,15.7,99.0486719868248,99.0,99.0,,98.156123198693,317.45007324,,13.6,75.811,3.591,85.8136174183656
PSE,2020,5423.68254653126,94.653084809438,15.2,98.9584055042094,98.0,99.0,,98.6215954059263,314.82254028,,13.2,74.998,3.511,86.0741183743925
PSS,2005,6203.63940608642,103.498138427734,27.1694637786972,87.7371348202146,86.5030156398514,82.6671044672946,,66.4495873106014,138.541264199658,,21.1491068386469,67.2332794133166,3.620763176744,35.5766876832043
PSS,2006,6270.20561026621,103.797500610352,27.0895257234727,87.6817019200459,87.9958462066598,84.9114658427738,,66.8961198287761,139.540128866858,,21.0823906752412,67.3577049121232,3.60508810121026,35.8286942547922
PSS,2007,6191.93685021462,102.394943237305,26.8676522210876,87.630336824682,88.4644998637231,86.0881541291905,,67.333522949595,145.971920203499,,20.9253063569058,67.3668379536838,3.58890472455203,36.1307516644457
PSS,2008,6237.22081249056,103.407333374023,26.509661866396,87.5746749476629,85.3240320539857,78.6756136651202,,67.7292112293568,150.050372396979,,20.7178709636491,67.5747311016589,3.56930676629901,36.4580807336993
PSS,2009,6128.78865472213,103.761787414551,26.6762424299923,87.5083649937678,88.1638013132174,78.5300486191168,,68.0819146550749,146.721591434268,,20.6113055990386,67.4527929020498,3.54391950880304,36.7882107583247
PSS,2010,6266.69938542944,106.137832641602,25.6275626351767,87.4059860604125,88.7244447384524,82.112706104156,0.345272246559031,68.3199754193594,151.415096684753,,20.0557993779897,67.9059171883101,3.51570587097517,37.0835259513667
PSS,2011,6402.09924410503,106.081970214844,25.1378193645706,87.2740665943267,91.7074183203373,84.0671832522099,,68.4500006528014,163.359225207776,,19.7279972345307,68.0222810195532,3.48820562877606,37.2915597502513
PSS,2012,6386.94052753522,105.528106689453,24.6122514542364,87.1384810793756,91.4414688773948,89.180805981212,,68.5641276478206,176.404466568278,,19.3863746237699,67.6660532253593,3.47172473933368,37.5021404218298
PSS,2013,6531.90012102663,106.322830200195,24.2277773480407,87.0536220627234,89.4263129173087,86.8447130200308,,68.662841957933,177.072067466154,,19.0913349525828,68.0054625635404,3.45654427789758,37.7261145063194
PSS,2014,6710.09392298631,106.411392211914,23.9384676739014,86.9652214296429,86.0001116320607,87.8342901795681,,68.7533506532217,185.365653231477,,18.9580167190736,68.0376132124002,3.44819359331922,37.9658622454185
PSS,2015,6896.50177083272,106.393798828125,23.827468127215,86.8728907894579,88.4079675338057,83.7669345761798,,68.835685667411,177.995108423985,,18.9028566606833,68.1166096033138,3.41085700200253,38.2258875864973
PSS,2016,7044.71064474168,107.166816711426,23.8342089864802,86.7751796354159,88.8084662440921,86.2479174240868,,68.9075652440538,185.426164810969,,18.9539758553786,68.2856508563666,3.35982740867531,38.5106153371305
PSS,2017,7249.20252559116,107.932502746582,23.940274908752,86.6793889476037,84.8151779632827,86.5292962253093,,68.792929905562,189.672446994708,,19.0774590354896,68.519287500513,3.29401840298443,38.8043513180851
PSS,2018,7370.26163890891,107.436729431152,24.1138361240092,86.5833895039566,84.4530095541401,85.0219108280255,,68.6768689995445,217.726443231222,,19.2835998936885,68.5825887890247,3.2372619244172,39.0330726122061
PSS,2019,7345.58196205993,108.226936340332,24.5015472120248,86.5503688648402,91.3350031208489,87.4003488948994,,68.6216456445236,226.264029255156,,19.4930674817628,68.6421578303985,3.17968996269514,39.2708800377762
PSS,2020,6398.88980378789,105.581703186035,24.2955926184286,86.5413864745867,91.5797724929105,83.1276746584171,,68.5207139691398,227.820353598018,,19.5113323609614,68.3568108792759,3.1447759920452,39.4509108653665
PST,2005,47910.7270616016,102.841537475586,6.46866845764791,99.0704164303719,95.5900425485513,92.5979132292445,,98.9553247011365,3677.64494703088,,5.42570529126171,78.410884260835,1.61201140715546,78.6633587101345
PST,2006,49124.6017545878,102.728256225586,6.33282296175081,99.0650194865672,96.0880223494515,92.9492617971931,,98.9819608305937,3878.69184430608,,5.3325522657409,78.7291498117515,1.65744164035342,78.9744871154544
PST,2007,50178.5292615153,102.822563171387,6.16199940978813,99.0630382336114,95.822704751952,92.8734232906697,,99.006026573803,4209.53153380327,,5.21226351283376,78.9805173339684,1.68545174832742,79.2470932362782
PST,2008,50097.1139120419,103.070198059082,6.02057201286674,99.0613001017297,95.5901777244989,92.6863172603924,,99.0294505009854,4500.1603493697,,5.08868952843755,79.1456240590947,1.6981163842684,79.4966883073498
PST,2009,48022.2819554498,102.5283203125,5.89017464140797,99.0590674113918,94.2781235802421,91.1145308787721,,99.0512550424537,4573.81851627166,,4.96850594855995,79.4684041481196,1.67245587489248,79.7055116871316
PST,2010,49202.4977605287,102.038543701172,5.68148348144133,99.0796238882761,93.5795390626676,91.3090598030275,3.14970989539366,99.072403421871,4725.59187383918,,4.7919235293189,79.6785405516336,1.66079042885459,79.8703220718842
PST,2011,49888.7882058408,101.620330810547,5.57377640570646,99.0987769115498,94.022123262516,91.9015234959368,,99.0861907676973,5082.95126159156,,4.68540394619567,79.9443824717695,1.64471429950164,79.979849594125
PST,2012,50202.3862277536,101.388290405273,5.41281926487336,99.1181462224558,94.6762711713899,92.5927308672385,,99.0994251515566,5103.12543291364,,4.58398746115236,80.088710974095,1.65174368416002,80.0815323364536
PST,2013,50706.4050971727,101.338790893555,5.3092283245699,99.1508471183433,93.6207766981112,92.8107651508217,,99.1134447642348,5127.10763074032,,4.50824093483799,80.2734408942833,1.62535077671773,80.1971413336001
PST,2014,51441.7405935107,100.858261108398,5.21094423525424,99.1721565625399,91.78010385027,92.0171976358781,,99.1266530923171,5284.81764224541,,4.41450026396991,80.5389847887351,1.63311029685644,80.2993772705531
PST,2015,52274.7981957443,100.838203430176,5.15157604406349,99.2125864204639,92.0116493419462,91.7444130911356,,99.1385171893285,5112.93998162001,,4.35678117098736,80.4400588000625,1.62863672974611,80.4010549473574
PST,2016,52980.6671692557,101.038818359375,5.06126925886041,99.2520952624771,92.0093329221735,91.200816068035,,99.1502672904444,5275.02298467372,,4.28378586192832,80.611199448631,1.62231566802328,80.5121378696177
PST,2017,54108.2407867178,101.360092163086,4.97408120426222,99.2910091744263,92.9371432258446,92.9637086766196,,99.1610968520244,5452.60851500304,,4.2096051400372,80.6648214527058,1.58028096100032,80.5730252146896
PST,2018,55143.3332401636,101.205238342285,4.90667244185543,99.32925137821,93.6269984947416,93.633518756746,,99.1713141909622,5719.28052644392,,4.18577737798877,80.7434751770259,1.550289674881,80.6405983623246
PST,2019,55954.6056964726,101.210632324219,4.88668719285686,99.3669299955127,94.058376173209,92.9770008152529,,99.1925900102059,5831.50920900274,,4.12166747078415,80.9699107710013,1.51916802759849,80.7012981435582
PST,2020,53484.386473395,100.949989318848,4.85821344234638,99.4038985081291,93.5043791853105,93.0801855761445,,99.1971959085144,6358.76046290451,,4.10746058799424,80.0657027820539,1.47464307413073,80.7390351837835
PYF,2005,,,,100.0,,,,97.7194648669098,,,,79.951,2.181,56.8472850820701
PYF,2006,,,,100.0,,,,97.7084345870236,,,,80.1,2.217,57.5825834325129
PYF,2007,,,,100.0,,,,97.6974043071373,,,,80.328,2.122,58.4102481922721
PYF,2008,,,,100.0,,,,97.686374027251,,,,80.587,2.195,59.2616375081129
PYF,2009,,,,100.0,,,,97.6753437473647,,,,80.867,2.148,60.0681095268001
PYF,2010,,,,100.0,,,,97.6643134674784,,,,81.141,2.165,60.7610223950988
PYF,2011,,,,100.0,,,,97.6532831875921,,,,81.434,2.061,61.2717342597741
PYF,2012,,,,100.0,,,,97.6422529077059,,,,81.695,2.026,61.5286539604592
PYF,2013,,,,100.0,,,,97.6312226278196,,,,81.935,1.937,61.6130486661995
PYF,2014,,,,100.0,,,,97.6201923479333,,,,82.151,1.957,61.6824807401268
PYF,2015,,,,100.0,,,,97.609162068047,,,,82.339,1.872,61.7374742154907
PYF,2016,,,,100.0,,,,97.5981317881607,,,,82.555,1.763,61.7744381369651
PYF,2017,,,,100.0,,,,97.5871015082744,,,,82.774,1.669,61.7896941062846
PYF,2018,,,,100.0,,,,97.5760712283881,,,,82.985,1.645,61.7888025236875
PYF,2019,,,,100.0,,,,97.5650409485018,,,,83.195,1.567,61.7824142427508
PYF,2020,,,,100.0,,,,97.5540106686156,,,,82.459,1.57,61.7673100921
QAT,2005,113384.267001706,96.1018829345703,10.4,99.9029247892536,97.0,99.0,2.605,99.9365492602027,1386.015625,,8.7,76.909,2.635,97.3016654918171
QAT,2006,121378.43895737,94.6122207641602,10.1,99.9029247892536,96.0,99.0,2.378,99.9365492602027,1378.9296875,,8.4,77.323,2.509,97.5827378795062
QAT,2007,115272.510003238,98.2639617919922,9.8,99.9029247892536,94.0,92.0,,99.9365489991929,1301.49682617,,8.2,77.741,2.438,97.8663125111735
QAT,2008,114879.221727674,98.5704574584961,9.6,99.9029247892536,97.0,96.0,3.231,99.9365487381809,1292.60046387,,7.9,78.262,2.369,98.1295193937322
QAT,2009,114069.652335284,103.211761474609,9.3,99.9090710287163,99.0,99.0,3.232,99.9365484771668,1325.43005371,,7.7,78.837,2.254,98.3494885340955
QAT,2010,132502.281828313,103.012957458666,9.1,99.915217268179,97.0,99.0,4.048,99.9365482161506,1309.79272461,,7.5,79.444,2.137,98.5066232166665
QAT,2011,149025.116325024,99.263245898213,8.9,99.9213635076417,93.0,98.0,,99.9365479551322,1482.28308105,,7.3,79.994,2.07,98.6300610210909
QAT,2012,147077.406092637,102.537557878561,8.7,99.9275097471044,92.0,97.0,,99.9365476941116,1712.67089844,,7.1,80.499,2.04,98.7428010471968
QAT,2013,138046.596315458,100.070843605656,8.4,99.9336559865671,97.0,97.0,,99.9365474330889,2029.8659668,,6.9,80.974,2.032,98.8357621827901
QAT,2014,128013.987050891,97.9827742520399,8.1,99.9398022260297,89.0,99.0,1.927,99.9365471720641,2252.4140625,,6.7,81.395,2.03,98.901627838826
QAT,2015,123070.887876565,101.073259958727,7.8,99.9459484654924,99.0,99.0,,99.9365469110371,2422.64453125,,6.4,81.785,1.976,98.9382407681154
QAT,2016,120054.408736518,103.68811714668,7.5,99.9520947049551,98.0,99.0,2.751,99.936546650008,2072.06103516,,6.2,82.147,1.856,98.9855265345423
QAT,2017,115064.943662853,106.121974267646,7.1,99.9582409444178,97.0,99.0,,99.9365463889767,1911.95361328,35.1,5.9,82.458,1.834,99.0310125265978
QAT,2018,114909.945485127,107.083429224986,6.8,99.9643871838805,98.0,99.0,2.504,99.9365461279432,1966.55712891,,5.6,82.714,1.756,99.0755684762244
QAT,2019,113160.973779334,102.273940498665,6.6,99.9705334233432,98.0,99.0,,99.9365458669077,2007.51525879,,5.4,82.945,1.731,99.1191696672067
QAT,2020,103061.913422502,100.984972771335,6.3,99.9766796628058,89.0,90.0,,99.9365456058699,1967.15197754,,5.2,80.409,1.675,99.1617913833034
ROU,2005,20570.925514681,102.187843322754,18.2,99.9999985637019,97.0,97.0,2.234,74.2457870285484,254.52961731,29.8,15.5,71.9121951219512,1.4,53.074507031037
ROU,2006,22354.5637860053,101.634002685547,16.7,99.9999973631177,97.0,95.0,2.231,75.1835159880533,291.00408936,39.6,14.3,72.1634146341463,1.42,53.2566380678272
ROU,2007,24328.3931332788,100.085487365723,15.2,99.9999991390449,96.0,97.0,2.309,76.118166846837,415.06790161,37.5,12.9,72.5658536585366,1.45,53.4472789126416
ROU,2008,27039.6000864291,98.5809478759766,13.9,100.0,96.0,96.0,2.426,77.0497373536879,521.31561279,36.4,11.8,72.5658536585366,1.6,53.6297858153706
ROU,2009,25761.6305517205,100.860786437988,13.0,99.9999988230142,95.0,96.0,2.449,77.9782248834449,449.37692261,35.6,11.1,73.309756097561,1.66,53.7875150259042
ROU,2010,24902.9044891466,99.9739990234375,12.4,99.999996291155,94.0,95.0,2.485,78.9036342216492,472.20751953,35.5,10.5,73.4585365853659,1.59,53.9038227941329
ROU,2011,26150.7476231736,98.3790512084961,11.8,100.0,89.0,93.0,2.522,79.8259688450856,426.59973145,35.9,10.0,74.409756097561,1.47,53.9608874244169
ROU,2012,26767.4556487181,96.2415466308594,11.2,100.0,91.0,94.0,2.598,80.7099325881725,401.67105103,36.5,9.5,74.4121951219512,1.52,53.9563092496073
ROU,2013,26941.9318849595,,10.6,99.9999994937801,92.0,92.0,2.633,81.5787881318127,495.23623657,36.9,8.9,75.0634146341463,1.46,53.9101758034365
ROU,2014,28156.1307843293,,9.9,100.0,94.0,89.0,2.69,82.4485173692872,503.34753418,36.0,8.3,74.909756097561,1.56,53.8267187624053
ROU,2015,29181.8781722441,89.0534133911133,9.2,99.9999977589851,89.0,86.0,2.758,83.3255001952095,442.24038696,35.9,7.7,74.9121951219512,1.62,53.7071839518893
ROU,2016,30189.147723024,87.5895919799805,8.5,99.99999889392,89.0,86.0,2.83,84.2094124497179,476.24505615,34.4,7.1,75.209756097561,1.69,53.5528171972639
ROU,2017,32852.6355672255,87.2723999023438,7.9,99.9999969050607,82.0,87.0,2.912,85.0986005989272,555.11309814,36.0,6.6,75.209756097561,1.78,53.3648643239046
ROU,2018,34828.8958637884,91.3751220703125,7.3,100.0,86.0,90.0,3.028,85.9929537766502,687.15411377,35.8,6.1,75.3585365853659,1.76,53.1445711571868
ROU,2019,36399.4746080793,92.6139984130859,6.8,99.9999999599391,88.0,90.0,3.165,86.8911090946585,738.5581665,34.8,5.6,75.6073170731707,1.77,52.8931835224862
ROU,2020,35283.6060358241,91.9047393798828,6.5,99.9999987108397,87.0,87.0,3.307,87.7922191507809,809.58880615,34.6,5.4,74.2536585365854,1.8,52.611947245178
RUS,2005,27656.658203125,96.7937927246094,13.9,96.471709178474,98.0,99.0,4.774,81.6791040024383,270.1439209,41.3,11.1,65.529756097561,1.294,73.1613922119141
RUS,2006,30022.671875,96.5280838012695,12.8,96.4880294929915,98.0,99.0,4.873,81.6858939304323,350.84014893,41.0,10.2,66.7275609756098,1.305,73.2439193725586
RUS,2007,32630.369140625,96.1058807373047,12.0,96.5044115144395,98.0,99.0,4.917,82.2454451048795,459.60296631,42.3,9.5,67.5868292682927,1.416,73.3856048583984
RUS,2008,34342.2265625,95.3222122192383,11.3,96.5208597996727,98.0,99.0,4.894,82.8056855793495,606.77508545,41.6,9.0,67.9492682926829,1.502,73.4822463989258
RUS,2009,31654.00390625,95.5198287963867,10.7,96.5372935100773,98.0,98.0,4.944,83.3664393165315,513.91033936,39.8,8.6,68.6846341463415,1.542,73.5288696289062
RUS,2010,33063.5859375,,10.4,96.5538627864381,97.0,98.0,4.973,83.92804330417,564.30065918,39.5,8.3,68.8412195121951,1.567,73.6696307887624
RUS,2011,34444.64453125,96.133405106655,10.2,96.5704996927268,97.0,98.0,4.22,84.4903383941057,681.04345703,39.7,8.1,69.6839024390244,1.582,73.8534851074219
RUS,2012,35740.69921875,97.262229693837,9.9,96.5883061212066,97.0,98.0,4.003,85.0560724272836,755.48553467,40.7,7.9,70.0721951219512,1.691,73.97265625
RUS,2013,36260.06640625,96.9484148725836,9.5,96.6072317213123,97.0,98.0,3.987,85.6253629696735,805.52130127,40.9,7.6,70.5787804878049,1.707,74.0762949770228
RUS,2014,35853.24609375,97.4962712179576,8.9,96.6274699098944,97.0,98.0,4.12,86.1989352053169,736.32177734,36.9,7.1,70.7436585365854,1.75,74.1776476748791
RUS,2015,35037.15234375,98.3827760103169,8.2,96.6488882039926,97.0,98.0,3.925,86.7766922089747,496.94955444,36.5,6.6,71.1834146341463,1.777,74.275919065527
RUS,2016,35005.4453125,98.3341307364642,7.5,96.6715881856809,97.0,98.0,3.964,87.3591528902794,463.29275513,36.7,6.0,71.6512195121951,1.762,74.3703138709243
RUS,2017,35570.703125,100.767602587422,6.9,96.6956032384839,97.0,98.0,4.058,87.9466409875352,577.06811523,35.5,5.5,72.4514634146342,1.621,74.460036813029
RUS,2018,36536.6953125,102.018364437962,6.4,96.7208870647795,97.0,98.0,4.097,88.5392414303968,606.11401367,35.3,5.1,72.6621951219512,1.579,74.5442926137992
RUS,2019,37319.3203125,101.832335105065,6.0,96.7474557360286,97.0,98.0,4.165,89.1372417555839,650.47058105,35.7,4.8,73.0839024390244,1.504,74.6222859951926
RUS,2020,36376.3359375,101.731047648404,5.7,96.7753426009288,97.0,97.0,3.807,89.7409453652069,814.94451904,33.7,4.6,71.3387804878049,1.505,74.6932216791674
RWA,2005,1412.06107949967,138.091659545898,104.5,50.8247607465071,95.0,89.0,0.024,52.2806585813749,25.02086639,52.0,64.0,56.968,5.5,16.9072114459454
RWA,2006,1501.7646218593,148.047485351562,93.4,51.3601414899442,99.0,95.0,,53.8759294452882,27.1564312,,58.1,58.342,5.335,16.9110139245047
RWA,2007,1573.96811218011,154.816009521484,84.1,51.89573756501,97.0,94.0,,55.4685962150806,33.50738907,,53.2,59.504,5.141,16.9140836058266
RWA,2008,1704.25449057727,154.724563598633,76.0,52.431851071574,97.0,92.0,0.052,57.0587484402126,39.94568634,,49.1,60.641,4.922,16.9170867063804
RWA,2009,1764.63484961094,156.6142578125,69.1,52.9687937725955,97.0,95.0,0.055,58.6463993130751,43.99641418,,45.7,61.813,4.707,16.9206894426355
RWA,2010,1846.86326840066,155.315788762649,63.3,53.5059466163751,97.0,95.0,0.055,60.2315011971765,47.96871567,47.2,42.6,62.804,4.522,16.9255580310614
RWA,2011,1945.53705383878,154.129639895033,58.1,54.0436163513461,97.0,95.0,0.0129,61.8140834716847,51.64939499,,39.3,63.476,4.332,16.9323586881273
RWA,2012,2063.66474823031,153.371821344578,54.2,54.5821211607428,98.0,97.0,,63.3941024387453,57.26393127,,37.4,64.189,4.201,16.9410248882148
RWA,2013,2109.74668811567,123.706003554374,51.4,55.1208311821785,98.0,95.0,0.1,64.9716279211285,47.75388718,45.1,35.9,64.651,4.136,17.0742206053612
RWA,2014,2176.09492014666,138.315807313314,49.2,55.6650639617623,98.0,97.0,0.089,66.5451269597636,50.63835144,,34.7,65.088,4.117,17.5020716539756
RWA,2015,2313.09716940962,137.243191055886,47.3,56.2151798036552,98.0,96.0,0.11,68.1134578237063,48.81296921,,33.9,65.419,4.108,18.1953149858416
RWA,2016,2386.74841002826,140.620022753129,45.8,56.7706115569257,98.0,95.0,0.12,69.6758086260828,43.54212189,43.7,33.2,65.733,4.106,19.1213951786548
RWA,2017,2441.08540816509,139.309946965821,44.7,57.3320450944617,98.0,97.0,0.135,71.2308954690674,40.76682663,,32.7,66.14,4.084,20.2477568101111
RWA,2018,2577.69730366075,137.129353849659,43.7,57.8995436163309,97.0,99.0,0.132,72.7776126104957,42.11674881,,32.2,66.354,4.047,21.5418444579064
RWA,2019,2753.53959810856,138.020075127914,42.7,58.4728536131809,98.0,96.0,0.117,74.3150494792337,39.81322098,,31.7,66.691,3.985,22.9711026997362
RWA,2020,2617.70706034364,,41.6,59.0523587439994,91.0,94.0,0.116,75.8419280137536,45.15266418,,31.3,66.953,3.913,24.5029761132966
SAS,2005,3748.35844477212,107.856147766113,72.0,84.2542333054159,68.8573868671669,70.8108831462815,,29.4360620885859,25.9963521416384,,54.6,65.131596636791,2.93687989722614,28.8194352543063
SAS,2006,3983.25023893144,109.757987976074,68.7,84.884850524204,69.2423255330308,71.3097208861523,,32.0975668778388,27.8197395950161,,52.6,65.5691020177667,2.84697285381899,29.2427297254624
SAS,2007,4222.24103901725,111.125106811523,65.5,85.5138555937261,68.2310102639905,72.7516070633476,,34.7780710075797,33.6163714653392,,50.6,65.9890229742237,2.75669654521409,29.674497317065
SAS,2008,4309.94806835076,111.084480285645,62.4,86.1413638692985,73.5627656582605,74.7522157430476,,37.477021661974,35.8991784899837,,48.7,66.4314116387286,2.68905082515755,30.1090398673123
SAS,2009,4566.50695762565,110.484977722168,59.4,86.7664836808269,77.3095014827124,80.1747845653027,,40.1929257302588,36.6066043494591,,46.7,66.84109704634,2.64443180727681,30.540665970275
SAS,2010,4872.71064899734,110.696907043457,56.3,87.3894656170124,81.1844867951252,82.955934489694,,42.9262065996714,42.9875789328061,,44.7,67.3525068406787,2.56574779030977,30.9636904041139
SAS,2011,5069.45396503048,109.978492736816,53.4,88.0116605742868,83.9213306828603,85.2377199157076,,45.6771661407811,46.3723319841827,,42.7,67.8108394834024,2.50022514366302,31.3499145522495
SAS,2012,5285.90684170559,111.911849975586,50.5,88.6337784186551,83.6452632179677,83.7913347152738,,48.447723274212,46.6152634556105,,40.8,68.2629615309516,2.44177823996936,31.6728581018008
SAS,2013,5548.16105526486,113.485366821289,47.7,89.2557938947371,84.7482147536966,84.1424049241726,,51.2181244875988,53.3691511888425,,38.8,68.6853288301062,2.37827206529081,32.0003773282425
SAS,2014,5878.67479791218,111.840263366699,45.1,89.8758073259334,86.5906888383266,86.1919937049153,,54.0256657809483,54.5770272304796,,37.0,69.1208563538772,2.28396274115946,32.3195810824512
SAS,2015,6259.31717310526,112.902671813965,42.6,90.4943845268135,88.4275954997461,88.1945053484341,,56.8493740200815,56.7417052203767,,35.2,69.5110334122263,2.27891070577889,32.6380348100917
SAS,2016,6681.44601575684,118.426078796387,40.3,91.1109451838117,89.2178172243413,89.0241445583039,,59.689489068753,58.8470714953936,,33.5,69.9184707063298,2.2733060135155,32.9532139923473
SAS,2017,7055.83469512198,117.016357421875,38.1,91.725355663911,90.1353359332812,90.8821469320224,,62.5446654383749,56.5030929296534,,31.9,70.2904723380061,2.19158171903298,33.2643876230047
SAS,2018,7430.46384287571,102.812812805176,36.0,92.3374966297544,91.0258804291782,93.4797313414009,,65.4131386342214,57.6271937496546,,30.3,70.6523573971364,2.18134059924297,33.5735795082406
SAS,2019,7660.41899011306,101.631233215332,34.1,92.947203002823,91.936869320795,95.2155710866366,,68.2929375209308,60.4097547940249,,28.9,70.9975623145981,2.12407623256393,33.8860664509609
SAS,2020,7215.20736191888,103.280586242676,32.4,93.5537322827328,86.5064754023475,89.9725590385987,,71.0904539364477,63.7995398712069,,27.6,70.3622206982499,2.06019382226457,34.2000653894608
SAU,2005,54931.7942450845,115.50853729248,16.3,99.0706866241394,96.0,97.0,,,545.73571777,,14.5,74.4,3.161,80.9775503092999
SAU,2006,54373.737695386,,15.4,99.0690879620457,96.0,95.0,,,634.81872559,,13.6,74.762,3.176,81.2008588083072
SAU,2007,53318.4191601834,120.881187438965,14.5,99.0674880275407,96.0,96.0,,,662.00793457,,12.7,75.066,3.185,81.4230015549063
SAU,2008,54407.7081673247,123.49730682373,13.7,99.06590853272,98.0,97.0,1.971,,663.14331055,,11.9,75.301,3.074,81.6441431042994
SAU,2009,51760.7643987566,125.763481140137,12.9,99.064350805569,98.0,98.0,1.937,,760.19476318,,11.1,75.447,2.95,81.8644480116889
SAU,2010,54911.547517012,128.086135732352,12.1,99.0628033442544,98.0,98.0,2.244,,765.91680908,,10.4,75.616,2.81,82.0791668544465
SAU,2011,58645.4459416531,128.024230557425,11.4,99.0612486326725,98.0,98.0,2.27,,954.38873291,,9.7,75.808,2.8,82.2543876159947
SAU,2012,59471.7001909394,129.348001204547,10.8,99.0596929684961,98.0,98.0,2.273,,1093.15588379,,9.0,76.09,2.78,82.4311918025358
SAU,2013,57998.4644619155,99.3784710993113,10.1,99.0581282049423,98.0,98.0,2.426,97.5515166629486,1189.67932129,,8.4,76.517,2.67,82.6071884619102
SAU,2014,58872.2671400126,100.7677674866,9.6,99.0565545012609,98.0,98.0,2.371,97.5565788684819,1363.59155273,,7.8,77.116,2.68,82.7822571294871
SAU,2015,58498.5399040699,101.594836340679,9.0,99.054985329852,98.0,98.0,2.444,97.5616457387732,1309.27148438,,7.3,77.776,2.63,82.9562773406163
SAU,2016,57308.4484127497,103.42068748908,8.5,99.0534091692416,98.0,98.0,2.466,97.5667358551859,1353.21813965,,6.8,78.354,2.65,83.129128630626
SAU,2017,57942.5484983044,106.381546527147,8.0,99.05183493953,98.0,96.0,2.676,97.5718278390654,1400.90356445,,6.4,78.721,2.67,83.300690534822
SAU,2018,61359.4653740388,105.80186450639,7.6,99.0502504705906,96.0,98.0,2.899,97.5769396449473,1488.9753418,,6.0,78.75,2.67,83.4708425884849
SAU,2019,62647.7299487842,102.737519761619,7.2,99.0486721197549,96.0,95.0,2.633,97.5820275772784,1504.55249023,,5.7,78.313,2.49,83.6394643268678
SAU,2020,57420.7335736424,103.151902576284,6.9,99.0470900170106,95.0,96.0,3.076,97.5871417429561,1574.70068359,,5.4,77.596,2.27,83.8064352851942
SDN,2005,4152.32275390625,59.3962097167969,98.8,46.740256350294,78.0,69.0,,19.1365769047278,37.07490158,,66.4,57.226,5.397,32.4603150404146
SDN,2006,4299.97412109375,63.7515182495117,83.0,47.6822962076852,78.0,73.0,0.346,20.8471551509776,55.32660294,,59.7,60.4,5.332,32.4702930558327
SDN,2007,4415.78515625,63.5354995727539,80.4,48.6237396738538,84.0,79.0,0.346,22.8360801058185,81.79016876,,58.2,61.442,5.27,32.4759528252296
SDN,2008,4446.40966796875,68.9424591064453,77.9,49.5645926938442,86.0,79.0,0.322,24.8798414748603,82.84276581,,56.8,61.261,5.212,32.4816230749746
SDN,2009,4188.0546875,68.2343368530273,75.5,50.5096584321663,81.0,82.0,,26.985005939161,80.00441742,35.4,55.5,62.676,5.173,32.5774622972843
SDN,2010,4219.8369140625,67.3397827148438,73.4,51.4588123551418,90.0,90.0,,29.1517069072564,73.60398865,,54.3,62.979,5.141,32.7174026591513
SDN,2011,4467.6259765625,64.9761810302734,71.3,52.4116810019842,93.0,87.0,,31.3797006029968,80.37197876,,53.1,63.181,5.087,32.9059760141986
SDN,2012,4145.931640625,66.0605392456055,69.3,53.3676832487134,92.0,85.0,,33.6683780592082,75.40776825,,51.9,63.427,5.031,33.1425561614901
SDN,2013,4130.48583984375,66.95703125,67.3,54.3266708008702,93.0,85.0,,36.0176959149453,97.4931488,,50.8,63.443,4.965,33.4264777958103
SDN,2014,4207.50048828125,67.05712890625,65.4,55.2880772698351,94.0,86.0,,38.4269401247106,88.78498077,34.2,49.7,63.99,4.912,33.7624582408117
SDN,2015,4159.1943359375,67.6649703979492,63.5,56.2519336312621,93.0,87.0,0.396,40.8962454458167,93.69657135,,48.4,64.375,4.898,34.0914394628597
SDN,2016,4174.56103515625,69.8550796508789,61.6,57.2176665079602,93.0,87.0,,43.424779800547,89.39633942,,47.2,64.677,4.829,34.1881958841213
SDN,2017,4061.01831054688,70.3664779663086,59.7,58.1849054905312,95.0,90.0,0.25,46.0119565679027,67.75476837,,45.9,65.146,4.761,34.2872225663509
SDN,2018,3816.65991210938,72.0317687988281,57.8,59.1534610514816,93.0,88.0,,48.6574194730533,33.88366699,,44.6,65.501,4.681,34.382054222005
SDN,2019,3625.52319335938,72.3981094360352,56.1,60.1227730186922,93.0,90.0,,51.3601722607621,31.79406929,,43.4,65.803,4.617,34.4727685824236
SDN,2020,3401.24975585938,,54.3,61.0926356052486,90.0,86.0,,54.1197261681039,22.91861534,,42.2,65.124,4.542,34.5594433789246
SEN,2005,3301.82076161633,80.6679611206055,87.6,65.6454033379623,84.0,74.0,,41.9259089969181,36.00606155,39.2,53.5,60.98,5.133,41.9057599695838
SEN,2006,3301.03152415011,80.4989929199219,80.8,66.865607080287,89.0,80.0,,43.0340621400577,38.28113556,,50.1,61.801,5.064,42.2046413043069
SEN,2007,3316.42037835596,83.9038162231445,75.0,68.0818461765574,94.0,84.0,,44.1399592498468,40.60185623,,47.3,62.653,5.018,42.524343609533
SEN,2008,3359.70567091144,84.4092330932617,70.1,69.2939508159691,88.0,77.0,0.062,45.2434542159987,49.05390167,,44.9,63.201,5.024,42.867747101036
SEN,2009,3371.46166689451,84.0063171386719,66.1,70.5013902121975,86.0,79.0,,46.3440817777614,50.27443314,,43.1,63.751,5.025,43.23773199459
SEN,2010,3403.56707166762,83.8549053927634,62.8,71.7047289784237,89.0,81.0,,47.4423428976999,51.38805008,,41.5,64.221,5.055,43.6371785059692
SEN,2011,3362.87940538165,86.5724487304688,60.0,72.9034178534763,92.0,84.0,,48.5377592186689,57.93114853,40.3,40.3,64.799,5.099,44.0689668509475
SEN,2012,3405.10864461668,86.4115600585938,57.6,74.0969620089046,91.0,83.0,,49.6298898995035,56.61458969,,39.3,65.229,5.129,44.5359772452989
SEN,2013,3385.425906874,82.6985436490722,55.5,75.2855370773077,92.0,84.0,0.3179,50.7188973203129,60.51578903,,38.5,65.638,5.049,45.0398750539456
SEN,2014,3484.01219750661,83.6844563893552,53.7,76.46896680992,89.0,80.0,,51.8046299171747,61.40605545,,37.8,66.001,4.884,45.6020905341588
SEN,2015,3593.79477121279,84.8970794677734,52.2,77.649320243194,89.0,80.0,0.2074,52.8890432398602,53.32304382,,37.3,66.451,4.751,46.2747669629858
SEN,2016,3710.05531591559,,50.8,78.8258139339832,93.0,93.0,0.077,53.9714940731355,53.90053558,,36.8,66.724,4.648,47.0553579909929
SEN,2017,3871.45146786374,,49.4,79.9984726874606,93.0,90.0,0.069,55.0521038030032,56.49185944,,36.3,67.059,4.489,47.9338349639053
SEN,2018,3998.28635303867,,47.9,81.1662422601817,92.0,86.0,,56.1299701818744,64.37467957,38.3,35.7,67.379,4.294,48.9001692274485
SEN,2019,4070.6122705955,83.2568728212779,46.2,82.3288600505419,91.0,86.0,0.088,57.204943845452,64.33670807,,34.8,67.668,4.1,49.9443321273477
SEN,2020,4018.04129279044,84.9031291477371,44.2,83.4855735664121,83.0,82.0,0.082,58.276399086684,75.16521454,,33.7,67.496,4.003,51.0562950093282
SGP,2005,82547.482835778,,3.0,100.0,96.0,96.0,1.581,100.0,908.3760376,,2.3,79.990243902439,1.26,100.0
SGP,2006,87210.0480467646,,2.9,100.0,95.0,95.0,1.573,100.0,989.73895264,,2.3,80.1414634146341,1.28,100.0
SGP,2007,91198.1515708456,,2.9,100.0,97.0,95.0,1.606,100.0,1116.97937012,,2.3,80.4414634146342,1.29,100.0
SGP,2008,88083.2853664583,,2.8,100.0,97.0,95.0,1.631,100.0,1286.91345215,,2.2,80.790243902439,1.28,100.0
SGP,2009,85575.755106675,,2.8,100.0,97.0,95.0,1.675,100.0,1326.11682129,,2.2,81.2414634146342,1.22,100.0
SGP,2010,96280.0168756448,,2.8,100.0,96.0,95.0,1.779,100.0,1510.66784668,,2.2,81.5414634146342,1.15,100.0
SGP,2011,100153.729405945,,2.8,100.0,96.0,95.0,1.861,100.0,1700.1685791,,2.2,81.7439024390244,1.2,100.0
SGP,2012,102061.11936105,,2.8,100.0,97.0,95.0,1.932,100.0,1853.02429199,,2.2,81.9951219512195,1.29,100.0
SGP,2013,105259.693561054,,2.8,100.0,97.0,95.0,2.034,100.0,2102.97021484,,2.2,82.2463414634147,1.19,100.0
SGP,2014,107990.891202625,,2.7,100.0,96.0,95.0,2.15,100.0,2233.34960938,,2.2,82.4951219512195,1.25,100.0
SGP,2015,109894.041337341,,2.7,100.0,96.0,95.0,2.255,100.0,2330.39599609,,2.2,82.7439024390244,1.24,100.0
SGP,2016,112719.947951111,100.773205741627,2.6,100.0,97.0,95.0,2.325,100.0,2509.92163086,,2.1,82.8463414634146,1.2,100.0
SGP,2017,117492.967994526,100.626953870432,2.6,100.0,96.0,95.0,2.389,100.0,2673.66210938,,2.1,83.0951219512195,1.16,100.0
SGP,2018,120668.888726158,100.261866636903,2.5,100.0,97.0,97.0,2.443,100.0,2726.00683594,,2.0,83.2975609756098,1.14,100.0
SGP,2019,120678.341978557,100.692578354355,2.5,100.0,97.0,96.0,2.519,100.0,2924.24707031,,2.0,83.5951219512195,1.14,100.0
SGP,2020,116684.213596572,100.53590938338,2.4,100.0,98.0,97.0,2.638,100.0,3541.36450195,,2.0,83.5439024390244,1.1,100.0
SLB,2005,2287.56668822715,98.3559722900391,29.1,76.7151460783191,89.0,87.0,0.184,23.2806567827526,89.02578735,46.1,22.6,67.79,4.411,17.6001415877737
SLB,2006,2340.95143662493,104.057861328125,28.8,76.2781998781212,99.0,99.0,,23.9183247473617,87.74922943,,22.5,67.968,4.39,18.0540134013038
SLB,2007,2384.62333040945,105.483810424805,28.4,75.8508142514165,88.0,90.0,,24.5615868836554,89.10964203,,22.2,67.845,4.372,18.5333445288467
SLB,2008,2490.10207495758,,28.0,75.4333235805616,85.0,71.0,0.175,25.2110099133869,75.66864014,,22.0,68.336,4.358,19.0370010521463
SLB,2009,2515.21324036507,,27.6,75.0255056296679,86.0,69.0,,25.8655809274752,93.879776,,21.7,68.397,4.349,19.5633740998673
SLB,2010,2682.62900140516,114.760983533349,27.2,74.6276815743393,83.0,74.0,,26.5258667445609,74.17661285,,21.4,68.669,4.341,20.1194058206257
SLB,2011,2777.83439007893,114.164307756346,26.7,74.2385839861818,91.0,77.0,0.197,27.1881944910187,95.51364136,,21.1,68.824,4.335,20.7284892962955
SLB,2012,2743.8100151451,110.128024198969,26.2,73.8584084824388,92.0,87.0,0.15,27.8531008197691,100.84831238,37.1,20.8,68.961,4.332,21.3906964219987
SLB,2013,2783.94856666363,110.310354621437,25.8,73.4869458643753,83.0,76.0,0.18,28.5200623498988,98.99965668,,20.5,69.007,4.325,22.1027262484765
SLB,2014,2716.77005403122,108.983168803493,25.4,73.1239607321779,77.0,76.0,,29.1885477185461,105.85440826,,20.3,68.984,4.36,22.8612778264703
SLB,2015,2665.06620679799,108.53733598305,25.0,72.7696512554907,87.0,75.0,,29.8590956039926,91.08989716,,20.0,69.323,4.291,23.6630502067213
SLB,2016,2715.58152252659,108.672249064372,24.6,72.42353421812,94.0,82.0,0.181,30.5306345641,94.32994843,,19.7,69.501,4.2,24.5047424399707
SLB,2017,2704.00988015555,106.573590544667,24.1,72.0857915178444,83.0,84.0,,31.2036978531695,89.29357147,,19.4,69.652,4.06,25.3830535769599
SLB,2018,2686.46317027984,100.189113095468,23.6,71.761506901506,85.0,93.0,,31.8782846169849,88.03850555,,19.1,69.806,3.93,26.2946826684302
SLB,2019,2661.95770893588,98.2067225777189,23.1,71.5848927519739,94.0,81.0,,32.5533129184691,98.67025757,,18.7,69.981,3.8,27.275106750276
SLB,2020,2515.46369413305,89.6007986762942,22.5,71.4129793033283,94.0,81.0,,33.2293129783629,100.99560547,,18.3,69.258,3.749,28.0327555150022
SLE,2005,2296.65767816581,,193.2,45.7867241537435,65.0,71.0,,9.53865069026283,26.04933357,,109.3,48.306,5.807,36.8485519672439
SLE,2006,2342.75461064658,,186.5,46.9721511803673,64.0,65.0,,10.156650697941,29.63347244,,105.9,49.547,5.737,37.1703805343647
SLE,2007,2377.80530040404,,179.6,48.1563137689467,64.0,60.0,,10.7956031143398,31.90766907,,102.3,50.024,5.643,37.5122859420526
SLE,2008,2404.65198710572,,172.4,49.3391346809252,77.0,73.0,0.0155,11.4555098785818,37.23431396,,98.6,50.693,5.563,37.8725951588418
SLE,2009,2376.58254446039,,165.2,50.520195051474,84.0,80.0,,12.1362206469185,39.29960632,,94.7,51.312,5.448,38.2496351532666
SLE,2010,2459.76814343236,,157.9,51.6994418329327,86.0,82.0,0.022,12.837725625722,37.84529114,,90.8,51.927,5.327,38.6417328938613
SLE,2011,2590.52839404167,114.580513591833,150.8,52.8771685676355,89.0,84.0,0.026,13.5601796070667,49.6336174,34.0,87.0,52.594,5.209,39.0472153491602
SLE,2012,2792.92626459232,117.716124289972,144.1,54.0533047771617,91.0,86.0,,14.3035861709667,51.99141312,,83.4,53.159,5.064,39.4644094876975
SLE,2013,3124.72832355066,119.788073464671,137.9,55.2271223321324,92.0,85.0,,15.0676033654272,84.93772125,,80.1,54.051,4.873,39.8916422780075
SLE,2014,2812.5283210882,,135.9,56.3992358539249,83.0,80.0,,15.8525627081666,143.60603333,,77.8,54.281,4.703,40.3272406886245
SLE,2015,2628.17058065746,120.700737828928,136.8,57.5692588907449,86.0,78.0,,16.6582857856538,118.66024017,,76.9,55.454,4.548,40.7669565187099
SLE,2016,2732.26093913215,123.03165757627,121.8,58.7374466065884,84.0,85.0,,17.4849469878374,84.22316742,,71.3,56.937,4.466,41.229411538771
SLE,2017,2753.42719762222,126.863918148513,117.0,59.9058113970129,90.0,80.0,,18.3338579581936,47.37737274,,68.7,57.761,4.389,41.7106682105058
SLE,2018,2767.38003296688,114.58023823864,112.4,61.0747116605736,93.0,87.0,0.075,19.205484723374,44.82733536,35.7,66.3,59.059,4.294,42.2011025267803
SLE,2019,2852.66269829967,145.617495471991,108.3,62.2435949536526,95.0,93.0,0.033,20.0997388519849,48.13619995,,64.0,59.593,4.192,42.7018444914441
SLE,2020,2752.62615355663,142.792124647639,104.4,63.4122118828476,91.0,87.0,0.073,21.0167123808123,47.8861618,,61.9,59.694,4.08,43.2129659123546
SLV,2005,8050.5345128919,117.893600463867,24.0,87.4859778413184,89.0,99.0,1.724,81.8222708575253,225.17417908,48.5,20.0,69.336,2.44,61.0308213239291
SLV,2006,8404.24674903143,116.765838623047,22.7,87.0964668490524,96.0,98.0,,82.160813551355,231.73410034,45.7,19.0,69.612,2.395,61.9068679391763
SLV,2007,8548.83476118605,121.694122314453,21.5,84.8412397168851,99.0,99.0,,82.5029332594397,239.99687195,45.2,18.1,69.82,2.354,62.7676878093683
SLV,2008,8704.80584632591,113.391387939453,20.4,82.7117169093002,98.0,95.0,1.914,82.8897095830639,253.45413208,46.9,17.2,70.138,2.291,63.6372503452723
SLV,2009,8494.49847423621,111.723289489746,19.4,82.3920893796231,91.0,91.0,,83.2704470759254,257.19317627,45.8,16.4,70.359,2.261,64.5299047495248
SLV,2010,8648.92982717672,111.703523728467,18.4,82.263858914026,89.0,92.0,,83.6456953805782,270.69418335,43.5,15.6,70.909,2.239,65.4327927543162
SLV,2011,8945.93132970006,110.558314695839,17.6,83.1302988113916,89.0,89.0,,84.015819833389,295.64242554,42.3,14.9,71.192,2.224,66.334413642034
SLV,2012,9162.56212613508,109.439958408779,16.7,83.9776688792965,93.0,93.0,,84.3807461910215,301.03710938,41.8,14.3,71.42,2.187,67.2232666950659
SLV,2013,9329.46202222861,107.756009020989,16.0,84.8055371617931,92.0,94.0,,84.7403911391232,324.28027344,43.4,13.7,71.225,2.154,68.0878511957995
SLV,2014,9451.744607867,106.234750251213,15.3,85.6145492076128,94.0,96.0,,85.0952739178549,315.23168945,41.6,13.1,71.144,2.126,68.9166664266223
SLV,2015,9646.15432339854,104.056527416248,14.6,86.4045677725112,94.0,97.0,,85.445452477435,331.96725464,40.6,12.6,70.952,2.067,69.6982116699219
SLV,2016,9863.76121214453,101.843930228579,13.9,87.1729025989856,98.0,98.0,1.5662,85.789208776824,339.97875977,40.0,12.0,70.908,1.965,70.3990173339844
SLV,2017,10064.7934942601,98.3138463687883,13.3,87.9197798964632,92.0,89.0,,86.1264645689972,338.60742188,38.0,11.5,71.007,1.896,71.0856704711914
SLV,2018,10297.203612692,96.8014948340295,12.7,88.6461069503319,89.0,87.0,2.963,86.456582332616,348.18817139,38.6,11.1,71.384,1.849,71.7577209472656
SLV,2019,10543.9383291317,91.6274097482467,12.2,89.3527800998874,96.0,96.0,,86.7364561760088,380.53384399,38.8,10.6,71.725,1.838,72.4148941040039
SLV,2020,9692.44931605799,90.6579425663395,11.7,89.9923610939187,89.0,84.0,,87.0096574927862,357.78799438,,10.2,70.244,1.819,73.0570220947266
SMR,2005,81632.1776324722,,3.6,100.0,96.0,94.0,,100.0,3055.63232422,,3.4,81.926,1.198,94.6454896824635
SMR,2006,83781.550199101,,3.3,100.0,92.0,90.0,,100.0,3242.24291992,,3.1,82.258,1.242,95.2084276028853
SMR,2007,86785.0210208274,,3.1,100.0,91.0,90.0,,100.0,3804.50634766,,2.9,82.605,1.257,95.8182890221867
SMR,2008,85120.2897275883,94.248046875,2.9,100.0,91.0,86.0,,100.0,4378.24853516,,2.8,82.894,1.521,96.3901700249324
SMR,2009,73093.8341489444,92.9460601806641,2.7,99.9999973376988,90.0,88.0,,100.0,4242.50341797,,2.6,83.224,1.358,96.8391666956869
SMR,2010,68669.2549485757,92.4384525205158,2.6,99.9999986796045,90.0,88.0,,100.0,3813.88354492,,2.4,83.464,1.459,97.074615769187
SMR,2011,64214.120906595,92.0494699646643,2.4,100.0,92.0,90.0,4.814,100.0,4550.35058594,,2.3,83.713,1.456,97.0999984741211
SMR,2012,58176.3797454761,93.3017190278601,2.3,99.9999971732007,89.0,84.0,4.896,100.0,4310.10009766,,2.2,83.943,1.289,97.0999984741211
SMR,2013,58467.9789128485,,2.1,99.9999985958692,86.0,82.0,4.881,100.0,4113.46679688,,2.0,84.175,1.483,97.0999984741211
SMR,2014,58743.5863890151,,2.0,99.9999972428986,84.0,81.0,5.964,100.0,4120.02685547,,1.9,84.394,1.259,97.0999984741211
SMR,2015,59647.6600146934,,1.9,100.0,85.0,84.0,,100.0,3530.04614258,,1.8,84.596,1.196,97.0999984741211
SMR,2016,60669.8228947966,,1.8,100.0,86.0,82.0,,100.0,3621.23266602,,1.7,84.775,1.127,97.0999984741211
SMR,2017,59524.5606827202,,1.7,99.9999955531447,88.0,86.0,,100.0,3672.30322266,,1.6,84.933,1.054,97.0999984741211
SMR,2018,59194.04440794,95.1260504201681,1.6,100.0,90.0,89.0,,100.0,3969.36474609,,1.6,85.095,1.077,97.0999984741211
SMR,2019,60171.0506033928,94.6193474527762,1.5,99.9999963796538,88.0,86.0,,100.0,3801.21044922,,1.5,85.257,1.096,97.0999984741211
SMR,2020,55998.0734625278,94.4051825677267,1.5,100.0,89.0,90.0,,100.0,3758.609375,,1.4,82.65,1.113,97.0999984741211
SOM,2005,830.807245939502,,173.2,33.4314329999319,35.0,35.0,,24.6385730237392,,,103.9,50.894,7.527,35.4674928136211
SOM,2006,857.993655902122,,172.6,35.3395798096483,26.0,35.0,0.027,25.6985522654712,,,103.5,50.915,7.49,35.9982083823331
SOM,2007,887.369352235607,22.7854194641113,170.5,35.5233098422892,40.0,35.0,,25.4724809628705,,,102.5,50.885,7.457,36.5641925012053
SOM,2008,919.132083453107,,166.7,37.9760688340822,31.0,34.0,,26.8675518309153,,,100.5,51.456,7.415,37.1754203605454
SOM,2009,956.220325392593,,162.4,40.466779744943,42.0,43.0,,28.2620333243978,,,98.4,52.101,7.376,37.8418671506609
SOM,2010,995.225555512017,,186.7,42.9914341026077,45.0,46.0,,29.6552314134568,,,112.5,48.9,7.322,38.5735080618592
SOM,2011,1054.36214979093,,363.1,45.5410874380133,41.0,46.0,,31.0429095384234,,,217.6,32.453,7.268,39.380318284448
SOM,2012,1114.8041489283,,185.4,47.6056661225373,42.0,46.0,,32.0476374113968,,,112.2,49.138,7.211,40.2722730087349
SOM,2013,1197.72166459722,,143.2,49.7134555846093,44.0,47.0,,33.058251557305,12.88169384,,88.4,54.016,7.14,41.2593474250273
SOM,2014,1259.27432882605,,138.6,51.8635744481295,46.0,48.0,0.048,34.0748734228162,13.15052128,,86.0,54.442,7.061,42.3515167236328
SOM,2015,1343.92517439594,,134.3,54.0545936900229,48.0,50.0,,35.0972405875154,14.11613941,,83.7,55.056,6.975,43.8618107408479
SOM,2016,1384.15517410124,,130.2,56.284978016248,49.0,51.0,,36.1250378584049,11.76618958,,81.5,55.283,6.878,45.942842729174
SOM,2017,1527.66029071648,,156.4,58.5524158667796,51.0,52.0,,37.1573619625344,13.51753426,,96.5,52.19,6.766,48.3639630032265
SOM,2018,1504.97908203481,,136.4,60.8552872098573,53.0,53.0,,38.1938671112932,12.7819252,,85.1,54.767,6.662,50.9506215336872
SOM,2019,1491.29493918405,,118.4,63.1909737588395,57.0,52.0,,39.2334053088705,12.99074364,,75.0,57.249,6.56,51.6421170703225
SOM,2020,1396.05544674978,,114.7,65.5578267078208,55.0,52.0,,40.2756265135548,12.79912567,,72.9,57.095,6.453,52.286318011754
SRB,2005,15077.5586462578,102.747093200684,9.0,89.6720082723316,98.0,96.0,2.757,95.6679289682349,307.54705811,36.5,7.8,72.8341463414634,1.45,57.7508909888183
SRB,2006,15727.4033683685,101.839546203613,8.5,90.0205820679196,92.0,88.0,2.783,95.836103340787,371.506073,29.7,7.3,73.3853658536585,1.43,58.1709152910668
SRB,2007,17028.0866985832,100.971687316895,8.1,90.3705744496824,94.0,95.0,2.852,96.0046710847047,547.22723389,28.7,7.1,73.6317073170732,1.38,58.5577111784378
SRB,2008,17983.2811855695,100.629577636719,7.9,90.7220873327348,95.0,92.0,2.943,96.1735822880127,671.88702393,27.6,6.9,73.8853658536585,1.4,58.8944613226962
SRB,2009,17488.1227241581,97.6857986450195,7.8,91.0750720753655,95.0,95.0,2.973,96.3428666633317,575.262146,28.0,6.7,73.9853658536585,1.44,59.1643483956067
SRB,2010,17841.4312599018,95.8957595825195,7.6,91.4295629669581,91.0,95.0,3.017,96.5124901506423,545.33380127,29.0,6.6,74.3365853658537,1.4,59.3505550689338
SRB,2011,17986.5840283539,101.493446350098,7.4,91.7854914551611,94.0,93.0,3.043,96.6825231290354,618.89422607,,6.4,74.5365853658537,1.4,59.4349187787267
SRB,2012,17993.8147169993,100.571311950684,7.1,92.145298947486,91.0,87.0,3.047,96.8502790858125,559.90545654,39.9,6.1,74.8365853658537,1.45,59.3468437194824
SRB,2013,18163.2047330246,100.895538330078,6.8,92.5067790597268,95.0,92.0,3.058,97.0173317364733,627.53308105,39.4,5.9,75.1853658536585,1.43,59.6111068725586
SRB,2014,17922.4357685757,101.131156921387,6.6,92.8689758961741,93.0,86.0,3.03,97.1845998620671,608.85858154,40.4,5.6,75.3365853658537,1.46,59.8779373168945
SRB,2015,18247.8091057968,101.342918395996,6.3,93.2319494038819,95.0,87.0,3.043,97.3520264197285,491.25177002,40.5,5.4,75.2878048780488,1.46,60.1388092041016
SRB,2016,18889.3816415548,100.571273803711,6.1,93.5956537011763,93.0,82.0,2.926,97.519678308202,486.42944336,38.8,5.2,75.6878048780488,1.46,60.3853870034026
SRB,2017,19438.9917129776,100.312927246094,5.9,93.9598808103349,95.0,86.0,2.937,97.6881908970258,515.84570313,36.1,5.1,75.5390243902439,1.49,60.621208190918
SRB,2018,20454.225884367,100.301933288574,5.8,94.3248090621333,97.0,93.0,2.966,97.8576090639596,617.08691406,35.0,4.9,75.890243902439,1.49,60.8433609008789
SRB,2019,21541.1264037184,99.6447067260742,5.6,94.6906306889653,97.0,87.0,,97.9156406613819,641.04754639,34.5,4.8,75.9365853658537,1.52,61.0492248535156
SRB,2020,21479.0788553347,97.7058486938477,5.5,95.0575271243011,92.0,78.0,2.875,97.9188486059038,670.03564453,35.0,4.7,74.4780487804878,1.48,61.223201751709
SSA,2005,4065.86938644099,90.330680847168,119.719264250144,49.59883542939,62.0841634337757,60.5775973101788,,24.218197344056,57.3303096239246,,72.1166625494319,53.8903142647049,5.55927643926956,35.1244431664379
SSA,2006,4197.05577656382,92.0802993774414,113.983222128896,50.5531671653845,64.1361169306992,63.3093248690175,,24.8368619615637,63.927591475461,,69.1134722690309,54.5874922955175,5.52235933040796,35.6414055285036
SSA,2007,4335.8656884027,92.9375305175781,109.094655424529,51.4894258106894,65.9562320474074,64.4099998486869,,25.4579250400075,70.884263647712,,66.5246198405906,55.2609700981639,5.47661821358078,36.1005734822503
SSA,2008,4443.73351543474,94.1896896362305,104.385931483501,52.4759523570899,69.0417819002897,67.2396783000513,,26.1185786458795,75.561816439401,,64.1203151444688,55.8852324866472,5.44618915132223,36.62277257183
SSA,2009,4477.4566945111,94.5840682983398,102.315252031653,53.4680212707923,72.3298652124778,71.4989788240037,,26.795480186778,75.5533711609083,,62.9608056080532,56.3661066129672,5.38628310659721,37.0888673329909
SSA,2010,4631.14077014951,94.43505859375,97.1681832204319,54.461821227183,71.2470883272425,71.2650033910644,0.183293177313409,27.4815286778644,85.6476733622525,,60.5601514518328,57.1054824459401,5.32527948292266,37.5321548374391
SSA,2011,4711.55900120705,95.7362670898438,96.6890782678114,55.2928962692037,71.80648288922,70.7216585424703,,27.9349133999364,92.794952404546,,60.5458347580391,57.472012962771,5.254948928251,37.9757403535007
SSA,2012,4774.00118699953,96.5236663818359,90.7321819475296,56.2757910820979,68.6615234461896,69.4145590600624,,28.6295700206349,91.9850962765647,,57.218908570703,58.2268465604768,5.17832302263918,38.4191173810863
SSA,2013,4894.49542314043,96.5596389770508,87.5694826672545,57.2583023694314,68.5392830262295,68.4048270724157,,29.3413763569613,92.7997521990177,,55.6066507231575,58.716889879682,5.09736193130083,38.8777381567093
SSA,2014,5001.112536621,96.1994094848633,86.6642219799093,58.2492878626029,70.7784400506939,68.2489186007504,,30.0724738671343,90.3240961089984,,55.135686215162,58.9844549293868,5.02399740321662,39.3563962352604
SSA,2015,5017.95424219798,94.6367111206055,84.7814528552198,59.2173316256859,70.2580768306374,67.905434150035,,30.8236769341704,82.489905443893,,54.2432528602101,59.3975354580919,4.94344847931885,39.8377982630079
SSA,2016,4954.34861846369,94.8514633178711,83.1958037176412,60.1608690385959,73.1882663695292,68.2588170729025,,31.5562770491182,75.7626158514115,,53.4805129983289,59.8109397138943,4.85995106134799,40.3032542736816
SSA,2017,4950.9087329327,95.3997573852539,82.2310952069213,61.1283308430569,73.65191875676,69.7499906637213,,32.3574984506633,77.0424878221974,,52.9519460931187,60.1572303772595,4.78052357143279,40.7746030847625
SSA,2018,4960.78415927401,96.1620178222656,78.7784543306569,62.0778647402212,75.009644379708,70.2706186698775,,33.0764995413546,76.2113611724364,,51.1076169313005,60.7658407661798,4.69691267361068,41.2564263036696
SSA,2019,4960.03991221743,97.097526550293,77.7187475707302,63.0037346698504,76.2994185388965,71.0524898914327,,33.8269653463185,75.7130467464987,,50.4792996755302,61.1283093108513,4.61354383302131,41.7069060558369
SSA,2020,4675.79132727431,97.9076080322266,75.7402568059746,63.9232128619681,73.6853756304979,69.7940511569482,,34.5815521309203,74.5834016395752,,49.5822183567434,61.1663194682411,4.5299474909701,42.1668776172731
SSD,2005,,,138.4,,,,,,,,96.2,53.965,6.022,16.8695760318857
SSD,2006,,,131.5,,,,,,,,92.3,54.653,5.853,16.9509881842643
SSD,2007,,,124.9,,,,,,,,88.6,55.425,5.704,16.9986889512954
SSD,2008,,,118.7,,,,,,,,85.0,56.28,5.569,17.0301141193955
SSD,2009,,,112.7,,,,,,,46.3,81.5,56.848,5.446,17.2937284639317
SSD,2010,,,107.2,,,,,,,,78.2,57.485,5.318,17.535620199576
SSD,2011,,90.4091110229492,102.3,40.2979213684027,61.0,62.0,,6.98593579388276,,,75.3,57.674,5.193,17.7817678106789
SSD,2012,,,98.9,40.3182204862037,63.0,59.0,,7.58007556158214,,,73.2,58.241,5.061,18.0321885447664
SSD,2013,,,97.2,40.3170036685797,53.0,57.0,,8.20089254501599,,,72.2,58.285,4.939,18.2868996493633
SSD,2014,,,182.6,40.2950996381389,50.0,54.0,,8.84915620851998,,,118.2,45.625,4.818,18.5459183719929
SSD,2015,,70.3178024291992,240.8,40.2538150385171,46.0,52.0,,9.52607939004663,,,151.3,39.757,4.695,18.8092619601773
SSD,2016,,,272.9,40.1939250394891,45.0,51.0,,10.2323689883362,,44.0,169.8,36.72,4.579,19.0769476614377
SSD,2017,,,292.0,40.1164221655228,52.0,56.0,,10.968942628146,28.05690956,,181.5,35.351,4.483,19.3489927232944
SSD,2018,,,133.7,40.0226124064879,59.0,61.0,0.041,11.737005779493,31.12328529,,92.9,51.905,4.37,19.6254143932663
SSD,2019,,,96.7,39.9136238003103,61.0,65.0,0.033,12.5375975656084,35.18021774,,71.9,58.129,4.26,19.9062299188719
SSD,2020,,,96.7,39.7909332940047,67.0,69.0,0.043,13.0864589618101,47.40253067,,71.9,57.648,4.16,20.1914565476286
SSF,2005,4067.54686495063,90.3313522338867,119.8,49.6036496879326,62.0860935213107,60.5796061661982,,24.22595668287,57.3746369552643,,72.1,53.8922539208949,5.55886459039657,35.1252647556364
SSF,2006,4198.85922825456,92.0808029174805,114.0,50.5578678212456,64.1378970880497,63.3111472425481,,24.844527530108,63.974140168855,,69.1,54.589354695264,5.52194469862556,35.6421605036882
SSF,2007,4337.79844704611,92.9380798339844,109.1,51.4939439949253,65.9578778777531,64.4117226931274,,25.4653786398957,70.9227391878954,,66.5,55.2628174960913,5.47623519277637,36.1012589693212
SSF,2008,4445.5273501557,94.1902084350586,104.5,52.4803631983062,69.0432345064133,67.2412182860957,,26.1259463258935,75.5930351020549,,64.1,55.8870079518376,5.44582414929526,36.6233967078065
SSF,2009,4479.1406301998,94.5845794677734,102.8,53.4722466647601,72.3311275564695,71.5001858318092,,26.8026281454811,75.5779658469389,,63.0,56.367784162949,5.38594110751952,37.0894274944778
SSF,2010,4632.84408191438,94.4356536865234,97.2,54.4659659382128,71.2483953509236,71.2663095710354,0.18338413237215,27.488631384278,85.6851226173168,,60.6,57.107097844285,5.3249188067387,37.5326696254384
SSF,2011,4713.42233131106,95.7367477416992,97.1,55.2967189056023,71.8077699773907,70.7229969761356,,27.9415470210027,92.8304925094644,,60.5,57.4734640185534,5.25463649244861,37.9761873273848
SSF,2012,4775.8739329678,96.5240173339844,90.7,56.2794718640005,68.6629322367824,69.41593169099,,28.6360422944288,92.0302408004662,,57.2,58.2283469511484,5.17803015507136,38.4195200457817
SSF,2013,4896.32543067071,96.5599136352539,87.6,57.2618755045493,68.5407028058027,68.4062051394346,,29.3477434893564,92.8421638066783,,55.6,58.7182244214244,5.09707350209557,38.8781029884112
SSF,2014,5002.96695140382,96.1997222900391,86.8,58.2527450442833,70.7797956736153,68.2503957292605,,30.0787189155661,90.3702168395063,,55.1,58.985759679416,5.02372228422288,39.3567243486427
SSF,2015,5019.95019038994,94.6371231079102,85.0,59.2207003543214,70.2593527632575,67.9068700466986,,30.8298425600529,82.5345596656596,,54.2,59.3988936826923,4.9431932902334,39.8380952067264
SSF,2016,4956.58486807326,94.8517684936523,83.4,60.1641147997186,73.1893484614327,68.2601804327351,,31.562314156865,75.8169337540862,,53.5,59.8122443592399,4.85971762249433,40.3035222705197
SSF,2017,4953.2648572016,95.3999404907227,82.5,61.1314551304666,73.6530282024514,69.7513805551002,,32.3634149108259,77.094841045757,,53.0,60.1584852136877,4.78030554220341,40.7748446210958
SSF,2018,4963.20882492551,96.1621475219727,79.0,62.0808583059867,75.0107872595803,70.2718443954362,,33.0822645106561,76.2644789808074,,51.1,60.7668941967258,4.69670936148689,41.2566428447246
SSF,2019,4962.55290682237,97.0975570678711,78.0,63.0066504905334,76.3004915022959,71.0538108556337,,33.8325683668292,75.7644771440423,,50.5,61.129417043288,4.61335183994473,41.7071031134135
SSF,2020,4677.92219768928,97.9075698852539,75.9,63.926015772961,73.6864644611762,69.7953217187751,,34.5869966196976,74.6336640581291,,49.6,61.1676740309985,4.52975965752977,42.1670568799491
SST,2005,17926.7361863699,103.432540893555,46.5517688795085,88.0702052471387,85.423732504923,83.4144128883552,,73.6585558456861,462.973035502228,,35.3735160637554,68.0184220231352,2.70114835906174,49.514592333948
SST,2006,18934.0339750992,104.438293457031,44.2304415855355,88.5532602290937,86.4074309435339,84.8791596426039,,74.8216428507613,492.69311745954,,33.5051160325721,68.2773677005452,2.67308581805192,49.5866232129558
SST,2007,19592.5639538724,103.954048156738,42.4416089620418,88.7914909080008,88.5997711334761,86.1316510665767,,75.3894612204799,568.917573478167,,32.6504137163638,68.5761118394504,2.65643240427313,49.6867101238797
SST,2008,19636.9550115867,104.842376708984,40.9811635523341,89.0417850449309,89.5770273550719,86.7582528786731,,75.9702164064187,630.039959000115,,31.9679952453784,68.9208192339965,2.64077949261718,49.8031679131066
SST,2009,18696.6740492489,104.796226501465,39.5042885017229,89.2971591566122,89.9315443528615,87.6237070072618,,76.5469544876125,596.481093157385,,30.9827449732228,69.2706797451225,2.61377707791796,49.9082927598953
SST,2010,19016.7659318866,106.191856384277,37.495316150762,89.5627695513142,89.4317087784419,87.0875272179924,1.21610408829536,77.1170771691369,604.299714141107,,29.9439287566428,69.6933118913694,2.56669877465077,49.9789172474027
SST,2011,19390.3808189536,104.706398010254,35.3309977435495,89.8256463027942,89.6027465660624,86.560493949729,,77.6687599593397,639.574729092561,,28.8889148014744,70.0014375655617,2.52517925437292,50.0393878949867
SST,2012,19647.9643191463,104.445953369141,33.9150940110932,90.0928077570786,91.4609597985399,87.8965355053009,,78.2354769994948,629.190196035618,,28.2534690725269,70.2725959153837,2.49827762292214,50.1216411856977
SST,2013,19725.1292380478,103.707550048828,32.9662179630421,90.3664701517685,91.2968501794757,88.5463784523841,,78.811621703897,664.001615191806,,27.6859663910708,70.6156980246326,2.45604144259637,50.2078520957445
SST,2014,19992.2837971004,102.833076477051,32.1764169270094,90.6455979215374,89.504273077995,88.0815097328776,,79.3889722320452,692.573503719694,,27.1606864527123,70.850031877117,2.43022184669341,50.3145535848893
SST,2015,20214.6306771707,102.339546203613,31.214093957807,90.927199377255,89.4817542960941,86.2210269409337,,79.9754821309299,654.350530128462,,26.3610123562287,71.1218770493238,2.38694558549376,50.4432480596759
SST,2016,20323.0292175365,101.981842041016,30.2151314953627,91.2137291001289,88.6194446163503,85.834336772433,,80.5573949080494,681.723000451672,,25.5561762973401,71.3735507555474,2.35678843544394,50.5823717773529
SST,2017,20732.8384950461,101.856903076172,29.6415589548415,91.4981416202782,87.7962408570373,86.7885009235316,,81.120468122072,737.742913227614,,25.1492688282222,71.6518752446228,2.31229338410542,50.740519957361
SST,2018,21165.1370912777,101.494186401367,28.85209966852,91.7491723454424,89.4446543682975,86.3617473190149,,81.6661080494783,793.866190378651,,24.4825080801933,71.8640735615265,2.27543779613053,50.8834075568435
SST,2019,21662.7739795661,101.091957092285,28.7067565761136,92.0061899027659,90.3464495716802,86.0250246246605,,82.2038177798422,811.643543754382,,24.1941993553849,72.0009607335469,2.23588073637083,51.0510007537325
SST,2020,20101.6503085454,100.52075958252,27.9736535191704,92.1295408463467,86.845319213966,81.1706669543278,,82.4346093369201,843.402903978223,,23.7506663553416,71.8255552822673,2.21182765051718,51.2091700462085
STP,2005,4371.49721644128,125.522186279297,55.7,71.4990303925917,97.0,88.0,,26.8577839135173,80.13071442,,34.9,62.434,4.939,59.4188016908917
STP,2006,4644.18044669991,,51.1,71.9349975867541,97.0,85.0,,28.1835957707981,57.2040329,,32.1,63.041,4.933,60.9734167306206
STP,2007,4698.08416961839,122.611000061035,46.9,72.3598122085936,97.0,86.0,,29.5170578703442,59.71631241,,29.6,63.336,4.957,62.4779478773056
STP,2008,4873.1813112046,122.417999267578,43.1,72.7735646723353,99.0,93.0,,30.857384929578,64.58831787,,27.3,63.448,4.906,63.8690133423199
STP,2009,4919.19529822865,122.308692932129,39.5,73.1759256432541,98.0,90.0,,32.2032374350904,64.90551758,,25.2,63.669,4.838,65.0832313370367
STP,2010,4882.04796466341,119.253356933594,36.2,73.5674385311181,98.0,92.0,,33.5544418305556,60.94829941,30.8,23.2,63.867,4.769,66.0572200728291
STP,2011,4876.47315792145,119.297409057617,33.2,73.9480124273014,96.0,91.0,,34.9099928554753,69.45979309,,21.3,64.122,4.718,66.7275977610702
STP,2012,4919.55294386577,111.31436920166,30.4,74.3179711797514,96.0,92.0,,36.2694678517073,86.29039001,,19.6,64.505,4.664,67.0335889448132
STP,2013,5072.11200195866,110.589996337891,27.9,74.6744974780629,97.0,91.0,,37.6279828671376,124.59179688,,18.1,64.93,4.584,67.1306686401367
STP,2014,5223.09572886388,106.902000427246,25.5,75.018493599873,95.0,92.0,,38.9858756147002,118.70980835,,16.6,65.478,4.485,67.2606735229492
STP,2015,5210.2037755431,107.803779602051,23.3,75.3502679497471,96.0,93.0,0.315,40.3427054934035,85.37828827,,15.2,66.023,4.354,67.3915710449219
STP,2016,5388.5091334891,108.677742004395,21.3,75.6703085298352,96.0,93.0,,41.6983508891345,109.73142242,,14.0,66.563,4.203,67.5218887329102
STP,2017,5521.20249597413,110.377998352051,19.6,75.9790930081593,95.0,90.0,,43.0527347494608,117.07767487,40.7,12.9,67.074,4.069,67.6520004272461
STP,2018,5674.72379094011,,18.2,76.2770612146702,95.0,95.0,,44.4058041526004,108.87628937,,12.0,67.602,3.977,67.7828826904297
STP,2019,5702.08347071236,,17.1,76.5646613120149,95.0,95.0,0.492,45.7575570286583,106.86884308,,11.3,68.043,3.9,67.9129943847656
STP,2020,5742.94724858826,,16.1,76.8423036078909,96.0,86.0,,47.1080132831109,159.84396362,,10.8,67.979,3.827,68.0436706542969
SUR,2005,19220.2839696605,104.257690429688,26.5,91.3567891042984,83.0,91.0,,79.9454355206116,241.68415833,,23.8,66.997,2.712,66.7321826490881
SUR,2006,20113.6707547695,102.543380737305,25.7,91.7905024637707,84.0,83.0,,80.5786141828713,313.68301392,,23.2,67.643,2.727,66.6967982269052
SUR,2007,20902.1391589279,98.4763565063477,25.1,92.2251674961398,84.0,85.0,,81.2158259074575,309.17565918,,22.6,68.307,2.735,66.6433180134835
SUR,2008,21515.8119551093,103.520378112793,24.4,92.6609808211452,85.0,86.0,,81.8573477450076,334.24771118,,22.1,68.873,2.727,66.5776961831642
SUR,2009,21906.4105447498,104.568260192871,23.8,93.098083849425,87.0,88.0,0.679,82.5034153738866,380.04019165,,21.6,69.323,2.712,66.5058869102882
SUR,2010,22772.4754543689,102.471636358299,23.2,93.5361705637667,94.0,87.0,,83.1536012115357,399.59710693,,21.2,69.626,2.688,66.4338443691967
SUR,2011,23829.5332856393,101.072891797094,22.7,93.9753934172561,80.0,79.0,,83.8081495753945,375.34957886,,20.7,69.82,2.667,66.3675227342307
SUR,2012,24193.8412373922,102.775590258689,22.2,94.415755076208,76.0,64.0,,84.4670825315891,406.05526733,,20.3,69.957,2.669,66.3132562693376
SUR,2013,24624.0219854601,105.284141540527,21.6,94.8572504353224,77.0,81.0,,85.1304175026747,434.50332642,,19.9,70.11,2.651,66.2683575134509
SUR,2014,24414.3554759734,106.412658691406,21.1,95.3013933634171,71.0,70.0,,85.8011033502861,440.95263672,,19.5,70.33,2.62,66.2249266178037
SUR,2015,23327.5252497447,109.042251586914,20.6,95.747692023521,73.0,76.0,1.006,86.4788537727956,511.91244507,,19.0,70.567,2.57,66.1828815074718
SUR,2016,21950.4122148625,106.808013710057,20.1,96.1954574091076,77.0,76.0,1.087,87.1630073725614,338.24822998,,18.6,70.979,2.5,66.1426466980469
SUR,2017,22070.5137570835,102.229217428152,19.5,96.6441085330734,67.0,76.0,1.139,87.8530834622316,322.00415039,,18.0,71.247,2.431,66.1046467051207
SUR,2018,22938.5353715545,100.726147342995,18.9,97.0931070190456,81.0,77.0,0.787,88.5487221622628,440.32211304,,17.6,71.468,2.381,66.0693060442846
SUR,2019,22966.7405999124,101.247626796854,18.4,97.5417727368103,77.0,64.0,,89.2491417475009,588.83825684,,17.1,71.773,2.347,66.0370492311305
SUR,2020,19091.3617184226,102.277236938477,17.9,97.9896319071823,51.0,45.0,,89.9542117560027,409.86743164,,16.6,72.321,2.314,66.00830078125
SVK,2005,23257.1758521642,102.934013366699,8.3,97.966819867386,99.0,98.0,3.035,99.2778705224537,601.31323242,29.3,6.9,73.9048780487805,1.27,55.4189847597721
SVK,2006,25331.8740217421,102.14640045166,8.0,97.9636510753121,99.0,98.0,3.169,99.085354726035,729.01324463,25.8,6.6,74.2048780487805,1.25,55.2464278407442
SVK,2007,28064.2457264668,102.25048828125,7.7,97.9604813763943,99.0,99.0,3.388,98.8921747745398,1029.30029297,24.7,6.3,74.2073170731707,1.27,55.0707354484001
SVK,2008,29544.090596762,102.774559020996,7.4,97.9573332015085,99.0,99.0,3.369,98.6983446411072,1251.67724609,26.0,6.1,74.7048780487805,1.34,54.895930446636
SVK,2009,27880.4111227638,102.228988647461,7.1,98.2516516843309,99.0,99.0,3.305,98.5038356202912,1320.09301758,27.2,5.9,74.909756097561,1.44,54.7260356993483
SVK,2010,29745.9196662166,101.638298034668,6.9,98.6223366381553,99.0,98.0,3.359,98.3065426945289,1296.54284668,27.3,5.7,75.1121951219512,1.43,54.5650740704331
SVK,2011,30468.8257049455,100.502960205078,6.7,98.9975424818939,99.0,98.0,3.307,98.1082605200532,1352.43835449,26.5,5.5,75.9585365853659,1.45,54.4167387988534
SVK,2012,30894.3118010926,99.1328735351562,6.6,99.3758319231796,99.0,99.0,3.366,97.9115016184272,1319.43823242,26.1,5.4,76.109756097561,1.34,54.2764528316182
SVK,2013,31078.1848215695,98.6928482055664,6.4,99.5201711980616,98.0,98.0,3.393,97.7141281271847,1370.46765137,28.1,5.3,76.4121951219512,1.34,54.1384024098892
SVK,2014,31888.805351531,98.5119476318359,6.3,99.7867504210911,97.0,97.0,3.43,97.516126759043,1289.34851074,26.1,5.2,76.8121951219512,1.37,54.0029125499893
SVK,2015,33507.7913603774,98.3121109008789,6.2,99.7871905460043,96.0,95.0,3.454,97.5208284449085,1108.87817383,26.5,5.2,76.5634146341463,1.4,53.8700628001622
SVK,2016,34116.4502039273,97.6210403442383,6.1,99.7875130290361,96.0,95.0,3.476,97.526250341086,1175.6270752,25.2,5.1,77.1658536585366,1.48,53.7399327086517
SVK,2017,35042.7858925618,98.2659530639648,6.0,99.7877332249029,96.0,96.0,3.423,97.532398820711,1189.07983398,23.2,5.0,77.1658536585366,1.52,53.6126018237016
SVK,2018,36415.7920529507,97.0244369506836,5.9,99.7878360952322,97.0,96.0,3.523,97.5317758845703,1299.91125488,25.0,5.0,77.2658536585366,1.54,53.4881496935559
SVK,2019,37194.2104548698,97.9945983886719,5.9,99.7878205729011,97.0,96.0,3.569,97.5318474506964,1342.07580566,23.2,5.0,77.6658536585366,1.57,53.3666558664583
SVK,2020,36201.4863805533,99.9172286987305,5.9,99.7877016868458,97.0,96.0,3.671,97.5326284865492,1393.62438965,24.2,5.0,76.8658536585366,1.59,53.2481998906526
SVN,2005,35565.0427189638,98.2098770141602,4.2,99.6643087040405,95.0,94.0,2.35,99.1116751269035,1449.18920898,24.6,3.5,77.6121951219512,1.26,50.648781400021
SVN,2006,37546.4956078863,100.249351501465,4.0,99.6593245649829,97.0,96.0,2.366,99.1116751269035,1541.66430664,24.4,3.3,78.0865853658537,1.31,50.5672552816963
SVN,2007,40002.7018991991,96.4375076293945,3.8,99.6543404259254,97.0,96.0,2.39,99.0583073018352,1795.95043945,24.4,3.1,78.5609756097561,1.38,50.4707127083144
SVN,2008,41286.3462491223,97.1056976318359,3.6,99.6493562868679,97.0,96.0,2.397,99.0049394767669,2179.45239258,23.7,2.9,78.7658536585366,1.53,50.3620036820409
SVN,2009,37809.1735513927,97.7083587646484,3.4,99.6443721478104,96.0,95.0,2.415,98.9515716516986,2125.05688477,24.8,2.8,78.9707317073171,1.53,50.2439782050416
SVN,2010,38063.314683572,98.0614013671875,3.2,99.6393880087529,96.0,95.0,2.435,98.8982038266302,2017.14660645,24.9,2.6,79.4219512195122,1.57,50.1194862794826
SVN,2011,38233.2905622851,97.9861526489258,3.1,99.6344038696953,96.0,96.0,2.5,98.8448360015619,2147.80517578,24.9,2.5,79.9707317073171,1.56,49.9463818748723
SVN,2012,37040.7082746106,98.2142868041992,2.9,99.6294197306378,96.0,95.0,2.546,98.7914681764936,1974.85400391,25.6,2.4,80.1243902439024,1.58,49.7619476318359
SVN,2013,36685.7496645094,98.6006774902344,2.8,99.6244355915803,95.0,94.0,2.634,98.7381003514252,2055.38134766,26.2,2.3,80.3219512195122,1.55,50.0466580754027
SVN,2014,37662.2559898098,98.5871734619141,2.7,99.6194514525228,95.0,94.0,2.775,98.6847325263569,2062.38476563,25.7,2.2,81.0780487804878,1.58,50.983470916748
SVN,2015,38534.6437425951,98.381591796875,2.6,99.6144673134653,95.0,94.0,2.83,98.6313647012886,1775.86071777,25.4,2.1,80.7756097560976,1.57,53.6612160294144
SVN,2016,39674.8931561968,97.9815826416016,2.5,99.6094831744078,94.0,92.0,3.019,98.5779968762202,1838.65405273,24.8,2.1,81.1756097560976,1.58,53.647274017334
SVN,2017,41700.651085028,98.1781311035156,2.5,99.6044990353502,94.0,93.0,3.107,98.5246290511519,1925.03466797,24.2,2.0,81.0292682926829,1.62,55.2451133728027
SVN,2018,43369.221946981,99.4630966186523,2.4,99.5995148962927,93.0,93.0,3.185,98.4712612260836,2169.57885742,24.6,2.0,81.3780487804878,1.6,55.1913430955675
SVN,2019,44577.9418583069,99.8418197631836,2.4,99.5945307572352,95.0,94.0,3.27,98.4178934010152,2219.09790039,24.4,2.0,81.5292682926829,1.61,55.4523277282715
SVN,2020,42471.5228031277,100.231536865234,2.4,99.5895466181777,95.0,94.0,3.303,98.3645255759469,2417.20874023,24.0,1.9,80.5317073170732,1.59,55.384391784668
SWE,2005,53198.67120001,100.282669067383,3.6,99.5447070775688,98.0,96.0,3.454,99.1600494494,3546.78686523,26.8,3.0,80.5463414634146,1.77,84.3499984741211
SWE,2006,55373.9338115393,100.304191589355,3.5,99.5571126332243,98.0,97.0,3.543,99.1374844622195,3755.67529297,26.4,2.8,80.7487804878049,1.85,84.4553200620359
SWE,2007,56737.3689179302,100.05542755127,3.3,99.5698405523295,98.0,96.0,3.625,99.1149041183548,4295.55224609,27.1,2.7,80.9,1.88,84.5906875454778
SWE,2008,55777.3973050094,100.137687683105,3.2,99.5824390950452,98.0,96.0,3.681,99.0922716215488,4609.91845703,28.1,2.6,81.1,1.91,84.7517366727063
SWE,2009,52950.7103332467,99.485237121582,3.1,99.5949006103398,98.0,97.0,3.749,99.0695949437167,4118.41650391,27.3,2.6,81.3512195121951,1.94,84.9341031919813
SWE,2010,55520.4324178534,99.1634674072266,3.1,99.6072194103312,98.0,97.0,3.808,99.0468670356081,4391.1171875,27.7,2.5,81.4512195121951,1.98,85.1334228515625
SWE,2011,56846.1368290625,97.7859420776367,3.0,99.6200368706399,98.0,97.0,3.888,99.0240725950998,6363.61474609,27.6,2.5,81.8024390243903,1.9,85.3600748880524
SWE,2012,56193.3287488246,99.5537185668945,3.0,99.6332110988659,98.0,97.0,3.967,99.0011691334878,6280.82519531,27.6,2.4,81.7048780487805,1.91,85.6250668883122
SWE,2013,56353.0856347897,118.135437011719,2.9,99.6460882913132,98.0,97.0,4.043,98.9781745144205,6716.21484375,28.8,2.4,81.9560975609756,1.89,85.9249771259894
SWE,2014,57077.6693544196,118.02986907959,2.9,99.6586774345315,98.0,97.0,4.109,98.9550794456992,6632.23681641,28.4,2.4,82.2536585365854,1.88,86.2563838747314
SWE,2015,58955.6412361461,119.62419128418,2.9,99.6710064082341,98.0,98.0,4.174,98.9319079494218,5626.04833984,29.2,2.3,82.2048780487805,1.85,86.6158654081858
SWE,2016,59460.2872722689,121.448799133301,2.8,99.6830482298688,98.0,97.0,4.233,98.9086418804905,5719.45996094,29.6,2.3,82.3073170731707,1.85,87.0
SWE,2017,59769.0136237,122.896057128906,2.8,99.694829304649,97.0,97.0,4.269,98.8852906425608,5871.52294922,28.8,2.3,82.409756097561,1.78,87.237373786911
SWE,2018,60124.5711994179,123.754661560059,2.7,99.7063476379423,97.0,97.0,4.322,98.8618710894005,6042.13525391,30.0,2.2,82.5585365853659,1.76,87.4737430925296
SWE,2019,61070.5243445838,120.596801757812,2.6,99.7175968808231,98.0,97.0,4.288,98.8383650468889,5688.04492188,29.3,2.2,83.109756097561,1.71,87.7088420242759
SWE,2020,59458.2805291969,119.500106811523,2.6,99.7286050632105,97.0,97.0,4.322,98.8147945547194,6030.53271484,28.9,2.1,82.3560975609756,1.67,87.9424046895699
SWZ,2005,7142.1921864324,108.126197814941,117.0,57.6602730930279,86.0,93.0,,52.9308437622057,217.26066589,,72.2,43.958,3.704,22.2102447619336
SWZ,2006,7584.72030617794,112.744270324707,106.4,58.7341694131305,87.0,93.0,,53.5034552326693,237.50752258,,63.0,44.563,3.632,22.1505527018245
SWZ,2007,7866.73073455273,114.515029907227,100.3,59.8325678287226,87.0,94.0,,54.091290182986,252.24301147,,63.7,45.16,3.58,22.139989967508
SWZ,2008,7926.37961138221,,97.9,61.0508081483967,88.0,94.0,,54.7111665894608,265.72091675,,66.1,45.853,3.567,22.1692008829856
SWZ,2009,7988.59750005303,117.071746826172,92.4,62.2691676110764,88.0,94.0,0.157,55.3293473329565,279.68212891,51.4,63.8,46.913,3.504,22.2343865624794
SWZ,2010,8245.64153332215,123.160533409574,82.1,63.4875943995962,89.0,94.0,,55.9457205621273,343.04284668,,60.4,48.331,3.375,22.3330792067471
SWZ,2011,8350.89190932865,122.704797199075,67.6,64.7063885949655,91.0,87.0,0.098,56.5601896645653,365.25265503,,55.3,49.057,3.317,22.4634753665393
SWZ,2012,8645.84478287802,122.64780160954,62.7,65.8999215766669,95.0,88.0,,57.1723082291424,340.03012085,,56.0,50.714,3.266,22.6237715926065
SWZ,2013,8951.05749805891,122.925602493288,59.7,67.0946646886489,98.0,97.0,,57.7849166217817,303.40438843,,55.4,52.11,3.237,22.8121644356992
SWZ,2014,9084.49405780635,123.990655603286,60.0,68.290236770265,98.0,97.0,,58.3979502299524,282.43395996,,56.5,53.491,3.181,23.026850446568
SWZ,2015,9186.65344720515,124.645792886943,57.5,69.4869405286673,90.0,89.0,,59.0113147479488,250.71520996,,54.1,54.941,3.122,23.2660261759632
SWZ,2016,9402.50834103681,123.849988082778,54.4,70.6869219395068,90.0,89.0,0.093,59.6244143156364,226.41770935,54.6,51.3,56.228,3.068,23.5278881746356
SWZ,2017,9660.55161538086,123.79425580389,53.6,71.889631274468,90.0,89.0,0.18,60.236840423133,265.50152588,,51.1,57.574,3.018,23.8052004963161
SWZ,2018,9578.10061089805,123.906487641965,50.4,73.0951527386502,90.0,85.0,0.238,60.8480464368627,292.33929443,,47.7,58.707,2.971,24.0579295404227
SWZ,2019,10099.5863118406,123.596847259682,51.5,74.3032304184965,90.0,81.0,,61.4575194811054,320.05084229,,47.6,59.85,2.925,24.3459549517751
SWZ,2020,9695.82498058755,,50.5,75.5136191882992,83.0,76.0,0.138,62.0647533053702,236.99609375,,47.3,59.862,2.888,24.6652798922192
SXM,2005,,,,98.8664620107444,,,,98.5369632084966,,,,74.681,1.708,100.0
SXM,2006,,,,98.9220516756204,,,,98.5674711274844,,,,74.779,1.758,100.0
SXM,2007,,,,98.9776413404963,,,,98.5979790464721,,,,74.812,1.572,100.0
SXM,2008,,,,99.0332310053722,,,,98.6284869654599,,,,74.852,1.728,100.0
SXM,2009,50980.9400838983,,,99.0888206702481,,,,98.6589948844477,,,,74.796,1.713,100.0
SXM,2010,52140.59965779,,,99.1444103351241,,,,98.6895028034355,,,,74.821,1.848,100.0
SXM,2011,53786.2462000327,,,99.2,,,,98.7200107224233,,,,74.868,1.99,100.0
SXM,2012,53357.003462797,116.358325219085,,99.2555896648759,,,,98.750518641411,,,,75.125,1.959,100.0
SXM,2013,52801.4031054792,,,99.3111793297519,,,,98.7810265603988,,,,75.391,1.894,100.0
SXM,2014,52439.4736756048,122.771285475793,,99.3111793297519,,,,98.7810265603988,,,,75.735,1.817,100.0
SXM,2015,51375.6032503737,,,99.3111793297519,,,,98.7810265603988,,,,75.899,1.732,100.0
SXM,2016,50817.6814942681,,,99.3111793297519,,,,98.7810265603988,,,,75.952,1.642,100.0
SXM,2017,46088.3583839152,,,99.3111793297519,,,,98.7810265603988,,,,75.455,1.571,100.0
SXM,2018,42154.1020267504,,,,,,,,,,,75.693,1.522,100.0
SXM,2019,45996.7912346922,,,,,,,,,,,75.68,1.481,100.0
SXM,2020,39265.7616790568,,,,,,,,,,,75.002,1.467,100.0
SYC,2005,19917.1194534221,115.599098205566,13.8,94.4332663598628,99.0,99.0,1.165,96.4796966058475,457.77093506,,12.1,72.1317073170732,2.2,42.8510349075107
SYC,2006,21341.8597526003,117.426132202148,13.8,94.6066380788986,99.0,99.0,0.83,96.6768159768572,487.17950439,42.8,12.2,72.2170731707317,2.11,42.7880431397027
SYC,2007,23117.8555224771,125.339370727539,13.9,94.7800097979343,99.0,99.0,0.995,96.8739353478668,428.61749268,,12.3,73.1439024390244,2.24,42.7361330057413
SYC,2008,21990.3685269705,130.722076416016,13.9,94.9533815169701,99.0,99.0,0.757,97.0710547188765,367.36502075,,12.4,73.1634146341463,2.33,42.696637125589
SYC,2009,21361.1307875284,127.479667663574,14.0,95.1267532360059,99.0,97.0,1.1,97.2681740898861,310.96310425,,12.5,73.0829268292683,2.38,42.6708881192085
SYC,2010,21708.7554506566,111.253689208264,14.1,95.3001249550416,99.0,99.0,1.053,97.4652934608958,449.52416992,,12.6,73.1975609756098,2.13,42.660307244583
SYC,2011,24406.4129764105,111.588809034908,14.2,95.4734966740774,99.0,99.0,1.103,97.6624128319055,457.16436768,,12.7,72.7243902439024,2.3,42.6739844860866
SYC,2012,24919.955210328,113.471570161711,14.3,95.6468683931132,98.0,98.0,0.935,97.8595322029151,562.99871826,,12.8,74.2756097560976,2.32,42.7261758463169
SYC,2013,24770.6514591794,113.371637503265,14.4,95.820240112149,98.0,97.0,,98.0566515739248,545.24871826,46.8,12.9,73.119512195122,2.21,42.815069634181
SYC,2014,25379.4180707013,118.250134192163,14.5,95.9936118311847,99.0,99.0,,98.2537709449345,588.18261719,,13.1,73.2292682926829,2.19,42.9386256186342
SYC,2015,27032.2083880002,119.9411921946,14.6,96.1669835502205,97.0,98.0,,98.4508903159442,566.96704102,,13.2,74.2951219512195,2.26,43.094803568632
SYC,2016,29905.1347389952,126.219170403587,14.7,96.2317404863787,96.0,97.0,1.849,98.6480096869539,673.19622803,,13.3,74.309756097561,2.33,43.2815632531296
SYC,2017,31595.6680570505,132.235879426397,14.7,96.2382549357375,97.0,99.0,,98.8451290579635,667.09515381,,13.4,74.3,2.34,43.4968644410824
SYC,2018,32841.4242467381,123.720432981425,14.8,96.2447469000147,99.0,96.0,2.087,98.8746286644801,685.10827637,32.1,13.5,72.8414634146341,2.34,43.7386669014459
SYC,2019,34346.0708923483,119.315869786368,14.8,96.8604704263635,99.0,99.0,1.869,98.885830584073,675.47839355,,13.6,74.0463414634146,2.31,44.0049304031754
SYC,2020,30056.1994300968,114.153661464586,14.8,97.0338421453993,97.0,97.0,,98.8969906145227,670.88684082,,13.6,77.2365853658537,2.2,44.2936147152263
SYR,2005,9016.72035122178,116.219108581543,19.8,92.3127500006423,83.0,81.0,1.501,89.4008999377627,62.29284668,,18.1,72.797,3.605,53.8227202374695
SYR,2006,9074.77248149943,116.517631530762,19.4,92.4468435279916,82.0,81.0,,89.7438154668414,64.00552368,40.1,17.8,73.04,3.562,54.059770380523
SYR,2007,9017.08718303559,115.950576782227,19.1,92.5793268908565,82.0,81.0,1.417,90.0855961151044,72.10467529,,17.6,73.256,3.538,54.2883969431774
SYR,2008,9093.12956891463,115.694946289062,18.9,92.7100619487553,81.0,81.0,1.419,90.4260958959399,82.92500305,,17.5,73.368,3.481,54.5858464394493
SYR,2009,9481.56997895749,115.827239990234,18.8,92.8389950924631,81.0,82.0,1.362,90.765252574693,88.00678253,40.4,17.5,73.496,3.415,55.0293653833552
SYR,2010,9749.57445219825,116.733467102051,18.8,92.9663113079077,81.0,82.0,1.388,91.1032333325641,91.5537796,,17.5,73.542,3.355,55.6962002889119
SYR,2011,9854.03380162757,119.229217529297,21.6,93.0142407575588,72.0,80.0,,91.3661532755884,78.28834534,,18.7,72.259,3.285,58.4817704183521
SYR,2012,7296.32886794228,120.19310760498,34.2,93.0666090748755,58.0,72.0,,91.6346537137352,66.27796173,,23.8,66.206,3.221,65.0896662830335
SYR,2013,5648.60213025874,72.3519897460938,36.9,93.1236567198274,54.0,69.0,,91.9089982459699,47.07229233,,25.0,65.146,3.165,73.0620491886137
SYR,2014,5414.37509688242,,35.5,93.1852908581408,56.0,65.0,1.432,92.1891347366773,48.91549683,,24.6,65.492,3.117,76.0
SYR,2015,5414.83905242808,,37.1,93.3313690922038,54.0,64.0,,92.5483239351902,38.17871475,,25.5,63.265,3.067,75.7529067188542
SYR,2016,5128.91822862296,,32.2,93.4743194436067,55.0,73.0,1.172,92.9046403526053,27.40652657,,23.7,65.19,3.012,75.15400963398
SYR,2017,5083.65173888422,,32.9,93.6141078832072,61.0,78.0,1.468,93.258034132691,35.57104874,,24.2,65.651,2.972,74.5395596323392
SYR,2018,5061.49399424562,,32.5,93.7507061762982,60.0,74.0,1.5,93.6084625778636,46.24067307,,24.2,67.371,2.932,74.0612602381775
SYR,2019,4928.02885412028,,24.6,93.8841397011328,67.0,76.0,1.517,93.9559328365603,55.2208252,,21.1,70.97,2.878,73.8248788261986
SYR,2020,4810.61072632598,70.3771514892578,21.9,94.0143506731298,62.0,70.0,1.5,94.3003801258049,37.03173065,,20.0,71.944,2.837,73.4125031102512
TCA,2005,,95.3198776245117,8.9,,,,,,,,6.0,75.954,2.106,87.908436065312
TCA,2006,,,8.5,,,,,,,,5.8,76.197,2.078,88.4806167958296
TCA,2007,21878.8206013071,,8.1,,,,,,,,5.5,76.427,2.049,89.0170385001222
TCA,2008,22689.3160133769,,7.8,,,,,,,,5.2,76.084,2.005,89.5140091795268
TCA,2009,17512.1977777876,104.898399353027,7.5,,,,,,,,5.0,76.672,1.959,89.9678368353804
TCA,2010,17000.2227766463,,7.3,,,,,,,,4.8,76.784,1.907,90.3748294690201
TCA,2011,17147.424764127,,7.0,,,,,,,,4.6,76.87,1.859,90.7312950817828
TCA,2012,16024.6915652254,,6.8,,,,,,,,4.5,76.969,1.805,91.0352667584286
TCA,2013,15461.873511271,,6.6,,,,,,,,4.3,77.1,1.752,91.3168927865286
TCA,2014,16138.8487604249,97.2804107666016,6.4,,,,,,,,4.2,77.212,1.729,91.5971200472541
TCA,2015,17201.7720345933,93.802102210946,6.2,,,,,,,,4.1,77.321,1.718,91.8737937193851
TCA,2016,17625.7202843515,,6.0,98.6894074101365,,,,93.1209288772918,,,3.9,77.437,1.713,92.1466904484552
TCA,2017,29540.3537473151,107.507820646507,5.8,98.7117916463255,,,,93.1258920918043,,,3.8,77.505,1.704,92.4155868799755
TCA,2018,30286.1196112151,129.213485717773,5.6,98.7327474313209,,,,93.1305309193473,,,3.7,77.596,1.677,92.6802596594323
TCA,2019,30611.2130237381,119.198606271777,5.5,98.75229483365,,,,93.1348642536176,,,3.6,77.691,1.617,92.9404854322845
TCA,2020,19702.5368196855,122.129144851658,5.3,98.7705716728616,,,,93.1389142647071,,,3.4,77.499,1.552,93.1960408439605
TCD,2005,2705.81650832729,70.3077011108398,165.4,41.5662153725752,26.0,27.0,,10.1080110721991,31.27608871,,92.4,48.86,7.134,21.7519046977973
TCD,2006,2596.03235455456,69.8574600219727,161.8,42.1612381034332,41.0,39.0,0.034,10.1921113947544,33.8651123,,90.4,48.747,7.118,21.7629797848529
TCD,2007,2613.47387385767,68.6545715332031,158.1,42.759391223653,29.0,31.0,,10.2767459840374,34.0423584,,88.3,49.21,7.092,21.7709046834576
TCD,2008,2601.36125803883,76.3880767822266,154.3,43.3598104531509,19.0,27.0,,10.3615175647599,36.89921951,,86.2,49.503,7.063,21.7755796038887
TCD,2009,2474.70758352529,80.8705368041992,150.5,43.9629137566651,26.0,36.0,,10.4835847980319,34.82435226,,84.1,49.828,7.021,21.7784396568755
TCD,2010,2717.40540181819,80.9052801607022,146.7,44.5760310573362,40.0,46.0,,10.6144013332631,35.26005936,,82.0,50.107,6.99,21.8472378191095
TCD,2011,2741.0708339941,87.1710523342165,142.9,45.1988546215139,33.0,54.0,,10.7545443393763,37.35868073,43.3,79.9,50.426,6.948,21.9558736797638
TCD,2012,2886.27474563619,90.9022846027358,139.3,45.8314573063676,40.0,63.0,0.04,10.9048548883194,36.20247269,,77.8,50.765,6.905,22.1061904148178
TCD,2013,2864.11301407361,97.5346820035218,135.8,46.473095846077,39.0,57.0,0.042,11.0657152698931,38.59413528,,75.9,51.051,6.839,22.2975929852391
TCD,2014,2820.67795066663,98.3155212402344,132.3,47.123415071397,36.0,45.0,0.043,11.2377495765285,42.16276169,,74.0,51.141,6.781,22.5294513486009
TCD,2015,2822.57929900014,87.9123364402014,128.7,47.7824336610333,42.0,46.0,0.048,11.421878644262,33.82092285,,72.1,51.32,6.706,22.8011258828974
TCD,2016,2622.59780844501,82.5545773262248,125.0,48.4497536859394,41.0,37.0,0.036,11.6187911677525,31.96038055,,70.2,51.603,6.623,23.1119734707179
TCD,2017,2496.26213643158,74.213606832584,121.4,49.124967257941,41.0,37.0,0.042,11.8291930674672,29.9935894,,68.3,51.875,6.537,23.461349471105
TCD,2018,2552.37036387707,84.3438820337693,117.6,49.8080053480297,47.0,41.0,0.05,12.0541194503815,31.2043705,37.5,66.4,52.447,6.464,23.8486084924975
TCD,2019,2604.53153661789,83.264215851602,114.0,50.4980631195055,53.0,40.0,0.052,12.2940184363217,30.23690224,,64.6,52.993,6.412,24.2731047386633
TCD,2020,2513.02922729305,,110.6,51.195378612918,55.0,45.0,0.058,12.5503209104072,37.73088074,,62.9,53.082,6.346,24.7341921795416
TEA,2005,6679.74546218337,105.609703063965,30.254824557307,83.5841192208231,84.7377961242537,85.5213628135674,,64.706424247926,65.0310762225143,,24.4360383278058,72.440234089532,1.87650747609855,42.1137697479925
TEA,2006,7309.54901669439,104.815521240234,28.3702187955748,84.4044757415482,88.3937574443298,89.6496104114526,,66.5192361012128,74.6221373015156,,22.9332263559182,72.698344733116,1.88999510929957,43.2653326652269
TEA,2007,8093.65313760912,105.335739135742,26.6902316996262,85.2016385839409,88.4874381224943,89.2242853362498,,68.3320199659488,89.2684378120494,,21.5209490051799,73.0450331089394,1.90714838647723,44.5393583519821
TEA,2008,8684.60617683457,105.647567749023,26.1511049620741,85.9803565263504,91.664708216551,91.5148261032655,,70.1236279545121,116.59945723182,,20.6370994684463,72.9707321912267,1.92830488949777,45.5089965028553
TEA,2009,9251.92190189246,105.598457336426,23.658345642277,86.7355945724107,93.5942270801298,92.8277471069769,,71.89244923127,138.522198087683,,18.9977993496039,73.5161019563418,1.93516213767886,46.6637045085209
TEA,2010,10056.9644387466,105.121353149414,22.3711112891205,87.4549646293659,93.9040260252116,93.4710067382733,1.14263478359337,73.6384237931168,160.37548959536,,17.9930018922012,73.8065980873171,1.91380463770064,47.4944410556877
TEA,2011,10788.8596740347,105.269119262695,21.3043803830477,88.108956100493,93.9465192618244,93.6118817762063,,75.3514745525426,200.311683520693,,17.0792197693659,74.0266932049917,1.90559230915552,49.4756973637545
TEA,2012,11489.3717999709,105.422721862793,19.913184008335,88.736797951985,95.0044466983906,93.6182122582797,,77.0412975004182,233.515980515811,,15.9491891904835,74.2971126258118,1.99245335659863,50.5489604205707
TEA,2013,12195.4108634433,104.857917785645,19.0818008875774,89.3442338178993,93.3746785285957,94.6266989457189,,78.7103305667459,263.830052894653,,15.2932750641768,74.5190033698096,1.92276320860367,51.6977521381035
TEA,2014,12914.302342174,101.847709655762,18.0215972955504,89.9318443540872,94.5536229497236,94.3339231164909,,80.3594734852939,287.340016035223,,14.3991276696593,74.7479822020749,1.95315843608444,52.7530227342422
TEA,2015,13646.3812355606,101.058212280273,17.441339920976,90.4995852704382,93.7673857331596,94.2639659965996,,81.9880103755963,307.285016378459,,13.9507795029941,74.9777768374826,1.87874321014974,54.0210877061728
TEA,2016,14404.656964798,100.886978149414,16.4248379117084,91.0481075386808,94.3190352402628,94.6934087336369,,83.5969866898599,312.594700652347,,13.1245049845938,75.1832269955477,1.92938890858833,55.240567924451
TEA,2017,15229.7169213936,100.693466186523,15.6073305916676,91.5775149728837,94.2228824745133,94.6891686186354,,85.1863941384065,342.769055060083,,12.4626045759779,75.2671640185859,1.92683294089381,56.3988367330046
TEA,2018,16103.8618914204,100.196716308594,15.5008395354015,92.0995996495091,93.2750122972616,94.9124209353074,,86.7514686306903,388.627016996157,,12.4071301006166,75.6101241544348,1.73925892870635,57.595296727158
TEA,2019,16941.9471937892,99.829963684082,14.9817931210967,92.5895127194915,93.6933268869622,94.1953046277395,,88.2936833894514,414.62703931563,,12.0422004171441,75.8042877234534,1.70329191143946,58.6098141698239
TEA,2020,17004.8072538713,100.050987243652,15.1483633261233,93.0498686667648,91.9356294174154,91.7289400841737,,89.8127140160886,446.471116609362,,12.1855100266913,75.7338497054699,1.52420342921216,59.3301997601025
TEC,2005,19454.1336352698,101.066932678223,23.7961221368325,94.6414865256144,94.8808194116798,95.2558241721919,,87.4298411239079,251.971561712724,,20.1083624294114,69.1399718973032,1.63393338849379,63.4858767579757
TEC,2006,20994.707627893,100.519172668457,22.2317109209457,94.7133320191857,94.5346537276958,96.5476110747243,,87.7723478202854,303.267905456239,,18.7881589720451,69.6987479861711,1.66161809265432,63.7021713607275
TEC,2007,22657.1349385733,100.39623260498,20.705915778817,94.7870308451388,95.7675604103434,96.5584187480771,,88.2904260085122,385.736828421967,,17.5051108058918,70.1803431982885,1.72272134179494,63.9485687111677
TEC,2008,23653.990951491,99.3947906494141,19.2850177301123,94.8584624708649,95.6817562296804,96.5794194143244,,88.8075917913988,485.869336269842,,16.323293476693,70.5451641405676,1.79234912928103,64.1945242729774
TEC,2009,22249.6950356121,99.0818099975586,18.0517614978236,94.933975389565,94.2452532277689,94.6960674921132,,89.3196375040075,419.846879774389,,15.2809098241308,71.0832338433596,1.80922026253873,64.4354379403662
TEC,2010,23167.2207575598,99.4765472412109,17.0847676839038,94.9658162549001,92.8189313946617,93.8400951909793,3.34628339961149,89.8299437571172,454.110808341596,,14.4413882178953,71.4358973425353,1.81007603093137,64.7258667419875
TEC,2011,24330.2540578139,99.6523895263672,16.2944506822689,95.0010636107841,92.7776696713655,94.9612046872345,,90.3368622943898,505.50595242259,,13.7222790092874,71.9266644042886,1.79803649220897,65.0953458128978
TEC,2012,25017.564733224,99.3457794189453,15.4101584121496,95.0378772818666,94.7673439854048,95.2837987967877,,90.8376361536305,530.644479316858,,12.9817995735658,72.3336150257883,1.86354536411501,65.6154048918302
TEC,2013,25612.5772709157,100.804801940918,14.7303815259107,95.1099137244297,95.0486269935333,95.733674974057,,91.337382049773,565.457650339422,,12.4147024543041,72.7942035795041,1.8748561116751,66.4664633633165
TEC,2014,25858.1655880354,100.431198120117,14.0220051709822,95.1543870722179,90.1989818701438,92.9893579242624,,91.835952560475,535.508147836818,,11.7997466003425,73.0389491798356,1.92631738147071,67.3911891022885
TEC,2015,25834.8173197386,98.978271484375,13.343577725526,95.2551824286251,90.8564316382987,93.5953111910724,,92.3321459538128,416.867867300176,,11.2405266150363,73.3408132950813,1.92977777738024,68.0719889181919
TEC,2016,26118.7773736522,98.4802780151367,12.6684363631334,95.3548974727138,90.2156455647793,92.7425719091681,,92.8298093425384,406.363821785837,,10.6645879222469,73.6902109808947,1.92480955743217,68.2998664724156
TEC,2017,27008.5506544179,97.6581878662109,12.2525480085223,95.4579536630718,92.6243237966044,95.4010517967674,,93.304905740005,454.56238580521,,10.3262439132312,74.1318681774556,1.86780524239913,68.3671996828986
TEC,2018,27881.0262510333,98.4828109741211,11.9395431519003,95.5647762485239,94.2778049400403,95.4548769269307,,93.759995703732,472.92294572173,,10.0744908261264,74.2976622013592,1.85087390989038,68.4656324149256
TEC,2019,28540.7387047996,99.2724227905273,11.7213148178318,95.6782782562723,95.1600103350843,96.1070915429301,,94.1889586189209,499.118925005059,,9.8982615505469,74.590946255432,1.82090357663486,68.6393881359924
TEC,2020,27962.5237763209,98.7056427001953,11.4402376555719,95.7838795238056,93.2985921902052,93.545779426788,,94.6068222694198,565.47187430609,,9.71175441652214,73.1492512511888,1.81408858991354,68.7550754784278
TGO,2005,2164.01599552728,109.478187561035,102.4,51.9453319211915,82.0,70.0,,9.61445795262473,20.9699707,,61.1,55.931,5.037823,35.3487650305291
TGO,2006,2158.94393995769,113.06999206543,99.3,52.8533718752421,84.0,78.0,,10.2925202802465,22.74487495,42.2,59.4,56.154,5.076201,35.795057579151
TGO,2007,2067.21836135015,107.236228942871,96.5,53.7264798079458,82.0,71.0,0.047,10.9986369472506,22.34309769,,57.7,56.395,5.102,36.2392154091353
TGO,2008,2082.64201553182,107.988212585449,93.7,54.5651625096366,81.0,63.0,0.055,11.7327806563873,26.89384079,,56.1,56.663,5.100197,36.6808327233827
TGO,2009,2126.4413192509,121.990951538086,90.9,55.3677359070846,78.0,66.0,,12.493855912589,28.3035717,,54.5,56.94,5.104276,37.1195037247939
TGO,2010,2181.59889262038,124.709514209282,88.3,56.1360720615008,83.0,68.0,0.0506,13.2824677060048,30.54597664,,53.0,57.24,5.087324,37.5545882975638
TGO,2011,2246.56204522679,122.784071157596,85.6,56.877895720393,85.0,72.0,,14.1028173218821,34.41139603,46.0,51.4,57.624,4.984234,37.9872305648732
TGO,2012,2333.19276737886,125.758046516929,82.9,57.5887896171643,84.0,72.0,,14.9528006713975,35.40290833,,49.8,57.953,4.853789,38.4194359598204
TGO,2013,2416.37805101152,126.10501578594,80.2,58.2632949727303,84.0,72.0,,15.8290583040509,39.56414795,,48.3,58.356,4.753612,38.8516767884103
TGO,2014,2501.43253092917,122.304207926362,77.7,58.9022839214157,84.0,77.0,,16.7317561082878,41.96416092,,46.8,58.776,4.701602,39.2839506458368
TGO,2015,2588.27260980499,125.602691931749,75.2,59.5058666846818,82.0,75.0,0.047,17.6606158910418,46.92110825,43.0,45.4,59.23,4.661566,39.7162551272934
TGO,2016,2648.90084835076,121.476913528699,72.8,60.0753126449292,82.0,73.0,0.044,18.6162879264339,50.8783493,,44.0,59.677,4.633942,40.1485878279739
TGO,2017,2708.61122396846,119.405694248485,70.4,60.6102462342239,84.0,78.0,0.072,19.5982705218929,51.5464592,,42.6,60.145,4.576231,40.5809463430719
TGO,2018,2787.56398409759,117.836324490464,68.1,61.1106166110229,82.0,73.0,0.074,20.6062840876452,52.43610382,42.5,41.4,60.608,4.513072,41.013328267781
TGO,2019,2862.62661160331,117.747746676497,66.0,61.5763879815796,86.0,78.0,0.074,21.6400439153227,48.85387421,,40.2,61.061,4.450408,41.445731197295
TGO,2020,2861.29796240513,119.266830948762,63.9,62.0075237539343,85.0,75.0,0.079,22.6992561746885,52.75213242,,39.1,61.14,4.386312,41.8781527268075
THA,2005,14459.825626203,98.4672393798828,17.2,95.5388009228928,98.0,96.0,,93.4725323543909,90.61147308,,14.5,72.894,1.644,38.1301594392881
THA,2006,15052.6955101059,98.4360427856445,16.5,95.8682489978773,98.0,96.0,0.284,93.7441160220544,103.26116943,41.8,13.9,73.341,1.631,39.4424037014582
THA,2007,15744.3652449147,97.8308029174805,15.9,96.1916628762461,98.0,96.0,0.292,94.0200504764456,125.10979462,39.8,13.4,73.779,1.616,40.7036878697821
THA,2008,15893.5084947968,96.5354995727539,15.2,96.5089112924914,99.0,98.0,0.311,94.3003992134307,149.06762695,40.3,12.9,74.221,1.587,41.8954507430475
THA,2009,15667.6047343164,93.5188827514648,14.7,96.8196905562878,99.0,98.0,0.333,94.5853633004337,149.67800903,39.6,12.4,74.669,1.565,42.9991311200422
THA,2010,16732.187029014,89.2488479614258,14.1,97.1240162959277,99.0,98.0,0.383,94.8749317339833,168.61891174,39.4,11.9,75.012,1.562,44.0018736622496
THA,2011,16768.1688542486,95.6526031494141,13.6,97.4082908052725,99.0,98.0,,95.1764985756383,191.74464417,37.5,11.5,75.302,1.571,44.8048723557374
THA,2012,17871.5786477565,96.4982681274414,13.1,97.6857256811255,99.0,98.0,,95.4825472825224,201.70690918,39.3,11.1,75.59,1.563,45.373565813715
THA,2013,18244.4071505088,97.1840591430664,12.7,97.9592475537445,99.0,99.0,,95.7914583178376,207.81243896,37.8,10.8,75.96,1.526,45.8321343847773
THA,2014,18326.604873747,103.479377746582,12.3,98.2288774371451,99.0,99.0,,96.1032346574694,213.74395752,37.0,10.4,76.279,1.484,46.3138799467897
THA,2015,18814.0408554566,103.333457946777,11.9,98.4945735276121,99.0,99.0,0.453,96.417885275126,219.15092468,36.0,10.1,76.563,1.451,46.9521043776171
THA,2016,19372.7128024107,104.941299438477,11.5,98.7563664509808,99.0,99.0,0.433,96.7354102291453,229.7849884,36.7,9.8,76.769,1.4,47.8801095551247
THA,2017,20096.8605455164,101.863590810489,11.1,99.0141678969544,99.0,99.0,0.788,97.0558447818026,247.08152771,36.4,9.5,76.989,1.363,49.2311973571777
THA,2018,20882.1707419576,102.013545184574,10.8,99.2453414879961,97.0,96.0,0.518,97.3791754669481,274.71221924,36.4,9.2,77.19,1.323,54.5843734741211
THA,2019,21280.1504518601,103.012241063391,10.4,99.4287701898312,97.0,96.0,0.548,97.705394777576,288.31097412,34.9,8.9,77.197,1.285,55.9266166687012
THA,2020,19950.2844063147,103.859900460568,10.1,99.487572734038,97.0,96.0,0.509,98.0344733663979,304.3817749,35.0,8.7,77.331,1.259,57.2358779907227
TJK,2005,1965.30020458256,97.2828369140625,50.3,62.9221859580014,84.0,85.0,1.917,92.7632910189712,17.38472557,,40.0,66.531,3.398,26.5324878262051
TJK,2006,2063.288508243,96.9107971191406,46.6,64.4341771355512,83.0,82.0,1.88,93.0010371753061,20.04485893,,37.2,66.997,3.341,26.5321180842215
TJK,2007,2181.89798056536,96.8137130737305,43.6,65.9535229781878,86.0,85.0,1.861,93.2384821622591,28.58950996,32.2,34.9,67.405,3.367,26.5315339938424
TJK,2008,2308.09430040334,99.660530090332,41.2,67.4802180746637,86.0,86.0,1.895,93.4756158486128,41.35135651,,33.1,67.924,3.388,26.5306015116451
TJK,2009,2349.50030269416,99.2148590087891,39.3,69.0142603257663,93.0,89.0,1.616,93.7124382355308,38.9187851,30.8,31.6,68.248,3.43,26.529186594207
TJK,2010,2449.27358745359,99.0505828857422,37.6,70.5556572457132,93.0,94.0,1.67,93.9489613656333,42.28567886,,30.4,68.37,3.457,26.5274312963978
TJK,2011,2572.48074895498,96.7038269042969,36.2,72.1041170163843,96.0,98.0,1.693,94.185174547708,48.8431282,,29.3,68.698,3.456,26.4792213439941
TJK,2012,2700.09546037358,92.8905410766602,35.0,73.6660677042202,94.0,97.0,1.697,94.4209455801784,56.97117615,,28.4,69.13,3.421,26.4102249145508
TJK,2013,2828.38542075147,91.7747421264648,34.0,75.2394845284164,96.0,97.0,1.677,94.6560052528961,67.62356567,,27.6,69.579,3.433,26.4883155822754
TJK,2014,2943.08867917317,90.3201599121094,33.0,76.8237114189289,97.0,98.0,1.727,94.8900877135893,73.06859589,,26.9,69.697,3.459,26.5633735656738
TJK,2015,3041.44479553257,91.2645874023438,32.2,78.4172891677318,96.0,97.0,1.747,95.1229285632346,62.75804901,34.0,26.3,69.665,3.459,26.478832244873
TJK,2016,3169.9667820524,93.281982421875,31.5,80.0192106177573,96.0,97.0,1.754,95.3542477429458,54.9213562,,25.8,69.982,3.384,26.3718509674072
TJK,2017,3312.71202243506,95.7704162597656,31.0,81.6282043537707,97.0,98.0,1.785,95.5837707483272,56.85092545,,25.5,70.524,3.29,26.2731513977051
TJK,2018,3479.69235966041,,30.7,83.2428335664729,96.0,98.0,1.934,95.8112529374464,58.51539993,,25.3,70.737,3.294,26.2338752746582
TJK,2019,3649.88375518646,,30.4,84.8621252488683,97.0,98.0,1.933,95.9706194331764,60.51568222,,25.0,70.962,3.281,26.1300735473633
TJK,2020,3724.7489591466,100.404687742152,30.1,86.2958090457045,97.0,98.0,1.995,95.9796685499025,74.17329407,,24.9,68.605,3.211,26.1925442328719
TKM,2005,5889.84657742616,,52.6,92.0373759307942,99.0,99.0,2.356,93.6603556052315,324.81155396,,43.0,66.275,2.706,46.7728683922582
TKM,2006,6415.71290854977,,50.1,92.5306501265555,98.0,99.0,2.236,94.0385120989703,349.6842041,,40.9,66.574,2.724,46.8060040482349
TKM,2007,6993.52911567076,,48.1,93.0251197848515,98.0,99.0,2.175,94.4179027341964,261.83258057,,39.0,67.02,2.734,46.8369760333063
TKM,2008,7870.0271753063,,46.4,93.5202593447869,96.0,99.0,2.126,94.7888881171857,235.91514587,,37.5,67.584,2.75,46.8658106736347
TKM,2009,8186.87833253045,,45.0,94.0160473149034,96.0,99.0,2.105,95.1582461913449,178.44587708,,36.3,68.155,2.794,46.8925342953825
TKM,2010,8758.89686680508,,44.0,94.4138672514986,96.0,99.0,2.079,95.5291246544019,202.7792511,,35.3,68.608,2.848,46.9171732247121
TKM,2011,9837.56345513458,,43.4,94.9164818491611,97.0,99.0,2.079,95.901679888436,251.85777283,,34.7,68.87,2.9,46.9397537877858
TKM,2012,10689.3537347285,,42.9,95.4189411344182,97.0,99.0,2.029,96.2760286614644,289.13015747,,34.2,68.961,2.955,46.9603023107661
TKM,2013,11516.3741234527,,42.8,95.9209538308361,98.0,99.0,1.999,96.6523278427633,339.92349243,,33.9,68.968,3.007,46.9788451198152
TKM,2014,12423.9246417745,,42.9,96.4221394795384,98.0,99.0,2.002,97.0307986182985,393.86843872,,33.9,69.001,3.023,46.9954085410955
TKM,2015,12926.6637306966,,43.2,96.9223218117375,99.0,99.0,1.974,97.4115357683835,362.72949219,,33.9,69.061,3.033,47.0100189007695
TKM,2016,13420.3849717471,,43.5,97.4211611367234,98.0,99.0,1.959,97.7947178741168,376.65567017,,34.1,69.142,2.99,47.0227025249994
TKM,2017,13963.4045877295,,43.8,97.9183405901452,99.0,99.0,1.969,98.1805141094557,410.81082153,,34.2,69.19,2.934,47.0334857399476
TKM,2018,14499.1684377606,,43.8,98.3109148568141,99.0,99.0,1.971,98.5690477632557,411.32562256,,34.1,69.272,2.875,47.0423948717765
TKM,2019,15080.9034007693,99.5392692978993,43.5,98.9744384290085,99.0,99.0,1.957,98.960474453072,432.78118896,,33.9,69.405,2.834,47.0494562466485
TKM,2020,15630.9145192529,100.048094898202,42.9,99.3966548614914,98.0,98.0,1.96,99.3549516187618,420.0083313,,33.4,68.846,2.793,47.0546961907259
TLA,2005,15420.2917523643,113.669807434082,25.8328234546759,92.858224973574,93.6180204563371,92.4771648378098,,78.5544014152558,339.675448509304,,21.6449048479234,72.4275917225936,2.36246160626151,77.1629019596436
TLA,2006,16038.2861869901,109.509666442871,24.7433305825058,93.178995119259,93.4817268137445,94.2329372650456,,79.252108166528,395.495292411491,,20.7787778400655,72.7029489273067,2.31798470730863,77.4071292343337
TLA,2007,16696.6218868769,113.241333007812,23.757604702919,93.4728065816522,92.8472748104289,93.9069057841271,,79.9529971160982,469.174815545155,,20.0078035324213,72.9337716205704,2.27825317482823,77.640229259954
TLA,2008,17128.9043164926,112.715957641602,22.8256789691668,93.7577155570357,92.0582456837242,94.75777131885,,80.6488219812092,540.165436739077,,19.2818186640306,73.133810817189,2.24870291864097,77.8652582829749
TLA,2009,16550.9833188907,112.700576782227,22.0443480318613,94.0314782535723,93.7007240577105,94.442534543808,,81.340193827001,534.467313644727,,18.6313612694458,73.3248238756312,2.22074317176871,78.0831498466914
TLA,2010,17448.2598325074,111.61547088623,22.7976936225879,94.304519592182,93.2410396261246,93.2805140162474,1.89688111335972,82.0317290834346,638.340784983717,,18.6625805569531,73.2840381673624,2.19235147808548,78.2956488991946
TLA,2011,18055.3042757769,110.767776489258,20.6057385360394,94.5829786084944,92.8247696025201,94.3842290024033,,82.719200578977,726.976954542189,,17.4941301128684,73.8112572375492,2.17173767198677,78.5011436720577
TLA,2012,18340.3089340631,109.57347869873,19.9629412397373,94.8536558403966,93.2251416067724,95.081243613401,,83.3965845181964,727.927931463268,,17.0113468555451,74.0531427389642,2.14177057844675,78.7047750052812
TLA,2013,18676.7799220997,110.419158935547,19.3845279132999,95.11017864809,89.8613240943567,91.6434452631233,,84.0643861813526,760.195365496209,,16.552711013279,74.2726524054357,2.11969030697551,78.9165836181544
TLA,2014,18762.6257531749,109.490730285645,18.8600456464094,95.3623451163761,88.5573620623732,92.8488046494467,,84.7278236655664,761.976801878057,,16.1050991132339,74.4642031483392,2.10222769066337,79.1330503121854
TLA,2015,18670.717514529,108.406532287598,18.4493213611046,95.6097235655752,89.7447330583254,93.1809251780169,,85.3859321572291,675.637724305284,,15.7498280161042,74.6505904118153,2.070155624721,79.3548258170168
TLA,2016,18455.8801433133,107.734580993652,18.6490115909887,95.8477016515675,89.4103908363945,92.6097663404266,,86.037157704974,648.459181358459,,16.0323680268225,74.5894794269073,2.01803165230531,79.5767193908271
TLA,2017,18653.3433106036,107.160621643066,17.9065504935804,95.8699654719738,84.6373631708715,86.0124157163148,,86.0098452138094,733.765560892935,,15.3939832152582,74.7614101353626,1.99342119749853,79.7952284112037
TLA,2018,18808.0604001973,106.786277770996,17.4813311235823,96.1730208613903,85.7803884508348,91.0937120045892,,86.6592707661214,671.941089009649,,15.0311144710055,74.9760978010797,1.97423907173587,79.992282192881
TLA,2019,18791.1714822657,106.700012207031,17.1079513892396,96.4227863776757,79.6524429788114,86.1058449271846,,87.2977930257771,654.635269750467,,14.7277092822441,75.1319711493442,1.92884194956371,80.2043693016899
TLA,2020,17418.680012511,105.986572265625,16.821924099218,96.7032247122669,75.9410379817759,83.2581669134461,,87.9188685192031,579.294045090621,,14.5002276499837,73.0747493617473,1.86889841943454,80.4192977316043
TLS,2005,3263.94446005573,121.387603759766,88.0,54.6754050235907,55.0,48.0,,26.1851944213066,25.72540092,,65.6,61.272,5.611,26.3097308948751
TLS,2006,3038.9523176563,,84.0,56.3470575289693,63.0,61.0,,28.6397241043122,27.90169907,,62.5,61.881,5.474,27.121697883382
TLS,2007,3256.56980118129,,80.4,58.0156475742205,70.0,63.0,0.034,31.0966445042485,30.51906586,27.8,59.5,62.396,5.333,28.0011655196859
TLS,2008,3530.88217479074,123.960227966309,76.9,59.6817264826487,79.0,73.0,0.037,33.5563864330636,43.71953964,,56.8,62.858,5.171,28.8076745459306
TLS,2009,3792.35831612987,125.8955078125,73.9,61.438249315098,72.0,70.0,0.044,36.0178392685678,50.18856049,,54.3,63.265,4.994,29.4007657042596
TLS,2010,4047.24940614314,128.029085001864,71.0,63.1966745548591,72.0,66.0,0.079,38.4806929868607,52.6151619,,52.0,63.66,4.816,29.6398840020416
TLS,2011,4189.79978481015,130.796519519568,68.4,64.9574170311788,67.0,62.0,0.078,40.9452765286363,64.43626404,,50.0,64.022,4.614,29.633352306451
TLS,2012,4297.91482449132,129.969976978814,65.9,66.7197738098251,83.0,73.0,,43.41056257646,71.46888733,,48.1,64.384,4.404,29.6136082349605
TLS,2013,4340.27839503511,128.884641566738,63.9,68.4836127023317,82.0,70.0,0.615,45.8762265623181,102.79840851,,46.5,64.719,4.208,29.5836906253246
TLS,2014,4445.35926887033,127.791979258318,61.9,70.2490467993202,77.0,74.0,0.678,48.3422173517987,93.10574341,28.7,45.0,65.027,3.999,29.5463092024041
TLS,2015,4467.80007184896,126.646454350675,60.2,72.0159260209215,76.0,70.0,0.69,50.808161320469,101.4779892,,43.6,65.326,3.779,29.5043315008419
TLS,2016,4515.422459894,123.315981015137,58.7,73.7840931370356,79.0,73.0,,53.273678577949,92.69400787,,42.5,65.61,3.582,29.4462907628171
TLS,2017,4290.02709296562,117.545590260011,57.3,75.5531586283782,83.0,77.0,0.745,55.7381542550198,86.16269684,,41.4,65.898,3.399,29.3600996787092
TLS,2018,4188.84099191337,113.613823069409,56.0,77.3234209050104,83.0,77.0,0.718,58.2016694124243,78.07413483,,40.6,66.204,3.244,29.248617510057
TLS,2019,5103.14964292207,111.537505941321,54.8,79.094491992256,83.0,75.0,0.764,60.663593946828,78.01346588,,39.6,66.496,3.116,29.1148755245217
TLS,2020,6594.8817078452,110.606703667428,53.4,80.8664062920622,83.0,74.0,0.752,63.1237035257288,118.49451447,,38.7,66.919,3.011,28.9619049897647
TMN,2005,8089.64903827668,,66.1292380683344,85.4305901877572,76.5167916915621,74.5078382861982,,65.0744138250156,71.331811402318,,55.9796771852355,66.8201250398649,3.61438148977568,47.3188148610601
TMN,2006,8347.93200878985,,64.2122839401497,85.7795826688405,75.185304193051,73.9627405598651,,66.0818070885568,80.5732025348774,,54.4631671749249,67.3526959987589,3.60322364692506,47.5309166902311
TMN,2007,8653.73763157619,,62.1665400488655,86.1836045342862,73.6577575414581,73.6486670718304,,67.0985829518386,96.4215660809456,,52.93244171322,67.6216572647968,3.58812308378204,47.7479439125995
TMN,2008,8778.68857917021,,60.3605083500064,86.6402040002402,73.9862347028846,73.3953222310022,,68.0792860131379,115.205391260363,,51.4854359240134,67.9635063066435,3.57557545434726,47.9748067174573
TMN,2009,8855.99168481009,,58.6599411220299,86.9864026368156,74.0974803456742,74.5080830199043,,69.044698055201,126.780026071251,,50.1768645580206,68.2479599816693,3.5663476769365,48.2068846515889
TMN,2010,9076.89041241803,,56.8962811424056,87.3515071102355,74.0033946465002,75.1273444052077,,70.0388783687578,140.018203256574,,48.7576563224184,68.4594967501144,3.5573121719595,48.4579212313616
TMN,2011,9010.52759049832,,55.1226592914287,87.7017719781801,77.96275181167,76.1936710178986,,71.0361563804369,157.78716341065,,47.3045291196204,68.6299635824863,3.54124003516249,48.7709197134048
TMN,2012,9005.54949728912,,53.6353878519067,88.0474811251293,76.5762099477453,75.9840039860893,,72.030653552846,166.77722955891,,45.9488773951889,68.6578262057094,3.53708238309063,49.2354754411305
TMN,2013,8926.7135503703,,51.8315892558468,88.4140943902367,77.5858102084442,78.3833750763442,,73.0650860239433,156.958699881176,,44.5035803675885,68.8786484698568,3.52674285714679,49.7861078087819
TMN,2014,9012.30780450401,,50.0469399717172,88.7836916424492,78.8179844297121,78.9694883347582,,74.105456625294,160.550691705319,,43.1183642748564,69.147274936726,3.50912887154978,50.1424314222312
TMN,2015,9059.41391427741,,48.6252139870489,89.16515187573,79.2597481768586,80.4528024289719,,75.1496654620681,158.912484998384,,41.9650635249281,69.2515348606398,3.47885083971551,50.385107716384
TMN,2016,9433.37331636818,,47.1020419286366,89.5554237168753,81.0535502903394,81.9737202325011,,76.2027099527803,157.358811613511,,40.8132033271027,69.4961826399098,3.41545492925523,50.5924176765155
TMN,2017,9580.54922221665,,46.0187377454325,89.940785409629,81.343283089287,81.6145439690185,,77.238533934487,158.055271163238,,39.902533909126,69.7772409464567,3.38731160765158,50.7866571436082
TMN,2018,9633.85835874122,,45.2801998035535,90.3266352441533,83.2621166273819,82.0048618727179,,78.2250990289767,138.635536441969,,39.3434807294902,70.0368444388331,3.29738689646707,50.9917156514723
TMN,2019,9646.79140996012,,44.2347877125154,90.7101306371434,84.451340849221,82.0801991005381,,79.1584811307905,134.686334431318,,38.5595764016893,70.3800917806817,3.22947151957324,51.2234331146053
TMN,2020,9336.60440871316,,42.9669015197404,91.0718129285274,80.6123046411617,82.3650286793549,,80.0427921818105,124.429475733351,,37.6229268023937,69.0090964026373,3.1920336825828,51.4495362826798
TON,2005,5829.1173260211,111.582809448242,14.8,98.5855837440187,99.0,99.0,,89.6551557415148,108.29302216,,12.0,70.56,4.195,23.1473956500293
TON,2006,5671.64079163565,110.631492614746,14.4,98.6313008465176,99.0,99.0,,90.1063131747226,149.22753906,,11.7,70.71,4.141,23.1801421282521
TON,2007,5507.35733894364,110.225120544434,14.0,98.6769462069557,99.0,99.0,,90.558457375061,134.56217957,,11.4,70.887,4.086,23.2239976577967
TON,2008,5759.30612501464,112.813049316406,13.7,98.7225624072798,99.0,99.0,0.533,91.0111252112613,190.86582947,,11.1,71.041,4.012,23.2889000757567
TON,2009,5454.57394388907,113.065528869629,13.4,98.7682421108779,99.0,99.0,0.578,91.4632691263774,118.79367065,37.5,10.9,70.949,3.946,23.3612068183251
TON,2010,5489.45367019062,113.930206298828,13.1,98.8139923432634,99.0,99.0,0.54,91.914895774654,166.58139038,,10.6,71.319,3.879,23.4243619099178
TON,2011,5848.19312009382,115.24356842041,12.8,98.8097360298525,99.0,99.0,,92.0921967178499,193.43716431,,10.4,71.437,3.829,23.46075468367
TON,2012,5908.02400699798,117.420058635031,12.6,98.8058202724573,95.0,95.0,,92.2619222236095,318.4196167,,10.2,71.546,3.768,23.4589062635692
TON,2013,5952.45690447913,117.891068133671,12.3,98.8019244079513,99.0,99.0,0.514,92.4258220900949,171.82066345,,10.0,71.65,3.696,23.4170795020344
TON,2014,6097.65041861635,117.461517317207,12.1,98.7978307642076,98.0,99.0,,92.587068935407,210.86004639,,9.8,71.721,3.619,23.3431040935971
TON,2015,6195.43302733786,117.3600552868,11.9,98.7935498846236,96.0,99.0,,92.7457956111317,181.91452026,33.5,9.6,71.851,3.54,23.2434422818439
TON,2016,6639.98719699561,,11.6,98.7890715916912,96.0,98.0,,92.9019205295168,208.53982544,,9.4,71.951,3.463,23.1277038505921
TON,2017,6863.54796430087,,11.4,98.7844002121241,99.0,99.0,,93.0554424910355,246.34036255,,9.2,72.066,3.388,22.9711300654966
TON,2018,6885.98490469718,116.087775982768,11.1,98.7796364058123,99.0,99.0,,93.2070910925577,278.49508667,,9.1,72.169,3.326,22.7017138925547
TON,2019,6859.71739851786,113.312034078807,10.9,98.7748337024529,99.0,99.0,1.012,93.3566618540617,266.68792725,,8.8,72.292,3.274,22.3288155626206
TON,2020,6981.30436453629,112.25483743583,10.6,98.7700847369517,99.0,99.0,0.946,93.5041088737025,262.55459595,,8.7,72.379,3.234,21.8766206823411
TSA,2005,3748.35844477212,107.856147766113,72.0002867368244,84.2542333054158,68.8573868671669,70.8108831462815,,29.4360620885859,25.9963521416384,,54.605276788285,65.131596636791,2.93687989722614,28.8194352543063
TSA,2006,3983.25023893144,109.757987976074,68.7185869960036,84.884850524204,69.2423255330308,71.3097208861523,,32.0975668778388,27.8197395950161,,52.592245840607,65.5691020177667,2.84697285381899,29.2427297254624
TSA,2007,4222.24103901725,111.125106811523,65.5676010587084,85.5138555937261,68.2310102639905,72.7516070633476,,34.7780710075797,33.6163714653392,,50.6084940011222,65.9890229742236,2.75669654521409,29.674497317065
TSA,2008,4309.94806835076,111.084480285645,62.4016925335458,86.1413638692985,73.5627656582605,74.7522157430476,,37.477021661974,35.8991784899837,,48.6875970798976,66.4314116387286,2.68905082515755,30.1090398673123
TSA,2009,4566.50695762565,110.484977722168,59.4037799378435,86.7664836808269,77.3095014827124,80.1747845653027,,40.1929257302588,36.6066043494592,,46.7484274089351,66.84109704634,2.64443180727681,30.540665970275
TSA,2010,4872.71064899734,110.696907043457,56.3382415270381,87.3894656170124,81.1844867951252,82.955934489694,,42.9262065996714,42.9875789328061,,44.7223591602732,67.3525068406787,2.56574779030977,30.9636904041139
TSA,2011,5069.45396503048,109.978492736816,53.3929226830985,88.0116605742868,83.9213306828603,85.2377199157076,,45.6771661407811,46.3723319841827,,42.7279439424042,67.8108394834024,2.50022514366302,31.3499145522495
TSA,2012,5285.90684170559,111.911849975586,50.524216556331,88.6337784186551,83.6452632179677,83.7913347152738,,48.447723274212,46.6152634556105,,40.8095163784819,68.2629615309516,2.44177823996936,31.6728581018008
TSA,2013,5548.16105526486,113.485366821289,47.7460345372687,89.2557938947371,84.7482147536966,84.1424049241726,,51.2181244875988,53.3691511888425,,38.8067077706587,68.6853288301062,2.37827206529081,32.0003773282425
TSA,2014,5878.67479791218,111.840263366699,45.1433866579388,89.8758073259334,86.5906888383266,86.1919937049153,,54.0256657809484,54.5770272304796,,36.9574455474911,69.1208563538772,2.28396274115946,32.3195810824512
TSA,2015,6259.31717310526,112.902671813965,42.5754112311521,90.4943845268135,88.4275954997461,88.1945053484341,,56.8493740200815,56.7417052203768,,35.1486708224923,69.5110334122263,2.27891070577889,32.6380348100917
TSA,2016,6681.44601575684,118.426078796387,40.284023817824,91.1109451838117,89.2178172243413,89.0241445583039,,59.689489068753,58.8470714953936,,33.518229348411,69.9184707063298,2.2733060135155,32.9532139923473
TSA,2017,7055.83469512198,117.016357421875,38.066424155829,91.725355663911,90.1353359332812,90.8821469320224,,62.5446654383749,56.5030929296534,,31.8764606632544,70.2904723380061,2.19158171903298,33.2643876230047
TSA,2018,7430.46384287571,102.812812805176,36.0717212654035,92.3374966297544,91.0258804291782,93.4797313414009,,65.4131386342214,57.6271937496546,,30.358809839756,70.6523573971364,2.18134059924297,33.5735795082406
TSA,2019,7660.41899011306,101.631233215332,34.1788860217225,92.947203002823,91.936869320795,95.2155710866366,,68.2929375209308,60.4097547940249,,28.9424349682594,70.9975623145981,2.12407623256393,33.8860664509609
TSA,2020,7215.20736191888,103.280586242676,32.4133413201353,93.5537322827328,86.5064754023475,89.9725590385987,,71.0904539364477,63.7995398712069,,27.5499051306387,70.3622206982499,2.06019382226457,34.2000653894608
TSS,2005,4067.54686495063,90.3313522338867,119.714010800218,49.6036496879326,62.0860935213107,60.5796061661982,,24.22595668287,57.3746369552643,,72.1136858054593,53.8922539208949,5.55886459039657,35.1252647556364
TSS,2006,4198.85922825456,92.0808029174805,113.978539820994,50.5578678212456,64.1378970880497,63.3111472425481,,24.844527530108,63.974140168855,,69.1108122787121,54.589354695264,5.52194469862556,35.6421605036882
TSS,2007,4337.79844704611,92.9380798339844,109.090045419842,51.4939439949253,65.9578778777531,64.4117226931274,,25.4653786398957,70.9227391878954,,66.5219938974587,55.2628174960913,5.47623519277637,36.1012589693212
TSS,2008,4445.5273501557,94.1902084350586,104.381473735647,52.4803631983063,69.0432345064133,67.2412182860957,,26.1259463258935,75.5930351020549,,64.1177671668983,55.8870079518376,5.44582414929526,36.6233967078065
TSS,2009,4479.1406301998,94.5845794677734,102.310889811034,53.4722466647601,72.3311275564695,71.5001858318092,,26.8026281454811,75.5779658469388,,62.9583131601283,56.367784162949,5.38594110751953,37.0894274944778
TSS,2010,4632.84408191438,94.4356536865234,97.1644504215407,54.4659659382128,71.2483953509236,71.2663095710354,0.18338413237215,27.488631384278,85.6851226173169,,60.5579962873256,57.107097844285,5.3249188067387,37.5326696254384
TSS,2011,4713.42233131106,95.7367477416992,96.6851412592745,55.2967189056023,71.8077699773907,70.7229969761356,,27.9415470210027,92.8304925094644,,60.5435511895491,57.4734640185534,5.25463649244861,37.9761873273848
TSS,2012,4775.8739329678,96.5240173339844,90.7284635079696,56.2794718640005,68.6629322367824,69.41593169099,,28.6360422944288,92.0302408004662,,57.2167475827182,58.2283469511484,5.17803015507135,38.4195200457817
TSS,2013,4896.32543067071,96.5599136352539,87.5662468113281,57.2618755045493,68.5407028058027,68.4062051394346,,29.3477434893564,92.8421638066783,,55.6047620591435,58.7182244214244,5.09707350209557,38.8781029884112
TSS,2014,5002.96695140382,96.1997222900391,86.6610642084607,58.2527450442833,70.7797956736153,68.2503957292605,,30.0787189155661,90.3702168395063,,55.1338468121156,58.985759679416,5.02372228422288,39.3567243486427
TSS,2015,5019.95019038994,94.6371231079102,84.7782950529979,59.2207003543214,70.2593527632575,67.9068700466986,,30.8298425600529,82.5345596656596,,54.2414061262112,59.3988936826923,4.9431932902334,39.8380952067264
TSS,2016,4956.58486807326,94.8517684936523,83.1926115111527,60.1641147997186,73.1893484614327,68.2601804327351,,31.562314156865,75.8169337540862,,53.4786404092455,59.8122443592399,4.85971762249433,40.3035222705197
TSS,2017,4953.2648572016,95.3999404907227,82.2279275355716,61.1314551304666,73.6530282024514,69.7513805551002,,32.3634149108259,77.094841045757,,52.9500908356839,60.1584852136877,4.78030554220341,40.7748446210958
TSS,2018,4963.20882492551,96.1621475219727,78.775492858211,62.0808583059867,75.0107872595803,70.2718443954362,,33.0822645106561,76.2644789808074,,51.1058761277368,60.7668941967258,4.69670936148689,41.2566428447246
TSS,2019,4962.55290682237,97.0975570678711,77.7158849260533,63.0066504905334,76.3004915022959,71.0538108556337,,33.8325683668292,75.7644771440424,,50.4776217602032,61.129417043288,4.61335183994473,41.7071031134135
TSS,2020,4677.92219768928,97.9075698852539,75.7375422540307,63.926015772961,73.6864644611762,69.7953217187751,,34.5869966196976,74.6336640581291,,49.5806155476004,61.1676740309985,4.52975965752977,42.1670568799491
TTO,2005,29536.4394101096,93.3887710571289,26.9,97.3094204121503,95.0,93.0,,94.3756517863125,530.35229492,,24.5,70.185,1.625,55.3898955519853
TTO,2006,33348.7507470886,,26.5,97.3097399307231,92.0,89.0,1.172,94.3805673799329,568.72583008,,24.1,70.437,1.624,55.1782455797922
TTO,2007,34793.6457521105,97.8049774169922,26.1,97.3100621994255,88.0,91.0,1.13,94.3855102571565,667.35321045,,23.7,70.797,1.622,54.9393004563973
TTO,2008,35825.3333456362,99.6391372680664,25.7,97.3103838303241,90.0,91.0,,94.3904280017838,751.54608154,,23.3,71.117,1.617,54.6761864235364
TTO,2009,34212.2683057008,100.591651916504,25.3,97.3107038668244,90.0,94.0,1.444,94.3953687318109,776.62243652,,22.9,71.404,1.618,54.3920297229449
TTO,2010,35145.1253639062,101.466957092285,24.8,97.4402693697619,90.0,92.0,1.732,94.3852371604895,825.16088867,,22.5,71.809,1.614,54.0899565963587
TTO,2011,34769.7620251376,,24.4,97.5697030865947,90.0,92.0,1.743,94.3740852058431,872.96398926,,22.1,72.232,1.611,53.9253615474727
TTO,2012,36903.6898574094,,23.9,97.6989849398985,92.0,85.0,,94.3614743999076,895.08026123,,21.7,72.513,1.609,53.9254053431618
TTO,2013,37994.0686480473,,23.5,97.828150538828,92.0,91.0,,94.3476328778078,970.90222168,,21.3,72.785,1.603,53.9255789963372
TTO,2014,39248.6570516023,,23.1,97.9572291808289,92.0,96.0,,94.3327824248919,1010.82769775,,20.9,72.898,1.602,53.9259699537793
TTO,2015,38963.9641783011,,22.7,98.0862562464858,96.0,89.0,2.541,94.317158860963,1061.58666992,,20.6,72.882,1.598,53.926665238022
TTO,2016,35914.9901970983,,22.3,98.2152623526831,97.0,86.0,,94.3009655351862,1064.41772461,,20.2,72.935,1.601,53.9277523084951
TTO,2017,34095.9899256152,,22.0,98.344276330186,89.0,93.0,3.222,94.2844344672468,1083.37609863,,19.9,72.984,1.594,53.9293186833833
TTO,2018,33710.0178540008,,21.6,98.4733339387866,99.0,90.0,3.939,94.2677930697495,1080.45397949,,19.5,72.658,1.588,53.9314518934907
TTO,2019,33748.7060849924,,21.2,98.6024616253734,93.0,99.0,4.205,94.251259726399,1097.20556641,,19.2,72.836,1.578,53.9342394732739
TTO,2020,30720.8876936042,,20.8,98.7316957265811,96.0,91.0,4.298,94.2350621411755,1059.72583008,,18.8,72.645,1.572,53.9377689584806
TUN,2005,10529.1598956845,109.876342773438,21.6,88.9588512587041,98.0,96.0,0.919,81.9968796979531,169.84550476,37.7,18.9,73.712,1.953,65.2340901739004
TUN,2006,10983.9221903991,107.92707824707,20.7,89.2096520385554,99.0,98.0,,82.8949793127084,178.82592773,,18.2,73.888,1.952,65.5209809651521
TUN,2007,11613.9247511428,103.860992431641,20.0,89.4569801310422,98.0,98.0,1.011,83.7929328669292,202.32022095,,17.7,74.039,1.957,65.8000030517578
TUN,2008,11990.1962371716,102.377777099609,19.4,89.8868255561027,99.0,98.0,1.094,84.6908993579876,230.50152588,,17.2,74.192,1.975,66.0676053984361
TUN,2009,12229.7752536693,102.455841064453,19.0,90.3433938079576,99.0,98.0,,85.5886831809273,231.3591156,,16.9,74.32,2.004,66.3362197875977
TUN,2010,12458.2710366551,103.629150390625,18.7,90.7959166490344,98.0,97.0,1.207,86.4858177057762,240.75447083,38.5,16.7,74.438,2.075,66.6280059814453
TUN,2011,12068.7136257667,103.612007141113,18.5,91.2448200352834,98.0,96.0,,87.3826542238521,270.67507935,,16.5,74.471,2.189,66.9191886197857
TUN,2012,12436.3958115735,105.188629150391,18.4,91.6898273701058,97.0,96.0,,88.2787188281284,270.29055786,,16.4,74.599,2.277,67.2098922729492
TUN,2013,12587.9950645596,106.021850585938,18.3,92.130516839447,98.0,94.0,,89.1734065275524,284.64538574,,16.3,74.674,2.31,67.4999542236328
TUN,2014,12824.0028914441,106.861503601074,18.3,92.5674570508114,98.0,98.0,1.253,90.0672030566408,287.60955811,,16.1,74.784,2.316,67.7524643379101
TUN,2015,12802.7917211433,106.851280212402,18.2,93.0017471400427,98.0,98.0,1.285,90.9610365626904,249.46418762,32.8,16.0,74.875,2.306,67.8807907104492
TUN,2016,12803.8797371543,106.044746398926,18.1,93.4329020352708,98.0,96.0,1.258,91.8540914293083,240.40258789,,15.8,75.007,2.275,68.0623356528248
TUN,2017,12955.4014814241,105.552917480469,17.9,93.8606207367796,98.0,98.0,1.278,92.7457440160073,223.85903931,,15.5,75.177,2.205,68.2877807617188
TUN,2018,13163.1952230357,105.109878540039,17.5,94.2847367416076,97.0,96.0,,93.6354735142668,215.418396,,15.1,75.37,2.133,68.5485240272509
TUN,2019,13243.9024233246,,16.9,94.7047945067718,98.0,98.0,1.299,94.5224940632681,212.60031128,,14.4,75.599,2.1,68.8206382576031
TUN,2020,11955.5983698479,103.975509643555,16.0,95.120374054685,97.0,98.0,1.315,95.4060813673203,250.40145874,,13.5,75.004,2.0,69.1043166438476
TUR,2005,17902.5966004487,104.605560302734,25.3,93.4249804113802,90.0,91.0,1.455,89.7785316915136,357.40197754,42.6,20.9,73.51,2.197,63.3302470273874
TUR,2006,18972.0089563632,104.943740844727,23.5,93.6194753638319,90.0,98.0,1.492,90.5110315275318,409.25881958,39.6,19.3,73.804,2.193,64.2873893939536
TUR,2007,19909.083519675,105.445426940918,21.8,93.8100251611177,96.0,96.0,1.532,91.2280737248533,504.37646484,38.4,17.9,74.129,2.16,65.3389618154687
TUR,2008,19839.5845462269,102.862808227539,20.3,93.9967938201436,96.0,97.0,1.581,91.9302207848415,561.73529053,39.0,16.7,74.38,2.15,66.513650890377
TUR,2009,18612.1925231905,101.92414855957,18.9,94.1796628732745,96.0,97.0,1.637,92.6170977664848,492.30032349,39.0,15.5,74.679,2.1,67.8401432171223
TUR,2010,19897.4464836887,104.570068359375,17.6,94.3588134972971,97.0,97.0,1.683,93.2892782391218,531.82861328,38.8,14.5,74.964,2.08,69.3471253941487
TUR,2011,21760.4291923634,105.751289367676,16.6,94.5342469768029,97.0,98.0,1.698,93.9467893956226,525.89105225,40.0,13.6,74.823,2.05,71.0028723528334
TUR,2012,22517.7148287875,104.708396911621,15.6,94.7061073056509,97.0,96.0,1.726,94.5901003264673,520.44274902,40.2,12.8,75.552,2.11,73.7788680234324
TUR,2013,24117.3121099839,114.724349975586,14.7,94.8740402203655,98.0,98.0,1.751,95.2181862351683,547.95465088,40.2,12.1,76.171,2.11,78.5218368384696
TUR,2014,24888.8521742576,111.935722351074,14.0,95.0383332367469,96.0,94.0,1.738,95.8319919153338,520.40753174,41.2,11.5,76.452,2.19,83.6024850744433
TUR,2015,25984.8027306177,107.29418182373,13.3,95.1990408276222,97.0,97.0,1.765,96.4317908505569,444.70803833,42.9,11.0,76.539,2.16,87.2167107972537
TUR,2016,26489.6436816046,105.28328704834,12.7,95.3562997823,98.0,98.0,1.774,97.0180744384543,456.3659668,41.9,10.5,76.595,2.11,88.1020958581776
TUR,2017,28194.688309381,97.4918975830078,12.2,95.5101526427098,96.0,96.0,1.805,97.5910900486757,432.13754272,43.5,10.1,77.037,2.08,88.0320472717286
TUR,2018,28780.3036458151,100.931251525879,11.7,95.6607630886075,98.0,96.0,1.814,98.1513969936455,380.27835083,42.4,9.7,77.454,2.0,88.1655749576173
TUR,2019,28741.0535082701,103.962959289551,11.3,95.8081999457908,99.0,97.0,1.884,98.6993304992011,388.67486572,43.8,9.4,77.737,1.89,88.6618152857124
TUR,2020,28976.7179161611,103.296417236328,10.9,95.9525757495893,98.0,95.0,1.989,99.2307423449242,386.2593689,43.0,9.1,76.525,1.77,88.9303114965222
TUV,2005,3682.89175926232,101.186317443848,38.1,98.9659492701757,93.0,62.0,,81.1061453638606,232.03250122,,32.3,64.096,3.546,49.4209790930126
TUV,2006,3687.77123312778,102.600143432617,36.9,98.9649313855609,97.0,84.0,,81.6022136044618,291.76730347,,31.3,64.247,3.525,50.5229861226256
TUV,2007,3893.64259975408,,35.6,98.9624863760549,97.0,95.0,,82.0929697634575,292.23049927,,30.2,64.402,3.446,51.6722693652096
TUV,2008,4093.92473951632,,34.2,98.958630738777,99.0,93.0,0.971,82.5784281170616,319.3182373,,29.0,64.516,3.415,52.8338644492855
TUV,2009,3812.13929570827,,32.8,98.953383966919,88.0,90.0,1.143,83.0584767783353,349.2015686,,27.9,64.693,3.425,53.9728070033742
TUV,2010,3664.45034598789,,31.4,98.9467468568781,89.0,85.0,,83.5331982349857,490.41107178,39.1,26.7,64.834,3.442,55.0541326559964
TUV,2011,3879.3490996995,,30.2,98.9387256390915,96.0,98.0,,84.0026188953189,536.10473633,,25.7,64.96,3.463,56.0428770356731
TUV,2012,3715.60046956613,,29.0,98.929330064394,97.0,98.0,,84.4667679679391,499.21899414,,24.7,65.079,3.47,56.8964903305448
TUV,2013,3833.48955456181,,28.0,98.9186170640434,90.0,96.0,,84.9256140127628,484.58966064,,23.8,65.171,3.389,57.6314336806359
TUV,2014,3903.4345149878,103.576751117735,26.9,98.9067978780049,89.0,94.0,0.909,85.3791357361949,512.64215088,,23.0,65.278,3.33,58.2999596618832
TUV,2015,4277.7146690273,105.26706231454,26.0,98.8939303808876,96.0,94.0,,85.8275541717816,451.35287476,,22.2,65.365,3.308,58.9148502652344
TUV,2016,4495.57215692486,100.0,25.2,98.8800941799152,94.0,96.0,,86.2711177988143,697.99798584,,21.5,65.51,3.297,59.4744768348285
TUV,2017,4668.54376684727,,24.3,98.8653597782107,96.0,95.0,,86.7100762257543,1017.49633789,,20.8,65.683,3.301,59.9531274910912
TUV,2018,4785.23289965077,94.9784774780273,23.5,98.8497651952118,89.0,88.0,,87.1446773088525,819.41162109,,20.1,65.871,3.328,60.5596409590777
TUV,2019,5515.89953720794,96.4860907759883,22.7,98.8333705888805,92.0,96.0,,87.5751591368596,1138.82617188,,19.4,66.109,3.331,61.2406529218636
TUV,2020,5442.36321121293,102.034664657121,21.9,98.8162535576204,95.0,93.0,1.346,88.0017857400393,899.59460449,,18.7,66.357,3.309,61.9212610534937
TZA,2005,2253.09326171875,105.037376403809,92.2,35.4283532789457,90.0,91.0,,10.0407875300945,27.71374512,,62.3,57.675,5.579,24.7061884538741
TZA,2006,2334.1044921875,107.455772399902,86.7,36.9195071413939,90.0,93.0,,11.3955838103187,35.59762955,,58.9,58.512,5.511,25.3741033202009
TZA,2007,2423.61596679688,108.751991271973,81.3,38.4195983532873,83.0,90.0,,12.7548704063114,36.23610306,40.3,55.5,59.26,5.403,26.0720614791471
TZA,2008,2493.25927734375,109.176727294922,76.6,39.9290568171928,86.0,88.0,,14.1197491698762,36.26182556,,53.0,59.896,5.324,26.7851328989335
TZA,2009,2560.81103515625,103.463706970215,72.0,41.4454872812529,85.0,91.0,,15.4903054261921,33.9993782,,50.3,60.494,5.26,27.498387547781
TZA,2010,2654.80346679688,100.14820098877,68.2,42.9702242043012,91.0,92.0,,16.8680409613497,37.18493271,,48.3,61.127,5.225,28.1968953939105
TZA,2011,2779.70776367188,95.0884666333147,64.6,44.5013525843349,90.0,93.0,,18.2532282424589,37.75179672,37.8,46.4,61.618,5.141,28.865726405543
TZA,2012,2822.4853515625,91.9735025482608,61.7,46.0392257141693,92.0,97.0,0.031,19.6470733482155,41.99654007,,44.8,62.286,5.137,29.4878764597911
TZA,2013,2924.86328125,88.8300914467545,59.0,47.5819698290827,91.0,99.0,,21.049832968174,43.46931839,,43.5,62.788,5.156,30.0725108782502
TZA,2014,3027.56909179688,85.9364790514687,56.3,49.1277716374045,97.0,97.0,0.06,22.4616949820223,39.85456848,,42.1,63.364,5.122,30.6443077170742
TZA,2015,3111.44458007813,84.2207717895508,54.3,50.6761681803936,96.0,95.0,,23.8834363913571,33.27184296,,40.8,63.928,5.025,31.2061566592472
TZA,2016,3214.24682617188,85.2800976460579,52.0,52.2258564710625,92.0,83.0,,25.3153858621226,36.65267563,,39.3,64.404,5.006,31.7577303242916
TZA,2017,3318.28833007813,89.5967210005503,49.8,53.7768153446022,90.0,90.0,,26.7585271322434,39.03767014,,37.5,64.963,4.988,32.2987013317296
TZA,2018,3392.68872070313,94.9840282240997,47.6,55.3281861083023,89.0,88.0,0.05,28.2133927251419,41.27171326,40.5,35.9,65.488,4.932,32.8287423010834
TZA,2019,3484.63256835938,97.6456520812412,45.6,56.8787467857379,91.0,89.0,,29.6802357492442,39.97783661,,34.5,66.007,4.866,33.3475258518752
TZA,2020,3449.82153320313,98.5753622403869,43.8,58.4288709914851,91.0,87.0,,31.1602899873696,31.7036171,,33.2,66.771,4.801,33.8547246036273
UGA,2005,1765.03788457066,121.473258972168,106.5,32.9633010331223,64.0,68.0,0.12,16.6697698999299,25.86819267,42.9,67.3,54.926,6.525,13.7907239496723
UGA,2006,1898.97915280479,120.099899291992,99.2,34.3826242141433,64.0,75.0,,17.0595600245412,31.60310555,,63.0,56.118,6.429,14.5851520274647
UGA,2007,1999.0624896434,119.325012207031,92.5,35.824381726143,73.0,75.0,,17.4484827686049,36.10126495,,58.9,57.248,6.326,15.494298100139
UGA,2008,2110.10049271503,122.437309265137,86.4,37.2887308722368,71.0,70.0,,17.8367866196346,40.04308701,,55.3,58.253,6.202,16.5070641943955
UGA,2009,2188.29916246327,123.943656921387,81.2,38.7739967915564,79.0,77.0,,18.2241387733923,44.3670578,44.2,52.7,59.157,6.124,17.6123523369348
UGA,2010,2244.60595194584,121.312210083008,76.0,40.2802562427772,80.0,73.0,,18.6107811745522,51.88574982,,49.9,59.959,6.019,18.7990645544572
UGA,2011,2384.4653273154,113.871620178223,70.9,41.8062522892618,82.0,75.0,,18.9965285314938,55.2076683,,47.0,60.791,5.885,20.0561028736631
UGA,2012,2405.09455932767,113.70002746582,66.5,43.3515394345294,83.0,80.0,0.098,19.3814718588075,55.03918457,41.0,44.4,61.579,5.729,21.372369321253
UGA,2013,2420.88808087266,112.329948425293,62.8,44.9140772703055,84.0,83.0,,19.7651604775123,52.906353,,42.9,62.353,5.563,22.7367659239271
UGA,2014,2470.50380909598,,60.2,46.4945464801436,85.0,85.0,,20.1480923027985,50.957798,,41.6,63.057,5.408,24.1938503391826
UGA,2015,2520.0201028843,104.249229431152,57.9,48.0912598324733,89.0,79.0,0.097,20.5299518497404,40.09843445,,40.3,63.831,5.251,24.9777856560427
UGA,2016,2554.22769062073,106.540283203125,55.6,49.7026063632453,93.0,79.0,,20.9104342628765,39.08125305,42.8,39.1,64.494,5.112,25.6953567134098
UGA,2017,2543.84754394956,106.169578552246,54.0,51.32772813986,94.0,83.0,0.172,21.2895047336164,31.43818092,,38.1,65.174,4.987,26.4139260579546
UGA,2018,2613.87976413963,,52.7,52.9651082839112,93.0,86.0,,21.6668720905552,32.9515686,,37.3,65.775,4.867,27.1280475018884
UGA,2019,2689.41009144919,,51.6,54.6148662999288,93.0,87.0,,22.0428914452572,33.36559677,42.7,36.9,66.354,4.744,27.8369781799403
UGA,2020,2678.00907202293,,50.9,56.2751724073816,89.0,89.0,0.158,22.4171466106688,44.73381805,,36.6,66.41,4.621,28.5399752271502
UKR,2005,15610.5732421875,109.224052429199,14.5,97.3192965244118,96.0,96.0,2.974,95.1373679572065,114.63265228,29.0,14.1,67.517,1.221,67.8136046317755
UKR,2006,16901.5078125,103.984046936035,14.0,96.8423737285602,98.0,98.0,3.04,95.3185357936314,146.27377319,29.8,13.6,67.49,1.297,68.0293347798948
UKR,2007,18374.013671875,102.665367126465,13.4,96.3624898983504,98.0,97.0,3.043,95.4986097698596,183.18217468,27.0,13.1,67.715,1.343,68.2102322372037
UKR,2008,18883.986328125,101.713829040527,12.9,95.8796583793092,90.0,94.0,3.074,95.6776417950995,212.75292969,26.6,12.5,68.262,1.444,68.3752085755346
UKR,2009,16092.7958984375,100.661819458008,12.3,95.3939041570529,71.0,75.0,3.442,95.8555810343647,165.98542786,25.3,12.0,69.159,1.47,68.5251442249547
UKR,2010,16811.794921875,100.067630734888,11.7,94.9072076432708,52.0,56.0,3.433,96.0284615654647,199.49559021,24.8,11.4,70.188,1.436,68.637397133357
UKR,2011,17783.95703125,98.9314565375041,11.2,94.4191011377328,50.0,67.0,3.432,96.2008848286648,240.17747498,24.6,10.9,70.711,1.464,68.7234299826222
UKR,2012,17848.740234375,97.1419917645414,10.7,93.9295625796783,76.0,79.0,3.434,96.3728907161999,270.76205444,24.7,10.4,71.09,1.528,68.8241983107739
UKR,2013,17889.091796875,96.3140767527901,10.2,93.7584244839538,76.0,79.0,3.433,96.5444853667447,275.94143677,24.6,10.0,71.474,1.515,68.9326288082226
UKR,2014,16978.8125,95.4720427707137,9.8,93.2856866411736,23.0,56.0,2.936,96.7156593530627,208.94400024,24.0,9.6,71.803,1.466,69.0554339301313
UKR,2015,15403.7099609375,87.8509930688999,9.5,93.3187311569397,23.0,56.0,,96.8342062972295,154.75454712,25.5,9.2,72.686,1.387,69.1587317201337
UKR,2016,15856.8125,87.4091952779085,9.1,93.3513783452098,19.0,42.0,,96.9523458246156,154.5546875,25.0,8.9,73.389,1.391,69.2102241609089
UKR,2017,16310.3603515625,88.2140898931621,8.9,93.3837080756642,50.0,86.0,,97.0700543014006,183.69506836,26.0,8.7,73.993,1.3,69.2633108489282
UKR,2018,16978.984375,88.5728806539141,8.7,93.4145409496179,69.0,91.0,,97.1876990557354,217.73760986,26.1,8.5,73.569,1.233,69.3157992777909
UKR,2019,17636.5546875,90.6809653278847,8.5,93.443715883617,80.0,93.0,,97.3052193099168,242.81388855,26.6,8.3,73.92,1.218,69.3527648708735
UKR,2020,17092.5390625,91.1122134493007,8.4,93.4712072863379,81.0,85.0,,97.3954990991366,265.07846069,25.6,8.2,73.283,1.208,69.3839100516745
UMC,2005,9482.47316024402,107.47477722168,28.3,87.3358659607427,87.9161415654722,87.6813571817479,,70.4848617404003,137.569695710133,,22.9,72.2010061107617,1.96514068368637,51.7423161297359
UMC,2006,10156.8285798117,105.909767150879,26.7,87.9725832259382,90.4292177783787,91.2665465737311,,71.9621070287929,158.663651451135,,21.6,72.4525884801853,1.97260090384942,52.6895517708501
UMC,2007,10958.7142005081,107.400169372559,25.1,88.5831291863465,90.577991338764,90.7574446707225,,73.4266202661539,190.277731031518,,20.3,72.7823708143533,1.98109506128417,53.7167252843905
UMC,2008,11494.8903381638,107.420280456543,23.5,89.1852718809404,92.6562439925105,92.5219062247314,,74.8764136313015,228.68406642485,,19.1,72.9550753875567,1.99960778462188,54.5360631502368
UMC,2009,11694.2221159018,107.321228027344,22.1,89.7586581697519,93.5788961701604,93.317501433245,,76.3105474083184,242.770805000098,,18.0,73.3132971210626,1.99903448138198,55.488726088744
UMC,2010,12531.0895213844,106.521278381348,20.8,90.3069840134522,93.4212244929394,93.1966199494498,1.43544489431338,77.7271796894472,283.63425453225,,17.1,73.6577099377767,1.98199718364149,56.2137184956512
UMC,2011,13236.515304434,106.276870727539,19.7,90.8092674884773,93.5396751829963,93.8033274487774,,79.1159741634535,333.721637648579,,16.3,73.908118420453,1.97777462045305,57.7359743304905
UMC,2012,13822.3046874476,105.838310241699,18.6,91.2896912568247,94.2847209129236,93.9329974784193,,80.4789882009246,357.375412105536,,15.3,74.2134955628203,2.04234311139272,58.6426763194317
UMC,2013,14423.8295348435,106.157699584961,17.8,91.760678261558,92.8673913091492,93.8425517191054,,81.8259263974617,382.868625127928,,14.7,74.4566962922526,1.99351727566969,59.6718490416384
UMC,2014,14947.2403476526,103.306922912598,16.9,92.2114866674921,92.6023050148391,93.4539690753159,,83.1595898966508,396.977769740294,,13.9,74.6951643017581,2.0179457293646,60.6395790567361
UMC,2015,15424.5615868064,102.384979248047,16.2,92.6431815686294,92.1572344514414,93.7079421467241,,84.4733867902043,388.543990145725,,13.4,74.934843438781,1.95706150981547,61.717389175657
UMC,2016,15979.55362127,102.046279907227,15.5,93.057045912911,92.4269209737057,93.8860788331314,,85.7716544727076,386.088448013374,,12.8,75.0906548982392,1.97801275221903,62.6740874157133
UMC,2017,16662.4284387368,101.694801330566,14.7,93.3741560311941,92.3452142753151,92.7889537161861,,86.9288123748182,424.997040412608,,12.1,75.2402306964393,1.96727754787413,63.5572076005172
UMC,2018,17308.0850217702,101.506790161133,14.5,93.7979566542331,92.2853707183956,94.0471297274633,,88.2044078284895,443.758429496345,,12.0,75.5511819443353,1.82900421173295,64.4716330609836
UMC,2019,17882.2048457814,101.362678527832,14.1,94.1733013086422,91.2372525167373,92.5187604650928,,89.4319269019666,458.859585802992,,11.7,75.7442027654668,1.78889593346246,65.2798912322227
UMC,2020,17611.7434455076,101.335487365723,14.1,94.5269133338175,88.7511873502147,90.1385777360918,,90.640490659825,464.733731702839,,11.7,75.0593316548277,1.65169189995758,65.8795028368007
URY,2005,18811.3124755641,110.983726501465,14.4,97.5328552495879,96.0,95.0,,93.6843491795697,445.28201294,44.7,12.4,75.829,2.097,92.0812710048572
URY,2006,19560.0743506382,111.688217163086,13.6,97.7230375834935,95.0,94.0,,93.9897585152977,500.65515137,45.9,11.7,75.888,2.07,92.4845482788191
URY,2007,20803.885306175,111.181259155273,12.7,97.9057149846883,94.0,96.0,,94.2928439253095,578.34454346,46.4,10.9,76.15,2.048,92.9603688038713
URY,2008,22249.3750934425,110.917297363281,11.9,98.0813881282661,94.0,95.0,3.996,94.5937831802879,811.7020874,45.1,10.2,76.275,2.03,93.45975578621
URY,2009,23138.0733091496,110.820098876953,11.3,98.2501537538036,95.0,94.0,,94.8926045747565,826.05682373,45.5,9.7,76.67,2.018,93.9337324320314
URY,2010,24879.8256003219,109.976485423214,10.8,98.4126195447571,95.0,95.0,,95.1895101700608,1043.26000977,44.5,9.2,76.691,2.011,94.3333219475319
URY,2011,26099.3116487704,109.464016342435,10.4,98.5688827788453,95.0,95.0,,95.4845379432559,1244.93884277,42.2,8.9,76.614,1.987,94.6036824756941
URY,2012,26953.2709026389,108.71352566009,10.0,98.7111485515081,95.0,96.0,,95.7751867461269,1347.02868652,39.9,8.5,76.691,2.012,94.7606597546186
URY,2013,28119.4726887432,108.655161774964,9.7,98.8475729341286,95.0,96.0,,96.0641764624979,1516.80664063,40.5,8.2,76.953,2.034,94.8844735142936
URY,2014,28935.086486757,108.393033302718,9.3,98.9811512329588,95.0,96.0,,96.352485578308,1495.59777832,40.1,7.9,77.194,2.026,94.9897821210514
URY,2015,28941.6184540581,108.159318212376,8.9,99.1119536315353,95.0,96.0,,96.6401328300575,1424.8939209,40.1,7.5,77.285,2.041,95.0800002298303
URY,2016,29332.5561568815,108.082291663033,8.4,99.240133418196,95.0,95.0,4.008,96.9271658776364,1469.38964844,39.7,7.1,77.351,1.966,95.1585424955685
URY,2017,29762.4220666605,107.146529019901,8.0,99.3656002482881,93.0,96.0,5.01,97.2135571051318,1672.3314209,39.5,6.8,77.618,1.824,95.2288235732042
URY,2018,29757.9276055415,105.119927660277,7.7,99.4885272637331,91.0,97.0,,97.4993671618489,1713.26611328,39.7,6.5,77.527,1.681,95.2942581176758
URY,2019,30010.5628834294,104.354154032747,7.5,99.5545465859782,94.0,96.0,,97.784620083579,1692.50195313,39.7,6.2,77.503,1.567,95.3479309082031
URY,2020,27788.1749600196,105.236604559537,7.3,99.5703038278437,92.0,95.0,,98.0693333151527,1432.00463867,40.2,6.1,78.381,1.497,95.3997650146484
USA,2005,59612.3907215559,101.8740234375,8.0,98.8969723453507,96.0,92.0,,99.8713252821496,6428.60205078,41.3,6.8,77.4878048780488,2.057,80.1961581748464
USA,2006,60684.3399832539,,7.9,98.9038126009011,96.0,92.0,,99.8710519405417,6802.47509766,41.7,6.7,77.6878048780488,2.108,80.3713066436159
USA,2007,61314.4520816367,,7.7,98.9106080907842,96.0,92.0,,99.8707752095931,7153.73144531,41.1,6.6,77.9878048780488,2.12,80.5153172872016
USA,2008,60806.2238713713,,7.6,98.9173671062071,96.0,92.0,,99.8705039493181,7364.93847656,41.1,6.5,78.0390243902439,2.072,80.6219682896606
USA,2009,58722.496767251,,7.5,98.92408685212,95.0,90.0,,99.8702348006488,7614.82421875,40.9,6.4,78.390243902439,2.002,80.6850378350499
USA,2010,59797.0736545937,,7.3,99.0106474401103,95.0,92.0,,99.8705368602466,7836.08837891,40.2,6.2,78.5414634146342,1.931,80.6997744673366
USA,2011,60253.2035796719,,7.2,99.0963699785745,96.0,92.0,,99.8480037254906,8015.78076172,41.2,6.1,78.6414634146341,1.8945,80.6957554256024
USA,2012,61142.3637034265,,7.0,99.1811105889535,94.0,91.0,,99.8259022136233,8262.29296875,41.2,6.0,78.7414634146342,1.8805,80.6837493386238
USA,2013,61966.6621370894,99.455436706543,6.9,99.2648895869455,94.0,92.0,,99.8042412350329,8412.25195313,40.9,5.9,78.7414634146342,1.8575,80.660889281215
USA,2014,63026.8779187814,99.6733779907227,6.8,99.3476415086967,95.0,92.0,,99.7830418254313,8796.33886719,41.7,5.8,78.8414634146341,1.8625,80.6242231779766
USA,2015,64367.7188912582,100.299911499023,6.8,99.4293350987693,95.0,92.0,,99.7623251311093,9200.93164063,41.5,5.8,78.690243902439,1.8435,80.5707989535091
USA,2016,65025.9855980616,101.362861633301,6.7,99.509898178586,95.0,92.0,,99.7420835602062,9535.60058594,41.3,5.7,78.5390243902439,1.8205,80.4976645324131
USA,2017,66164.0320014289,101.821441650391,6.6,99.5893429085867,94.0,91.0,,99.7223530086904,9822.60644531,41.4,5.6,78.5390243902439,1.7655,80.4018678392891
USA,2018,67728.4424921024,101.256561279297,6.5,99.6675822614626,94.0,92.0,2.548,99.7031223122571,10180.48242188,41.8,5.6,78.6390243902439,1.7295,80.2804567987377
USA,2019,69121.4580016741,100.981300354004,6.5,99.7446316773149,94.0,90.0,3.482,99.6844358089122,10550.22070313,41.9,5.5,78.7878048780488,1.706,80.1304793353594
USA,2020,67406.8311325507,100.305793762207,6.5,99.8204204612721,93.0,91.0,3.518,99.6662725669219,11648.49511719,40.0,5.5,76.9804878048781,1.6415,79.997451762548
UZB,2005,4185.63947675734,96.85986328125,45.2,89.7235443851792,99.0,99.0,2.677,94.1508115621162,32.51261139,,41.4,67.481,2.438,51.0781236333777
UZB,2006,4439.90667205623,96.1964797973633,41.9,90.1922179828623,96.0,98.0,2.662,94.2961900036945,37.97257233,,38.5,67.905,2.461,51.4638817209862
UZB,2007,4792.8290951141,96.3551483154297,38.6,90.6561809339035,96.0,98.0,2.645,94.4383835544442,46.89629364,,35.7,68.483,2.573,51.7087010288873
UZB,2008,5145.99183378479,96.6052932739258,35.5,91.1153784744922,98.0,98.0,2.617,94.5773829040307,61.29156876,,32.9,69.035,2.635,51.7943572998047
UZB,2009,5471.82013683888,96.9954833984375,32.6,91.5696691723267,98.0,95.0,2.582,94.7131786514005,71.95819092,,30.2,69.517,2.559,51.6105041503906
UZB,2010,5794.98037704358,96.5092245610272,29.8,92.0192259978027,99.0,98.0,2.555,94.8458120621379,92.87456512,,27.8,69.836,2.442,51.3321647644043
UZB,2011,6170.84149747534,95.3840203093902,27.3,92.4356757645122,99.0,99.0,2.517,94.9701820730614,109.86156464,,25.5,70.143,2.354,51.3395500183105
UZB,2012,6525.4971525889,95.1214838175598,25.0,92.8244223164543,99.0,99.0,2.461,95.0891018078637,127.94210052,,23.4,70.411,2.337,51.3359680175781
UZB,2013,6932.93371228586,95.4464545934085,23.0,93.2160214919193,99.0,97.0,2.421,95.2086769326238,140.71011353,,21.6,70.692,2.445,51.1276969909668
UZB,2014,7344.44304405623,96.7769517984519,21.3,93.6104838496586,99.0,99.0,2.39,95.3289091117186,118.44307709,,20.0,70.973,2.546,50.8868713378906
UZB,2015,7792.23605983713,96.8469627244173,19.7,94.007820761431,99.0,99.0,2.363,95.4497993116875,132.60565186,,18.6,71.33,2.583,50.6597328186035
UZB,2016,8172.9216949615,97.6622984985898,18.4,94.4080443889354,99.0,99.0,2.298,95.5713512500574,129.82177734,,17.4,71.58,2.564,50.6572189331055
UZB,2017,8413.29975299494,98.0486526909282,17.3,94.8111572515512,99.0,99.0,2.27,95.6935576486234,93.4151535,,16.4,71.737,2.57,50.6787376403809
UZB,2018,8742.5491991216,98.2866521653154,16.4,95.2185733603862,98.0,96.0,2.329,95.8162707017891,82.53038788,,15.6,71.999,2.713,50.5814971923828
UZB,2019,9169.01147508351,98.2569298360836,15.7,95.6274388152752,96.0,98.0,2.322,95.9392204824787,98.6240387,,14.9,72.093,2.869,50.5920104980469
UZB,2020,9145.23119844239,98.615310525126,15.1,95.9578060001248,95.0,99.0,2.31,96.0621184881157,120.29019165,,14.4,71.461,3.062,50.7670402526855
VCT,2005,12320.0710011077,113.448951721191,22.8,96.2393271059169,99.0,97.0,,74.6608057101443,197.63206482,,19.8,70.454,2.068,45.4681221654846
VCT,2006,13233.4068930431,,22.8,96.3994046363042,99.0,99.0,,76.2797356313722,209.83639526,,19.9,70.434,2.033,45.5853616874371
VCT,2007,13732.3622591495,107.057403564453,22.7,96.5601560637543,99.0,99.0,,77.9089003654313,244.32910156,,19.9,70.446,2.063,45.7034351404912
VCT,2008,13850.3936790063,107.748870849609,22.4,96.7215983096393,99.0,99.0,,79.5483293300492,256.13983154,,19.7,70.611,2.15,45.8223405756329
VCT,2009,13723.7838252622,106.775047302246,22.0,96.8837370497035,99.0,99.0,,81.1977080162168,264.6159668,,19.4,70.712,2.174,45.9420760438477
VCT,2010,13175.7230154228,106.8388671875,21.4,97.0465791396489,99.0,99.0,0.655,82.8568333078063,281.91867065,,18.9,70.66,2.144,46.0626395961215
VCT,2011,13168.8964291743,102.390617370605,20.7,97.2101310501317,96.0,97.0,,84.5254997766492,276.15722656,,18.3,70.609,2.076,46.18402928344
VCT,2012,13397.9632982701,109.249149458027,19.9,97.3744027323459,96.0,94.0,0.938,86.2035023550135,298.78082275,,17.6,70.539,2.113,46.3063114823836
VCT,2013,13804.1837951887,110.921835520417,19.1,97.5393846955351,97.0,99.0,,87.8905519339678,300.01953125,,16.9,70.091,2.106,46.4319347036311
VCT,2014,14040.2460690452,112.041054739653,18.2,97.7051158263288,98.0,99.0,,89.586601063137,299.33129883,,16.2,70.355,2.141,46.5579930468544
VCT,2015,14508.8609465459,113.448802852776,17.4,97.7108598901837,99.0,99.0,,89.6149399647848,302.58422852,,15.5,70.463,2.133,46.6845638727475
VCT,2016,15197.7482513352,113.22846828262,16.6,97.716640114989,99.0,99.0,,89.6434827883976,313.66229248,,14.8,70.7,2.055,46.8116589511271
VCT,2017,15533.2212821544,113.04347826087,15.8,97.7224514289518,99.0,99.0,,89.6721678912107,337.89614868,,14.1,71.013,1.94,46.9392900518098
VCT,2018,16139.0661084965,115.120844603438,15.0,97.7283062747314,97.0,99.0,,89.7010629819102,358.53372192,,13.5,71.017,1.9,47.0674689446123
VCT,2019,16365.3255785124,113.97168732964,14.3,,97.0,99.0,,,372.05615234,,12.8,70.994,1.864,47.1962073993512
VCT,2020,15763.7054382539,115.484843112923,13.6,,97.0,99.0,,,406.3571167,,12.2,69.605,1.83,47.3255171858432
VEN,2005,,102.275398254395,18.5,96.3422236087065,87.0,76.0,,89.1256198268765,,49.3,15.3,73.075,2.629,88.638673298371
VEN,2006,,102.063499450684,17.9,96.1651287487491,71.0,82.0,,89.6709119534588,,44.7,14.8,72.972,2.595,88.6870816028803
VEN,2007,,103.891387939453,17.4,95.9880338887916,62.0,87.0,,90.2162040800412,,,14.5,73.348,2.524,88.7282308562487
VEN,2008,,101.032890319824,17.2,95.8109390288342,50.0,93.0,,90.7614962066235,,,14.4,72.578,2.475,88.7615723567652
VEN,2009,,101.235862731934,17.1,95.6338441688768,84.0,87.0,,91.3067883332061,,,14.4,72.785,2.422,88.7865574027187
VEN,2010,,100.685157775879,17.2,95.4567493089194,78.0,79.0,,91.8520804597885,,,14.5,73.092,2.396,88.8026372923982
VEN,2011,,100.664756774902,17.4,95.279654448962,78.0,86.0,,92.3973725863708,,,14.8,73.09,2.398,88.8079278904659
VEN,2012,,100.787887573242,17.6,95.1025595890046,81.0,87.0,,92.9426647129532,,,15.1,73.086,2.379,88.8401868543141
VEN,2013,,101.162292480469,17.9,94.9254647290471,82.0,85.0,,93.4879568395357,,,15.4,73.076,2.334,88.8786817039721
VEN,2014,,100.276649475098,18.3,94.7483698690897,78.0,89.0,,94.0332489661181,,,15.8,72.837,2.296,88.9163913525251
VEN,2015,,99.8761825561523,19.1,94.5712750091323,87.0,92.0,,94.5785410927004,,,16.5,73.004,2.253,88.9539804079292
VEN,2016,,97.506591796875,24.2,94.3941801491749,84.0,88.0,,95.1238332192828,,,21.2,72.002,2.217,88.9914428378712
VEN,2017,,95.0507202148438,24.2,94.2170852892175,66.0,96.0,1.664,95.6691253458652,,,21.2,71.903,2.183,89.0287726100378
VEN,2018,,,24.2,94.0399904292601,60.0,74.0,,96.2144174724477,164.68154907,,21.2,72.641,2.151,89.0659636921159
VEN,2019,,,24.2,93.8628955693026,64.0,93.0,,96.7597095990301,112.72974396,,21.2,72.766,2.131,89.1030100517924
VEN,2020,,,24.2,93.6858007093452,54.0,76.0,,96.9860648116858,153.21711731,,21.2,72.369,2.116,89.1399056567545
VGB,2005,,109.234832763672,15.9,97.2034246575344,,,,96.8155238492771,,,14.0,75.569,1.34,43.741214134139
VGB,2006,,108.500366210938,15.8,97.5835616438357,,,,96.8215889399056,,,13.9,75.745,1.234,44.2181116035727
VGB,2007,,112.366188049316,15.7,97.9636986301371,,,,96.8276540305341,,,13.9,75.893,1.312,44.7167266908574
VGB,2008,,,15.7,98.3438356164385,,,,96.8337191211627,,,14.0,76.07,1.272,45.2370503473687
VGB,2009,,112.275657653809,15.6,98.7239726027398,,,,96.8397842117912,,,14.0,76.205,1.23,45.7790735229619
VGB,2010,,111.455431754875,15.6,99.1041095890412,,,,96.8458493024197,,,14.0,76.289,1.183,46.3427871662626
VGB,2011,,108.731808731809,15.6,99.4842465753426,,,,96.8519143930482,,,14.1,76.363,1.268,46.9281822248936
VGB,2012,,104.872389791183,15.6,99.8643835616439,,,,96.8579794836767,,,14.1,76.433,1.103,47.5352496456526
VGB,2013,,101.782871696912,15.6,99.8643835616439,,,,96.8579794836767,,,14.1,76.472,1.086,48.1639803746541
VGB,2014,,97.7333730987176,15.6,99.8643835616439,,,,96.8579794836767,,,14.2,76.527,1.235,48.8143653574427
VGB,2015,,96.3834672789897,15.5,99.8643835616439,,,,96.8579794836767,,,14.1,76.558,1.186,49.4863955390847
VGB,2016,,91.9933277731443,15.2,99.8643835616439,,,,96.8579794836767,,,13.9,76.624,0.987,50.1800618642422
VGB,2017,,100.15019525383,14.9,99.8643835616439,,,,,,,13.6,75.67,0.873,50.8953552772346
VGB,2018,,78.5891858297079,14.6,99.8643835616439,,,,,,,13.4,76.728,0.905,51.6322667220883
VGB,2019,,85.2448853068816,14.2,99.8643835616439,,,,,,,13.0,76.845,0.941,52.3907871425786
VGB,2020,,86.852207293666,13.8,99.8643835616439,,,,,,,12.7,76.894,0.975,53.1709074822645
VIR,2005,57838.0977142823,,,98.7174653474566,,,,99.089409741491,,,,77.4219512195122,2.24,93.9100783822029
VIR,2006,59911.7224453162,,,98.7614779915338,,,,99.099378700016,,,,78.3243902439024,2.03,94.0875454279337
VIR,2007,62332.9445371347,,,98.805490635611,,,,99.109347658541,,,,76.8634146341463,2.51,94.2409825406024
VIR,2008,63057.6263123638,,,98.8495032796881,,,,99.119316617066,,,,77.1634146341463,2.44,94.3718227372483
VIR,2009,58895.3056899496,,,98.8935159237653,,,,99.129285575591,,,,77.5146341463415,2.37,94.4814990349105
VIR,2010,59272.2456856343,,,98.9375285678425,,,,99.1392545341161,,,,77.8658536585366,2.3,94.5724392667003
VIR,2011,54443.0686942498,,,98.9815412119196,,,,99.1492234926411,,,,78.3170731707317,2.16,94.6553578863453
VIR,2012,46422.4151236223,,,99.0255538559968,,,,99.1591924511661,,,,78.5170731707317,2.06,94.7353591077883
VIR,2013,43563.8864931407,,,99.069566500074,,,,99.1691614096911,,,,78.7170731707317,2.08,94.8105958193224
VIR,2014,42853.8986599185,,,99.1135791441512,,,,99.1791303682161,,,,78.8682926829268,2.09,94.8797070702488
VIR,2015,42739.0835022993,,,99.1575917882283,,,,99.1890993267411,,,,79.0170731707317,2.11,94.9413319098685
VIR,2016,43502.4336941564,,,99.2016044323055,,,,99.1990682852662,,,,79.1682926829268,2.09,94.9941093874829
VIR,2017,43277.1546523522,,,99.2456170763827,,,,99.2090372437912,,,,79.3682926829268,2.08,95.0366785523929
VIR,2018,44205.4071324394,,,99.2896297204598,,,,99.2190062023162,,,,79.5195121951219,2.06,95.0676784538999
VIR,2019,45632.6364715693,,,99.333642364537,,,,99.2289751608412,,,,79.6682926829268,2.05,95.0857481413049
VIR,2020,45055.7829303523,,,99.3776550086142,,,,99.2389441193662,,,,79.819512195122,2.03,95.0974024521293
VNM,2005,5776.36304451268,104.89729309082,25.4,84.7504123379551,95.0,95.0,0.635,58.966321324654,38.96974945,,18.5,73.198,1.887,27.4285898187702
VNM,2006,6098.24495436514,103.91251373291,24.8,85.5499500318679,94.0,93.0,0.643,61.0003176611455,46.86905289,35.8,18.0,73.293,1.873,28.0458290558422
VNM,2007,6418.54381402878,102.282257080078,24.3,86.3421129091112,92.0,83.0,0.655,63.0278584517406,54.40701294,,17.6,73.385,1.911,28.6456370509099
VNM,2008,6659.13561432065,100.98104095459,23.8,87.1265536349234,93.0,92.0,0.673,65.0481671536166,64.433815,35.6,17.3,73.455,1.933,29.2198330128693
VNM,2009,6914.33863589545,100.057693481445,23.4,87.9033221889861,96.0,97.0,0.703,67.0613483120441,69.82720184,,17.0,73.525,1.92,29.7581347355675
VNM,2010,7274.73310698016,100.919677734375,23.1,88.6734023519778,93.0,98.0,0.714,69.0697259411946,85.36088562,39.3,16.7,73.611,1.906,30.2504027258526
VNM,2011,7652.61895672271,101.384051611447,22.8,89.4349602173231,95.0,96.0,,71.0691084361626,97.05238342,,16.4,73.713,1.927,30.6996041680996
VNM,2012,7979.86828926858,102.054953695526,22.5,90.1878966419353,97.0,96.0,0.824,73.0592696760739,109.29483795,35.6,16.2,73.762,1.967,31.1222779403029
VNM,2013,8324.19871250047,102.262367182756,22.3,90.9316441418206,59.0,98.0,,75.0388383321338,104.10972595,,16.0,73.821,1.98,31.5334201724543
VNM,2014,8751.88280634375,103.083557760139,22.0,91.6663943913083,95.0,97.0,0.783,77.008286684504,119.44549561,34.8,15.7,73.886,2.09,31.9480269945454
VNM,2015,9248.02396069622,103.278372065069,21.6,92.3918615614749,97.0,97.0,0.795,78.9669212576084,121.43981171,,15.5,73.955,2.1,32.3810945365679
VNM,2016,9743.1882231455,105.947597481197,21.3,93.1077859229268,96.0,99.0,0.825,80.9140981082283,133.1960144,35.3,15.2,73.984,2.0,32.8476189285136
VNM,2017,10290.5487142244,104.437659436385,20.9,93.8136963360805,94.0,97.0,,82.8485783033642,147.51425171,,14.9,74.026,1.985,33.3625963003742
VNM,2018,10936.8937859558,104.190504718464,20.5,94.8327946840432,75.0,97.0,0.881,84.7702960974693,161.97871399,35.7,14.5,74.1,1.88,33.9410227821412
VNM,2019,11628.6139147451,103.337272102979,20.0,95.6342556825242,89.0,95.0,0.99,86.6789932516384,171.15296936,,14.1,74.211,1.943,34.6239134999511
VNM,2020,11851.3965685649,102.847744602601,19.5,96.2941639364055,94.0,97.0,0.856,88.5744092568809,153.10160828,36.8,13.7,75.383,1.957,35.5706676299742
VUT,2005,3517.84619857461,117.433708190918,24.5,85.7460412564871,68.0,54.0,,54.6248564154339,61.93361664,,19.9,69.166,4.133,23.0020186653551
VUT,2006,3724.24741699945,112.991249084473,24.1,85.8467063690572,68.0,53.0,,54.315607363214,67.60163116,,19.5,69.126,4.1,23.2888338847199
VUT,2007,3738.66656241804,114.875457763672,23.5,85.9465127885309,70.0,56.0,0.118,54.001715264459,72.5284729,,19.1,69.144,4.117,23.5955155378332
VUT,2008,3850.27902468628,116.41520690918,22.7,86.0456045932054,73.0,62.0,0.115,53.6833095586201,81.72294617,,18.5,69.302,4.159,23.9280261965467
VUT,2009,3867.75799280135,115.380256652832,21.9,86.1439821313049,75.0,65.0,,53.3603409473561,82.80382538,,17.9,69.422,4.157,24.2861753285463
VUT,2010,3825.75653571613,122.730741733738,21.1,86.2227390856151,77.0,71.0,,53.0140862870426,99.27418518,37.4,17.3,69.57,4.126,24.742504119873
VUT,2011,3861.18223002309,,20.3,86.2892357957447,79.0,75.0,,52.6540863123359,113.80240631,,16.7,69.729,4.093,24.7861634049013
VUT,2012,3815.41895246816,,19.7,86.3550557716608,82.0,80.0,0.185,52.2923051836702,118.27751923,,16.2,69.898,4.059,24.8183551383933
VUT,2013,3748.76509025679,123.926397496944,19.2,86.4200452584369,84.0,84.0,,51.9285986324004,130.88458252,,15.8,69.986,4.039,24.8407362750263
VUT,2014,3779.64941165998,,18.8,86.4842118882778,86.0,90.0,,51.5629765041894,108.2263031,,15.5,70.043,3.999,24.8549637694775
VUT,2015,3825.81231400229,121.881393432617,18.6,86.547558622675,80.0,76.0,,51.1954457861803,118.71543121,,15.4,70.163,3.952,24.8626945764242
VUT,2016,3877.08354643548,,18.4,86.6102249410462,81.0,84.0,0.169,50.826109673151,88.35998535,,15.3,70.397,3.915,24.8654875642873
VUT,2017,3947.67824193203,,18.3,86.6720700625573,85.0,80.0,,50.4548604763526,91.04128265,,15.2,70.5,3.875,24.7644441456437
VUT,2018,3951.18453122592,,18.2,86.734509639606,85.0,75.0,0.137,50.0825530456951,110.32492065,,15.2,70.626,3.834,24.2729727045038
VUT,2019,3986.65620021472,125.506535236654,18.1,86.7973816608414,90.0,80.0,0.164,49.7088902543103,112.13746643,32.3,15.1,70.783,3.79,23.5024668917075
VUT,2020,3671.97390565303,125.124809265137,18.1,86.8609488493879,78.0,78.0,,49.3338166328635,125.41011047,,15.1,70.385,3.738,22.4186852094794
WLD,2005,14377.2053638343,101.717559814453,62.3,83.8672856872975,77.2658510295097,77.0800677875313,,60.7233581314791,679.51552648078,,44.1,69.111445965915,2.61063566555694,49.35871452652
WLD,2006,14934.6932991325,101.727363586426,59.6,84.3291153695002,78.4470662402932,78.7893538551751,,61.897880633073,720.36392283676,,42.3,69.4690022328376,2.60618428563813,49.872262926861
WLD,2007,15519.537511648,102.686042785645,57.0,84.785318859025,78.4443219702693,79.1925075260545,,63.0946290710721,788.525890688642,,40.7,69.8049778312625,2.60188953647097,50.4154664586044
WLD,2008,15756.1973918277,102.902557373047,54.7,85.2488288935806,81.060247787498,80.8211188037885,,64.2969449309831,853.654200676634,,39.2,70.0043236169628,2.6032902976037,50.8801432860982
WLD,2009,15456.5925081159,102.711402893066,52.9,85.6946459370797,83.1140066021536,83.2360060131054,,65.4897402919594,863.261218165917,,38.0,70.3803491247646,2.59293969063906,51.373746374335
WLD,2010,16050.8528459331,102.512619018555,50.6,86.1298911134617,83.6605290817133,83.9337016525259,1.49084091687656,66.6775516024445,899.870938625946,,36.7,70.6826307784169,2.56806295639158,51.7598125029111
WLD,2011,16478.6508721961,102.36930847168,49.5,86.4815781966157,84.7615373585654,84.5020475216327,,67.7661154842465,973.884436496644,,35.9,70.9688028224075,2.54795028857098,52.4582964061998
WLD,2012,16785.0538810187,102.895118713379,46.7,86.8947887216694,84.026303372746,83.8541484358614,,68.9488957612539,982.124707347714,,34.0,71.2645542969028,2.56439076813143,52.9178673657727
WLD,2013,17121.7231789375,102.981788635254,45.1,87.305885318641,83.6584806788247,83.9645938560439,,70.235083266262,992.544064432825,,33.1,71.5334887297047,2.52495193294996,53.4334012321388
WLD,2014,17502.7804590175,101.604377746582,43.9,87.7129764573807,84.6611954111928,84.2894028297708,,71.4191226150168,1016.28242446794,,32.1,71.7763867362613,2.51748806294983,53.9090710066533
WLD,2015,17870.9797405245,100.999900817871,42.9,88.1180822369349,84.8338185916175,84.7035474004182,,72.6070453772837,974.714283707483,,31.5,71.9656376386893,2.48997747856752,54.4258474649377
WLD,2016,18234.0187668301,102.124237060547,41.7,88.5167792514439,85.9144026093343,85.0504824537262,,73.7893936227934,991.779310632074,,30.6,72.1858228976022,2.49135943401982,54.894926437495
WLD,2017,18714.5736777743,101.750663757324,40.9,88.8650712752191,85.9199177274456,85.3286349115481,,74.8671659237016,1028.42157826006,,30.0,72.3662967648278,2.45979892941325,55.319833918472
WLD,2018,19189.4922263446,99.1445083618164,40.0,89.264869533271,86.5663837778506,86.4182630554377,,76.0286037232375,1067.41927020965,,29.6,72.6442408544831,2.39173713136161,55.7520777819135
WLD,2019,19551.0853720052,99.1449432373047,39.6,89.6459232693766,86.7603989404926,86.2337649204771,,77.1682121091812,1084.6050485617,,29.2,72.869911203356,2.3531996413595,56.1409825640469
WLD,2020,18812.4921846351,99.6324920654297,39.2,90.018446513379,83.5467575655038,83.8802785408766,,78.2771492643407,1159.69675152588,,29.1,72.1832040176208,2.27622975637706,56.4441759386598
WSM,2005,5915.6475736791,102.360328674316,19.0,87.4968982222586,59.0,57.0,0.267,92.2057450024926,121.24176788,,15.0,71.487,4.322,21.2352904191687
WSM,2006,6018.2480546697,102.457702636719,19.0,87.7333448331469,50.0,54.0,,92.4608198651495,133.41867065,,15.0,71.62,4.322,20.9567957063672
WSM,2007,6014.046762066,103.185127258301,19.0,87.9688973034704,65.0,63.0,,92.7164186931518,147.84771729,,15.1,71.605,4.358,20.6944481303605
WSM,2008,6183.55546849942,,19.0,88.203619647933,39.0,44.0,0.447,92.9725367356222,156.89399719,42.0,15.1,71.531,4.417,20.4038457706991
WSM,2009,6104.90962936041,102.942909240723,25.3,88.4375945793653,64.0,45.0,,93.2291209433411,172.45288086,,17.4,69.486,4.466,20.1045321482817
WSM,2010,6428.13508590333,107.650732168777,19.1,88.6708392965086,78.0,56.0,0.332,93.4861794457482,185.43850708,,15.2,71.451,4.52,19.8302101862085
WSM,2011,6617.61889509588,104.303479903574,19.0,88.903392297442,82.0,59.0,,93.7437084843245,211.88684082,,15.2,71.393,4.56,19.6174273708146
WSM,2012,6312.76944621145,104.036920795239,18.8,89.1355150319512,82.0,76.0,,94.0015585083901,197.01564026,,15.1,71.159,4.545,19.478718368689
WSM,2013,6263.12610411359,,18.7,90.0360750251158,84.0,92.0,0.464,94.2598072441115,247.41108704,38.7,15.0,71.229,4.491,19.3865949620667
WSM,2014,6248.70534550413,106.647163211452,18.5,90.9382375010808,78.0,85.0,,94.5185492730746,252.30943298,,14.9,71.142,4.423,19.3126679480432
WSM,2015,6433.1839621351,107.081187816349,18.3,91.8420321668066,80.0,75.0,,94.7777698879904,232.50479126,,14.8,71.06,4.344,19.2340105383551
WSM,2016,6888.18769751001,107.318115040963,18.1,92.7474260962852,74.0,75.0,0.329,95.0374675364972,238.35044861,,14.6,71.003,4.262,19.126462366749
WSM,2017,6919.90225366914,106.410464540724,17.8,93.6544245395326,67.0,67.0,,95.2976717259871,220.82336426,,14.5,70.991,4.196,18.9657191879831
WSM,2018,6805.91709392797,103.775300035196,17.5,94.5630996694418,44.0,40.0,,95.5585181223598,200.40919495,,14.2,71.052,4.136,18.7241267935467
WSM,2019,7034.42233036815,103.104626360701,20.0,95.4736980021055,68.0,96.0,0.558,95.8200173728915,242.91064453,,14.9,70.269,4.061,18.4147344481283
WSM,2020,6746.15667963109,101.994834813153,16.7,96.3864371758172,89.0,66.0,0.562,96.0821241161349,252.77748108,,13.6,70.727,4.002,18.0516608994722
XKX,2005,,,30.6,,,,,,,31.2,27.8,73.437,2.623,37.627884150598
XKX,2006,,,28.0,,,,,,,30.3,25.4,73.63,2.494,37.6697481182649
XKX,2007,,,25.7,,,,,,,,23.4,74.422,2.393,37.7193962866165
XKX,2008,7098.40301909042,,23.6,,,,,,,,21.5,74.711,2.359,37.7783181358957
XKX,2009,7481.45889832785,,21.7,,,,,,,31.8,19.8,74.79,2.317,37.8480031463455
XKX,2010,7877.10199850556,,20.1,,,,,,,33.3,18.3,74.609,2.223,37.929940798209
XKX,2011,8359.93621479336,,18.7,,,,,,,27.8,17.0,75.323,2.038,38.0255184272137
XKX,2012,8431.66232694657,,17.4,,,,,,,29.0,15.9,75.75,1.969,38.2296959226488
XKX,2013,8828.27683251638,,16.3,,,,,,,26.3,14.8,76.336,1.953,38.6251749487938
XKX,2014,9150.74997293883,,15.2,,,,,,,27.3,13.9,76.179,1.87,39.1938922761744
XKX,2015,9824.99105955319,,14.3,,,,,,,26.5,13.1,76.024,1.763,39.917681154075
XKX,2016,10434.8888259268,,13.4,,,,,,,26.7,12.3,76.748,1.641,40.7783748317802
XKX,2017,10856.2902074239,,12.6,,,,,,,44.2,11.5,77.105,1.618,41.7578065585746
XKX,2018,11188.2244627966,,11.9,,,,,,,44.6,10.8,77.117,1.581,42.8378095837429
XKX,2019,11774.1178510908,,11.2,,,,,,,40.2,10.2,77.249,1.575,44.0002171565695
XKX,2020,11137.5028560404,,10.5,,,,,,,57.4,9.6,74.212,1.567,45.2268625263391
YEM,2005,,79.4165573120117,70.6,44.0403246300673,79.0,73.0,,46.737084522042,38.27000809,34.7,58.8,65.356,5.563,28.8523786558834
YEM,2006,,,66.9,45.5579291881896,78.0,65.0,,47.6441864752994,44.81512451,,55.9,65.8,5.412,29.2379493450977
YEM,2007,,,63.4,47.0920975832171,79.0,71.0,,48.5478342567652,51.83703613,,53.2,66.23,5.261,29.6091538946366
YEM,2008,,77.9195938110352,60.2,48.6422261965066,78.0,69.0,0.275,49.4478001068261,61.74676514,,50.8,66.609,5.113,29.9646637170333
YEM,2009,,,57.5,50.2076979867372,76.0,65.0,0.275,50.3438521211975,58.02085114,,48.6,66.905,5.004,30.3031502248211
YEM,2010,,77.8557586669922,55.0,51.787883376695,76.0,68.0,,51.235755853278,59.60072327,,46.7,67.223,4.81,30.6232848305331
YEM,2011,,80.8095016479492,53.1,53.3817845403545,69.0,66.0,,52.1227789441392,56.58930588,,45.2,67.412,4.63,30.9237389467026
YEM,2012,,79.963249206543,51.6,54.9887784253918,67.0,63.0,,53.0047122525844,64.67756653,,44.0,67.569,4.633,31.2031839858628
YEM,2013,,82.0730895996094,49.6,56.6085662979194,71.0,68.0,,53.8818214244113,68.39746857,,42.6,67.961,4.623,31.4427187944215
YEM,2014,,,48.7,58.2398155721422,70.0,64.0,0.27,54.7529231819499,83.48936462,36.7,41.8,68.003,4.62,31.8626162180918
YEM,2015,,,49.3,59.8822273662307,63.0,61.0,,55.6182996414083,88.40743256,,41.6,66.761,4.617,32.3883178702702
YEM,2016,,76.9753799438477,47.9,61.5348134587161,63.0,62.0,,56.4772672906306,75.22454071,,40.7,67.105,4.613,32.9512008005236
YEM,2017,,,47.5,63.1969435270972,59.0,56.0,,57.3296474501288,87.29970551,,40.1,67.12,4.61,33.5586912522175
YEM,2018,,,47.3,64.8676643206495,54.0,53.0,,58.1748003487901,143.68727112,,39.7,65.915,4.607,34.2106045810864
YEM,2019,,,46.1,66.54663625928,60.0,54.0,,59.0129962088495,80.94759369,,39.0,66.567,4.603,34.9067561732024
YEM,2020,,,43.4,68.2329200343338,57.0,53.0,0.176,59.8436190728003,65.17704773,,37.6,66.435,4.6,35.7025604580302
ZAF,2005,12861.5633089114,97.5326766967773,79.8,88.4775318362901,81.0,64.0,,64.3920939153514,400.5355835,65.0,47.7,53.914,2.512,59.8241758378997
ZAF,2006,13444.2332126058,98.6235504150391,76.9,88.9593651216847,84.0,69.0,,65.1530628772458,417.91174316,,46.0,54.22,2.548,60.5276465215157
ZAF,2007,14016.2444716386,101.155158996582,71.2,89.4320344752116,85.0,68.0,0.679,65.9061304060194,455.17498779,,44.0,54.948,2.545,61.1840533154988
ZAF,2008,14297.6887802632,102.36882019043,63.7,89.895824706748,82.0,73.0,0.679,66.6513463502515,442.10626221,62.5,41.0,55.982,2.679,61.7692983894896
ZAF,2009,13910.7017093394,102.598709106445,56.9,90.3498541806487,81.0,77.0,0.69,67.3878839823923,487.62774658,,38.2,57.413,2.501,62.2592839131287
ZAF,2010,14164.9958363115,103.439766353826,50.3,90.7948993263466,77.0,72.0,0.705,68.1161861329021,621.41906738,60.9,36.0,58.886,2.445,62.6299120560569
ZAF,2011,14434.2611456048,104.046046582293,45.6,91.2307992186561,75.0,77.0,0.709,68.8359875393952,686.87243652,,34.5,60.602,2.436,62.850627754452
ZAF,2012,14563.7624041032,104.707209964618,43.1,91.6578231075925,71.0,79.0,0.715,69.5473276761195,646.49920654,,33.3,61.737,2.447,62.9616560303263
ZAF,2013,14681.096638957,104.091085183075,41.4,92.0754416048639,81.0,78.0,0.729,70.2497373907273,593.80157471,,32.1,62.388,2.428,63.0524024097034
ZAF,2014,14643.3384782936,104.198023633162,39.7,92.4843371456174,85.0,84.0,0.74,70.9435261806792,539.30780029,59.6,30.7,63.184,2.424,63.1352327065742
ZAF,2015,14541.6748613669,107.31211891045,38.2,92.2766813341795,85.0,86.0,0.763,71.6284763129344,491.90652466,,29.3,64.053,2.359,63.2096349937231
ZAF,2016,14501.2807823402,103.418217474354,36.8,92.0633898282653,85.0,84.0,0.753,72.3045193020221,456.56936646,,28.0,64.749,2.261,63.2750973439347
ZAF,2017,14573.5980840004,101.580084478322,35.7,91.844654961916,84.0,81.0,0.775,72.9715054204693,527.52026367,,26.8,65.422,2.283,63.3311078299936
ZAF,2018,14553.5615668957,100.424313489355,34.9,91.6208678269317,82.0,81.0,0.742,73.6294078282668,558.80145264,,25.8,65.726,2.27,63.3771545246841
ZAF,2019,14352.6698709871,101.120463910543,34.3,91.3923995625225,85.0,83.0,0.779,74.2781920666219,538.80438232,,25.1,66.071,2.264,63.4127255007908
ZAF,2020,13250.5666594456,101.300342707463,33.9,91.1598368082793,84.0,84.0,,74.917857781457,503.46759033,,24.5,65.15,2.257,63.4373088310982
ZMB,2005,2564.47560965912,113.556289672852,102.7,52.2193583121082,82.0,85.0,0.055,24.5900224977226,44.99598694,,60.2,51.615,5.697,37.2969823813059
ZMB,2006,2673.46151928529,114.722457885742,94.8,53.4162602894897,81.0,85.0,0.054,25.3042918374618,58.68175507,54.6,56.4,52.693,5.679,37.8392213204204
ZMB,2007,2796.3529332184,115.843597412109,89.1,54.6025079939217,80.0,93.0,,26.0121310175446,51.02414322,,54.3,53.73,5.613,38.4034874343601
ZMB,2008,2908.14362510668,117.088676452637,84.2,55.7790386634547,87.0,87.0,0.061,26.7137426857946,61.82287216,,52.1,54.835,5.53,38.9629632271162
ZMB,2009,3065.84420108998,110.933853149414,78.4,56.943932113866,94.0,90.0,0.059,27.4075582632773,59.38909531,,50.2,55.886,5.453,39.4908312026796
ZMB,2010,3266.50749293828,109.873668045679,74.3,58.0990602531588,83.0,96.0,0.06,28.094335855896,59.98767853,52.0,48.6,56.896,5.359,39.9558857709992
ZMB,2011,3335.64339500657,111.4007333775,71.8,59.2434638607951,81.0,83.0,,28.7731031923329,64.3181076,,47.4,57.843,5.256,40.3684491825881
ZMB,2012,3474.55252844092,111.618507192772,69.2,60.3793166829556,78.0,82.0,,29.4446855204494,69.17604828,,46.1,58.704,5.136,40.7698556821596
ZMB,2013,3535.22449043144,105.88755640154,66.0,61.5068944546716,79.0,80.0,,30.1087309769234,83.29361725,,44.5,59.445,5.014,41.1682266235825
ZMB,2014,3585.57748507131,107.06889082465,62.6,62.6251910477069,86.0,85.0,,30.7641759274322,65.39261627,,43.0,60.109,4.89,41.5634741658525
ZMB,2015,3576.92544834125,103.413818253854,60.2,63.73489906676,90.0,90.0,,31.4108659962422,57.38765335,55.8,42.4,60.728,4.775,41.9555104679652
ZMB,2016,3598.17166023389,99.5715577511118,57.1,64.8350544845437,95.0,97.0,0.09,32.0477720583314,55.39532089,,40.6,61.129,4.669,42.3442476889162
ZMB,2017,3612.50597664593,98.7950035279193,55.2,65.9259259812071,94.0,96.0,,32.674491350081,70.93283844,,38.8,61.564,4.567,42.7295979877011
ZMB,2018,3646.95966481655,,54.7,67.0073710429066,90.0,94.0,0.224,33.2903966380539,69.82767487,,37.7,62.138,4.492,43.1114735233156
ZMB,2019,3591.56418883108,,53.5,68.0788852086192,88.0,93.0,0.237,33.8947045843208,85.02349854,,36.1,62.914,4.418,43.4897864547552
ZMB,2020,3391.59541156095,,52.5,69.1403580014109,84.0,96.0,0.253,34.4868129715486,60.01779938,,35.7,63.361,4.323,43.8644489410157
ZWE,2005,4004.68178301248,,91.6,68.0898216410004,68.0,67.0,0.121,44.2555884952354,,,64.5,46.57,3.693,32.6482709722903
ZWE,2006,3819.24997116607,,87.6,68.0173816965522,70.0,68.0,,43.6313729086374,,,65.9,47.056,3.635,32.6640794641194
ZWE,2007,3631.55334530411,,90.6,67.943621136193,73.0,69.0,0.0544,43.0093163519356,,,68.8,47.576,3.677,32.67762208489
ZWE,2008,2954.11211916469,,91.1,67.8681221478377,75.0,70.0,0.0596,42.3891736287953,,,69.8,48.456,3.783,32.6912786206175
ZWE,2009,3299.42808702922,,89.8,67.7912667588109,73.0,76.0,0.115,41.771197354799,,,69.8,49.75,3.95,32.7074288573175
ZWE,2010,3885.41061373756,,85.2,67.7126398227238,89.0,90.0,0.121,41.1551654585239,94.44809723,,67.4,51.925,4.04,32.7284525810054
ZWE,2011,4358.94470674386,,77.2,67.6326265386138,93.0,92.0,0.078,40.5413099103148,83.82868195,43.2,64.2,53.911,4.126,32.7567295776968
ZWE,2012,5003.50873397069,100.09812912727,68.0,67.550802949421,95.0,97.0,0.077,39.929425197268,85.69155121,,58.8,55.386,4.134,32.7931752128328
ZWE,2013,5031.70923825425,99.1726387639853,62.6,67.4675567678249,95.0,93.0,0.08,39.3197220289687,96.86148834,,56.6,56.842,4.111,32.9019343169941
ZWE,2014,5081.13441232186,98.2478143871674,59.8,67.3943560141551,91.0,92.0,0.119,38.7170842481052,111.61201477,,54.7,58.106,4.011,33.1628075970801
ZWE,2015,5102.73642537223,97.2290747819179,59.2,67.3315481450838,87.0,86.0,0.174,38.1206484665361,103.31652832,,54.7,58.989,3.911,33.5612641766874
ZWE,2016,5070.42413209981,95.7340946958404,57.5,67.2786727528728,90.0,95.0,0.172,37.5291927779865,102.15909576,,54.3,59.76,3.828,34.0799460726314
ZWE,2017,5234.4065377844,94.3341728822186,56.7,67.2356795993569,89.0,90.0,0.179,36.9416715486173,91.87199402,44.3,54.2,60.263,3.768,34.7014953017273
ZWE,2018,5415.49322028193,93.755201992062,56.3,67.2029312965769,89.0,88.0,0.201,36.3571595127659,114.76815033,,54.4,60.906,3.744,35.4085538807905
ZWE,2019,4993.86546928208,93.4270967154238,58.6,67.1795926488522,90.0,85.0,0.123,35.7743353702206,55.10725403,50.3,55.8,61.06,3.748,36.1837638266364
ZWE,2020,4527.73949219254,93.6125855639325,61.7,67.1664236498224,86.0,85.0,0.128,35.1923620543494,51.14250565,,57.8,61.53,3.754,37.0097671560802
