country_name,year,life_ladder,whr_log_gdp_pc,social_support,healthy_life_expectancy,freedom,generosity,corruption_perception,positive_affect,negative_affect
Jordan,2008,4.93,9.343,0.7659999999999999,64.22,,-0.127,0.7090000000000001,0.669,0.331
Estonia,2013,5.367000000000001,10.299,0.901,67.48,0.754,-0.201,0.726,0.7020000000000001,0.1989999999999999
Sweden,2018,7.375,10.880999999999998,0.931,72.6,0.942,0.077,0.263,0.823,0.161
Tajikistan,2006,4.613,7.553999999999999,0.7240000000000001,60.64,0.7020000000000001,-0.088,0.768,0.5660000000000001,0.195
Kuwait,2014,6.18,10.945,,65.8,,,,,
Zambia,2012,5.013,8.113999999999999,0.78,51.58,0.7879999999999999,0.008,0.8059999999999999,0.726,0.25
Trinidad and Tobago,2008,6.696000000000001,10.295,0.858,62.08,0.838,0.087,0.959,0.8170000000000001,0.184
Vietnam,2011,5.767,8.585,0.898,66.66,0.818,0.105,0.742,0.532,0.193
Costa Rica,2008,6.851,9.662,0.916,69.82,0.912,0.096,0.816,0.8440000000000001,0.233
Estonia,2017,5.938,10.429,0.936,68.4,0.862,-0.1009999999999999,0.6679999999999999,0.805,0.16
Bolivia,2020,5.559,8.998,0.805,64.2,0.877,-0.054,0.868,0.79,0.382
Kazakhstan,2019,6.272,10.179,0.951,65.2,0.852,-0.055,0.708,0.787,0.139
Iran,2012,4.609,9.458,0.6,64.38,0.764,,0.6779999999999999,0.609,0.525
Laos,2012,4.876,8.611,0.693,56.6,,0.2319999999999999,,0.917,0.387
Turkmenistan,2011,5.792000000000001,9.182,0.964,60.04,,0.018,,0.639,0.122
Germany,2007,6.417000000000001,10.759,0.926,70.48,0.8009999999999999,0.1669999999999999,0.792,0.732,0.231
Poland,2014,5.75,10.197,0.924,67.94,0.875,-0.064,0.898,0.777,0.223
Belarus,2014,5.812,9.856,0.88,64.62,0.647,-0.048,0.682,0.619,0.209
Afghanistan,2010,4.758,7.647,0.539,51.6,0.6,0.121,0.7070000000000001,0.618,0.275
Hungary,2009,4.895,10.097,0.901,65.4,0.4639999999999999,-0.125,0.915,0.664,0.228
United Kingdom,2007,6.8020000000000005,10.699000000000002,0.97,70.46,0.838,0.336,0.498,0.782,0.241
Serbia,2019,6.2410000000000005,9.808,0.903,68.6,0.753,-0.04,0.813,0.509,0.242
Chile,2018,6.436,10.097,0.89,69.9,0.789,-0.06,0.816,0.833,0.276
Israel,2014,7.401,10.533,0.889,72.64,0.7070000000000001,0.094,0.818,0.604,0.271
Turkey,2005,4.718999999999999,9.809,0.82,62.6,0.623,,0.877,0.557,
Moldova,2016,5.577999999999999,9.3,0.8370000000000001,63.6,0.557,-0.047,0.969,0.621,0.275
Ecuador,2018,6.127999999999999,9.355,0.851,68.5,0.8690000000000001,-0.099,0.831,0.8759999999999999,0.3279999999999999
Liberia,2007,3.701,7.196000000000001,0.594,49.14,0.79,0.115,0.7759999999999999,0.613,0.435
Tajikistan,2008,5.064,7.665,0.701,61.52,0.816,0.018,0.723,0.606,0.16
Sweden,2005,7.376,10.739,0.951,71.2,0.964,,,0.84,0.151
Cambodia,2014,3.883,8.121,0.693,60.02,0.938,0.239,0.843,0.7829999999999999,0.482
Bolivia,2012,6.019,8.865,0.7809999999999999,61.68,0.862,-0.015,0.84,0.782,0.409
Kazakhstan,2017,5.882000000000001,10.121,0.914,64.0,0.745,-0.035,0.755,0.757,0.171
Bulgaria,2020,5.598,9.991,0.916,67.2,0.818,-0.004,0.901,0.706,0.221
Israel,2012,7.111000000000001,10.493,0.903,72.52,0.6809999999999999,0.153,0.862,0.665,0.319
Sierra Leone,2018,4.306,7.417000000000001,0.65,50.8,0.716,0.095,0.856,0.552,0.466
Lithuania,2010,5.066,10.085,0.882,64.5,0.519,-0.275,0.962,0.473,0.272
Mexico,2008,6.829,9.821,0.8759999999999999,66.38,0.677,-0.128,0.785,0.825,0.201
Jordan,2007,5.598,9.321,0.841,63.98,0.6459999999999999,-0.1119999999999999,0.664,0.6829999999999999,0.24
New Zealand,2006,7.305,10.526,0.946,71.2,0.932,0.312,0.2239999999999999,0.88,0.2189999999999999
Lithuania,2009,5.4670000000000005,10.05,0.933,64.16,0.496,-0.303,0.979,0.526,0.271
Croatia,2013,5.885,10.069,0.7509999999999999,68.2,0.627,-0.204,0.936,0.59,0.285
Cambodia,2016,4.461,8.225,0.746,60.8,0.958,0.076,0.84,0.8390000000000001,0.3979999999999999
Honduras,2014,5.056,8.552,0.79,66.38,0.696,0.015,0.8340000000000001,0.82,0.299
Russia,2013,5.537000000000001,10.182,0.8809999999999999,62.26,0.6609999999999999,-0.289,0.934,0.68,0.18
Thailand,2011,6.664,9.579,0.884,65.72,0.927,0.4,0.923,0.934,0.1169999999999999
Burkina Faso,2012,3.955,7.52,0.7440000000000001,50.78,0.622,-0.07,0.726,0.545,0.3
Croatia,2011,5.385,10.091,0.79,68.0,0.517,-0.198,0.977,0.598,0.273
Gabon,2014,3.918,9.644,0.8290000000000001,57.52,0.607,-0.198,0.782,0.539,0.293
Nigeria,2009,4.98,8.453,0.722,45.68,0.537,0.067,0.913,0.745,0.225
Turkey,2017,5.607,10.238,0.8759999999999999,66.4,0.644,-0.237,0.6709999999999999,0.45,0.313
Central African Republic,2011,3.678,7.125,0.387,43.08,0.78,-0.016,0.8340000000000001,0.524,0.2769999999999999
Congo (Brazzaville),2013,3.955,8.201,0.68,55.34,0.726,-0.078,0.752,0.61,0.291
Djibouti,2008,5.009,8.111,0.69,53.26,0.773,0.129,0.5760000000000001,0.755,0.12
Cyprus,2009,6.832999999999999,10.558,0.812,72.16,0.775,0.054,0.8009999999999999,0.746,0.3289999999999999
Ecuador,2017,5.84,9.36,0.8490000000000001,68.2,0.879,-0.1669999999999999,0.7340000000000001,0.8290000000000001,0.314
Madagascar,2016,3.663,7.356,0.746,58.3,0.57,-0.069,0.8640000000000001,0.813,0.204
Paraguay,2009,5.5760000000000005,9.158,0.9,64.28,0.718,0.027,0.857,0.8320000000000001,0.186
Pakistan,2013,5.138,8.311,0.607,56.86,0.4479999999999999,0.1,0.792,0.598,0.2739999999999999
Costa Rica,2018,7.141,9.874,0.8759999999999999,71.3,0.942,-0.107,0.7809999999999999,0.87,0.326
Slovenia,2016,5.937,10.463,0.934,70.5,0.904,-0.055,0.838,0.626,0.272
Thailand,2010,6.2170000000000005,9.576,0.898,65.5,0.86,0.536,0.917,0.901,0.182
Russia,2020,5.495,10.162,0.887,65.1,0.7140000000000001,-0.071,0.823,0.645,0.19
Kyrgyzstan,2018,5.297000000000001,8.543,0.898,64.1,0.945,0.267,0.907,0.763,0.203
Germany,2017,7.074,10.878,0.892,71.9,0.841,0.145,0.414,0.737,0.196
Germany,2010,6.725,10.755999999999998,0.939,70.9,0.843,0.095,0.688,0.794,0.182
Bolivia,2010,5.781000000000001,8.797,0.807,61.0,0.703,-0.068,0.7809999999999999,0.7659999999999999,0.35
Ukraine,2020,5.27,9.428,0.885,65.2,0.784,0.126,0.946,0.688,0.285
Benin,2016,4.007,7.992999999999999,0.493,53.5,0.78,-0.065,0.838,0.608,0.456
Cameroon,2020,5.2410000000000005,8.175,0.72,54.3,0.675,0.049,0.8370000000000001,0.63,0.386
Estonia,2008,5.452000000000001,10.298,0.904,65.78,0.642,-0.217,0.6629999999999999,0.597,0.218
Tunisia,2012,4.464,9.222,0.614,65.46,0.568,-0.176,0.899,0.521,0.327
Canada,2013,7.593999999999999,10.757,0.936,72.68,0.916,0.316,0.406,0.851,0.263
United Kingdom,2013,6.917999999999999,10.679,0.937,71.54,0.905,0.346,0.568,0.7759999999999999,0.252
El Salvador,2020,5.462000000000001,9.019,0.696,66.7,0.924,-0.126,0.583,0.8390000000000001,0.3289999999999999
Spain,2017,6.23,10.586,0.903,74.1,0.7559999999999999,-0.032,0.7909999999999999,0.625,0.302
Malaysia,2008,5.807,9.909,0.8029999999999999,65.28,0.78,0.044,0.884,0.815,0.186
Venezuela,2008,6.257999999999999,9.701,0.922,65.58,0.6779999999999999,-0.225,0.7759999999999999,0.802,0.2239999999999999
Cambodia,2015,4.162,8.173,0.7290000000000001,60.4,0.956,0.21,0.825,0.813,0.3989999999999999
Mexico,2014,6.68,9.847,0.782,67.22,0.779,-0.094,0.63,0.802,0.2289999999999999
United States,2007,7.513,10.933,,68.22,0.872,0.1969999999999999,0.633,0.8290000000000001,0.2319999999999999
Mexico,2018,6.55,9.903,0.858,68.3,0.816,-0.179,0.809,0.882,0.213
Croatia,2020,6.507999999999999,10.166,0.923,71.4,0.8370000000000001,-0.063,0.961,0.743,0.286
Colombia,2020,5.709,9.495,0.797,68.3,0.84,-0.085,0.8079999999999999,0.795,0.34
Somalia,2014,5.528,,0.611,49.6,0.8740000000000001,,0.456,0.8340000000000001,0.207
Malaysia,2006,6.0120000000000005,9.839,0.866,64.96,0.8370000000000001,0.201,0.74,0.75,0.243
Honduras,2013,4.713,8.54,0.792,66.16,0.698,-0.027,0.868,0.8170000000000001,0.283
Liberia,2015,2.702,7.365,0.638,53.7,0.6709999999999999,-0.061,0.903,0.505,0.3879999999999999
Guatemala,2010,6.29,8.901,0.8590000000000001,62.1,0.696,0.166,0.795,0.85,0.236
Bhutan,2013,5.569,9.123,0.8190000000000001,59.6,0.81,0.353,0.802,0.779,0.217
India,2017,4.046,8.73,0.607,59.7,0.8859999999999999,-0.042,0.7809999999999999,0.682,0.318
Madagascar,2011,4.381,7.336,0.818,56.22,0.546,-0.062,0.897,0.51,0.235
Mali,2019,4.988,7.752000000000001,0.755,52.2,0.67,-0.038,0.846,0.7120000000000001,0.358
Norway,2018,7.444,11.056,0.966,73.2,0.96,0.094,0.268,0.8270000000000001,0.212
Chile,2013,6.74,10.053,0.862,69.32,0.737,0.085,0.741,0.855,0.285
Jordan,2015,5.405,9.207,0.83,66.2,0.767,-0.046,,0.69,0.305
Portugal,2020,5.768,10.371,0.875,72.8,0.913,-0.238,0.867,0.648,0.3829999999999999
Spain,2007,6.995,10.587,0.957,72.06,0.782,-0.093,0.784,0.763,0.264
Uruguay,2017,6.336,9.968,0.914,68.9,0.898,-0.091,0.627,0.836,0.28
New Zealand,2017,7.327000000000001,10.633,0.955,73.0,0.942,0.294,0.222,0.8170000000000001,0.172
United States,2018,6.882999999999999,11.025,0.904,68.3,0.825,0.1159999999999999,0.71,0.815,0.292
Myanmar,2019,4.434,8.545,0.763,59.3,0.899,0.561,0.682,0.755,0.286
France,2014,6.4670000000000005,10.674,0.878,73.0,0.8029999999999999,-0.118,0.6559999999999999,0.8109999999999999,0.216
Bosnia and Herzegovina,2013,5.124,9.382,0.767,66.82,0.39,0.042,0.97,0.544,0.315
Albania,2011,5.867000000000001,9.331,0.759,66.68,0.487,-0.205,0.877,0.628,0.257
Cambodia,2008,4.462,7.879,0.619,56.9,0.914,0.045,0.888,0.7390000000000001,0.335
Kosovo,2012,5.64,9.086,0.757,,0.636,0.027,0.95,0.596,0.1
South Korea,2007,5.767,10.361,0.8270000000000001,70.5,0.6559999999999999,-0.059,0.8029999999999999,0.69,0.226
Kyrgyzstan,2015,4.905,8.477,0.857,63.2,0.813,0.2,0.858,0.767,0.173
Ethiopia,2014,4.507,7.412999999999999,0.64,56.4,0.6940000000000001,0.08,0.7020000000000001,0.738,0.303
Trinidad and Tobago,2011,6.519,10.263,0.863,62.54,0.775,0.078,0.9,0.906,0.134
Japan,2020,6.117999999999999,10.58,0.887,75.2,0.8059999999999999,-0.259,0.609,0.742,0.186
United Arab Emirates,2020,6.457999999999999,11.053,0.8270000000000001,67.5,0.942,0.06,,0.752,0.298
Venezuela,2014,6.136,9.557,0.904,65.86,0.57,-0.1989999999999999,0.8270000000000001,0.8109999999999999,0.244
North Cyprus,2015,5.843,,0.7909999999999999,,0.785,,0.659,0.7020000000000001,0.319
Saudi Arabia,2019,6.561,10.757,0.912,66.6,0.8909999999999999,-0.147,,0.732,0.238
Djibouti,2009,4.906000000000001,7.927,0.901,53.78,0.649,0.005,0.634,0.662,0.2319999999999999
Estonia,2011,5.487,10.248,0.909,66.96,0.735,-0.168,0.687,0.6509999999999999,0.205
Bosnia and Herzegovina,2014,5.249,9.411,0.7879999999999999,66.86,0.412,0.2319999999999999,0.976,0.531,0.262
Jordan,2020,4.093999999999999,9.15,0.7090000000000001,67.2,0.779,-0.15,,,
Switzerland,2012,7.776,11.079,0.947,72.78,0.945,0.139,0.3229999999999999,0.8590000000000001,0.176
Venezuela,2012,7.067,9.826,0.932,65.78,0.804,-0.193,0.743,0.858,0.176
Mali,2017,4.742,7.718,0.741,51.2,0.753,-0.069,0.863,0.742,0.3929999999999999
Saudi Arabia,2015,6.345,10.798,0.82,65.4,0.82,-0.045,,0.7240000000000001,0.327
Niger,2016,4.235,7.047000000000001,0.6829999999999999,52.5,0.7020000000000001,-0.016,0.8140000000000001,0.675,0.325
South Africa,2009,5.218,9.414,0.877,49.88,0.7390000000000001,-0.154,0.904,0.727,0.231
Japan,2005,6.516,10.529000000000002,0.928,73.2,0.868,,0.6990000000000001,0.7390000000000001,0.153
Paraguay,2015,5.56,9.377,0.914,65.1,0.8059999999999999,-0.008,0.863,0.866,0.2189999999999999
Peru,2015,5.577000000000001,9.402,0.7979999999999999,67.2,0.802,-0.09,0.884,0.754,0.3779999999999999
Zimbabwe,2014,4.184,7.991,0.7659999999999999,52.38,0.642,-0.074,0.82,0.725,0.239
Iceland,2019,7.532999999999999,10.931,0.982,73.0,0.959,,0.6990000000000001,0.836,0.178
Argentina,2012,6.468,10.091,0.902,67.66,0.747,-0.148,0.8170000000000001,0.857,0.272
Cambodia,2017,4.586,8.276,0.765,61.2,0.964,0.088,0.821,0.799,0.408
Azerbaijan,2014,5.252000000000001,9.607,0.799,64.36,0.733,-0.208,0.654,0.598,0.22
Italy,2010,6.354,10.666,0.872,72.8,0.738,-0.06,0.921,0.596,0.236
Taiwan Province of China,2019,6.537000000000001,,0.893,,0.8140000000000001,,0.718,0.86,0.093
Kosovo,2007,5.104,8.927999999999999,0.848,,0.381,0.144,0.894,0.655,0.237
Bahrain,2009,5.7010000000000005,10.709,0.904,65.94,0.8959999999999999,0.037,0.506,0.764,0.422
Guatemala,2007,6.33,8.891,0.866,61.08,0.628,0.136,0.81,0.8190000000000001,0.2239999999999999
Ecuador,2020,5.354,9.244,0.804,69.1,0.8290000000000001,-0.157,0.855,0.79,0.416
Zambia,2016,4.348,8.151,0.767,54.3,0.812,0.122,0.7709999999999999,0.731,0.372
Ivory Coast,2014,3.57,8.334,0.711,47.4,0.7809999999999999,-0.08,0.6709999999999999,0.647,0.291
Tanzania,2006,3.922,7.485,0.7829999999999999,48.7,0.787,-0.027,0.649,0.748,0.209
Gabon,2017,4.782,9.616,0.807,59.2,0.652,-0.228,0.868,0.634,0.446
Taiwan Province of China,2013,6.34,10.75,0.8170000000000001,,0.69,0.002,0.841,0.846,0.124
Qatar,2011,6.5920000000000005,11.553,0.857,67.02,0.905,0.012,,0.7609999999999999,0.3279999999999999
Singapore,2011,6.561,11.307,0.904,75.02,0.8220000000000001,-0.149,0.099,0.483,0.144
Tanzania,2010,3.229,7.604,0.813,52.3,0.597,0.139,0.866,0.7170000000000001,0.146
Australia,2013,7.364,10.762,0.928,72.5,0.933,0.2689999999999999,0.432,0.8190000000000001,0.177
Kyrgyzstan,2017,5.63,8.526,0.883,63.8,0.8590000000000001,0.143,0.8740000000000001,0.755,0.16
Myanmar,2012,4.439,8.158,0.612,57.02,0.691,0.645,0.695,0.764,0.205
Tajikistan,2020,5.372999999999999,8.08,0.79,64.7,,-0.04,0.55,0.7490000000000001,0.344
Georgia,2011,4.203,9.263,0.503,64.86,0.632,-0.255,0.353,0.515,0.247
Dominican Republic,2019,6.004,9.821,0.884,66.1,0.877,-0.123,0.746,0.784,0.264
Malawi,2009,5.148,6.837999999999999,0.718,49.02,0.879,0.176,0.6890000000000001,0.765,0.13
Egypt,2014,4.885,9.245,0.619,60.64,0.578,-0.126,0.7490000000000001,0.5429999999999999,0.327
Hungary,2018,5.936,10.344,0.941,67.6,0.693,-0.243,0.911,0.6759999999999999,0.201
Uzbekistan,2013,5.94,8.607000000000001,0.963,63.8,0.95,-0.034,0.434,0.7490000000000001,0.13
Zimbabwe,2010,4.682,7.729,0.857,46.7,0.665,-0.093,0.828,0.748,0.122
Hong Kong S.A.R. of China,2009,5.397,10.788,0.835,,0.918,0.308,0.272,0.762,0.21
Ireland,2009,7.046,10.866,0.959,71.16,0.835,0.315,0.58,0.862,0.233
Luxembourg,2016,6.9670000000000005,11.64,0.941,72.6,0.882,0.019,0.356,0.758,0.192
Central African Republic,2016,2.693,6.785,0.29,44.9,0.624,0.033,0.8590000000000001,0.579,0.494
Peru,2014,5.8660000000000005,9.382,0.8190000000000001,67.02,0.722,-0.136,0.878,0.759,0.319
Costa Rica,2015,6.854,9.799,0.878,70.7,0.907,-0.059,0.7609999999999999,0.85,0.286
Palestinian Territories,2010,4.703,8.383,0.8220000000000001,62.25,0.504,-0.1169999999999999,0.752,0.628,0.381
Mexico,2010,6.8020000000000005,9.788,0.8759999999999999,66.5,0.778,-0.048,0.693,0.84,0.215
Central African Republic,2010,3.568,7.091,0.483,42.7,0.69,-0.036,0.845,0.523,0.257
Brazil,2014,6.981,9.664,0.898,65.54,0.7140000000000001,-0.115,0.71,0.7879999999999999,0.2739999999999999
Switzerland,2015,7.572,11.1,0.938,73.2,0.928,0.109,0.21,0.809,0.166
Moldova,2017,5.3260000000000005,9.363,0.831,64.3,0.5529999999999999,-0.053,0.926,0.581,0.259
Senegal,2014,4.395,7.961,0.856,57.94,0.6920000000000001,-0.045,0.7,0.725,0.157
Iraq,2016,4.413,9.354,0.7190000000000001,59.0,0.6659999999999999,-0.052,0.799,0.489,0.57
Ireland,2008,7.568,10.929,0.983,70.82,0.894,0.322,0.487,0.875,0.148
Belgium,2007,7.218999999999999,10.792,0.922,70.26,0.901,0.069,0.721,0.813,0.218
Gambia,2019,5.164,7.699,0.6940000000000001,55.3,0.677,0.41,0.7979999999999999,0.773,0.401
Haiti,2011,4.845,7.422999999999999,0.5670000000000001,36.86,0.413,0.243,0.682,0.625,0.245
Kyrgyzstan,2006,4.641,8.185,0.8440000000000001,59.98,0.6779999999999999,-0.14,0.879,0.655,0.159
Iraq,2008,4.59,9.063,0.7440000000000001,58.32,0.386,-0.061,0.91,0.525,0.4479999999999999
Peru,2018,5.68,9.456,0.845,68.1,0.83,-0.178,0.906,0.809,0.38
Finland,2014,7.385,10.714,0.952,71.36,0.933,-0.001,0.265,0.784,0.1989999999999999
Hungary,2012,4.683,10.117,0.906,65.92,0.569,-0.136,0.93,0.652,0.315
Moldova,2007,4.775,8.968,0.804,60.76,0.696,-0.186,0.93,0.5710000000000001,0.306
Norway,2020,7.29,11.042,0.956,73.4,0.965,0.075,0.271,0.823,0.216
Zimbabwe,2016,3.735,7.984,0.768,54.4,0.733,-0.095,0.7240000000000001,0.738,0.209
Tanzania,2015,3.661,7.763999999999999,0.79,56.0,0.759,0.149,0.906,0.619,0.192
Cameroon,2014,4.24,8.12,0.778,49.9,0.795,-0.071,0.856,0.623,0.216
Somaliland region,2012,5.057,,0.7859999999999999,,0.758,,0.3339999999999999,0.735,0.152
Singapore,2017,6.377999999999999,11.461,0.897,76.5,0.926,0.136,0.162,0.8,0.179
Netherlands,2005,7.463999999999999,10.814,0.947,70.4,0.901,,0.5710000000000001,0.8690000000000001,0.233
Tunisia,2011,4.876,9.192,0.715,65.28,0.603,-0.1989999999999999,0.913,0.588,0.248
Slovenia,2010,6.082999999999999,10.419,0.917,69.2,0.8959999999999999,0.0289999999999999,0.845,0.6709999999999999,0.295
Lithuania,2012,5.771,10.218,0.919,64.9,0.503,-0.273,0.957,0.581,0.2769999999999999
Nigeria,2012,5.492999999999999,8.543,0.818,47.12,0.652,0.066,0.9,0.8109999999999999,0.209
Iran,2011,4.768,9.547,0.5820000000000001,64.14,0.7979999999999999,0.2,0.665,0.578,0.359
Zambia,2015,4.843,8.144,0.691,53.8,0.759,-0.039,0.871,0.69,0.382
Turkmenistan,2012,5.464,9.269,0.946,60.28,0.7859999999999999,-0.123,,0.584,0.1169999999999999
Romania,2013,5.082,10.004,0.778,65.86,0.655,-0.129,0.952,0.64,0.3289999999999999
Pakistan,2014,5.436,8.336,0.552,57.08,0.5429999999999999,0.14,0.677,0.585,0.295
Lithuania,2018,6.309,10.474,0.929,67.3,0.6990000000000001,-0.237,0.852,0.517,0.214
Indonesia,2015,5.043,9.225,0.809,61.5,0.779,0.471,0.946,0.8759999999999999,0.2739999999999999
Philippines,2010,4.942,8.686,0.805,60.6,0.893,0.033,0.812,0.8759999999999999,0.294
Paraguay,2013,5.936,9.326,0.939,64.86,0.909,0.046,0.903,0.919,0.2239999999999999
Ecuador,2016,6.115,9.355,0.8420000000000001,67.9,0.846,-0.015,0.774,0.846,0.365
Thailand,2015,6.202000000000001,9.699,0.866,66.6,0.885,0.316,0.914,0.91,0.174
Cambodia,2020,4.377,8.362,0.7240000000000001,62.4,0.963,0.052,0.863,0.878,0.39
Ukraine,2013,4.711,9.438,0.897,63.1,0.569,-0.216,0.937,0.643,0.225
Colombia,2007,6.138,9.33,0.894,65.34,0.7859999999999999,-0.04,0.86,0.8079999999999999,0.287
Malta,2013,6.38,10.422,0.942,71.96,0.909,0.41,,0.66,0.37
Bulgaria,2012,4.222,9.804,0.838,65.9,0.6409999999999999,-0.172,0.938,0.573,0.237
Finland,2006,7.672000000000001,10.745,0.965,69.76,0.969,-0.005,0.132,0.722,0.172
United Kingdom,2005,6.984,10.663,0.979,69.9,0.922,,0.3979999999999999,0.8640000000000001,0.262
Malta,2018,6.91,10.67,0.932,72.2,0.927,0.179,0.595,0.721,0.296
Botswana,2010,3.553,9.556,0.866,52.9,0.826,-0.143,0.8140000000000001,0.69,0.172
Philippines,2007,5.074,8.607999999999999,0.8009999999999999,60.0,0.852,-0.022,0.88,0.784,0.3779999999999999
Singapore,2006,6.462999999999999,11.168,0.904,73.6,0.757,0.138,,0.7509999999999999,0.267
Armenia,2012,4.32,9.249,0.6759999999999999,65.52,0.502,-0.215,0.893,0.518,0.4639999999999999
Slovakia,2020,6.519,10.332,0.954,69.5,0.762,-0.075,0.901,0.764,0.2739999999999999
United Arab Emirates,2013,6.621,11.001,0.8640000000000001,66.46,0.936,,,,0.291
Slovakia,2013,5.937,10.218,0.909,67.52,0.598,-0.051,0.915,0.698,0.2769999999999999
Colombia,2012,6.375,9.471,0.914,66.14,0.828,-0.009,0.868,0.846,0.294
Egypt,2013,3.559,9.239,0.675,60.48,0.474,-0.141,0.913,0.551,0.483
Greece,2007,6.647,10.543,0.8079999999999999,70.9,0.575,-0.19,0.845,0.738,0.222
Mauritania,2010,4.772,8.47,0.857,54.5,0.669,0.055,0.727,0.778,0.129
Somaliland region,2011,4.931,,0.7879999999999999,,0.858,,0.357,0.7490000000000001,0.122
Singapore,2009,6.145,11.149,0.866,74.5,0.7759999999999999,-0.075,0.035,0.5,0.208
Yemen,2010,4.35,8.453,0.727,54.3,0.659,-0.104,0.853,0.5820000000000001,0.308
Singapore,2010,6.531000000000001,11.267,0.8640000000000001,74.8,0.846,-0.018,0.06,0.602,0.131
Rwanda,2009,4.03,7.273,0.5589999999999999,54.62,0.7659999999999999,-0.001,0.41,0.6779999999999999,0.1119999999999999
Bangladesh,2006,4.319,7.782999999999999,0.672,59.02,0.612,0.068,0.7859999999999999,0.6,0.321
Netherlands,2012,7.471,10.861,0.939,71.64,0.877,0.288,0.434,0.861,0.226
Iceland,2015,7.497999999999999,10.854,0.98,73.0,0.94,0.301,0.639,0.8490000000000001,0.18
El Salvador,2015,6.018,9.005,0.7909999999999999,65.2,0.733,-0.156,0.805,0.826,0.3329999999999999
El Salvador,2006,5.7010000000000005,8.873,0.878,62.92,0.6829999999999999,-0.0559999999999999,0.807,0.8640000000000001,0.233
Austria,2008,7.181,10.887,0.935,71.08,0.879,0.291,0.614,0.8320000000000001,0.173
South Africa,2018,4.884,9.444,0.841,56.5,0.753,-0.05,0.841,0.812,0.283
Sierra Leone,2010,4.134,7.254,0.812,43.9,0.726,0.012,0.91,0.514,0.29
Congo (Brazzaville),2012,3.919,8.192,0.622,54.96,0.773,-0.1119999999999999,0.8,0.564,0.3229999999999999
Lebanon,2016,5.271,9.687,0.828,66.1,0.657,0.031,0.853,0.5529999999999999,0.263
Sweden,2015,7.289,10.853,0.929,72.3,0.935,0.211,0.2319999999999999,0.818,0.191
Austria,2012,7.401,10.889,0.945,71.68,0.92,0.118,0.7709999999999999,0.8220000000000001,0.157
Tanzania,2017,3.347,7.836,0.705,57.0,0.8,0.1159999999999999,0.654,0.715,0.255
Chile,2008,5.789,9.911,0.804,68.78,0.64,0.084,0.741,0.757,0.33
Afghanistan,2014,3.131,7.718,0.526,52.88,0.509,0.104,0.871,0.532,0.375
Hong Kong S.A.R. of China,2016,5.497999999999999,10.97,0.8320000000000001,,0.8,0.1,0.4029999999999999,0.664,0.213
United States,2006,7.182,10.924,0.965,68.06,0.911,,0.6,0.8270000000000001,0.261
Jordan,2010,5.57,9.317,0.918,64.7,0.7879999999999999,-0.046,,0.643,0.3429999999999999
Italy,2015,5.848,10.608,0.909,73.0,0.575,-0.064,0.913,0.6920000000000001,0.3289999999999999
Denmark,2008,7.971,10.88,0.954,70.08,0.97,0.272,0.248,0.757,0.163
Ecuador,2013,6.019,9.377,0.8009999999999999,67.28,0.787,-0.191,0.6459999999999999,0.851,0.267
Russia,2008,5.619,10.125,0.882,59.84,0.643,-0.305,0.924,0.594,0.166
Cameroon,2015,5.038,8.149,0.6459999999999999,50.3,0.7909999999999999,0.049,0.868,0.6509999999999999,0.346
Portugal,2016,5.447,10.37,0.905,72.0,0.838,-0.225,0.922,0.684,0.326
Zimbabwe,2006,3.826,7.711,0.8220000000000001,41.58,0.431,-0.076,0.905,0.715,0.297
Palestinian Territories,2011,4.751,8.474,0.7509999999999999,,0.522,-0.127,0.75,0.5670000000000001,0.3879999999999999
Jordan,2011,5.539,9.289,0.878,65.0,0.76,-0.143,,0.612,0.26
Uruguay,2009,6.296,9.71,0.924,67.86,0.825,-0.118,0.544,0.7929999999999999,0.255
Indonesia,2018,5.34,9.339,0.809,62.1,0.879,0.512,0.868,0.8640000000000001,0.296
Switzerland,2018,7.508999999999999,11.134,0.93,74.1,0.926,0.1009999999999999,0.301,0.792,0.192
Indonesia,2016,5.136,9.262,0.792,61.7,0.83,0.5,0.89,0.833,0.342
Lebanon,2011,5.188,9.838,0.733,65.28,0.657,0.006,0.911,0.578,0.32
Turkmenistan,2018,4.621,9.605,0.984,62.2,0.858,0.26,,0.612,0.1889999999999999
Tunisia,2020,4.731,9.231,0.7190000000000001,67.5,0.6679999999999999,-0.2019999999999999,0.877,0.585,0.439
Spain,2016,6.319,10.56,0.942,73.8,0.768,-0.048,0.8190000000000001,0.653,0.301
Chile,2006,6.063,9.85,0.836,68.66,0.7440000000000001,0.168,0.634,0.804,0.348
Rwanda,2017,3.108,7.587999999999999,0.517,60.5,0.908,0.051,0.214,0.762,0.358
Palestinian Territories,2009,4.47,8.329,0.738,62.132,0.4679999999999999,-0.085,0.797,0.544,0.466
Trinidad and Tobago,2013,6.167999999999999,10.285,0.883,62.82,0.847,0.128,0.948,0.833,0.286
Jordan,2019,4.453,9.201,0.7929999999999999,67.0,0.726,-0.165,,,
Nicaragua,2009,5.353,8.407,0.835,65.16,0.746,0.07,0.794,0.7809999999999999,0.299
Bhutan,2015,5.082,9.219,0.848,60.2,0.83,0.2769999999999999,0.634,0.81,0.312
Madagascar,2019,4.339,7.406000000000001,0.701,59.5,0.55,-0.012,0.72,0.723,0.304
South Korea,2018,5.84,10.643,0.7979999999999999,73.6,0.6,-0.089,0.797,0.6609999999999999,0.217
Austria,2014,6.95,10.882,0.899,71.96,0.885,0.118,0.5670000000000001,0.78,0.17
Peru,2010,5.613,9.217,0.812,66.3,0.757,-0.06,0.8809999999999999,0.8,0.33
United States,2020,7.028,11.001,0.937,68.1,0.85,0.034,0.6779999999999999,0.787,0.295
Denmark,2014,7.507999999999999,10.862,0.956,71.28,0.942,0.118,0.237,0.8320000000000001,0.233
Uganda,2010,4.1930000000000005,7.528,0.83,50.4,0.8009999999999999,-0.015,0.855,0.648,0.251
Armenia,2008,4.652,9.256,0.7090000000000001,65.0,0.462,-0.215,0.8759999999999999,0.521,0.385
Rwanda,2016,3.333,7.576,0.665,59.9,0.911,0.025,0.159,0.752,0.285
Greece,2014,4.756,10.257,0.8320000000000001,71.74,0.369,-0.288,0.93,0.695,0.385
Brazil,2009,7.001,9.544,0.913,64.26,0.767,-0.055,0.723,0.833,0.2739999999999999
Bahrain,2015,6.007000000000001,10.785,0.853,67.7,0.85,0.1119999999999999,,0.716,0.303
Kuwait,2015,6.146,10.912,0.823,66.1,0.8220000000000001,0.0819999999999999,,0.723,0.324
Slovenia,2009,5.83,10.41,0.919,68.9,0.8959999999999999,-0.019,0.804,0.6409999999999999,0.303
Kyrgyzstan,2019,5.685,8.567,0.877,64.4,0.92,-0.002,0.885,0.7659999999999999,0.207
Benin,2020,4.408,8.102,0.507,55.1,0.7829999999999999,-0.083,0.532,0.609,0.305
Turkey,2018,5.186,10.251,0.847,66.8,0.529,-0.176,0.805,0.435,0.351
Gambia,2018,4.922,7.671,0.685,55.0,0.7190000000000001,0.44,0.691,0.804,0.379
Tanzania,2012,4.007,7.662999999999999,0.8320000000000001,53.78,0.5770000000000001,0.213,0.887,0.679,0.195
Albania,2014,4.814,9.378,0.626,67.52,0.735,-0.025,0.883,0.685,0.335
Cuba,2006,5.417999999999999,,0.97,68.44,0.281,,,0.647,0.2769999999999999
Norway,2016,7.596,11.035,0.96,73.0,0.954,0.133,0.41,0.85,0.209
Cameroon,2013,4.271,8.09,0.76,49.5,0.794,-0.03,0.867,0.6809999999999999,0.268
Slovakia,2019,6.242999999999999,10.398,0.933,69.2,0.7709999999999999,-0.129,0.926,0.75,0.252
Cyprus,2012,6.181,10.479,0.767,72.68,0.725,0.098,0.871,0.755,0.369
Saudi Arabia,2010,6.307,10.693,0.88,64.4,0.6779999999999999,-0.033,,0.645,0.297
Sweden,2008,7.516,10.793,0.923,71.62,0.912,0.125,0.314,0.804,0.134
Guinea,2016,3.603,7.721,0.675,52.2,0.726,-0.0559999999999999,0.8029999999999999,0.687,0.374
Algeria,2018,5.043,9.348,0.799,65.9,0.583,-0.146,0.759,0.591,0.293
Kazakhstan,2018,6.007999999999999,10.148,0.937,64.6,0.84,-0.098,0.8240000000000001,0.693,0.162
Kyrgyzstan,2014,5.252000000000001,8.46,0.898,62.78,0.736,0.355,0.897,0.725,0.185
Botswana,2016,3.499,9.748,0.768,57.5,0.852,-0.253,0.7290000000000001,0.6859999999999999,0.252
Iran,2018,4.2780000000000005,,0.674,66.0,0.603,,0.703,0.5529999999999999,0.493
Chad,2019,4.251,7.365,0.64,48.7,0.537,0.055,0.8320000000000001,0.5870000000000001,0.46
Finland,2017,7.787999999999999,10.768,0.964,71.8,0.962,-0.002,0.192,0.787,0.176
Yemen,2007,4.477,8.214,0.825,53.4,0.6729999999999999,0.011,,0.5920000000000001,0.379
Hungary,2005,5.194,10.108,0.93,64.6,0.6970000000000001,,0.903,0.675,0.29
Montenegro,2014,5.283,9.777,0.863,67.74,0.503,0.0969999999999999,0.768,0.5870000000000001,0.368
Chile,2020,6.151,10.02,0.888,70.1,0.7809999999999999,0.033,0.812,0.815,0.336
Ghana,2014,3.86,8.45,0.6509999999999999,55.62,0.677,0.001,0.913,0.696,0.28
Belgium,2005,7.262,10.745,0.935,69.9,0.924,,0.598,0.7959999999999999,0.26
Morocco,2011,5.085,8.783,0.833,63.8,0.579,-0.218,0.875,0.736,0.187
Colombia,2009,6.272,9.351,0.8859999999999999,65.58,0.757,-0.055,0.8370000000000001,0.843,0.273
Austria,2011,7.471,10.887,0.944,71.54,0.939,0.132,0.703,0.789,0.145
Argentina,2017,6.039,10.067,0.907,68.6,0.8320000000000001,-0.186,0.841,0.809,0.292
Dominican Republic,2006,5.088,9.314,0.919,62.68,0.858,0.038,0.755,0.748,0.2739999999999999
Belgium,2015,6.904,10.81,0.885,71.4,0.8690000000000001,0.062,0.469,0.805,0.24
India,2007,5.027,8.204,0.569,56.14,0.7290000000000001,-0.051,0.862,0.6679999999999999,0.253
Mauritania,2013,4.199,8.506,0.741,55.46,0.603,-0.079,0.6759999999999999,0.7929999999999999,0.196
Namibia,2017,4.441,9.215,0.828,56.2,0.81,-0.19,0.831,0.721,0.2769999999999999
Paraguay,2017,5.712999999999999,9.441,0.902,65.5,0.8909999999999999,0.003,0.81,0.903,0.2319999999999999
Morocco,2017,5.312,8.898,0.6409999999999999,65.6,0.8140000000000001,-0.216,0.841,0.5589999999999999,0.3229999999999999
Vietnam,2008,5.48,8.44,0.805,66.18,0.889,0.201,0.789,0.665,0.218
Egypt,2008,4.632,9.186,0.738,59.88,,-0.087,0.914,0.6829999999999999,0.301
Togo,2018,4.023,7.348,0.596,54.7,0.612,-0.0069999999999999,0.809,0.608,0.446
Bolivia,2007,5.627999999999999,8.714,0.7959999999999999,59.5,0.78,0.001,0.8170000000000001,0.7709999999999999,0.3879999999999999
Luxembourg,2011,7.101,11.595,0.934,71.88,0.962,0.106,0.3879999999999999,0.836,0.2
Slovenia,2013,5.975,10.385,0.932,69.8,0.89,0.036,0.918,0.635,0.2739999999999999
India,2019,3.249,8.818,0.561,60.5,0.8759999999999999,0.1119999999999999,0.752,0.648,0.466
Nepal,2007,4.748,7.638,0.787,57.7,0.413,0.317,0.8909999999999999,0.643,0.152
South Africa,2020,4.947,9.332,0.8909999999999999,57.3,0.757,-0.015,0.912,0.82,0.294
Estonia,2006,5.371,10.27,0.91,64.86,0.7490000000000001,-0.264,0.797,0.655,0.215
China,2010,4.6530000000000005,9.092,0.768,67.6,0.805,-0.133,,0.765,0.158
Switzerland,2014,7.492999999999999,11.098,0.959,73.06,0.949,0.06,0.283,0.823,0.1889999999999999
Yemen,2009,4.809,8.277999999999999,0.7559999999999999,54.0,0.644,-0.052,0.8320000000000001,0.583,0.374
Zambia,2013,5.244,8.131,0.7609999999999999,52.32,0.77,-0.104,0.732,0.735,0.308
Zambia,2007,3.998,7.871,0.688,45.72,0.682,-0.067,0.948,0.687,0.246
South Africa,2016,4.77,9.45,0.875,55.7,0.774,-0.07,0.813,0.7859999999999999,0.301
Georgia,2016,4.448,9.47,0.5329999999999999,64.9,0.606,-0.249,0.561,0.564,0.223
Luxembourg,2015,6.702000000000001,11.617,0.934,72.6,0.932,0.052,0.375,0.757,0.193
Bulgaria,2019,5.1080000000000005,10.047,0.948,67.0,0.8220000000000001,-0.109,0.943,0.6629999999999999,0.2
Jamaica,2013,5.709,9.151,0.865,66.46,0.7929999999999999,-0.021,0.931,0.7340000000000001,0.312
Peru,2019,5.999,9.461,0.809,68.4,0.815,-0.13,0.8740000000000001,0.82,0.375
Zambia,2009,5.26,7.978,0.782,48.64,0.696,-0.096,0.917,0.728,0.123
Central African Republic,2017,3.4760000000000004,6.817,0.32,45.2,0.645,0.073,0.89,0.614,0.599
Cyprus,2019,6.1370000000000005,10.585,0.7759999999999999,73.9,0.74,-0.008,0.865,0.763,0.29
United States,2019,6.944,11.043,0.917,68.2,0.836,0.144,0.7070000000000001,0.815,0.244
Kazakhstan,2012,5.759,10.03,0.892,61.24,0.84,-0.171,0.877,0.74,0.184
Central African Republic,2007,4.16,6.987,0.532,40.9,0.6629999999999999,0.081,0.782,0.568,0.33
Cyprus,2014,5.627000000000001,10.406,0.77,72.96,0.715,0.06,0.868,0.737,0.397
Guatemala,2016,6.359,9.013,0.8109999999999999,64.2,0.863,0.011,0.812,0.846,0.321
Colombia,2019,6.35,9.598,0.873,68.0,0.8220000000000001,-0.172,0.8540000000000001,0.8220000000000001,0.322
France,2008,7.007999999999999,10.674,0.935,71.84,0.833,-0.031,0.669,0.746,0.281
Kuwait,2012,6.221,11.025,0.889,65.2,0.934,,,0.821,0.095
Bolivia,2009,6.086,8.773,0.831,60.5,0.779,-0.036,0.763,0.797,0.372
Italy,2008,6.78,10.711,0.88,72.44,0.5429999999999999,0.049,0.946,0.637,0.268
Ghana,2006,4.535,8.073,0.728,52.34,0.8490000000000001,0.213,0.8140000000000001,0.6709999999999999,0.198
Uganda,2008,4.569,7.471,0.813,48.44,0.578,-0.055,0.848,0.6409999999999999,0.24
Montenegro,2017,5.615,9.885,0.8809999999999999,68.3,0.626,-0.083,0.7559999999999999,0.519,0.35
Kenya,2020,4.547,8.365,0.674,61.3,0.7020000000000001,0.26,0.8370000000000001,0.733,0.297
Ukraine,2007,5.252000000000001,9.459,0.82,60.64,0.494,-0.241,0.968,0.636,0.208
South Africa,2013,3.661,9.461,0.8390000000000001,53.38,0.7140000000000001,-0.077,0.8,0.773,0.1669999999999999
Canada,2009,7.487999999999999,10.697,0.943,72.02,0.915,0.246,0.413,0.867,0.248
Slovakia,2012,5.9110000000000005,10.213,0.926,67.28,0.62,-0.0279999999999999,0.907,0.6559999999999999,0.302
Denmark,2018,7.649,10.935,0.958,72.4,0.935,0.018,0.151,0.821,0.206
Niger,2018,5.164,7.087000000000001,0.612,53.5,0.7909999999999999,0.009,0.637,0.7709999999999999,0.503
Niger,2008,4.236000000000001,6.917999999999999,0.607,47.88,0.649,-0.055,0.7490000000000001,0.65,0.1939999999999999
Comoros,2019,4.609,8.033,0.632,57.5,0.5379999999999999,0.077,0.762,0.736,0.336
Slovenia,2012,6.063,10.397,0.925,69.6,0.904,-0.02,0.8909999999999999,0.6559999999999999,0.284
Azerbaijan,2018,5.167999999999999,9.562,0.7809999999999999,65.5,0.772,-0.2319999999999999,0.561,0.593,0.191
Bangladesh,2014,4.636,8.164,0.5770000000000001,62.38,0.736,-0.098,0.789,,0.231
Mauritania,2019,4.1530000000000005,8.556000000000001,0.7979999999999999,57.3,0.628,-0.102,0.743,0.6920000000000001,0.26
Mali,2006,4.013999999999999,7.593,0.7609999999999999,45.92,0.555,-0.072,0.7609999999999999,0.767,0.209
China,2019,5.144,9.688,0.8220000000000001,69.6,0.927,-0.173,,0.8909999999999999,0.147
Turkmenistan,2013,5.392,9.348,0.846,60.52,0.705,-0.071,,0.599,0.16
Haiti,2016,3.352,7.477,0.584,55.3,0.304,0.291,0.8390000000000001,0.5529999999999999,0.367
Moldova,2014,5.917000000000001,9.241,0.805,62.58,0.623,-0.113,0.925,0.583,0.26
Panama,2018,6.281000000000001,10.343,0.904,69.6,0.861,-0.131,0.8370000000000001,0.884,0.223
Botswana,2011,3.52,9.6,0.86,53.68,0.813,-0.25,0.816,0.7390000000000001,0.16
Ivory Coast,2016,4.543,8.437000000000001,0.617,48.3,0.769,-0.043,0.757,0.7040000000000001,0.3779999999999999
Belarus,2013,5.876,9.839,0.923,64.04,0.723,-0.177,0.653,0.609,0.206
Poland,2011,5.646,10.133,0.905,67.46,0.868,-0.067,0.908,0.725,0.2239999999999999
Norway,2008,7.632000000000001,11.042,0.936,71.56,0.947,0.018,0.503,0.792,0.155
Nepal,2015,4.812,7.976,0.748,60.2,0.763,0.2269999999999999,0.8240000000000001,0.5429999999999999,0.358
Slovenia,2011,6.0360000000000005,10.425999999999998,0.931,69.4,0.907,-0.025,0.893,0.652,0.285
North Macedonia,2013,5.186,9.541,0.8320000000000001,64.942,0.6409999999999999,0.025,0.861,0.578,0.331
Vietnam,2015,5.0760000000000005,8.77,0.8490000000000001,67.3,,0.086,,0.642,0.2319999999999999
Hungary,2007,4.954,10.153,0.931,65.0,0.5379999999999999,-0.161,0.895,0.701,0.23
New Zealand,2012,7.25,10.553,0.93,72.24,0.902,0.287,0.289,0.866,0.207
Slovenia,2017,6.167000000000001,10.509,0.928,70.8,0.921,-0.025,0.8290000000000001,0.615,0.286
Israel,2016,7.159,10.555,0.89,72.9,0.772,0.153,0.804,0.629,0.263
Afghanistan,2018,2.694,7.692,0.508,52.6,0.374,-0.094,0.928,0.424,0.405
Switzerland,2006,7.473,11.05,0.951,71.54,0.919,0.29,0.408,0.821,0.212
Niger,2011,4.556,6.925,0.818,49.92,0.78,-0.055,0.5489999999999999,0.7,0.166
Cameroon,2010,4.553999999999999,8.035,0.759,48.3,0.792,0.002,0.875,0.606,0.2739999999999999
Cameroon,2019,4.937,8.203,0.711,53.5,0.7120000000000001,-0.008,0.8170000000000001,0.629,0.326
Indonesia,2013,5.292000000000001,9.155,0.794,61.06,0.7809999999999999,0.376,0.973,0.893,0.249
Ghana,2011,5.608,8.332,0.7240000000000001,54.48,0.852,0.011,0.79,0.7440000000000001,0.209
North Macedonia,2019,5.015,9.711,0.815,65.47399999999999,0.725,0.024,0.923,0.5760000000000001,0.304
Israel,2018,6.9270000000000005,10.585,0.91,73.3,0.725,0.055,0.77,0.6629999999999999,0.282
Bangladesh,2017,4.31,8.334,0.713,63.8,0.8959999999999999,0.012,0.635,0.569,0.214
Mongolia,2014,4.825,9.304,0.943,61.4,0.752,0.146,0.909,0.627,0.17
Chad,2016,4.029,7.431,0.616,47.2,0.525,0.052,0.82,0.5820000000000001,0.4679999999999999
Malaysia,2019,5.428,10.252,0.8420000000000001,67.2,0.916,0.123,0.782,0.8340000000000001,0.176
Ireland,2019,7.255,11.371,0.944,72.4,0.892,0.074,0.373,0.807,0.223
Kosovo,2009,5.891,9.008,0.83,,0.506,0.201,0.968,0.598,0.1689999999999999
United Arab Emirates,2018,6.604,11.112,0.851,67.1,0.944,0.054,,0.787,0.302
Kazakhstan,2020,6.167999999999999,10.135,0.966,65.8,0.872,-0.0559999999999999,0.6609999999999999,0.684,0.15
United Kingdom,2009,6.907,10.638,0.964,71.02,0.816,0.341,0.5589999999999999,0.846,0.231
Honduras,2016,5.648,8.593,0.774,66.8,0.85,0.08,0.7929999999999999,0.8320000000000001,0.297
Botswana,2017,3.505,9.756,0.768,58.2,0.8170000000000001,-0.248,0.731,0.6559999999999999,0.276
Lithuania,2015,5.711,10.335,0.929,65.5,0.6409999999999999,-0.254,0.924,0.595,0.276
Belgium,2018,6.892,10.844,0.93,72.0,0.8079999999999999,-0.125,0.63,0.75,0.25
Kyrgyzstan,2008,4.737,8.329,0.792,60.54,0.7190000000000001,-0.1,0.923,0.623,0.147
Ghana,2019,4.967,8.596,0.746,57.6,0.787,0.1159999999999999,0.857,0.682,0.27
El Salvador,2009,6.839,8.883,0.7340000000000001,63.88,0.6709999999999999,-0.103,0.648,0.85,0.243
Uzbekistan,2014,6.049,8.658999999999999,0.952,64.0,0.954,0.061,0.536,0.805,0.106
Georgia,2012,4.254,9.332,0.5329999999999999,64.92,0.659,-0.2689999999999999,0.321,0.5589999999999999,0.25
Bosnia and Herzegovina,2010,4.669,9.312,0.773,66.7,0.365,-0.128,0.933,0.517,0.409
Spain,2009,6.199,10.532,0.929,72.62,0.7490000000000001,-0.127,0.7979999999999999,0.752,0.336
Kyrgyzstan,2007,4.698,8.258,0.833,60.26,0.684,-0.091,0.929,0.655,0.13
Croatia,2007,5.821000000000001,10.162,0.91,67.12,0.662,-0.092,0.934,0.586,0.337
Azerbaijan,2009,4.574,9.534,0.736,63.02,0.498,-0.087,0.754,0.544,0.2339999999999999
Kyrgyzstan,2020,6.25,8.503,0.902,64.7,0.935,0.103,0.931,0.8029999999999999,0.258
Kosovo,2019,6.425,9.339,0.843,,0.841,0.247,0.92,0.7490000000000001,0.141
Belgium,2016,6.949,10.819,0.929,71.6,0.866,-0.0559999999999999,0.497,0.765,0.26
Croatia,2017,5.343,10.189,0.77,69.6,0.716,-0.104,0.892,0.655,0.316
Turkey,2013,4.888,10.091,0.795,65.12,0.541,-0.2289999999999999,0.698,0.635,0.392
Dominican Republic,2015,5.062,9.637,0.893,64.9,0.856,-0.065,0.755,0.7140000000000001,0.295
Lesotho,2019,3.512,7.926,0.79,48.7,0.716,-0.131,0.915,0.735,0.273
Guinea,2015,3.505,7.645,0.579,51.1,0.6659999999999999,0.0069999999999999,0.762,0.667,0.268
Lithuania,2011,5.432,10.167,0.911,64.7,0.5660000000000001,-0.148,0.964,0.57,0.275
United Kingdom,2008,6.986000000000001,10.689,0.954,70.74,0.759,0.331,0.5479999999999999,0.8190000000000001,0.218
Niger,2015,3.671,7.03,0.713,52.0,0.728,-0.032,0.703,0.682,0.218
Czech Republic,2018,7.034,10.583,0.929,70.3,0.79,-0.292,0.851,0.7140000000000001,0.178
Libya,2019,5.33,9.627,0.8270000000000001,62.3,0.762,-0.073,0.6859999999999999,0.7090000000000001,0.401
Bolivia,2006,5.374,8.686,0.8340000000000001,59.0,0.77,-0.044,0.794,0.7390000000000001,0.432
Congo (Kinshasa),2012,4.638999999999999,6.832000000000001,0.77,50.78,0.557,-0.035,0.807,0.634,0.23
France,2020,6.714,10.643,0.947,74.2,0.823,-0.1689999999999999,0.565,0.732,0.231
Rwanda,2006,4.215,7.111000000000001,0.718,49.88,0.915,,0.299,0.735,0.1889999999999999
Syria,2010,4.465,8.729,0.934,64.1,0.647,0.008,0.743,0.5579999999999999,0.225
Nicaragua,2018,5.819,8.647,0.8540000000000001,67.5,0.797,0.009,0.713,0.7929999999999999,0.408
Spain,2010,6.188,10.529000000000002,0.95,72.9,0.7959999999999999,-0.138,0.84,0.7240000000000001,0.322
Paraguay,2008,5.57,9.174,0.889,64.06,0.649,0.057,0.8909999999999999,0.8490000000000001,0.259
Italy,2011,6.057,10.671,0.913,72.84,0.568,-0.018,0.933,0.6579999999999999,0.266
Lebanon,2017,5.154,9.681,0.777,66.6,0.605,-0.074,0.911,0.515,0.244
Namibia,2014,4.574,9.232,0.763,55.16,0.8490000000000001,-0.183,0.79,0.7490000000000001,0.239
Panama,2017,6.568,10.324000000000002,0.912,69.5,0.9,-0.17,0.841,0.833,0.242
Guinea,2011,4.045,7.567,0.598,50.22,0.797,0.0409999999999999,0.743,0.701,0.26
Belarus,2015,5.718999999999999,9.815,0.924,65.2,0.623,-0.091,0.669,0.584,0.184
Uzbekistan,2012,6.019,8.55,0.933,63.6,0.914,-0.037,0.4629999999999999,0.7859999999999999,0.118
Philippines,2017,5.593999999999999,9.002,0.851,61.8,0.926,-0.141,0.711,0.769,0.341
Croatia,2019,5.626,10.258,0.936,70.8,0.7390000000000001,-0.1369999999999999,0.932,0.551,0.2689999999999999
Greece,2005,6.006,10.462,0.8370000000000001,70.5,0.7340000000000001,,0.861,0.6920000000000001,0.264
Peru,2008,5.129,9.142,0.777,65.82,0.638,-0.067,0.8959999999999999,0.763,0.354
Ireland,2020,7.035,11.323,0.96,72.5,0.882,0.0139999999999999,0.356,0.797,0.246
United Kingdom,2020,6.797999999999999,10.626,0.929,72.7,0.885,0.203,0.49,0.758,0.225
Germany,2015,7.037000000000001,10.844,0.926,71.3,0.889,0.178,0.412,0.765,0.203
Canada,2007,7.482,10.739,,71.66,0.93,0.249,0.406,0.872,0.257
Pakistan,2018,5.472,8.464,0.685,58.5,0.773,0.069,0.799,0.5670000000000001,0.377
Sudan,2009,4.455,8.106,0.911,53.7,0.71,0.077,0.701,0.7340000000000001,0.245
Uruguay,2008,5.664,9.671,0.879,67.72,0.8079999999999999,-0.143,0.597,0.7509999999999999,0.264
Austria,2016,7.047999999999999,10.890999999999998,0.926,72.4,0.889,0.08,0.524,0.7559999999999999,0.1969999999999999
Argentina,2010,6.441,10.066,0.927,67.3,0.73,-0.126,0.855,0.846,0.211
Turkey,2009,5.212999999999999,9.838,0.755,64.04,0.456,-0.2269999999999999,0.853,0.598,0.316
Venezuela,2010,7.478,9.717,0.932,65.7,0.768,-0.155,0.754,0.862,0.13
Bangladesh,2019,5.114,8.467,0.6729999999999999,64.8,0.902,-0.051,0.6559999999999999,0.537,0.369
Nigeria,2008,4.939,8.402999999999999,0.78,45.16,0.584,0.119,0.892,0.74,0.244
New Zealand,2014,7.306,10.592,0.942,72.48,0.932,0.348,0.273,0.848,0.1989999999999999
Malawi,2011,3.946,6.895,0.613,51.42,0.733,0.099,0.853,0.713,0.268
United Arab Emirates,2006,6.734,11.367,0.903,65.92,0.898,-0.033,0.203,0.746,0.275
South Africa,2006,5.084,9.386,0.913,48.02,0.649,-0.084,,0.802,0.223
Rwanda,2013,3.466,7.449,0.75,58.06,0.904,-0.0279999999999999,0.1169999999999999,0.76,0.1669999999999999
Benin,2008,3.667,7.915,0.382,50.9,0.7090000000000001,-0.004,0.825,0.584,0.303
Iceland,2008,6.888,10.861,0.977,72.32,0.885,0.272,0.708,0.88,0.153
Cameroon,2018,5.251,8.19,0.677,52.7,0.816,0.036,0.884,0.642,0.356
Mexico,2009,6.962999999999999,9.752,0.868,66.44,0.682,-0.076,0.764,0.8490000000000001,0.196
South Sudan,2017,2.817,,0.557,51.0,0.456,,0.7609999999999999,0.586,0.517
United States,2017,6.992000000000001,11.001,0.921,68.4,0.868,0.1969999999999999,0.6809999999999999,0.8270000000000001,0.268
Latvia,2015,5.881,10.185,0.879,65.9,0.6559999999999999,-0.077,0.8079999999999999,0.608,0.228
Iraq,2012,4.66,9.246,0.73,59.12,0.315,-0.02,0.789,0.423,0.449
Jamaica,2006,6.207999999999999,9.225,0.909,64.9,0.738,-0.004,0.946,0.7879999999999999,0.201
China,2012,5.095,9.249,0.7879999999999999,67.92,0.8079999999999999,-0.185,,0.821,0.159
Vietnam,2006,5.294,8.335,0.888,65.86,0.8859999999999999,0.015,,0.682,0.204
France,2013,6.667000000000001,10.669,0.908,72.8,0.878,-0.125,0.6990000000000001,0.8,0.205
Vietnam,2017,5.175,8.876,,67.7,,,,,
United States,2008,7.28,10.922,0.953,68.38,0.878,0.255,0.6679999999999999,0.872,0.2269999999999999
Turkey,2011,5.272,9.996,0.6920000000000001,64.64,0.446,-0.242,0.649,0.621,0.38
Slovenia,2014,5.678,10.412,0.908,70.0,0.888,0.052,0.909,0.62,0.291
Singapore,2008,6.642,11.178,0.845,74.2,0.6609999999999999,0.046,0.066,0.721,0.256
Lebanon,2005,5.4910000000000005,9.565,0.7959999999999999,64.6,0.703,,0.945,0.584,0.292
Denmark,2015,7.513999999999999,10.878,0.96,71.5,0.941,0.222,0.191,0.8290000000000001,0.218
Comoros,2012,3.956,7.987999999999999,0.7190000000000001,55.34,0.534,-0.121,0.6509999999999999,0.612,0.212
Norway,2015,7.603,11.033,0.947,72.9,0.948,0.257,0.299,0.843,0.209
Chile,2012,6.599,10.023,0.855,69.18,0.7340000000000001,0.195,0.782,0.815,0.288
Moldova,2011,5.792000000000001,9.111,0.8690000000000001,61.62,0.628,-0.0819999999999999,0.957,0.568,0.285
Thailand,2009,5.476,9.508,0.893,65.16,0.868,0.525,0.904,0.898,0.166
Portugal,2018,5.92,10.434,0.887,72.4,0.877,-0.261,0.88,0.679,0.318
Italy,2007,6.574,10.727,0.912,72.26,0.684,0.113,0.922,0.716,0.303
Malta,2017,6.676,10.635,0.937,72.2,0.924,0.253,0.69,0.721,0.302
Laos,2011,4.704,8.548,0.691,56.3,0.882,0.4589999999999999,0.5870000000000001,0.9,0.225
United Arab Emirates,2010,7.097,10.914,0.912,66.4,0.878,0.057,0.355,0.763,0.233
Uganda,2014,3.77,7.611000000000001,0.821,53.68,0.8340000000000001,0.009,0.898,0.6809999999999999,0.397
Venezuela,2005,7.17,9.313,0.955,65.4,0.838,,0.72,0.8190000000000001,0.233
Moldova,2020,5.812,9.462,0.8740000000000001,66.4,0.8590000000000001,-0.0579999999999999,0.941,0.727,0.268
Chile,2007,5.698,9.887,0.815,68.72,0.662,0.244,0.723,0.767,0.342
Libya,2017,5.647,9.491,0.823,62.3,0.779,-0.019,0.6729999999999999,0.6970000000000001,0.379
Chad,2011,4.393,7.425,0.8190000000000001,45.42,0.54,0.031,0.8759999999999999,0.591,0.289
Senegal,2015,4.617,7.995,0.7020000000000001,58.4,0.72,-0.111,0.765,0.711,0.208
Pakistan,2015,4.823,8.361,0.562,57.3,0.5870000000000001,0.085,0.7170000000000001,0.575,0.3289999999999999
Tajikistan,2012,4.497,7.821000000000001,0.7290000000000001,62.72,0.7490000000000001,-0.073,0.7170000000000001,0.7140000000000001,0.198
Benin,2013,3.479,7.963999999999999,0.5770000000000001,52.54,0.7829999999999999,-0.085,0.856,0.7020000000000001,0.216
Albania,2007,4.634,9.142,0.821,65.8,0.529,-0.009,0.875,0.5529999999999999,0.246
Uzbekistan,2017,6.421,8.782,0.942,64.8,0.985,0.123,0.465,0.8390000000000001,0.203
Benin,2017,4.853,8.021,0.436,53.9,0.727,-0.065,0.767,0.615,0.4579999999999999
Greece,2020,5.787999999999999,10.215,0.779,72.8,0.565,-0.241,0.764,0.684,0.322
Burundi,2011,3.706,6.747999999999999,0.422,50.68,0.49,-0.062,0.677,0.6890000000000001,0.19
Mozambique,2019,4.932,7.155,0.742,55.2,0.87,0.073,0.682,0.5870000000000001,0.384
Togo,2016,3.879,7.306,0.509,53.9,0.73,-0.0069999999999999,0.815,0.604,0.483
Kenya,2017,4.476,8.306000000000001,0.715,59.5,0.853,0.2339999999999999,0.8540000000000001,0.7879999999999999,0.23
Guinea,2019,4.768,7.849,0.655,55.5,0.691,0.0969999999999999,0.7559999999999999,0.685,0.473
Burundi,2008,3.563,6.718999999999999,0.291,49.02,0.26,-0.019,0.86,0.44,0.253
Jamaica,2019,6.309,9.186,0.878,67.5,0.8909999999999999,-0.1369999999999999,0.885,0.752,0.195
Jordan,2013,5.172000000000001,9.237,0.84,65.6,0.6920000000000001,-0.1169999999999999,,0.684,0.286
United Arab Emirates,2015,6.568,11.086,0.8240000000000001,66.5,0.915,0.201,,0.7609999999999999,0.296
Belarus,2011,5.225,9.812,0.91,62.88,0.6559999999999999,-0.168,0.672,0.521,0.249
Kenya,2009,4.27,8.057,0.789,54.18,0.584,0.1,0.913,0.772,0.183
Uganda,2019,4.948,7.688,0.805,56.1,0.7040000000000001,0.139,0.826,0.693,0.385
Ethiopia,2019,4.1,7.705,0.748,59.0,0.754,0.053,0.732,0.631,0.283
Liberia,2019,5.121,7.263999999999999,0.7120000000000001,56.9,0.706,0.051,0.828,0.636,0.389
Senegal,2012,3.669,7.926,0.711,57.02,0.6679999999999999,-0.036,0.852,0.7709999999999999,0.214
Philippines,2013,4.977,8.805,0.846,61.2,0.907,0.021,0.7559999999999999,0.799,0.332
Mongolia,2016,5.057,9.3,0.947,61.9,0.76,0.09,0.9,0.6940000000000001,0.171
Finland,2015,7.447999999999999,10.716,0.948,71.6,0.93,0.111,0.223,0.7509999999999999,0.191
Belarus,2012,5.749,9.83,0.902,63.46,0.645,-0.217,0.657,0.523,0.181
Tajikistan,2014,4.896,7.911,0.81,63.04,0.853,0.002,0.698,0.6559999999999999,0.196
Estonia,2009,5.138,10.144,0.8740000000000001,66.24,0.611,-0.23,0.7929999999999999,0.598,0.243
Brazil,2012,6.66,9.647,0.89,65.02,0.8490000000000001,,0.623,0.755,0.35
Hungary,2020,6.037999999999999,10.335,0.943,68.4,0.7709999999999999,-0.12,0.836,0.735,0.24
Ireland,2006,7.144,10.972,0.967,70.14,0.943,0.242,0.473,0.878,0.209
Taiwan Province of China,2014,6.363,10.798,0.87,,0.693,0.092,0.866,0.8490000000000001,0.108
Laos,2017,4.623,8.89,0.7070000000000001,58.3,0.8909999999999999,0.073,0.5920000000000001,0.873,0.344
Costa Rica,2019,6.997999999999999,9.885,0.906,71.5,0.927,-0.146,0.836,0.848,0.303
Chad,2018,4.486000000000001,7.362999999999999,0.5770000000000001,48.2,0.65,0.024,0.763,0.5529999999999999,0.544
Mali,2012,4.313,7.605,0.823,49.12,0.7040000000000001,-0.088,0.787,0.6809999999999999,0.109
Canada,2012,7.415,10.744000000000002,0.948,72.52,0.918,0.29,0.466,0.857,0.2289999999999999
New Zealand,2007,7.604,10.546,0.967,71.4,0.878,0.2789999999999999,0.295,0.8540000000000001,0.238
Portugal,2011,5.22,10.353,0.856,71.0,0.875,-0.173,0.962,0.725,0.2789999999999999
Algeria,2010,5.464,9.287,,64.5,0.593,-0.205,0.618,,
United Arab Emirates,2012,7.218,10.958,0.856,66.44,0.92,,,0.768,0.2239999999999999
Hungary,2011,4.918,10.127,0.894,65.76,0.631,-0.089,0.94,0.642,0.305
Laos,2019,5.197,8.965,0.7290000000000001,59.1,0.906,0.061,0.62,0.878,0.306
Bosnia and Herzegovina,2007,4.9,9.267,0.7659999999999999,66.04,0.342,0.006,0.926,0.613,0.296
Czech Republic,2011,6.331,10.435,0.914,68.24,0.787,-0.106,0.95,0.601,0.253
France,2015,6.358,10.682,0.8959999999999999,73.2,0.8170000000000001,-0.139,0.6409999999999999,0.7859999999999999,0.215
Laos,2007,5.364,8.307,0.79,54.44,0.867,0.478,0.58,0.861,0.136
Egypt,2011,4.174,9.24,0.753,60.16,0.59,-0.151,0.8590000000000001,0.529,0.353
Georgia,2020,5.122999999999999,9.569,0.718,64.1,0.764,-0.221,0.583,0.611,0.295
Romania,2005,5.049,9.724,0.838,64.0,0.8,,0.957,0.642,0.346
Moldova,2015,6.017,9.246,0.84,62.9,0.595,-0.09,0.943,0.59,0.281
Tunisia,2009,5.025,9.197,,64.96,0.7809999999999999,-0.119,0.722,,
Japan,2007,6.238,10.558,0.938,73.44,0.7959999999999999,-0.09,0.809,0.731,0.207
Afghanistan,2011,3.832,7.62,0.521,51.92,0.496,0.162,0.731,0.611,0.267
Mexico,2016,6.824,9.884,0.893,67.7,0.752,-0.153,0.809,0.8590000000000001,0.22
Myanmar,2020,4.431,8.554,0.7959999999999999,59.6,0.825,0.47,0.647,0.8,0.289
Djibouti,2011,4.369,7.88,0.633,54.7,0.746,-0.057,0.519,0.579,0.181
Chad,2014,3.46,7.532,0.733,46.38,0.5670000000000001,-0.07,0.8809999999999999,0.536,0.3289999999999999
Afghanistan,2013,3.572,7.725,0.484,52.56,0.578,0.061,0.823,0.621,0.273
Brazil,2010,6.837000000000001,9.607,0.906,64.5,0.8059999999999999,-0.054,0.6559999999999999,0.8170000000000001,0.25
Palestinian Territories,2017,4.628,8.485,0.8240000000000001,,0.632,-0.163,0.831,0.597,0.416
Ethiopia,2017,4.18,7.612,0.7340000000000001,58.0,0.7170000000000001,0.001,0.757,0.609,0.304
Brazil,2016,6.375,9.578,0.912,66.0,0.807,-0.1,0.7809999999999999,0.763,0.302
Argentina,2008,5.961,10.048,0.892,67.06,0.6779999999999999,-0.132,0.865,0.823,0.318
Ethiopia,2012,4.561,7.271,0.659,55.2,0.7759999999999999,-0.044,,0.6679999999999999,0.1369999999999999
Bulgaria,2018,5.099,10.007,0.924,66.8,0.7240000000000001,-0.176,0.952,0.639,0.1889999999999999
Kenya,2014,4.905,8.219,0.765,57.74,0.8190000000000001,0.172,0.8490000000000001,0.8140000000000001,0.221
Mauritius,2014,5.648,9.865,0.785,65.3,0.8240000000000001,0.176,0.879,0.8079999999999999,0.222
Belarus,2009,5.564,9.681,0.908,62.0,0.679,-0.203,0.6759999999999999,0.5660000000000001,0.223
Montenegro,2016,5.303999999999999,9.839,0.866,68.1,0.569,-0.087,0.8490000000000001,0.591,0.337
Tanzania,2019,3.64,7.886,0.687,58.0,0.85,0.1,0.589,0.726,0.243
Tanzania,2008,4.385,7.548999999999999,0.774,50.5,0.562,0.256,0.93,0.7440000000000001,0.178
Lebanon,2014,5.233,9.739,0.759,65.52,0.657,-0.012,0.939,0.5589999999999999,0.267
Italy,2020,6.488,10.563,0.89,74.0,0.718,-0.15,0.8440000000000001,0.67,0.311
Czech Republic,2016,6.736000000000001,10.518,0.931,69.3,0.85,-0.1969999999999999,0.9,0.7559999999999999,0.201
Jamaica,2014,5.311,9.152,0.8740000000000001,66.58,0.809,-0.001,0.861,0.737,0.31
Malaysia,2014,5.962999999999999,10.082,0.863,66.24,0.8079999999999999,0.239,0.845,0.77,0.261
Philippines,2006,4.67,8.562000000000001,0.795,59.8,0.828,0.063,0.841,0.8320000000000001,
Philippines,2015,5.547000000000001,8.896,0.8540000000000001,61.6,0.912,-0.051,0.755,0.805,0.351
Uganda,2007,4.456,7.419,0.845,47.46,0.708,-0.001,0.8809999999999999,0.708,0.228
Gabon,2013,3.8,9.638,0.733,56.84,0.682,-0.146,0.78,0.51,0.287
Thailand,2013,6.231,9.667,0.926,66.16,0.7809999999999999,0.456,0.925,0.846,0.141
Yemen,2018,3.0580000000000003,,0.789,56.7,0.5529999999999999,,0.7929999999999999,0.461,0.315
Guatemala,2017,6.325,9.026,0.826,64.5,0.915,-0.059,0.8,0.846,0.308
Cyprus,2020,6.26,,0.8059999999999999,74.1,0.763,,0.816,0.759,0.284
United Arab Emirates,2009,6.8660000000000005,10.975,0.885,66.28,0.8490000000000001,0.019,0.3389999999999999,0.77,0.287
Comoros,2018,3.973,8.027999999999999,0.621,57.2,0.56,0.086,0.794,0.748,0.337
Swaziland,2018,4.212,9.06,0.779,50.353,0.71,-0.178,0.6920000000000001,0.8240000000000001,0.252
Latvia,2018,5.901,10.307,0.913,66.8,0.608,-0.212,0.799,0.585,0.192
Mozambique,2015,4.55,7.141,0.6659999999999999,51.2,0.813,0.089,0.632,0.564,0.34
Chad,2007,4.141,7.359,0.479,43.66,0.295,-0.011,0.8740000000000001,0.614,0.245
Tajikistan,2017,5.829,8.036,0.6629999999999999,63.8,0.8320000000000001,0.124,0.718,0.603,0.278
Czech Republic,2013,6.698,10.42,0.888,68.52,0.726,-0.156,0.916,0.72,0.253
Mexico,2012,7.32,9.832,0.767,66.86,0.7879999999999999,-0.093,0.633,0.784,0.278
Chad,2012,4.033,7.476,0.6729999999999999,45.74,0.563,-0.034,0.884,0.527,0.316
Cameroon,2009,4.7410000000000005,8.029,0.7290000000000001,47.72,0.698,-0.017,0.925,0.593,0.25
Honduras,2012,4.602,8.53,0.779,65.94,0.7,-0.003,0.871,0.847,0.294
South Korea,2008,5.39,10.383,0.754,70.8,0.524,-0.102,0.7709999999999999,0.643,0.239
Rwanda,2018,3.5610000000000004,7.644,0.616,61.1,0.924,0.057,0.1639999999999999,0.7929999999999999,0.308
Cyprus,2006,6.238,10.566,0.878,71.44,0.836,0.018,0.7120000000000001,0.8290000000000001,0.253
Finland,2010,7.393,10.734000000000002,0.935,70.4,0.916,0.091,0.413,0.8320000000000001,0.2019999999999999
Georgia,2009,3.801,9.116,0.544,64.88,0.495,-0.233,0.535,0.492,0.242
Yemen,2012,4.061,8.236,0.682,54.3,0.706,-0.171,0.7929999999999999,0.502,0.263
Colombia,2017,6.157,9.569,0.909,67.4,0.838,-0.157,0.875,0.8370000000000001,0.299
Russia,2015,5.996,10.149,0.924,63.1,0.685,-0.171,0.913,0.679,0.13
Paraguay,2006,4.73,9.088,0.895,63.62,0.691,0.066,0.841,0.816,0.303
Ghana,2007,5.22,8.09,0.73,52.78,0.8909999999999999,0.138,0.7709999999999999,0.6859999999999999,0.217
Togo,2017,4.361000000000001,7.324,0.508,54.3,0.7170000000000001,-0.042,0.726,0.614,0.426
South Africa,2015,4.887,9.46,0.898,55.3,0.862,-0.127,0.853,0.7809999999999999,0.161
Poland,2015,6.007000000000001,10.235,0.893,68.1,0.7929999999999999,-0.093,0.81,0.7340000000000001,0.24
Brazil,2015,6.547000000000001,9.62,0.907,65.8,0.799,-0.016,0.7709999999999999,0.755,0.325
Malta,2020,6.157,,0.938,72.2,0.931,,0.675,0.601,0.411
Switzerland,2017,7.474,11.115,0.95,73.8,0.925,0.18,0.316,0.774,0.196
North Macedonia,2014,5.204,9.576,0.7929999999999999,65.053,0.645,0.035,0.861,0.637,0.307
Mali,2011,4.667,7.643,0.7959999999999999,48.76,0.823,-0.1009999999999999,0.726,0.758,0.132
Australia,2005,7.341,10.659,0.968,71.4,0.935,,0.39,0.843,0.238
Congo (Kinshasa),2015,3.903,6.971,0.767,52.1,0.574,-0.048,0.866,0.589,0.301
Gabon,2011,4.255,9.608,0.653,55.48,0.772,-0.211,0.851,0.591,0.264
Albania,2020,5.365,9.497,0.71,69.3,0.754,0.0069999999999999,0.8909999999999999,0.679,0.265
Botswana,2013,4.128,9.728,0.856,55.24,0.767,-0.154,0.7490000000000001,0.698,0.244
Serbia,2009,4.38,9.568,0.77,66.0,0.373,-0.178,0.961,0.544,0.435
Belarus,2017,5.553,9.814,0.9,65.8,0.621,-0.122,0.654,0.541,0.233
Estonia,2015,5.629,10.348,0.918,68.0,0.815,-0.1639999999999999,0.569,0.723,0.183
Israel,2017,7.331,10.57,0.916,73.1,0.768,0.145,0.7929999999999999,0.674,0.276
Mauritania,2008,4.248,8.501,0.67,53.94,0.593,-0.018,0.841,0.732,0.176
Austria,2013,7.499,10.883,0.95,71.82,0.922,0.168,0.679,0.787,0.163
Montenegro,2007,5.196000000000001,9.693,0.8320000000000001,66.2,0.512,-0.134,0.815,0.579,0.34
Pakistan,2011,5.267,8.276,0.51,56.42,0.376,0.03,0.857,0.628,0.358
Turkey,2012,5.309,10.026,0.7390000000000001,64.88,0.471,-0.216,0.7020000000000001,0.645,0.335
Palestinian Territories,2015,4.695,8.48,0.7659999999999999,,0.556,-0.153,0.774,0.594,0.369
Mexico,2011,6.91,9.81,0.8240000000000001,66.68,0.831,-0.099,0.698,0.79,0.228
Colombia,2011,6.464,9.442,0.904,65.92,0.8109999999999999,-0.073,0.847,0.8320000000000001,0.286
South Africa,2012,5.134,9.453,0.907,52.42,0.59,-0.163,0.838,0.7609999999999999,0.178
Mexico,2019,6.432,9.891,0.852,68.6,0.903,-0.141,0.809,0.8640000000000001,0.252
Luxembourg,2019,7.404,11.648,0.912,72.6,0.93,-0.045,0.39,0.789,0.212
Madagascar,2012,3.551,7.338999999999999,0.6729999999999999,56.64,0.487,-0.055,0.8540000000000001,0.69,0.1939999999999999
Myanmar,2015,4.224,8.359,0.752,58.1,0.8079999999999999,0.688,0.633,0.866,0.272
Pakistan,2012,5.132000000000001,8.289,0.542,56.64,0.367,0.165,0.8420000000000001,0.665,0.332
Zimbabwe,2013,4.69,7.985,0.799,50.96,0.5760000000000001,-0.104,0.831,0.7120000000000001,0.182
Guinea,2012,3.652,7.603,0.542,50.44,0.6459999999999999,0.001,0.794,0.677,0.285
Colombia,2013,6.607,9.512,0.901,66.36,0.841,-0.071,0.898,0.851,0.278
Australia,2018,7.1770000000000005,10.811,0.94,73.6,0.916,0.146,0.405,0.759,0.187
Algeria,2012,5.605,9.311,0.8390000000000001,64.82,0.5870000000000001,-0.172,0.69,0.604,0.23
South Africa,2014,4.828,9.464,0.8809999999999999,54.34,0.794,-0.1169999999999999,0.82,0.7979999999999999,0.243
El Salvador,2018,6.2410000000000005,9.061,0.82,66.1,0.863,-0.095,0.8009999999999999,0.86,0.27
Uganda,2016,4.2330000000000005,7.637,0.754,54.9,0.7390000000000001,0.132,0.8109999999999999,0.6679999999999999,0.41
Armenia,2009,4.178,9.111,0.68,65.1,0.441,-0.214,0.882,0.5429999999999999,0.411
Greece,2009,6.039,10.491,0.7929999999999999,71.3,0.4429999999999999,-0.293,0.959,0.649,0.254
Canada,2015,7.412999999999999,10.774,0.939,73.0,0.931,0.253,0.427,0.845,0.286
Hungary,2015,5.343999999999999,10.223,0.8590000000000001,66.4,0.5579999999999999,-0.198,0.908,0.7070000000000001,0.245
Ghana,2009,4.198,8.174,0.633,53.66,0.757,0.005,0.89,0.774,0.198
Afghanistan,2015,3.983,7.702000000000001,0.529,53.2,0.389,0.08,0.8809999999999999,0.5539999999999999,0.3389999999999999
Israel,2009,7.353,10.425,0.937,72.08,0.593,0.172,0.923,0.695,0.327
Malawi,2019,3.869,6.966,0.5489999999999999,58.3,0.765,0.004,0.68,0.537,0.348
Chile,2015,6.533,10.07,0.8270000000000001,69.6,0.769,0.0409999999999999,0.812,0.8029999999999999,0.3329999999999999
Argentina,2016,6.4270000000000005,10.051,0.883,68.4,0.848,-0.192,0.851,0.8420000000000001,0.312
Russia,2007,5.223,10.074,0.885,59.26,0.593,-0.284,0.933,0.623,0.193
Azerbaijan,2019,5.172999999999999,9.575,0.887,65.8,0.8540000000000001,-0.214,0.457,0.643,0.1639999999999999
China,2013,5.2410000000000005,9.319,0.778,68.08,0.805,-0.158,,0.836,0.142
Bulgaria,2014,4.438,9.838,0.8859999999999999,66.1,0.5760000000000001,-0.055,0.955,0.628,0.236
Botswana,2015,3.762,9.724,0.816,56.8,0.857,-0.1159999999999999,0.86,0.746,0.261
Sierra Leone,2016,4.7330000000000005,7.383999999999999,0.657,47.6,0.6809999999999999,0.106,0.863,0.584,0.456
Mauritius,2020,6.015,9.972,0.893,67.0,0.843,-0.037,0.772,0.767,0.138
Ireland,2014,7.018,10.959,0.968,71.9,0.922,0.264,0.406,0.784,0.2289999999999999
Norway,2014,7.444,11.024,0.941,72.68,0.956,0.181,0.405,0.8340000000000001,0.1939999999999999
Tanzania,2016,2.903,7.8,0.638,56.5,0.775,0.179,0.7390000000000001,0.6940000000000001,0.246
El Salvador,2016,6.14,9.025,0.794,65.5,0.8,-0.185,0.797,0.7609999999999999,0.346
Brazil,2020,6.11,9.522,0.831,66.8,0.7859999999999999,-0.053,0.7290000000000001,0.6920000000000001,0.389
Greece,2015,5.622999999999999,10.259,0.835,71.8,0.532,-0.272,0.8240000000000001,0.74,0.2769999999999999
Saudi Arabia,2008,6.811,10.722,0.823,64.04,0.532,-0.022,0.508,0.71,0.2019999999999999
Estonia,2012,5.364,10.282,0.889,67.22,0.6970000000000001,-0.192,0.7929999999999999,0.647,0.1989999999999999
Saudi Arabia,2009,6.148,10.673,0.921,64.22,0.639,-0.11,0.445,0.742,0.319
Georgia,2018,4.659,9.565,0.617,64.5,0.775,-0.233,0.755,0.573,0.244
Mozambique,2011,4.971,6.979,0.818,48.32,0.639,-0.024,0.7190000000000001,0.5920000000000001,0.243
Mali,2018,4.416,7.733,0.6920000000000001,51.7,0.737,-0.034,0.7929999999999999,0.77,0.37
Vietnam,2007,5.422000000000001,8.394,0.856,66.02,0.918,0.089,0.754,0.588,0.206
Armenia,2014,4.453,9.307,0.7390000000000001,65.84,0.506,-0.218,0.92,0.581,0.4039999999999999
Poland,2013,5.746,10.164,0.912,67.78,0.7759999999999999,-0.1369999999999999,0.916,0.784,0.242
Austria,2020,7.212999999999999,10.851,0.925,73.6,0.912,0.011,0.4639999999999999,0.769,0.206
Guinea,2013,3.902,7.619,0.5670000000000001,50.66,0.693,0.091,0.815,0.6,0.348
Cameroon,2008,4.292,8.033999999999999,0.6970000000000001,47.14,0.58,-0.069,0.945,0.6,0.312
Malta,2016,6.591,10.599,0.93,72.2,0.916,0.345,0.696,0.687,0.355
Colombia,2008,6.167999999999999,9.351,0.88,65.46,0.795,-0.042,0.763,0.8029999999999999,0.307
Panama,2011,7.247999999999999,10.059,0.8759999999999999,68.5,0.8290000000000001,0.009,0.84,0.885,0.18
Mongolia,2007,4.609,8.833,0.8809999999999999,58.82,0.7809999999999999,0.064,0.918,0.5710000000000001,0.203
Japan,2008,5.9110000000000005,10.546,0.887,73.56,0.772,-0.135,0.816,0.78,0.191
Panama,2006,6.127999999999999,9.764,0.951,67.9,0.882,-0.047,0.912,0.845,0.2319999999999999
Bahrain,2012,5.027,10.716,0.911,66.86,0.682,,0.4379999999999999,0.589,0.381
Argentina,2011,6.776,10.112,0.889,67.48,0.816,-0.174,0.755,0.84,0.2319999999999999
Bangladesh,2013,4.66,8.116,0.53,61.96,0.742,-0.016,0.743,0.619,0.246
Bosnia and Herzegovina,2019,6.016,9.609,0.873,68.1,0.722,0.079,0.963,0.633,0.238
Armenia,2006,4.289,9.044,0.682,64.8,0.52,-0.231,0.85,0.494,0.469
Ethiopia,2015,4.573,7.484,0.626,57.0,0.8029999999999999,0.113,0.5670000000000001,0.7140000000000001,0.237
Australia,2008,7.254,10.719,0.947,71.88,0.916,0.305,0.431,0.826,0.218
Mauritius,2018,5.882000000000001,10.008,0.909,66.4,0.867,-0.073,0.785,0.774,0.158
Venezuela,2018,5.006,,0.887,66.5,0.611,,0.828,0.759,0.374
Bolivia,2011,5.779,8.831,0.8170000000000001,61.34,0.782,-0.039,0.825,0.7609999999999999,0.361
Belarus,2010,5.526,9.758,0.918,62.3,0.7,-0.163,0.706,0.5670000000000001,0.208
Kenya,2015,4.3580000000000005,8.249,0.777,58.3,0.7929999999999999,0.221,0.853,0.7020000000000001,0.172
Ireland,2017,7.06,11.265999999999998,0.943,72.2,0.905,0.216,0.337,0.833,0.213
Bangladesh,2020,5.28,8.472000000000001,0.7390000000000001,65.3,0.777,-0.009,0.742,0.5820000000000001,0.332
Austria,2006,7.122000000000001,10.842,0.936,70.76,0.941,0.302,0.49,0.823,0.174
Serbia,2013,5.102,9.638,0.828,66.68,0.5329999999999999,-0.1,0.908,0.529,0.4029999999999999
Estonia,2020,6.452999999999999,10.459,0.958,69.0,0.954,-0.0819999999999999,0.3979999999999999,0.807,0.188
Slovenia,2018,6.249,10.546,0.941,71.1,0.942,-0.119,0.8390000000000001,0.644,0.275
Lesotho,2016,3.808,7.952999999999999,0.7979999999999999,46.6,0.7290000000000001,-0.099,0.743,0.732,0.27
Benin,2011,3.87,7.904,0.477,51.98,0.773,-0.142,0.8490000000000001,0.626,0.2189999999999999
Burkina Faso,2010,4.0360000000000005,7.452999999999999,0.773,49.7,0.5870000000000001,-0.036,0.767,0.59,0.217
Czech Republic,2017,6.79,10.558,0.901,69.8,0.8320000000000001,-0.177,0.867,0.7390000000000001,0.2269999999999999
Mexico,2015,6.236000000000001,9.867,0.7609999999999999,67.4,0.7190000000000001,-0.152,0.708,0.745,0.237
Japan,2019,5.908,10.632,0.878,75.1,0.8059999999999999,-0.255,0.617,0.743,0.1939999999999999
Mozambique,2017,4.28,7.157,0.6779999999999999,53.2,0.823,-0.03,0.682,0.648,0.353
Azerbaijan,2010,4.218999999999999,9.569,0.687,63.4,0.501,-0.123,0.858,0.527,0.272
Zambia,2008,4.73,7.917999999999999,0.624,47.18,0.7170000000000001,0.0559999999999999,0.89,0.7440000000000001,0.206
India,2011,4.635,8.387,0.5529999999999999,57.7,0.838,-0.038,0.908,0.648,0.2319999999999999
Netherlands,2016,7.541,10.899,0.926,72.1,0.907,0.239,0.433,0.838,0.215
Azerbaijan,2015,5.147,9.606,0.7859999999999999,64.6,0.764,-0.198,0.616,0.607,0.206
Cyprus,2018,6.276,10.567,0.826,73.7,0.794,-0.022,0.848,0.75,0.298
Australia,2015,7.309,10.779000000000002,0.952,72.7,0.922,0.332,0.357,0.79,0.21
Tunisia,2014,4.763999999999999,9.26,0.68,65.82,0.589,-0.2319999999999999,0.7829999999999999,0.503,0.321
Morocco,2016,5.386,8.869,0.655,65.3,0.8170000000000001,-0.237,0.7170000000000001,0.713,0.205
Kosovo,2020,6.294,,0.792,,0.88,,0.91,0.726,0.201
Taiwan Province of China,2006,6.189,10.613,0.882,68.68,0.63,-0.03,0.846,0.8140000000000001,0.094
Sudan,2011,4.314,8.204,0.818,54.28,0.583,-0.024,0.6629999999999999,0.586,0.249
South Korea,2006,5.332000000000001,10.31,0.775,70.2,0.715,-0.052,0.799,0.6509999999999999,0.3379999999999999
Iran,2007,5.336,9.497,0.718,62.76,0.5329999999999999,0.0559999999999999,0.872,0.626,0.361
Liberia,2014,4.571000000000001,7.391,0.708,53.28,0.59,-0.03,0.8690000000000001,0.5429999999999999,0.4429999999999999
Congo (Kinshasa),2009,3.984,6.728,0.733,49.34,0.556,-0.022,0.8240000000000001,0.491,0.283
Bulgaria,2011,3.875,9.795,0.86,65.8,0.664,-0.228,0.948,0.534,0.271
Saudi Arabia,2007,7.267,10.689,0.892,63.86,0.622,0.005,,0.772,0.2319999999999999
Cambodia,2010,4.141,7.907,0.6970000000000001,58.5,0.94,0.35,0.8959999999999999,0.774,0.422
Niger,2012,3.798,6.987,0.7,50.44,0.7340000000000001,-0.064,0.777,0.603,0.142
Bahrain,2020,6.172999999999999,10.62,0.848,69.7,0.945,0.132,,0.79,0.297
South Africa,2007,5.204,9.426,0.7879999999999999,48.64,0.69,-0.158,0.8590000000000001,0.735,0.21
Guyana,2007,5.992999999999999,8.773,0.8490000000000001,57.26,0.6940000000000001,0.11,0.836,0.768,0.296
Burkina Faso,2011,4.785,7.487,0.71,50.24,0.725,-0.105,0.7070000000000001,0.579,0.205
Portugal,2013,5.158,10.312,0.867,71.4,0.7879999999999999,-0.118,0.946,0.7,0.348
Zimbabwe,2015,3.703,7.992000000000001,0.736,53.8,0.667,-0.123,0.81,0.715,0.179
Azerbaijan,2007,4.5680000000000005,9.386,0.753,62.26,0.522,-0.207,0.871,0.521,0.284
Angola,2011,5.589,8.946,0.723,52.5,0.584,0.055,0.911,0.659,0.361
Qatar,2012,6.611000000000001,11.523,0.838,67.34,0.924,0.162,,0.7659999999999999,0.322
Sri Lanka,2019,4.213,9.479,0.815,67.4,0.8240000000000001,0.051,0.863,0.816,0.315
Czech Republic,2020,6.897,10.53,0.964,71.3,0.906,-0.127,0.884,0.8320000000000001,0.29
Hungary,2013,4.914,10.14,0.877,66.08,0.674,-0.113,0.912,0.706,0.307
New Zealand,2010,7.224,10.52,0.976,72.0,0.918,0.254,0.321,0.847,0.235
Thailand,2012,6.3,9.645,0.906,65.94,0.847,0.38,0.909,0.855,0.138
Afghanistan,2008,3.724,7.37,0.451,50.8,0.718,0.168,0.882,0.518,0.258
Yemen,2015,2.983,7.858,0.669,54.3,0.61,-0.139,0.8290000000000001,0.507,0.321
Mauritius,2011,5.477,9.767,0.8,64.7,0.848,0.191,0.847,0.738,0.253
Mexico,2005,6.581,9.788,0.903,66.2,0.8140000000000001,,0.764,0.82,0.2189999999999999
Austria,2010,7.303,10.861,0.914,71.4,0.8959999999999999,0.131,0.546,0.815,0.156
Nicaragua,2019,6.113,8.595,0.8740000000000001,67.8,0.883,0.0289999999999999,0.622,0.835,0.337
Haiti,2010,3.766,7.383999999999999,0.5539999999999999,32.3,0.373,0.216,0.848,0.555,0.293
Uruguay,2015,6.627999999999999,9.932,0.8909999999999999,68.7,0.917,-0.032,0.6729999999999999,0.893,0.3
Malawi,2016,3.4760000000000004,6.932,0.524,56.2,0.81,0.066,0.8240000000000001,0.603,0.325
Iran,2017,4.717,9.584,0.7140000000000001,65.7,0.731,0.218,0.715,0.6940000000000001,0.439
Sri Lanka,2011,4.181,9.193,0.8420000000000001,66.2,0.823,0.145,0.76,0.825,0.175
Nicaragua,2011,5.386,8.484,0.8,65.72,0.779,-0.02,0.76,0.7909999999999999,0.309
Slovakia,2016,5.992999999999999,10.31,0.945,68.3,0.7,-0.061,0.917,0.774,0.2319999999999999
Russia,2016,5.855,10.149,0.911,63.5,0.7140000000000001,-0.181,0.925,0.636,0.142
Costa Rica,2014,7.247000000000001,9.775,0.914,70.5,0.927,0.01,0.7879999999999999,0.8370000000000001,0.29
Tajikistan,2007,4.432,7.609,0.727,61.08,0.818,0.0,0.659,0.6940000000000001,0.133
Niger,2014,4.181,7.027,0.753,51.48,0.688,-0.046,0.605,0.6779999999999999,0.205
Norway,2012,7.678,11.017,0.948,72.24,0.947,0.147,0.368,0.823,0.213
Azerbaijan,2017,5.152,9.555,0.787,65.2,0.731,-0.225,0.653,0.5920000000000001,0.198
Honduras,2009,6.033,8.474,0.8240000000000001,65.26,0.6609999999999999,0.119,0.857,0.8029999999999999,0.261
Nigeria,2007,4.89,8.363999999999999,0.718,44.64,0.635,0.136,0.918,0.826,0.141
Italy,2017,6.199,10.64,0.92,73.4,0.633,-0.035,0.867,0.6609999999999999,0.3229999999999999
Armenia,2016,4.325,9.333,0.7090000000000001,66.3,0.611,-0.17,0.921,0.594,0.437
Japan,2013,5.959,10.57,0.924,74.34,0.821,-0.147,0.65,0.794,0.175
Pakistan,2010,5.7860000000000005,8.27,0.5710000000000001,56.2,0.364,0.3,0.852,0.6509999999999999,0.372
Brazil,2011,7.037999999999999,9.637,0.916,64.76,0.8340000000000001,-0.072,0.662,0.807,0.268
Belarus,2018,5.234,9.846,0.905,66.1,0.644,-0.174,0.718,0.45,0.236
Mauritania,2007,4.149,8.533,0.682,53.66,0.573,-0.072,0.586,0.733,0.174
Comoros,2010,3.812,7.965,0.721,54.7,0.529,0.005,0.741,0.728,0.178
Thailand,2014,6.985,9.672,0.933,66.38,0.9,0.5529999999999999,0.92,0.8109999999999999,0.1689999999999999
Mongolia,2012,4.885,9.158,0.919,60.8,0.688,0.107,0.932,0.6890000000000001,0.181
Uganda,2009,4.612,7.505,0.852,49.42,0.76,-0.037,0.84,0.64,0.296
Rwanda,2008,4.363,7.239,0.486,53.04,0.752,0.017,0.286,0.643,0.221
Somaliland region,2009,4.9910000000000005,,0.88,,0.746,,0.513,0.8190000000000001,0.1119999999999999
New Zealand,2016,7.226,10.623,0.937,72.8,0.927,0.266,0.278,0.833,0.207
Afghanistan,2017,2.662,7.697,0.491,52.8,0.427,-0.121,0.954,0.496,0.371
Denmark,2005,8.019,10.851,0.972,69.6,0.971,,0.237,0.86,0.154
Hong Kong S.A.R. of China,2019,5.659,11.0,0.856,,0.727,0.067,0.432,0.599,0.358
Burkina Faso,2017,4.647,7.627000000000001,0.785,53.4,0.614,-0.063,0.727,0.585,0.354
Kazakhstan,2013,5.835,10.074,0.889,61.76,0.782,-0.2289999999999999,0.82,0.674,0.1639999999999999
Congo (Kinshasa),2011,4.517,6.797000000000001,0.7440000000000001,50.34,0.631,-0.025,0.856,0.617,0.208
Kosovo,2010,5.1770000000000005,9.033,0.708,,0.451,0.17,0.967,0.695,0.118
Kuwait,2013,6.48,10.985,0.862,65.5,0.7509999999999999,,,0.752,0.283
Taiwan Province of China,2020,6.751,,0.901,,0.799,,0.711,0.845,0.083
Slovenia,2020,6.462000000000001,10.478,0.953,71.7,0.958,-0.081,0.797,0.61,0.314
Denmark,2017,7.593999999999999,10.916,0.952,72.1,0.955,0.155,0.181,0.8240000000000001,0.206
New Zealand,2015,7.417999999999999,10.608,0.987,72.6,0.942,0.3289999999999999,0.186,0.8340000000000001,0.16
Morocco,2015,5.162999999999999,8.872,0.606,65.0,0.713,-0.228,0.8420000000000001,0.6609999999999999,0.262
Latvia,2011,4.967,10.029,0.836,64.86,0.564,-0.002,0.934,0.563,0.222
Egypt,2009,5.066,9.213,0.7440000000000001,59.94,0.611,-0.1,0.8009999999999999,0.642,0.3389999999999999
India,2013,4.428,8.478,0.5529999999999999,58.3,0.74,0.084,0.8320000000000001,0.68,0.33
Ukraine,2016,4.029,9.353,0.885,64.0,0.503,0.011,0.8909999999999999,0.589,0.22
Jordan,2014,5.332999999999999,9.222,0.816,65.9,0.7290000000000001,-0.104,,0.66,0.313
Iceland,2020,7.575,10.824000000000002,0.983,73.0,0.949,0.16,0.644,0.863,0.172
Estonia,2018,6.091,10.472,0.933,68.6,0.8859999999999999,-0.141,0.621,0.795,0.163
Nepal,2010,4.35,7.765,0.779,59.2,0.519,0.092,0.911,0.672,0.226
Honduras,2018,5.908,8.642999999999999,0.8270000000000001,67.2,0.872,0.099,0.804,0.872,0.287
Togo,2019,4.178999999999999,7.375,0.539,55.1,0.617,0.065,0.737,0.59,0.444
Palestinian Territories,2019,4.4830000000000005,,0.833,,0.653,,0.8290000000000001,0.625,0.4
Mongolia,2015,4.9830000000000005,9.308,0.906,61.7,0.6859999999999999,0.173,0.9,0.653,0.208
Madagascar,2013,3.816,7.334,0.6729999999999999,57.06,0.48,-0.019,0.868,0.7340000000000001,0.241
Comoros,2009,3.4760000000000004,7.952000000000001,0.629,54.36,0.508,-0.074,0.838,0.672,0.1669999999999999
Guinea,2014,3.412,7.632000000000001,0.638,50.88,0.684,0.006,0.705,0.629,0.351
Senegal,2011,3.834,7.904,0.602,56.56,0.6409999999999999,-0.16,0.87,0.752,0.18
Colombia,2006,6.025,9.277,0.91,65.22,0.805,-0.015,0.8079999999999999,0.8,0.326
Latvia,2020,6.229,10.3,0.928,67.4,0.82,-0.078,0.809,0.7140000000000001,0.2019999999999999
Iraq,2017,4.462,9.303,0.695,59.6,0.628,0.0,0.757,0.505,0.591
India,2009,4.522,8.281,0.653,56.98,0.679,-0.026,0.895,0.7709999999999999,0.301
Madagascar,2017,4.079,7.367999999999999,0.626,58.7,0.57,-0.033,0.847,0.752,0.375
Lebanon,2008,4.595,9.743,0.7170000000000001,64.96,0.524,0.035,0.927,0.527,0.365
Senegal,2010,4.372,7.917000000000001,0.76,56.1,0.777,-0.077,0.851,0.769,0.143
Russia,2014,6.037000000000001,10.171,0.932,62.68,0.7440000000000001,-0.265,0.8690000000000001,0.688,0.151
Uganda,2011,4.8260000000000005,7.586,0.882,51.22,0.733,0.032,0.83,0.6779999999999999,0.254
Russia,2018,5.513999999999999,10.191,0.909,64.3,0.7290000000000001,-0.147,0.865,0.6729999999999999,0.1989999999999999
Sweden,2020,7.314,10.838,0.936,72.8,0.951,0.091,0.203,0.7659999999999999,0.222
Taiwan Province of China,2012,6.126,10.716,0.825,,0.698,0.022,0.8029999999999999,0.821,0.14
Kazakhstan,2016,5.534,10.095,0.928,63.4,0.7829999999999999,-0.036,0.7020000000000001,0.7020000000000001,0.155
Australia,2020,7.1370000000000005,10.76,0.937,74.2,0.905,0.21,0.491,0.769,0.205
Morocco,2019,5.057,8.925,0.535,66.2,0.757,-0.244,0.757,0.589,0.41
Israel,2020,7.195,10.538,0.959,73.7,0.831,-0.049,0.748,0.621,0.243
Nicaragua,2016,6.013,8.668,0.853,66.9,0.7170000000000001,0.039,0.731,0.805,0.38
Guinea,2018,5.252000000000001,7.822999999999999,0.63,54.4,0.731,0.092,0.778,0.7440000000000001,0.44
Senegal,2017,4.683,8.072000000000001,0.7440000000000001,59.2,0.687,-0.044,0.825,0.746,0.291
Armenia,2011,4.26,9.182,0.705,65.36,0.465,-0.225,0.875,0.475,0.4589999999999999
Belarus,2006,5.658,9.489,0.918,61.1,0.7070000000000001,-0.246,0.708,0.605,0.2689999999999999
Mongolia,2010,4.586,8.92,0.904,60.2,0.631,0.099,0.928,0.7120000000000001,0.15
Kyrgyzstan,2009,5.069,8.345,0.855,60.82,0.6990000000000001,-0.14,0.8959999999999999,0.607,0.165
Sweden,2011,7.382000000000001,10.814,0.921,71.98,0.941,0.161,0.2689999999999999,0.815,0.179
Italy,2014,6.027,10.599,0.898,72.96,0.624,-0.065,0.92,0.716,0.356
Netherlands,2010,7.502000000000001,10.864,0.957,71.4,0.921,0.349,0.3989999999999999,0.853,0.206
Egypt,2012,4.204,9.24,0.737,60.32,0.452,-0.138,0.88,0.527,0.3979999999999999
Togo,2011,2.9360000000000004,7.146,0.303,51.58,0.584,-0.07,0.8320000000000001,0.48,0.395
China,2011,5.037,9.179,0.787,67.76,0.8240000000000001,-0.186,,0.82,0.134
Congo (Brazzaville),2018,5.49,8.136000000000001,0.621,57.9,0.6990000000000001,-0.092,0.738,0.588,0.4479999999999999
Luxembourg,2017,7.061,11.634,0.905,72.6,0.903,0.044,0.33,0.7659999999999999,0.184
Kenya,2010,4.256,8.111,0.805,55.5,0.635,0.019,0.918,0.8190000000000001,0.123
Italy,2019,6.445,10.655,0.838,73.8,0.7090000000000001,-0.0819999999999999,0.866,0.631,0.3279999999999999
United States,2014,7.151,10.956,0.902,68.62,0.866,0.221,0.7020000000000001,0.8340000000000001,0.281
Dominican Republic,2013,5.016,9.525,0.878,64.46,0.889,0.021,0.752,0.7929999999999999,0.295
Romania,2012,5.167000000000001,9.965,0.74,65.64,0.645,-0.1119999999999999,0.959,0.556,0.3429999999999999
Sierra Leone,2006,3.628,7.136,0.561,40.3,0.679,0.1009999999999999,0.836,0.505,0.381
Paraguay,2011,5.6770000000000005,9.278,0.8690000000000001,64.62,0.6659999999999999,0.191,0.7559999999999999,0.81,0.19
Guatemala,2008,6.414,8.904,0.866,61.42,0.63,0.206,0.7959999999999999,0.8340000000000001,0.2339999999999999
Benin,2018,5.82,8.059,0.504,54.3,0.713,0.002,0.747,0.647,0.4679999999999999
Mongolia,2019,5.563,9.418,0.946,62.5,0.711,0.149,0.873,0.7070000000000001,0.1669999999999999
Argentina,2007,6.073,10.018,0.862,66.94,0.653,-0.141,0.8809999999999999,0.828,0.2789999999999999
Hungary,2010,4.725,10.106,0.8959999999999999,65.6,0.514,-0.145,0.983,0.6559999999999999,0.235
Austria,2018,7.396,10.928,0.912,73.0,0.904,0.053,0.523,0.752,0.226
Venezuela,2013,6.553,9.739,0.8959999999999999,65.82,0.642,-0.22,0.8370000000000001,0.84,0.238
Nepal,2014,4.975,7.947999999999999,0.7859999999999999,60.0,0.7120000000000001,0.121,0.841,0.614,0.287
Kazakhstan,2006,5.476,9.804,0.872,58.2,0.731,-0.2739999999999999,0.865,0.669,0.185
Pakistan,2008,4.414,8.271,0.373,55.4,0.335,0.1,0.848,0.655,0.321
Mauritania,2012,4.673,8.495,0.763,55.14,0.487,-0.021,0.7070000000000001,0.782,0.1639999999999999
Montenegro,2012,5.218999999999999,9.726,0.7040000000000001,67.42,0.462,-0.192,0.755,0.574,0.379
Paraguay,2014,5.119,9.36,0.959,64.98,0.759,-0.002,0.762,0.944,0.216
Vietnam,2019,5.4670000000000005,8.992,0.848,68.1,0.952,-0.126,0.7879999999999999,0.7509999999999999,0.186
Egypt,2007,5.541,9.135,0.6859999999999999,59.82,0.609,-0.121,,0.665,0.355
Chile,2017,6.32,10.072,0.88,69.8,0.79,-0.02,0.836,0.838,0.291
Myanmar,2018,4.4110000000000005,8.523,0.774,59.0,0.906,0.49,0.647,0.777,0.3
Algeria,2014,6.355,9.335,0.818,65.14,,,,0.626,0.177
Netherlands,2013,7.407,10.857,0.925,71.76,0.919,0.305,0.505,0.867,0.235
North Macedonia,2007,4.494,9.416,0.8109999999999999,64.095,0.439,0.08,0.87,0.603,0.251
Turkmenistan,2017,5.229,9.561,0.908,61.8,0.72,0.066,,0.521,0.35
Laos,2006,5.0760000000000005,8.251,0.807,53.92,0.925,0.439,0.688,0.8859999999999999,0.163
Benin,2015,3.625,7.987999999999999,0.434,53.1,0.733,-0.027,0.85,0.5920000000000001,0.373
Peru,2006,4.811,8.988999999999999,0.875,65.34,0.6679999999999999,-0.071,0.895,0.6970000000000001,0.42
Nepal,2006,4.567,7.616,0.8740000000000001,57.2,0.6890000000000001,,0.897,0.7170000000000001,0.171
Niger,2006,3.737,6.888,0.677,46.36,0.75,0.076,0.755,0.755,0.179
Kosovo,2014,5.0,9.129,0.706,,0.441,0.012,0.775,0.636,0.206
Ecuador,2014,5.946000000000001,9.399,0.831,67.44,0.7190000000000001,-0.1669999999999999,0.6609999999999999,0.8590000000000001,0.306
Laos,2020,5.284,8.96,0.66,59.5,0.915,0.141,0.748,0.8220000000000001,0.358
Mauritania,2016,4.472,8.526,0.785,56.4,0.467,-0.175,0.8420000000000001,0.735,0.222
Madagascar,2014,3.676,7.34,0.655,57.48,0.529,-0.023,0.7909999999999999,0.748,0.192
Gabon,2019,4.914,9.607,0.763,60.2,0.736,-0.203,0.846,0.693,0.413
Indonesia,2009,5.472,8.975,0.779,60.26,0.784,0.191,0.911,0.865,0.193
Guatemala,2013,5.985,8.953,0.83,63.18,0.884,0.045,0.8170000000000001,0.867,0.3329999999999999
Bulgaria,2010,3.912,9.765,0.843,65.7,0.545,-0.144,0.941,0.546,0.238
India,2006,5.348,8.145,0.7070000000000001,55.72,0.774,,0.855,0.687,0.1989999999999999
Zimbabwe,2009,4.056,7.563,0.8059999999999999,45.42,0.411,-0.078,0.931,0.736,0.218
South Korea,2017,5.874,10.621,0.807,73.3,0.5379999999999999,0.0139999999999999,0.851,0.623,0.235
Montenegro,2013,5.074,9.76,0.736,67.58,0.502,-0.176,0.693,0.539,0.331
Romania,2011,5.023,9.94,0.753,65.42,0.65,-0.14,0.964,0.5429999999999999,0.294
Philippines,2012,5.002,8.756,0.813,61.0,0.914,0.053,0.7709999999999999,0.865,0.351
South Korea,2013,5.959,10.52,0.797,72.18,0.642,-0.05,0.8320000000000001,0.6759999999999999,0.1889999999999999
Kyrgyzstan,2010,4.996,8.329,0.885,61.1,0.72,-0.072,0.926,0.65,0.123
Nepal,2018,4.91,8.087,0.768,63.5,0.77,0.122,0.742,0.537,0.387
Mali,2009,3.977,7.622000000000001,0.733,47.78,0.634,0.008,0.8190000000000001,0.76,0.15
Bahrain,2010,5.937,10.706,0.877,66.3,0.862,-0.001,0.715,0.685,0.423
Serbia,2015,5.318,9.649,0.816,67.0,0.546,-0.062,0.8590000000000001,0.496,0.303
France,2010,6.797999999999999,10.654000000000002,0.943,72.2,0.85,-0.104,0.623,0.79,0.261
Morocco,2013,5.142,8.829,0.597,64.4,0.5720000000000001,-0.21,0.7709999999999999,0.784,0.239
Mozambique,2006,4.595,6.776,0.879,44.8,0.684,0.0409999999999999,0.758,0.623,0.327
Kenya,2006,4.223,8.039,0.909,50.22,0.616,-0.02,0.86,0.705,0.198
Laos,2008,5.044,8.366,0.807,54.96,0.8859999999999999,0.416,0.637,0.8290000000000001,0.2019999999999999
Malawi,2018,3.335,6.949,0.528,57.6,0.799,0.073,0.7659999999999999,0.586,0.365
Pakistan,2009,5.207999999999999,8.277000000000001,0.522,55.8,0.3879999999999999,0.077,0.8740000000000001,0.639,0.349
Palestinian Territories,2014,4.722,8.457,0.775,,0.657,-0.147,0.804,0.565,0.38
Togo,2006,3.202,7.077999999999999,0.435,49.26,0.628,-0.0069999999999999,0.85,0.615,0.348
Kazakhstan,2015,5.95,10.098,0.931,62.8,0.74,-0.037,0.7140000000000001,0.73,0.174
Sudan,2014,4.138999999999999,8.317,0.8109999999999999,55.12,0.39,-0.063,0.794,0.541,0.303
Japan,2011,6.263,10.532,0.917,73.98,0.8140000000000001,-0.052,0.7340000000000001,0.7759999999999999,0.181
India,2008,5.146,8.22,0.684,56.56,0.7559999999999999,-0.072,0.8909999999999999,0.674,0.259
Hungary,2014,5.181,10.183,0.845,66.24,0.494,-0.15,0.855,0.6509999999999999,0.238
Denmark,2011,7.787999999999999,10.848,0.962,70.62,0.935,0.298,0.22,0.769,0.175
Cambodia,2007,4.156000000000001,7.829,0.675,56.1,0.8190000000000001,0.1159999999999999,0.879,,0.32
Australia,2016,7.25,10.791,0.942,73.0,0.922,0.239,0.3989999999999999,0.7909999999999999,0.236
Sri Lanka,2008,4.431,9.021,0.816,65.94,0.8340000000000001,0.163,0.861,0.79,0.153
Czech Republic,2015,6.608,10.496,0.911,68.8,0.8079999999999999,-0.146,0.8859999999999999,0.7509999999999999,0.206
Congo (Kinshasa),2017,4.311,6.966,0.67,52.9,0.7040000000000001,0.068,0.809,0.551,0.4039999999999999
Bhutan,2014,4.939,9.167,0.88,59.9,0.8340000000000001,0.268,0.65,0.8590000000000001,0.324
Malawi,2012,4.279,6.885,0.604,52.44,0.637,0.1689999999999999,0.8859999999999999,0.816,0.2
Tajikistan,2015,5.124,7.945,0.8440000000000001,63.2,0.847,0.022,0.742,0.6890000000000001,0.196
Trinidad and Tobago,2006,5.832000000000001,10.224,0.887,61.76,0.84,0.141,0.917,0.7979999999999999,0.2289999999999999
Panama,2009,7.034,9.93,0.905,68.2,0.721,0.0139999999999999,0.889,0.883,0.144
Georgia,2010,4.102,9.184,0.54,64.8,0.5579999999999999,-0.248,0.46,0.502,0.243
Armenia,2015,4.348,9.334,0.723,66.0,0.551,-0.203,0.901,0.594,0.4379999999999999
North Macedonia,2017,5.234,9.65,0.8,65.303,0.752,-0.059,0.856,0.502,0.299
Jordan,2018,4.638999999999999,9.196,0.8,66.8,0.762,-0.186,,,
Uzbekistan,2011,5.739,8.493,0.924,63.4,0.934,0.042,0.522,0.787,0.123
United Kingdom,2015,6.515,10.712,0.936,71.7,0.833,0.3,0.456,0.7979999999999999,0.2189999999999999
Cameroon,2006,3.851,8.007,0.69,45.98,0.653,-0.009,0.907,0.606,0.271
Angola,2014,3.795,9.017,0.755,54.6,0.375,-0.168,0.8340000000000001,0.579,0.368
Saudi Arabia,2016,6.474,10.792,0.89,65.7,0.774,-0.132,,0.7929999999999999,0.266
Guatemala,2018,6.627000000000001,9.042,0.841,64.8,0.91,-0.01,0.765,0.871,0.262
Turkey,2014,5.58,10.124,0.863,65.36,0.649,-0.024,0.764,0.483,0.377
Poland,2018,6.111000000000001,10.366,0.863,69.3,0.87,-0.254,0.72,0.742,0.176
Lebanon,2015,5.172000000000001,9.699,0.742,65.6,0.597,0.073,0.889,0.568,0.243
Singapore,2018,6.375,11.49,0.903,76.8,0.916,-0.066,0.0969999999999999,0.787,0.107
India,2012,4.72,8.427999999999999,0.511,58.0,0.609,0.067,0.83,0.629,0.295
Bolivia,2019,5.674,9.074,0.784,63.9,0.8809999999999999,-0.086,0.857,0.7509999999999999,0.419
Kuwait,2006,6.0760000000000005,11.228,0.919,63.96,0.769,-0.236,0.3279999999999999,0.846,0.182
Denmark,2013,7.588999999999999,10.851,0.965,71.06,0.92,0.215,0.17,0.862,0.195
Haiti,2008,3.846,7.417000000000001,0.679,40.38,0.465,0.261,0.812,0.608,0.256
Indonesia,2019,5.347,9.377,0.802,62.3,0.866,0.555,0.861,0.877,0.302
Uganda,2013,3.71,7.595,0.878,52.86,0.763,0.053,0.82,0.6759999999999999,0.346
Somaliland region,2010,4.657,,0.8290000000000001,,0.82,,0.471,0.769,0.083
Iceland,2016,7.51,10.904000000000002,0.985,73.0,0.952,0.281,0.7190000000000001,0.8740000000000001,0.158
Croatia,2010,5.596,10.091,0.7959999999999999,67.9,0.564,-0.237,0.973,0.607,0.259
Mauritania,2017,4.678,8.533,0.779,56.7,0.527,-0.153,0.777,0.637,0.272
Italy,2016,5.955,10.622,0.927,73.2,0.624,-0.081,0.903,0.685,0.3389999999999999
Rwanda,2011,4.097,7.369,0.57,56.82,0.8290000000000001,-0.039,0.161,0.665,0.154
Germany,2016,6.874,10.858,0.906,71.6,0.871,0.148,0.446,0.738,0.187
Bahrain,2016,6.17,10.781,0.863,68.1,0.889,0.088,,0.787,0.283
Croatia,2015,5.205,10.104,0.768,68.4,0.6940000000000001,-0.096,0.8490000000000001,0.609,0.294
Uruguay,2016,6.171,9.946,0.9,68.8,0.8859999999999999,-0.072,0.6759999999999999,0.8420000000000001,0.283
Lebanon,2006,4.6530000000000005,9.568,0.853,64.72,0.67,0.069,0.902,0.5479999999999999,0.32
Georgia,2019,4.892,9.617,0.675,64.3,0.8109999999999999,-0.26,0.647,0.604,0.244
Uzbekistan,2009,5.261,8.4,0.905,62.76,,0.013,0.61,0.736,0.159
Austria,2017,7.294,10.908,0.906,72.7,0.89,0.133,0.518,0.748,0.18
Japan,2009,5.845,10.491,0.888,73.68,0.73,-0.21,0.74,0.785,0.1689999999999999
Saudi Arabia,2020,6.56,10.701,0.89,66.9,0.884,-0.111,,0.754,0.251
Uzbekistan,2008,5.311,8.339,0.894,62.32,0.831,-0.023,,0.7140000000000001,0.187
Indonesia,2012,5.367999999999999,9.114,0.8340000000000001,60.84,0.77,0.354,0.962,0.897,0.2289999999999999
Egypt,2005,5.167999999999999,9.036,0.848,59.7,0.8170000000000001,,,0.735,0.346
Nigeria,2017,5.322,8.555,0.733,49.3,0.826,0.124,0.835,0.725,0.236
Palestinian Territories,2006,4.716,8.213,0.818,61.78,0.547,,0.858,0.497,0.431
Afghanistan,2019,2.375,7.697,0.42,52.4,0.3939999999999999,-0.108,0.924,0.351,0.502
Costa Rica,2006,7.082000000000001,9.565,0.937,69.94,0.882,0.06,0.7979999999999999,0.868,0.236
Cameroon,2012,4.245,8.065,0.743,49.1,0.7659999999999999,-0.032,0.898,0.618,0.284
Mali,2010,3.762,7.642,0.7509999999999999,48.4,0.7490000000000001,-0.0279999999999999,0.8109999999999999,0.797,0.162
Namibia,2007,4.886,9.059,0.828,49.68,0.7809999999999999,-0.1009999999999999,0.8390000000000001,0.8109999999999999,0.16
Turkmenistan,2009,6.568,8.988999999999999,0.924,59.44,,-0.102,,0.7809999999999999,0.152
Honduras,2011,4.961,8.508,0.7659999999999999,65.72,0.7829999999999999,0.095,0.884,0.816,0.307
South Korea,2016,5.971,10.593,0.8109999999999999,73.0,0.591,0.026,0.862,0.6759999999999999,0.233
United Kingdom,2012,6.881,10.664,0.935,71.46,0.889,0.371,0.425,0.8440000000000001,0.184
Honduras,2010,5.8660000000000005,8.49,0.8029999999999999,65.5,0.6459999999999999,0.105,0.82,0.797,0.26
Japan,2012,5.968,10.549,0.905,74.16,0.753,,0.6920000000000001,0.777,0.171
Belgium,2019,6.772,10.853,0.884,72.2,0.7759999999999999,-0.172,0.672,0.733,0.244
Kenya,2011,4.405,8.142999999999999,0.846,56.06,0.7090000000000001,0.022,0.923,0.76,0.228
Slovakia,2011,5.945,10.196,0.917,67.04,0.727,0.01,0.907,0.637,0.287
Burkina Faso,2019,4.7410000000000005,7.691,0.6829999999999999,54.4,0.6779999999999999,-0.004,0.7290000000000001,0.691,0.365
Chile,2014,6.843999999999999,10.059,0.862,69.46,0.733,0.217,0.758,0.87,0.276
United Kingdom,2016,6.824,10.724,0.954,71.9,0.821,0.25,0.4579999999999999,0.7759999999999999,0.23
Malawi,2007,4.891,6.742000000000001,0.6,46.26,0.91,0.2019999999999999,0.691,0.727,0.176
El Salvador,2008,5.191,8.908,0.747,63.56,0.636,-0.078,0.735,0.8420000000000001,0.2319999999999999
Panama,2015,6.606,10.255,0.883,69.3,0.847,-0.0069999999999999,0.81,0.8009999999999999,0.264
Lithuania,2020,6.391,10.504,0.953,68.5,0.8240000000000001,-0.122,0.8290000000000001,0.66,0.2019999999999999
Iran,2015,4.75,9.449,0.5720000000000001,65.1,0.78,0.176,0.6990000000000001,0.645,0.52
Tanzania,2011,4.074,7.649,0.883,53.04,0.736,-0.046,0.816,0.765,0.145
Iran,2005,5.308,9.393,0.7659999999999999,62.0,0.6509999999999999,,0.636,0.608,0.456
Nicaragua,2013,5.772,8.568999999999999,0.868,66.16,0.8590000000000001,0.039,0.636,0.8390000000000001,0.271
Nepal,2012,4.2330000000000005,7.846,0.7340000000000001,59.6,0.638,0.07,0.883,0.736,0.231
Romania,2009,5.367999999999999,9.949,0.812,64.96,0.606,-0.196,0.967,0.5479999999999999,0.27
Zambia,2019,3.307,8.155,0.638,55.8,0.8109999999999999,0.077,0.8320000000000001,0.743,0.3939999999999999
El Salvador,2014,5.857,8.986,0.7979999999999999,65.0,0.778,-0.1939999999999999,0.7809999999999999,0.8370000000000001,0.33
Albania,2018,5.004,9.518,0.684,68.7,0.8240000000000001,0.009,0.899,0.713,0.319
China,2020,5.771,9.702,0.8079999999999999,69.9,0.8909999999999999,-0.103,,0.789,0.245
Nigeria,2018,5.252000000000001,8.548,0.741,49.7,0.79,-0.01,0.866,0.805,0.256
Pakistan,2007,5.671,8.277000000000001,0.479,55.0,0.396,0.089,0.794,0.6829999999999999,0.31
Sweden,2010,7.496,10.79,0.97,71.9,0.905,0.141,0.253,0.833,0.2
Chile,2019,5.942,10.095,0.8690000000000001,70.0,0.659,-0.103,0.86,0.809,0.337
Cyprus,2015,5.439,10.445,0.77,73.1,0.628,0.114,0.893,0.747,0.3829999999999999
Dominican Republic,2011,5.397,9.475,0.872,64.02,0.848,0.0139999999999999,0.7879999999999999,0.809,0.3
Botswana,2019,3.471,9.785,0.774,59.6,0.833,-0.239,0.792,0.7120000000000001,0.273
Kosovo,2013,6.126,9.113,0.721,,0.568,0.115,0.935,0.6920000000000001,0.203
New Zealand,2008,7.381,10.528,0.944,71.6,0.893,0.298,0.3339999999999999,0.8540000000000001,0.2319999999999999
Slovenia,2019,6.665,10.563,0.949,71.4,0.945,-0.102,0.785,0.679,0.228
Lithuania,2016,5.8660000000000005,10.373,0.938,66.1,0.614,-0.266,0.949,0.594,0.25
Vietnam,2010,5.296,8.535,0.787,66.5,0.831,-0.006,0.743,0.685,0.216
Azerbaijan,2006,4.728,9.17,0.8540000000000001,61.88,0.772,-0.235,0.774,0.512,0.276
Lithuania,2013,5.596,10.263,0.913,65.1,0.556,-0.237,0.936,0.581,0.294
Mali,2014,3.975,7.638,0.843,49.84,0.652,-0.037,0.6579999999999999,0.741,0.186
Mauritania,2011,4.785,8.481,0.75,54.82,0.5670000000000001,0.052,0.747,0.762,0.175
Slovenia,2006,5.811,10.403,0.936,68.0,0.936,0.043,0.708,0.652,0.307
Norway,2019,7.442,11.061,0.942,73.3,0.954,0.111,0.271,0.823,0.195
Honduras,2017,6.02,8.624,0.843,67.0,0.898,0.072,0.7829999999999999,0.8420000000000001,0.248
Tunisia,2015,5.132000000000001,9.261,0.609,66.0,0.711,-0.226,0.815,0.573,0.32
Libya,2015,5.615,9.308,0.868,62.3,0.775,-0.044,,0.7040000000000001,0.369
Belgium,2013,7.104,10.784,0.909,71.16,0.8909999999999999,0.017,0.574,0.797,0.217
Mauritania,2018,4.314,8.526,0.802,57.0,0.467,-0.1119999999999999,0.711,0.6629999999999999,0.276
Taiwan Province of China,2015,6.45,10.842,0.885,,0.701,0.019,0.857,0.8320000000000001,0.129
Zimbabwe,2018,3.616,8.049,0.775,55.6,0.763,-0.068,0.8440000000000001,0.71,0.212
Ireland,2010,7.257000000000001,10.879,0.973,71.5,0.856,0.348,0.618,0.8759999999999999,0.201
Gabon,2012,3.972,9.621,0.736,56.16,0.5660000000000001,-0.195,0.81,0.47,0.266
Hong Kong S.A.R. of China,2011,5.474,10.887,0.846,,0.894,0.235,0.245,0.7340000000000001,0.196
Netherlands,2007,7.452000000000001,10.880999999999998,0.944,70.8,0.8959999999999999,0.344,0.445,0.818,0.213
North Macedonia,2016,5.346,9.64,0.871,65.225,0.706,0.08,0.87,0.639,0.292
Sri Lanka,2017,4.331,9.44,0.823,67.0,0.8270000000000001,0.094,0.8440000000000001,0.795,0.27
Niger,2013,3.716,7.002000000000001,0.696,50.96,0.825,-0.077,0.711,0.65,0.208
Ecuador,2010,5.837999999999999,9.244,0.8390000000000001,66.8,0.723,-0.063,0.8059999999999999,0.826,0.22
Finland,2016,7.66,10.74,0.954,71.7,0.948,-0.027,0.25,0.797,0.182
Mongolia,2011,5.031000000000001,9.061,0.948,60.5,0.7,0.151,0.931,0.6920000000000001,0.153
Mexico,2017,6.41,9.893,0.8,68.0,0.861,-0.2019999999999999,0.8009999999999999,0.843,0.231
Israel,2007,6.841,10.428,0.868,71.44,0.6829999999999999,0.2189999999999999,0.868,0.696,0.32
Egypt,2020,4.472,9.383,0.6729999999999999,62.3,0.77,-0.1119999999999999,,0.599,0.442
Ghana,2018,5.004,8.555,0.7609999999999999,57.2,0.8170000000000001,0.062,0.846,0.747,0.25
Russia,2006,4.964,9.991,0.895,58.68,0.643,-0.307,0.935,0.611,0.2319999999999999
Tunisia,2010,5.131,9.222,0.863,65.1,0.624,-0.135,0.732,0.725,0.249
Serbia,2018,5.936,9.762,0.853,68.2,0.74,-0.1,0.8640000000000001,0.5589999999999999,0.296
Mongolia,2020,6.011,9.396,0.918,62.7,0.718,0.141,0.843,0.636,0.26
Ireland,2011,7.007000000000001,10.878,0.977,71.6,0.952,0.3829999999999999,0.59,0.865,0.19
Bahrain,2019,7.098,10.715,0.878,69.3,0.907,0.048,,0.762,0.317
India,2014,4.424,8.538,0.621,58.6,0.809,-0.026,0.8320000000000001,0.711,0.285
Tajikistan,2018,5.497000000000001,8.082,0.875,64.1,,-0.065,0.578,0.695,0.22
Malta,2014,6.452000000000001,10.486,0.941,72.08,0.904,0.4039999999999999,0.67,0.652,0.352
Ivory Coast,2009,4.197,8.209,0.667,45.78,0.76,-0.153,0.902,0.604,0.186
Bangladesh,2007,4.607,7.838999999999999,0.514,59.44,0.605,0.04,0.8059999999999999,0.635,0.313
Guatemala,2012,5.856,8.935,0.802,62.82,0.865,0.02,0.821,0.863,0.349
Uruguay,2013,6.444,9.904,0.917,68.42,0.888,-0.043,0.586,0.826,0.253
Ghana,2020,5.319,8.59,0.643,58.0,0.8240000000000001,0.2,0.847,0.713,0.253
Colombia,2018,5.984,9.579,0.871,67.7,0.851,-0.148,0.855,0.825,0.301
Cambodia,2011,4.1610000000000005,7.96,0.716,58.88,0.927,0.418,0.775,0.799,0.308
Guatemala,2011,5.742999999999999,8.923,0.768,62.46,0.763,0.009,0.863,0.8440000000000001,0.289
Kyrgyzstan,2011,4.921,8.374,0.8909999999999999,61.52,0.748,-0.155,0.932,0.6809999999999999,0.151
Italy,2013,6.009,10.608,0.916,72.92,0.499,-0.102,0.943,0.779,0.357
Jordan,2012,5.132000000000001,9.261,0.8290000000000001,65.3,0.693,-0.16,,0.565,0.345
Argentina,2015,6.697,10.083,0.926,68.2,0.8809999999999999,-0.174,0.851,0.8590000000000001,0.305
Peru,2013,5.783,9.369,0.797,66.84,0.703,-0.066,0.87,0.778,0.39
Syria,2012,3.164,8.562999999999999,0.588,60.54,0.467,0.316,0.6729999999999999,0.4639999999999999,0.705
Liberia,2016,3.355,7.324,0.643,54.5,0.763,0.033,0.901,0.636,0.509
Kazakhstan,2007,5.718999999999999,9.878,0.861,58.7,0.8059999999999999,-0.246,0.865,0.6509999999999999,0.179
Iran,2020,4.865,,0.757,66.6,0.6,,0.71,0.5820000000000001,0.47
Netherlands,2015,7.324,10.882,0.879,72.0,0.904,0.261,0.412,0.8340000000000001,0.2019999999999999
Zimbabwe,2020,3.16,7.829,0.7170000000000001,56.8,0.643,-0.009,0.789,0.703,0.346
Afghanistan,2012,3.783,7.705,0.521,52.24,0.531,0.236,0.7759999999999999,0.71,0.268
Lithuania,2008,5.553999999999999,10.199,0.914,63.82,0.621,-0.259,0.961,0.5329999999999999,0.276
Taiwan Province of China,2018,6.4670000000000005,,0.8959999999999999,,0.741,,0.736,0.848,0.093
Cambodia,2006,3.569,7.746,0.7929999999999999,55.3,,0.255,0.8290000000000001,0.7190000000000001,0.341
Singapore,2016,6.033,11.419,0.925,76.2,0.904,0.143,0.047,0.8240000000000001,0.111
Uganda,2012,4.309,7.592,0.885,52.04,0.649,0.081,0.838,0.754,0.265
Czech Republic,2014,6.484,10.446,0.878,68.66,0.8,-0.168,0.897,0.6779999999999999,0.235
Lithuania,2007,5.808,10.163,0.941,63.48,0.59,-0.282,0.966,0.589,0.2789999999999999
Malta,2010,5.774,10.361,0.908,71.6,0.802,0.287,,0.6970000000000001,0.375
Ivory Coast,2019,5.392,8.564,0.679,50.1,0.736,-0.017,0.799,0.674,0.425
Tunisia,2013,5.246,9.24,0.648,65.64,0.536,-0.207,0.8859999999999999,0.517,0.239
Canada,2017,7.415,10.792,0.934,73.4,0.945,0.163,0.362,0.863,0.218
Paraguay,2019,5.653,9.448,0.892,65.9,0.8759999999999999,0.0279999999999999,0.882,0.858,0.275
Sierra Leone,2017,4.09,7.404,0.652,49.2,0.711,0.079,0.848,0.6,0.495
Chad,2006,3.435,7.36,0.7240000000000001,43.18,0.306,0.0279999999999999,0.961,0.58,0.263
Belgium,2008,7.117000000000001,10.789,0.923,70.44,0.887,0.0069999999999999,0.652,0.813,0.242
Mongolia,2018,5.465,9.386,0.942,62.3,0.696,0.054,0.8490000000000001,0.654,0.192
Netherlands,2008,7.631,10.899,0.944,71.0,0.883,0.365,0.419,0.7879999999999999,0.182
France,2016,6.475,10.69,0.885,73.4,0.787,-0.091,0.623,0.773,0.27
Argentina,2019,6.086,10.0,0.8959999999999999,69.0,0.8170000000000001,-0.211,0.83,0.826,0.319
Vietnam,2014,5.085,8.716000000000001,0.792,67.14,,0.0,,0.701,0.241
Iceland,2013,7.501,10.809,0.967,72.84,0.923,0.306,0.713,0.87,0.156
Ivory Coast,2015,4.445,8.392999999999999,0.7040000000000001,47.7,0.8,-0.053,0.7440000000000001,0.664,0.347
Peru,2017,5.711,9.434,0.83,67.8,0.8270000000000001,-0.154,0.895,0.789,0.3939999999999999
Mexico,2013,7.443,9.832,0.759,67.04,0.7390000000000001,-0.165,0.615,0.79,0.223
Morocco,2012,4.97,8.799,0.6759999999999999,64.1,0.757,-0.187,0.845,0.687,0.281
Dominican Republic,2008,4.842,9.391,0.85,63.24,0.848,-0.045,0.728,0.732,0.3289999999999999
Lebanon,2009,5.206,9.83,0.736,65.08,0.665,0.071,0.937,0.528,0.401
Guatemala,2009,6.452000000000001,8.891,0.8340000000000001,61.76,0.643,0.1969999999999999,0.755,0.8290000000000001,0.24
Costa Rica,2009,7.615,9.639,0.9,69.76,0.8859999999999999,0.065,0.787,0.8759999999999999,0.217
Egypt,2019,4.328,9.373,0.772,62.0,0.774,-0.1989999999999999,,0.517,0.313
Chad,2013,3.508,7.497999999999999,0.7140000000000001,46.06,0.488,-0.045,0.882,0.462,0.314
Albania,2015,4.607,9.403,0.639,67.8,0.7040000000000001,-0.081,0.885,0.688,0.35
Haiti,2018,3.615,7.477,0.5379999999999999,55.7,0.591,0.422,0.72,0.584,0.359
Angola,2013,3.937,9.005,0.722,53.9,0.41,-0.104,0.816,0.6579999999999999,0.371
Kenya,2018,4.656000000000001,8.344,0.7070000000000001,60.1,0.821,0.291,0.8440000000000001,0.759,0.237
Italy,2018,6.517,10.65,0.913,73.6,0.65,-0.021,0.888,0.649,0.4029999999999999
Uganda,2020,4.641,7.684,0.8,56.5,0.687,0.147,0.878,0.6990000000000001,0.425
Costa Rica,2017,7.225,9.858,0.922,71.1,0.936,-0.076,0.742,0.8740000000000001,0.275
Kuwait,2009,6.585,11.065,0.926,64.44,0.8190000000000001,0.0069999999999999,0.675,0.718,0.252
Estonia,2016,5.65,10.374,0.938,68.2,0.843,-0.149,0.639,0.726,0.177
Indonesia,2017,5.098,9.3,0.7959999999999999,61.9,0.865,0.488,0.9,0.863,0.319
Uruguay,2010,6.062,9.782,0.893,68.0,0.8320000000000001,-0.158,0.471,0.807,0.231
Maldives,2018,5.198,9.826,0.913,70.6,0.855,0.024,,,
Nepal,2008,4.441,7.686,0.818,58.2,0.618,0.291,0.9,0.745,0.153
Burkina Faso,2006,3.801,7.367000000000001,0.7959999999999999,46.66,0.588,0.0279999999999999,0.7979999999999999,0.716,0.266
Portugal,2015,5.081,10.347,0.866,71.8,0.8,-0.163,0.941,0.657,0.371
Moldova,2010,5.59,9.054,0.847,61.3,0.598,-0.088,0.929,0.584,0.278
Iraq,2018,4.886,9.274,0.764,60.2,0.598,-0.068,0.887,0.605,0.482
United Arab Emirates,2011,7.119,10.935,0.8809999999999999,66.42,0.889,0.071,,0.763,0.216
Ecuador,2012,5.961,9.344,0.785,67.12,0.825,-0.084,0.73,0.847,0.3329999999999999
Belgium,2014,6.855,10.795,0.944,71.28,0.861,0.001,0.512,0.7979999999999999,0.252
Latvia,2014,5.729,10.144,0.8809999999999999,65.64,0.6709999999999999,-0.043,0.804,0.652,0.226
Japan,2014,5.922999999999999,10.575,0.9,74.52,0.838,-0.139,0.617,0.742,0.1889999999999999
Pakistan,2005,5.225,8.218,0.591,54.2,0.63,,0.8440000000000001,,0.237
Ghana,2010,4.606,8.225,0.7390000000000001,54.1,0.8909999999999999,0.074,0.875,0.7829999999999999,0.184
Honduras,2006,5.397,8.462,0.933,64.54,0.65,0.089,0.8440000000000001,0.858,0.155
United Arab Emirates,2014,6.54,11.041,,66.48,,,,,
France,2011,6.959,10.671,0.921,72.4,0.903,-0.102,0.627,0.7809999999999999,0.281
Uruguay,2014,6.561,9.932,0.902,68.56,0.904,-0.073,0.5329999999999999,0.8690000000000001,0.251
Albania,2013,4.551,9.359,0.759,67.24,0.632,-0.127,0.863,0.634,0.3379999999999999
Bangladesh,2015,4.633,8.216000000000001,0.601,62.8,0.815,-0.068,0.721,0.635,0.226
Panama,2013,6.8660000000000005,10.184,0.8959999999999999,68.9,0.8109999999999999,0.018,0.8140000000000001,0.8690000000000001,0.226
Nigeria,2020,5.502999999999999,8.484,0.7390000000000001,50.5,0.713,0.099,0.913,0.7440000000000001,0.316
Yemen,2017,3.254,7.577999999999999,0.79,55.9,0.595,-0.147,,0.455,0.295
Kuwait,2016,5.947,10.91,0.845,66.3,0.841,-0.075,,0.688,0.315
Lebanon,2018,5.167000000000001,9.656,0.8290000000000001,67.1,0.607,-0.066,0.907,0.4639999999999999,0.271
Yemen,2013,4.218,8.242,0.6940000000000001,54.3,0.5429999999999999,-0.179,0.885,0.5579999999999999,0.266
Bolivia,2018,5.916,9.066,0.8270000000000001,63.6,0.863,-0.093,0.7859999999999999,0.742,0.387
Mongolia,2008,4.493,8.904,0.92,59.28,0.484,0.068,0.962,0.586,0.173
Liberia,2017,4.424,7.324,0.685,55.3,0.733,-0.012,0.867,0.6679999999999999,0.391
Vietnam,2016,5.062,8.82,0.8759999999999999,67.5,0.894,-0.09,0.799,0.536,0.223
Sri Lanka,2007,4.415,8.97,0.838,65.86,0.736,0.11,0.847,0.7090000000000001,0.22
Germany,2005,6.62,10.689,0.963,70.2,0.847,,0.7809999999999999,0.7759999999999999,0.1969999999999999
Bolivia,2008,5.297999999999999,8.756,0.785,60.0,0.726,-0.092,0.8009999999999999,0.7809999999999999,0.392
Canada,2014,7.303999999999999,10.775,0.918,72.84,0.939,0.27,0.442,0.833,0.259
Ecuador,2019,5.809,9.339,0.8079999999999999,68.8,0.83,-0.115,0.8390000000000001,0.8109999999999999,0.374
Switzerland,2009,7.525,11.055,0.938,72.26,0.8909999999999999,0.125,0.342,0.8140000000000001,0.2019999999999999
Syria,2013,2.688,8.396,0.585,58.76,0.455,0.225,0.6629999999999999,0.387,0.622
Sri Lanka,2012,4.225,9.279,0.8240000000000001,66.3,0.8,0.161,0.823,0.8640000000000001,0.1969999999999999
Turkey,2020,4.862,10.219,0.857,67.6,0.51,-0.111,0.774,0.384,0.44
El Salvador,2010,6.74,8.9,0.757,64.2,0.669,-0.064,0.6940000000000001,0.8140000000000001,0.302
Zambia,2020,4.838,8.117,0.767,56.3,0.75,0.0559999999999999,0.81,0.691,0.345
Mali,2013,3.676,7.599,0.82,49.48,0.665,-0.053,0.755,0.7240000000000001,0.193
Dominican Republic,2014,5.3870000000000005,9.582,0.8909999999999999,64.68,0.905,-0.02,0.76,0.7979999999999999,0.3
Belgium,2017,6.928,10.834,0.922,71.8,0.857,0.054,0.5429999999999999,0.7859999999999999,0.2339999999999999
Nicaragua,2010,5.687,8.436,0.863,65.5,0.792,0.018,0.802,0.805,0.268
Namibia,2019,4.436,9.173,0.845,56.8,0.7390000000000001,-0.174,0.879,0.672,0.256
Albania,2012,5.51,9.347,0.785,66.96,0.602,-0.1689999999999999,0.848,0.607,0.271
Slovakia,2010,6.0520000000000005,10.169,0.92,66.8,0.636,-0.1009999999999999,0.907,0.6659999999999999,0.2769999999999999
Mali,2016,4.016,7.695,0.836,50.7,0.696,-0.07,0.862,0.807,0.305
Zambia,2006,4.824,7.817,0.7979999999999999,44.26,0.721,-0.006,0.785,0.701,0.226
Ethiopia,2016,4.298,7.547000000000001,0.7190000000000001,57.5,0.7440000000000001,0.038,0.703,0.727,0.254
Slovakia,2014,6.138999999999999,10.244000000000002,0.924,67.76,0.635,-0.126,0.914,0.703,0.267
Guatemala,2014,6.5360000000000005,8.98,0.8340000000000001,63.54,0.843,0.108,0.804,0.835,0.305
South Korea,2011,6.947,10.475,0.809,71.66,0.682,-0.048,0.8270000000000001,0.6559999999999999,0.168
Luxembourg,2012,6.964,11.567,0.914,72.06,0.917,0.059,0.4029999999999999,0.815,0.2269999999999999
Sri Lanka,2013,4.365,9.305,0.809,66.4,0.8340000000000001,0.268,0.8420000000000001,0.86,0.208
Serbia,2016,5.752999999999999,9.688,0.895,67.4,0.614,-0.068,0.89,0.535,0.298
Latvia,2012,5.125,10.082,0.851,65.12,0.564,-0.038,0.895,0.56,0.2319999999999999
United Kingdom,2018,7.233,10.743,0.928,72.3,0.838,0.226,0.4039999999999999,0.7829999999999999,0.228
Cameroon,2011,4.434,8.048,0.738,48.7,0.8170000000000001,-0.0289999999999999,0.87,0.598,0.272
Ireland,2018,6.962000000000001,11.332,0.938,72.3,0.861,0.144,0.362,0.8109999999999999,0.213
South Korea,2012,6.002999999999999,10.494000000000002,0.775,71.92,0.618,,0.8440000000000001,0.664,0.206
Brazil,2013,7.14,9.668,0.91,65.28,0.785,-0.095,0.7070000000000001,0.818,0.276
Algeria,2011,5.317,9.297,0.81,64.66,0.53,-0.181,0.638,0.55,0.255
United States,2009,7.158,10.888,0.912,68.54,0.831,0.201,0.665,0.843,0.262
Czech Republic,2005,6.439,10.324000000000002,0.919,67.0,0.865,,0.901,0.723,0.258
Vietnam,2009,5.303999999999999,8.482999999999999,0.815,66.34,0.8340000000000001,-0.062,0.838,0.583,0.19
Philippines,2014,5.313,8.85,0.813,61.4,0.902,-0.015,0.787,0.813,0.3339999999999999
Brazil,2017,6.332999999999999,9.583,0.905,66.2,0.765,-0.175,0.794,0.716,0.308
Argentina,2006,6.313,9.942,0.938,66.82,0.733,-0.157,0.852,0.825,0.3279999999999999
Indonesia,2008,4.815,8.943,0.675,60.12,0.596,0.1639999999999999,0.968,0.774,0.239
Malawi,2015,3.868,6.935,0.494,55.5,0.8009999999999999,0.0579999999999999,0.835,0.633,0.26
Poland,2010,5.8870000000000005,10.085,0.955,67.3,0.795,0.002,0.905,0.737,0.2339999999999999
Dominican Republic,2007,5.081,9.372,0.848,62.96,0.8859999999999999,-0.008,0.772,0.767,0.26
Sweden,2019,7.398,10.882,0.934,72.7,0.942,0.091,0.25,0.826,0.2019999999999999
Yemen,2016,3.826,7.715,0.775,55.1,0.5329999999999999,-0.151,,0.469,0.228
Honduras,2008,5.42,8.52,0.828,65.02,0.687,0.223,0.863,0.789,0.206
Ukraine,2010,5.058,9.374,0.884,62.2,0.484,-0.1889999999999999,0.954,0.513,0.2269999999999999
Greece,2010,5.84,10.433,0.868,71.5,0.484,-0.303,0.954,0.634,0.292
Taiwan Province of China,2008,5.547999999999999,10.606,0.83,69.14,0.642,-0.017,0.785,0.794,0.1689999999999999
Netherlands,2014,7.321000000000001,10.867,0.909,71.88,0.91,0.331,0.457,0.868,0.221
Montenegro,2015,5.125,9.81,0.74,67.9,0.583,-0.144,0.7809999999999999,0.58,0.337
Portugal,2014,5.127000000000001,10.325,0.862,71.6,0.847,-0.126,0.941,0.705,0.358
Singapore,2013,6.533,11.357,0.8079999999999999,75.46,0.8270000000000001,0.115,0.242,0.77,0.148
Sri Lanka,2006,4.345,8.912,0.8640000000000001,65.78,0.7240000000000001,0.062,0.838,0.757,0.216
Norway,2006,7.416,11.031,0.959,71.32,0.96,0.109,0.397,0.8320000000000001,0.1969999999999999
Turkmenistan,2019,5.474,9.651,0.982,62.6,0.892,0.285,,0.51,0.183
Israel,2006,7.172999999999999,10.389,0.927,71.12,0.8170000000000001,,0.905,0.696,0.308
Belgium,2020,6.839,10.771,0.904,72.4,0.767,-0.1639999999999999,0.634,0.647,0.26
Latvia,2008,5.145,10.112,0.855,63.88,0.63,-0.203,0.926,0.639,0.215
Myanmar,2016,4.623,8.408,0.7929999999999999,58.4,0.877,0.679,0.607,0.804,0.302
Italy,2012,5.839,10.638,0.8690000000000001,72.88,0.57,0.113,0.908,0.67,0.3879999999999999
Sweden,2009,7.266,10.74,0.903,71.76,0.8640000000000001,0.221,0.292,0.82,0.151
Kazakhstan,2008,5.886,9.898,0.8390000000000001,59.2,0.727,-0.221,0.899,0.675,0.16
Kosovo,2015,5.077,9.182,0.805,,0.561,0.181,0.851,0.753,0.18
Belgium,2012,6.935,10.784,0.927,71.04,0.855,-0.05,0.758,0.82,0.238
Uganda,2018,4.322,7.66,0.74,55.7,0.7290000000000001,0.079,0.856,0.685,0.39
Togo,2015,3.768,7.277,0.479,53.5,0.772,-0.069,0.733,0.599,0.416
Egypt,2017,3.929,9.307,0.638,61.4,0.593,-0.152,,0.539,0.414
Moldova,2018,5.682,9.423,0.892,65.0,0.8240000000000001,-0.084,0.929,0.5820000000000001,0.27
Nicaragua,2017,6.476,8.7,0.838,67.2,0.922,0.01,0.6729999999999999,0.85,0.308
Sri Lanka,2014,4.268,9.344,0.805,66.5,0.868,0.299,0.7909999999999999,0.843,0.187
Azerbaijan,2016,5.303999999999999,9.564,0.777,64.9,0.713,-0.204,0.607,0.598,0.191
Russia,2011,5.388999999999999,10.129,0.883,61.42,0.626,-0.2789999999999999,0.935,0.601,0.165
Russia,2009,5.158,10.044,0.908,60.42,0.617,-0.283,0.954,0.5660000000000001,0.1689999999999999
Gabon,2018,4.783,9.599,0.785,59.7,0.7190000000000001,-0.1969999999999999,0.823,0.6409999999999999,0.418
Thailand,2017,5.939,9.765,0.877,67.0,0.923,0.212,0.884,0.816,0.2319999999999999
Mongolia,2013,4.913,9.248,0.935,61.1,0.748,0.136,0.928,0.649,0.179
Armenia,2007,4.882,9.181,0.76,64.9,0.605,-0.251,0.8170000000000001,0.507,0.412
Belgium,2011,7.111000000000001,10.783,0.937,70.92,0.88,-0.0139999999999999,0.711,0.835,0.225
Costa Rica,2013,7.158,9.751,0.902,70.3,0.898,0.018,0.813,0.85,0.278
Venezuela,2019,5.081,,0.888,66.7,0.626,,0.8390000000000001,0.7609999999999999,0.351
Botswana,2008,5.4510000000000005,9.59,0.8320000000000001,49.86,0.858,-0.1639999999999999,0.8059999999999999,0.731,0.218
United States,2016,6.803999999999999,10.986,0.897,68.5,0.758,0.144,0.7390000000000001,0.8059999999999999,0.264
Mexico,2020,5.964,9.782,0.779,68.9,0.873,-0.119,0.778,0.81,0.292
Vietnam,2018,5.296,8.934,0.8320000000000001,67.9,0.909,-0.0409999999999999,0.8079999999999999,0.6920000000000001,0.191
Afghanistan,2016,4.22,7.697,0.5589999999999999,53.0,0.523,0.042,0.7929999999999999,0.565,0.348
Lithuania,2019,6.064,10.518,0.918,67.9,0.78,-0.251,0.7829999999999999,0.5660000000000001,0.276
Venezuela,2017,5.071000000000001,9.073,0.8959999999999999,66.3,0.636,-0.1689999999999999,0.8440000000000001,0.726,0.363
Malaysia,2018,5.339,10.223,0.789,67.0,0.875,0.127,0.894,0.8240000000000001,0.2
Denmark,2009,7.683,10.824000000000002,0.939,70.24,0.949,0.264,0.206,0.7490000000000001,0.2339999999999999
Burkina Faso,2015,4.419,7.568,0.705,52.4,0.659,0.004,0.693,0.579,0.359
Palestinian Territories,2008,4.386,8.276,0.6659999999999999,62.015,0.358,-0.07,0.753,0.5710000000000001,0.4029999999999999
Kenya,2012,4.547,8.161,0.831,56.62,0.628,0.066,0.911,0.7070000000000001,0.1939999999999999
Tajikistan,2013,4.967,7.87,0.701,62.88,0.693,0.063,0.764,0.677,0.17
Kazakhstan,2011,5.736000000000001,9.997,0.905,60.72,0.878,-0.235,0.802,0.695,0.154
South Korea,2020,5.792999999999999,10.648,0.8079999999999999,74.2,0.711,-0.106,0.665,0.64,0.247
United States,2010,7.164,10.905,0.926,68.7,0.828,0.244,0.69,0.861,0.231
Ghana,2008,4.965,8.152000000000001,0.622,53.22,0.838,0.12,0.863,0.7170000000000001,0.172
China,2009,4.454,8.996,0.7979999999999999,67.42,0.7709999999999999,-0.16,,0.7859999999999999,0.162
Switzerland,2019,7.694,11.136,0.949,74.4,0.913,0.036,0.294,0.7979999999999999,0.171
Burundi,2018,3.775,6.635,0.485,53.4,0.6459999999999999,-0.024,0.599,0.6659999999999999,0.363
Pakistan,2016,5.549,8.394,0.627,57.7,0.634,0.095,0.7929999999999999,0.648,0.332
Romania,2018,6.151,10.26,0.818,67.2,0.845,-0.217,0.921,0.735,0.298
Belgium,2010,6.854,10.779000000000002,0.931,70.8,0.807,0.022,0.6970000000000001,0.828,0.24
Dominican Republic,2010,4.735,9.456,0.86,63.8,0.8240000000000001,-0.075,0.78,0.787,0.282
Greece,2011,5.372000000000001,10.339,0.852,71.56,0.528,-0.316,0.941,0.591,0.3229999999999999
Zambia,2018,4.041,8.167,0.718,55.3,0.7909999999999999,0.048,0.8109999999999999,0.703,0.351
United Kingdom,2019,7.157,10.751,0.943,72.5,0.8540000000000001,0.271,0.485,0.775,0.251
Ethiopia,2020,4.549,7.711,0.823,59.5,0.769,0.188,0.784,0.669,0.252
Kuwait,2017,6.093999999999999,10.837,0.853,66.5,0.884,-0.005,,0.6920000000000001,0.307
Ecuador,2011,5.795,9.304,0.818,66.96,0.7879999999999999,-0.155,0.7020000000000001,0.862,0.271
Turkey,2019,4.872,10.246,0.792,67.2,0.631,-0.136,0.76,0.422,0.368
Morocco,2018,4.897,8.914,0.5539999999999999,65.9,0.773,-0.2339999999999999,0.843,0.638,0.416
Belarus,2019,5.821000000000001,9.86,0.917,66.4,0.657,-0.186,0.546,0.591,0.19
Syria,2008,5.323,8.652000000000001,0.7120000000000001,63.9,0.6609999999999999,0.122,0.68,0.609,0.3379999999999999
Uzbekistan,2019,6.154,8.853,0.915,65.4,0.97,0.304,0.511,0.845,0.22
Costa Rica,2012,7.272,9.74,0.902,70.1,0.929,0.046,0.794,0.897,0.263
Latvia,2006,4.71,10.032,0.884,63.16,0.6409999999999999,-0.2289999999999999,0.937,0.654,0.2339999999999999
United Kingdom,2014,6.757999999999999,10.697,0.91,71.62,0.857,0.355,0.484,0.794,0.251
Guatemala,2015,6.465,9.003,0.823,63.9,0.8690000000000001,0.051,0.8220000000000001,0.851,0.311
Peru,2012,5.825,9.322,0.764,66.66,0.703,-0.079,0.867,0.757,0.3979999999999999
Denmark,2020,7.515,10.91,0.947,73.0,0.938,0.052,0.214,0.818,0.2269999999999999
Panama,2016,6.117999999999999,10.287,0.882,69.4,0.884,-0.102,0.8370000000000001,0.858,0.244
Bolivia,2014,5.865,8.953,0.821,62.36,0.8809999999999999,0.018,0.8320000000000001,0.809,0.3979999999999999
Mongolia,2017,5.334,9.334,0.924,62.1,0.675,0.119,0.865,0.675,0.214
Netherlands,2020,7.504,10.901,0.944,72.5,0.935,0.151,0.281,0.784,0.247
Germany,2008,6.522,10.77,0.923,70.62,0.7659999999999999,,0.758,0.787,0.22
Belarus,2016,5.178,9.788,0.927,65.5,0.6579999999999999,-0.125,0.664,0.5539999999999999,0.182
Indonesia,2010,5.457000000000001,9.022,0.816,60.4,0.7,0.4479999999999999,0.954,0.8370000000000001,0.218
Slovakia,2006,5.265,10.015,0.954,66.0,0.542,-0.05,0.946,0.6779999999999999,0.308
Lebanon,2019,4.024,9.597,0.866,67.6,0.447,-0.081,0.89,0.322,0.494
Bosnia and Herzegovina,2012,4.773,9.342,0.779,66.78,0.42,-0.013,0.953,0.5479999999999999,0.3379999999999999
Suriname,2012,6.269,9.797,0.797,62.24,0.885,-0.077,0.7509999999999999,0.764,0.25
Kazakhstan,2014,5.97,10.101,0.795,62.28,0.799,0.004,0.805,0.718,0.1689999999999999
Cameroon,2007,4.35,8.027999999999999,0.7170000000000001,46.56,0.644,-0.031,0.91,0.635,0.249
Canada,2005,7.417999999999999,10.652,0.962,71.3,0.957,0.256,0.503,0.8390000000000001,0.233
Uganda,2006,3.734,7.37,0.76,46.48,0.747,-0.0409999999999999,0.807,0.59,0.254
Costa Rica,2010,7.271,9.675,0.915,69.7,0.8809999999999999,0.047,0.763,0.8859999999999999,0.221
Bangladesh,2010,4.8580000000000005,7.967,0.5489999999999999,60.7,0.659,-0.016,0.774,0.629,0.292
Nepal,2016,5.1,7.973,0.8370000000000001,61.3,0.8390000000000001,0.168,0.8170000000000001,0.627,0.37
Bosnia and Herzegovina,2017,5.09,9.532,0.775,67.5,0.564,0.092,0.923,0.597,0.271
Rwanda,2015,3.483,7.544,0.6779999999999999,59.3,0.908,0.025,0.095,0.721,0.206
Ivory Coast,2017,5.038,8.482999999999999,0.6609999999999999,48.9,0.732,-0.111,0.7709999999999999,0.698,0.357
Burkina Faso,2007,4.017,7.377000000000001,0.7709999999999999,47.42,0.5820000000000001,-0.06,0.833,0.6509999999999999,0.281
Romania,2019,6.13,10.306,0.8420000000000001,67.5,0.848,-0.221,0.954,0.6970000000000001,0.244
Uruguay,2007,5.694,9.604,0.875,67.58,0.7859999999999999,-0.165,0.614,0.777,0.2739999999999999
United Kingdom,2017,7.103,10.736,0.937,72.1,0.813,0.291,0.419,0.759,0.21
Montenegro,2010,5.455,9.724,0.805,67.1,0.552,-0.206,0.757,0.595,0.41
Switzerland,2020,7.507999999999999,11.081,0.946,74.7,0.917,-0.064,0.28,0.769,0.193
Qatar,2015,6.375,11.486,,68.3,,,,,
Congo (Brazzaville),2016,4.119,8.19,0.615,56.7,0.7859999999999999,-0.072,0.79,0.61,0.304
Thailand,2007,5.784,9.508,0.889,64.48,0.87,0.391,0.898,0.8320000000000001,0.18
Japan,2015,5.88,10.588,0.923,74.7,0.8320000000000001,-0.155,0.654,0.768,0.176
South Korea,2014,5.801,10.546,0.738,72.44,0.623,-0.043,0.8340000000000001,0.653,0.283
Brazil,2007,6.321000000000001,9.515,0.8859999999999999,63.78,0.777,-0.016,0.728,0.8590000000000001,0.299
Greece,2012,5.096,10.268,0.812,71.62,0.373,-0.305,0.959,0.581,0.352
Afghanistan,2009,4.402,7.54,0.552,51.2,0.679,0.19,0.85,0.584,0.237
Bahrain,2014,6.165,10.783,,67.42,,,,,
Honduras,2019,5.93,8.652999999999999,0.797,67.4,0.846,0.063,0.815,0.85,0.2789999999999999
Uruguay,2020,6.31,9.937,0.921,69.2,0.908,-0.084,0.491,0.807,0.265
Laos,2018,4.859,8.935,0.705,58.7,0.907,0.141,0.634,0.852,0.332
Sweden,2017,7.287000000000001,10.873,0.914,72.5,0.935,0.17,0.239,0.8140000000000001,0.175
Swaziland,2019,4.396,9.07,0.759,51.27,0.597,-0.191,0.7240000000000001,0.778,0.28
Tanzania,2013,3.852,7.699,0.8029999999999999,54.52,0.654,0.054,0.8590000000000001,0.738,0.191
Portugal,2008,5.7170000000000005,10.384,0.8859999999999999,70.32,0.6459999999999999,-0.217,0.933,0.703,0.309
Portugal,2006,5.405,10.36,0.905,69.84,0.882,-0.179,0.88,0.7090000000000001,0.3329999999999999
Singapore,2019,6.377999999999999,11.486,0.925,77.1,0.938,0.027,0.07,0.723,0.138
North Macedonia,2012,4.64,9.513,0.7979999999999999,64.811,0.613,-0.084,0.92,0.642,0.422
Turkey,2016,5.3260000000000005,10.181,0.88,66.0,0.644,-0.065,0.764,0.465,0.39
Czech Republic,2012,6.334,10.425999999999998,0.912,68.38,0.74,-0.154,0.957,0.609,0.257
Sierra Leone,2019,3.447,7.449,0.611,52.4,0.718,0.074,0.8740000000000001,0.513,0.4379999999999999
Moldova,2019,5.803,9.475,0.809,65.7,0.784,-0.092,0.884,0.631,0.262
Niger,2009,4.267,6.898,0.7709999999999999,48.64,0.88,-0.009,0.483,0.73,0.115
United Arab Emirates,2017,7.039,11.115,0.836,66.9,0.962,0.216,,0.795,0.208
Sudan,2012,4.55,8.296,0.813,54.56,0.412,-0.0559999999999999,0.7340000000000001,0.5760000000000001,0.242
Tajikistan,2019,5.464,8.126,0.88,64.4,,-0.045,0.49,0.7290000000000001,0.178
Poland,2009,5.772,10.047,0.917,67.1,0.821,0.073,0.898,0.69,0.246
Guatemala,2019,6.2620000000000005,9.064,0.774,65.1,0.901,-0.062,0.773,0.8590000000000001,0.311
Uganda,2017,4.001,7.638,0.74,55.3,0.772,0.06,0.816,0.703,0.4
Niger,2010,4.101,6.941,0.655,49.4,0.8170000000000001,-0.023,0.529,0.745,0.126
Togo,2008,2.8080000000000003,7.0520000000000005,0.291,50.18,0.287,-0.055,0.932,0.362,0.379
Tanzania,2009,3.408,7.572,0.8370000000000001,51.4,0.607,0.308,0.903,0.778,0.161
Chad,2010,3.743,7.457000000000001,0.7340000000000001,45.1,0.505,0.025,0.858,0.545,0.287
Greece,2019,5.952000000000001,10.319,0.8909999999999999,72.6,0.614,-0.289,0.848,0.6679999999999999,0.236
Romania,2014,5.727,10.041,0.753,66.08,0.754,-0.1,0.958,0.654,0.331
Saudi Arabia,2018,6.356,10.771,0.868,66.3,0.855,-0.192,,0.764,0.288
Hong Kong S.A.R. of China,2020,5.295,,0.813,,0.705,,0.38,0.609,0.21
Philippines,2008,4.589,8.634,0.7979999999999999,60.2,0.861,0.083,0.8170000000000001,0.805,0.384
North Cyprus,2014,5.7860000000000005,,0.802,,0.83,,0.6920000000000001,0.7240000000000001,0.311
Lebanon,2010,5.032,9.878,0.721,65.2,0.6779999999999999,0.073,0.949,0.525,0.341
Ghana,2012,5.057,8.397,0.685,54.86,0.679,0.04,0.898,0.76,0.152
Ghana,2017,5.481,8.517000000000001,0.669,56.8,0.7829999999999999,0.079,0.8390000000000001,0.703,0.248
Norway,2017,7.579,11.05,0.95,73.1,0.953,0.236,0.25,0.8490000000000001,0.203
Poland,2012,5.876,10.149,0.936,67.62,0.8109999999999999,-0.027,0.888,0.787,0.267
Poland,2020,6.138999999999999,10.371,0.953,70.1,0.767,-0.0069999999999999,0.787,0.76,0.3289999999999999
Nicaragua,2015,5.924,8.636000000000001,0.8270000000000001,66.6,0.809,0.077,0.728,0.797,0.346
Vietnam,2013,5.023,8.668,0.759,66.98,0.92,-0.027,0.7709999999999999,0.718,0.165
Niger,2007,4.277,6.881,0.726,47.12,0.584,-0.0559999999999999,0.748,0.706,0.158
Serbia,2007,4.75,9.532,0.8440000000000001,65.6,0.4529999999999999,-0.165,0.905,0.5760000000000001,0.3339999999999999
Peru,2011,5.892,9.27,0.7559999999999999,66.48,0.773,-0.123,0.8240000000000001,0.78,0.331
Singapore,2015,6.62,11.4,0.866,75.9,0.887,0.15,0.099,0.8029999999999999,0.142
Syria,2009,4.979,8.654,0.8420000000000001,64.0,0.748,0.0819999999999999,0.688,0.574,0.292
Paraguay,2007,5.272,9.126,0.863,63.84,0.6990000000000001,0.132,0.93,0.867,0.2189999999999999
Uzbekistan,2016,5.893,8.756,0.945,64.5,0.984,0.208,,0.8420000000000001,0.147
Uruguay,2006,5.7860000000000005,9.543,0.912,67.44,0.807,-0.113,0.477,0.784,0.306
Sweden,2012,7.56,10.8,0.929,72.06,0.944,0.132,0.254,0.855,0.17
Ukraine,2015,3.965,9.327,0.909,63.7,0.431,-0.033,0.952,0.574,0.241
Ireland,2016,7.041,11.199000000000002,0.958,72.1,0.875,0.174,0.3989999999999999,0.809,0.211
Greece,2016,5.303,10.261,0.8029999999999999,72.0,0.482,-0.26,0.898,0.701,0.336
Lithuania,2017,6.273,10.429,0.926,66.7,0.7490000000000001,-0.174,0.79,0.608,0.195
Ukraine,2006,4.803999999999999,9.38,0.852,60.12,0.624,-0.257,0.929,0.622,0.249
Finland,2013,7.445,10.722,0.941,71.12,0.919,0.04,0.306,0.769,0.195
Haiti,2015,3.57,7.476,0.564,55.1,0.3979999999999999,0.306,0.777,0.619,0.3329999999999999
France,2019,6.69,10.74,0.958,74.0,0.8270000000000001,-0.133,0.568,0.735,0.25
Mexico,2007,6.525,9.825,0.879,66.32,0.67,-0.095,0.747,0.816,0.248
Niger,2019,5.004,7.106,0.677,54.0,0.831,0.026,0.7290000000000001,0.816,0.304
Thailand,2016,6.074,9.729,0.908,66.8,0.924,0.356,0.878,0.835,0.218
Myanmar,2013,4.176,8.23,0.757,57.38,0.775,0.6890000000000001,0.638,0.8029999999999999,0.217
El Salvador,2017,6.339,9.042,0.8290000000000001,65.8,0.758,-0.172,0.778,0.8490000000000001,0.268
Malaysia,2015,6.322,10.118,0.818,66.4,0.675,0.222,0.838,0.775,0.314
Estonia,2019,6.035,10.511,0.934,68.8,0.887,-0.096,0.5760000000000001,0.804,0.156
Namibia,2018,4.834,9.204,0.8640000000000001,56.5,0.754,-0.1689999999999999,0.846,0.7390000000000001,0.24
Taiwan Province of China,2017,6.359,10.871,0.8909999999999999,,0.76,-0.07,0.743,0.8370000000000001,0.114
Indonesia,2007,5.101,8.898,0.7040000000000001,59.98,0.603,0.311,0.96,0.812,0.242
Ukraine,2018,4.662,9.42,0.901,64.6,0.6629999999999999,-0.074,0.943,0.609,0.222
Romania,2010,4.909,9.915,0.6890000000000001,65.2,0.5660000000000001,-0.085,0.974,0.596,0.344
Ecuador,2007,4.996,9.191,0.8390000000000001,66.26,0.67,-0.063,0.83,0.833,0.286
Turkey,2010,5.49,9.906,0.795,64.4,0.515,-0.187,0.8109999999999999,0.652,0.327
Azerbaijan,2008,4.817,9.465,0.684,62.64,0.601,-0.0289999999999999,0.715,0.578,0.2269999999999999
Luxembourg,2013,7.131,11.58,0.917,72.24,0.79,-0.054,0.301,0.64,0.185
Finland,2020,7.888999999999999,10.75,0.962,72.1,0.962,-0.1159999999999999,0.1639999999999999,0.7440000000000001,0.193
Niger,2017,4.6160000000000005,7.058,0.5820000000000001,53.0,0.684,-0.03,0.778,0.731,0.427
India,2016,4.178999999999999,8.673,0.614,59.3,0.82,0.046,0.765,0.695,0.346
Jordan,2009,6.0,9.347,0.899,64.46,0.7709999999999999,-0.075,0.7390000000000001,0.645,0.265
South Sudan,2016,2.888,,0.532,50.6,0.44,,0.785,0.615,0.5489999999999999
Thailand,2008,5.636,9.52,0.8320000000000001,64.82,0.868,0.425,0.933,0.8190000000000001,0.145
Senegal,2008,4.683,7.916,0.7559999999999999,54.74,0.612,-0.03,0.879,0.6729999999999999,0.252
Kenya,2007,4.5760000000000005,8.078,0.841,51.54,0.75,0.054,0.799,0.725,0.162
South Africa,2017,4.513999999999999,9.45,0.87,56.1,0.787,-0.129,0.865,0.785,0.268
Malawi,2006,3.83,6.678,0.5539999999999999,44.88,0.767,0.2,0.6759999999999999,0.67,0.222
Botswana,2006,4.739,9.492,0.883,46.82,0.8240000000000001,-0.195,0.723,0.688,0.226
Congo (Kinshasa),2014,4.414,6.937,0.8220000000000001,51.66,0.556,0.009,0.8140000000000001,0.5589999999999999,0.305
Ireland,2015,6.83,11.174,0.953,72.0,0.892,0.233,0.409,0.799,0.225
Jordan,2016,5.271,9.197,0.82,66.4,0.7709999999999999,-0.038,,0.6409999999999999,0.312
Costa Rica,2007,7.432,9.63,0.918,69.88,0.923,0.098,0.82,0.875,0.24
Iran,2013,5.14,9.443,0.664,64.62,0.73,0.216,0.685,0.659,0.552
Uruguay,2012,6.45,9.861,0.865,68.28,0.871,0.067,0.615,0.7879999999999999,0.214
Nicaragua,2008,5.104,8.454,0.857,64.82,0.7909999999999999,0.076,0.8190000000000001,0.784,0.289
Madagascar,2008,4.64,7.439,0.7759999999999999,54.92,0.332,-0.099,0.773,0.614,0.215
Greece,2013,4.72,10.243,0.687,71.68,0.426,-0.272,0.941,0.6890000000000001,0.482
United States,2013,7.249,10.939,0.925,68.64,0.792,0.2739999999999999,0.747,0.8140000000000001,0.26
Germany,2012,6.702000000000001,10.816,0.926,71.06,0.904,0.071,0.679,0.804,0.17
Turkey,2015,5.513999999999999,10.166,0.851,65.6,0.653,-0.016,0.8059999999999999,0.46,0.382
Latvia,2013,5.07,10.116,0.8340000000000001,65.38,0.631,-0.073,0.8370000000000001,0.642,0.2269999999999999
South Africa,2010,4.652,9.43,0.917,50.5,0.7390000000000001,-0.2019999999999999,0.7909999999999999,0.794,0.124
Iceland,2012,7.591,10.777,0.979,72.76,0.905,0.241,0.759,0.9,0.157
Haiti,2017,3.824,7.475,0.647,55.5,0.484,0.381,0.647,0.573,0.322
Azerbaijan,2011,4.68,9.54,0.725,63.64,0.537,-0.105,0.795,0.536,0.258
Israel,2010,7.359,10.461,0.882,72.4,0.561,0.15,0.902,0.679,0.362
Tunisia,2019,4.315,9.283,0.61,67.2,0.659,-0.209,0.889,0.539,0.433
South Sudan,2015,4.071000000000001,,0.585,50.2,0.512,,0.71,0.586,0.45
Costa Rica,2016,7.136,9.83,0.901,70.9,0.873,-0.032,0.7809999999999999,0.8740000000000001,0.281
Egypt,2010,4.669,9.244,0.769,60.0,0.486,-0.076,0.826,0.5670000000000001,0.276
Mali,2015,4.582,7.669,0.83,50.2,0.634,-0.068,0.8,0.7090000000000001,0.243
Malaysia,2012,5.914,10.005,0.841,65.92,0.848,0.017,0.847,0.867,0.177
Kuwait,2019,6.106,10.817,0.8420000000000001,66.9,0.867,-0.104,,0.695,0.303
Iraq,2013,4.725,9.28,0.728,58.88,,-0.05,0.71,,0.5539999999999999
Bosnia and Herzegovina,2015,5.117,9.457,0.6559999999999999,66.9,0.631,-0.055,0.96,0.534,0.286
Belarus,2007,5.617000000000001,9.576,0.858,61.4,0.667,-0.225,0.695,0.596,0.235
Malaysia,2007,6.239,9.881,0.871,65.12,0.8440000000000001,0.089,0.799,0.775,0.162
Argentina,2009,6.424,9.977,0.919,67.18,0.637,-0.13,0.885,0.8640000000000001,0.237
Luxembourg,2010,7.097,11.592,0.952,71.7,0.908,0.096,0.423,0.809,0.216
Brazil,2018,6.191,9.589,0.882,66.4,0.7509999999999999,-0.1169999999999999,0.763,0.75,0.35
Sierra Leone,2011,4.502,7.292000000000001,0.782,44.32,0.77,0.005,0.855,0.446,0.3
Ukraine,2009,5.166,9.332,0.845,61.68,0.46,-0.241,0.962,0.583,0.1889999999999999
Congo (Brazzaville),2008,3.82,8.082,0.555,52.2,0.526,-0.098,,0.573,0.298
Cameroon,2016,4.816,8.167,0.659,51.1,0.713,-0.003,0.879,0.662,0.367
Croatia,2016,5.417000000000001,10.146,0.7979999999999999,69.0,0.672,-0.065,0.884,0.614,0.337
Tanzania,2007,4.3180000000000005,7.522,0.708,49.6,0.716,-0.013,0.7070000000000001,0.755,0.22
Congo (Kinshasa),2013,4.497,6.88,0.83,51.22,0.48,0.012,0.913,0.589,0.187
Georgia,2007,3.707,9.117,0.5479999999999999,65.04,0.4639999999999999,-0.267,0.6970000000000001,0.427,0.236
Singapore,2007,6.834,11.212,0.921,73.9,0.867,0.293,0.064,0.7,0.114
Montenegro,2019,5.386,9.97,0.8320000000000001,68.7,0.6940000000000001,-0.105,0.82,0.591,0.366
Malta,2019,6.733,10.677,0.922,72.2,0.924,0.087,0.6890000000000001,0.7070000000000001,0.356
Senegal,2019,5.489,8.13,0.688,60.0,0.759,-0.019,0.7959999999999999,0.789,0.332
Greece,2018,5.409,10.299,0.794,72.4,0.564,-0.335,0.86,0.6659999999999999,0.255
Montenegro,2009,4.801,9.699,0.816,66.8,0.556,-0.1009999999999999,0.838,0.623,0.423
Peru,2007,5.214,9.063,0.7559999999999999,65.58,0.638,-0.078,0.931,0.758,0.361
El Salvador,2013,6.325,8.974,0.8270000000000001,64.8,0.716,-0.15,0.772,0.828,0.317
Armenia,2018,5.062,9.451,0.8140000000000001,66.9,0.8079999999999999,-0.163,0.677,0.581,0.455
Albania,2010,5.269,9.303,0.733,66.4,0.569,-0.172,0.726,0.648,0.3
Mozambique,2018,4.654,7.162000000000001,0.738,54.2,0.897,0.049,0.691,0.64,0.397
Mali,2008,4.115,7.607,0.747,47.16,0.495,-0.012,0.918,0.682,0.1639999999999999
Ecuador,2015,5.964,9.384,0.856,67.6,0.8009999999999999,-0.114,0.6659999999999999,0.851,0.3229999999999999
Congo (Brazzaville),2011,4.51,8.18,0.637,54.58,0.745,-0.109,0.833,0.621,0.288
Bolivia,2015,5.834,8.985,0.8290000000000001,62.7,0.884,-0.03,0.862,0.7859999999999999,0.3929999999999999
Iran,2008,5.129,9.489,0.633,63.14,0.601,0.052,0.868,0.624,0.345
Botswana,2018,3.4610000000000003,9.778,0.795,58.9,0.818,-0.254,0.807,0.73,0.267
Ireland,2012,6.965,10.876,0.962,71.7,0.902,0.302,0.573,0.835,0.237
Malta,2009,6.327999999999999,10.331,0.916,71.38,0.8029999999999999,0.4639999999999999,,0.715,0.358
Kazakhstan,2009,5.382999999999999,9.884,0.893,59.7,0.856,-0.249,0.845,0.679,0.129
Chile,2016,6.579,10.074,0.841,69.7,0.652,0.102,0.858,0.8690000000000001,0.283
Turkmenistan,2014,5.787000000000001,9.427,0.909,60.76,0.805,0.032,,0.695,0.154
Hungary,2016,5.449,10.248,0.9,66.8,0.5539999999999999,-0.187,0.924,0.6659999999999999,0.243
Tunisia,2016,4.521,9.262,0.7020000000000001,66.3,0.614,-0.165,0.8109999999999999,0.612,0.3779999999999999
Canada,2008,7.486000000000001,10.738,0.939,71.84,0.926,0.262,0.37,0.89,0.2019999999999999
Thailand,2019,6.022,9.824,0.903,67.4,0.898,0.309,0.877,0.843,0.208
Luxembourg,2009,6.957999999999999,11.562,0.939,71.44,0.939,0.127,0.432,0.799,0.238
Nigeria,2016,5.22,8.573,0.805,48.9,0.7979999999999999,0.043,0.905,0.732,0.252
Tunisia,2018,4.7410000000000005,9.284,0.733,66.9,0.65,-0.191,0.84,0.5920000000000001,0.365
Senegal,2009,4.335,7.909,0.81,55.42,0.557,-0.036,0.918,0.757,0.228
Denmark,2012,7.52,10.845999999999998,0.951,70.84,0.933,0.139,0.187,0.774,0.209
Zimbabwe,2017,3.638,8.016,0.754,55.0,0.753,-0.098,0.7509999999999999,0.8059999999999999,0.2239999999999999
Italy,2005,6.854,10.703,0.928,71.9,0.802,,0.944,0.679,0.295
Cambodia,2012,3.899,8.014,0.606,59.26,0.956,0.247,0.89,0.82,0.352
Libya,2012,5.754,9.842,0.855,62.66,0.7120000000000001,-0.032,0.7909999999999999,0.695,0.316
Bosnia and Herzegovina,2016,5.181,9.5,0.8079999999999999,67.2,0.633,0.134,0.957,0.6409999999999999,0.304
Belize,2007,6.4510000000000005,8.892000000000001,0.872,61.6,0.705,0.033,0.769,0.759,0.251
South Africa,2019,5.035,9.432,0.848,56.9,0.738,-0.134,0.82,0.8009999999999999,0.268
Iceland,2017,7.476,10.925,0.967,73.0,0.939,0.246,0.727,0.895,0.148
Costa Rica,2011,7.229,9.705,0.892,69.9,0.926,-0.033,0.8370000000000001,0.8759999999999999,0.2689999999999999
Hong Kong S.A.R. of China,2010,5.643,10.847,0.857,,0.89,0.332,0.256,0.71,0.183
Serbia,2012,5.155,9.605,0.8190000000000001,66.52,0.461,-0.13,0.952,0.514,0.371
United States,2015,6.864,10.977,0.904,68.6,0.8490000000000001,0.2189999999999999,0.698,0.8140000000000001,0.275
Ukraine,2008,5.172000000000001,9.488,0.86,61.16,0.487,-0.265,0.929,0.573,0.186
Moldova,2012,5.996,9.105,0.826,61.94,0.602,-0.05,0.955,0.568,0.314
France,2006,6.582999999999999,10.659,0.944,71.48,0.789,0.126,0.6990000000000001,0.777,0.289
Portugal,2012,4.994,10.315,0.866,71.2,0.774,-0.0969999999999999,0.959,0.7290000000000001,0.37
Luxembourg,2014,6.891,11.598,0.875,72.42,0.938,0.106,0.366,0.8029999999999999,0.17
Luxembourg,2018,7.242999999999999,11.645,0.902,72.6,0.884,-0.022,0.385,0.75,0.2019999999999999
Portugal,2010,5.095,10.368,0.8640000000000001,70.8,0.721,-0.106,0.948,0.742,0.265
South Korea,2010,6.1160000000000005,10.447,0.816,71.4,0.677,-0.033,0.752,0.662,0.13
Mauritius,2017,6.174,9.972,0.91,66.1,0.912,0.087,0.818,0.748,0.1689999999999999
Bosnia and Herzegovina,2020,5.516,9.583,0.899,68.4,0.74,0.138,0.916,0.644,0.325
Angola,2012,4.36,8.992,0.753,53.2,0.456,-0.136,0.906,0.5579999999999999,0.305
Iraq,2009,4.775,9.076,0.862,58.96,0.431,-0.1989999999999999,0.8540000000000001,0.523,0.4039999999999999
Egypt,2016,4.557,9.287,0.809,61.1,0.6559999999999999,-0.141,0.818,0.611,0.37
Russia,2017,5.579,10.166,0.8959999999999999,63.9,0.731,-0.145,0.862,0.71,0.195
Saudi Arabia,2017,6.294,10.764,0.84,66.0,0.8140000000000001,-0.131,,0.775,0.306
Yemen,2019,4.197,,0.87,57.5,0.6509999999999999,,0.7979999999999999,0.5429999999999999,0.213
Philippines,2016,5.431,8.95,0.821,61.7,0.908,-0.071,0.792,0.821,0.29
Austria,2019,7.195,10.939,0.964,73.3,0.903,0.06,0.457,0.774,0.205
Paraguay,2016,5.801,9.406,0.94,65.3,0.8540000000000001,-0.071,0.7559999999999999,0.925,0.1969999999999999
Kenya,2013,3.795,8.192,0.825,57.18,0.708,0.212,0.861,0.765,0.161
France,2005,7.093,10.642,0.94,71.3,0.895,,0.688,0.769,0.225
Peru,2009,5.519,9.145,0.799,66.06,0.638,-0.079,0.88,0.8109999999999999,0.32
Iraq,2010,5.065,9.112,0.8540000000000001,59.6,0.419,-0.125,0.8590000000000001,0.542,0.431
Bulgaria,2017,5.097,9.969,0.942,66.6,0.6890000000000001,-0.154,0.911,0.614,0.1889999999999999
Albania,2009,5.485,9.262,0.833,66.2,0.525,-0.158,0.8640000000000001,0.64,0.2789999999999999
Chad,2008,4.632,7.356,0.5710000000000001,44.14,0.527,0.063,0.944,0.569,0.225
Georgia,2015,4.122,9.442,0.517,65.1,0.64,-0.205,0.502,0.547,0.233
Congo (Brazzaville),2019,5.212999999999999,8.101,0.625,58.5,0.6859999999999999,-0.046,0.741,0.645,0.405
North Macedonia,2018,5.24,9.677,0.8490000000000001,65.389,0.745,-0.0409999999999999,0.91,0.59,0.298
Benin,2012,3.193,7.922999999999999,0.523,52.26,0.769,-0.111,0.8059999999999999,0.583,0.231
Jamaica,2011,5.374,9.164,0.855,66.22,0.7959999999999999,-0.064,0.909,0.836,0.237
Albania,2016,4.511,9.437,0.638,68.1,0.73,-0.017,0.901,0.675,0.322
Greece,2017,5.148,10.278,0.753,72.2,0.4379999999999999,-0.29,0.872,0.603,0.3329999999999999
United States,2012,7.026,10.928,0.903,68.66,0.823,0.215,0.71,0.8340000000000001,0.26
Serbia,2020,6.042000000000001,9.788,0.852,69.0,0.843,0.149,0.8240000000000001,0.603,0.358
Montenegro,2011,5.223,9.755,0.818,67.26,0.546,-0.226,0.762,0.603,0.3779999999999999
Singapore,2014,7.062,11.383,0.8220000000000001,75.68,0.835,0.154,0.133,0.841,0.18
Ivory Coast,2013,3.739,8.274,0.7090000000000001,47.1,0.7390000000000001,-0.031,0.691,0.743,0.306
Nigeria,2006,4.71,8.326,0.735,44.12,0.649,0.085,0.871,0.7809999999999999,0.178
South Korea,2015,5.78,10.568,0.768,72.7,0.616,-0.036,0.841,0.65,0.244
Finland,2019,7.78,10.792,0.937,72.0,0.948,-0.052,0.195,0.755,0.181
Vietnam,2012,5.535,8.626,0.775,66.82,0.856,-0.11,0.815,0.615,0.221
Honduras,2007,5.097,8.5,0.8190000000000001,64.78,0.6759999999999999,0.23,0.826,0.759,0.1989999999999999
Latvia,2009,4.669,9.975,0.807,64.24,0.437,-0.18,0.942,0.525,0.242
Bolivia,2017,5.651,9.039,0.779,63.3,0.884,-0.12,0.8190000000000001,0.698,0.434
Ukraine,2019,4.702,9.458,0.883,64.9,0.715,-0.081,0.885,0.634,0.201
Lebanon,2013,4.9830000000000005,9.772,0.708,65.44,0.655,-0.004,0.921,0.499,0.409
Hong Kong S.A.R. of China,2006,5.511,10.746,0.812,,0.91,0.156,0.356,0.723,0.236
Serbia,2011,4.815,9.607,0.773,66.36,0.44,-0.185,0.977,0.545,0.41
Tanzania,2014,3.483,7.734,0.789,55.26,0.654,0.11,0.878,0.731,0.241
Egypt,2018,4.005,9.338,0.759,61.7,0.682,-0.215,,0.492,0.285
Malta,2015,6.613,10.566,0.919,72.2,0.912,0.347,0.664,0.68,0.355
Dominican Republic,2012,4.753,9.489,0.879,64.24,0.84,-0.062,0.727,0.797,0.297
South Korea,2009,5.648,10.386,0.8109999999999999,71.1,0.6,-0.096,0.787,0.6970000000000001,0.209
Japan,2017,5.9110000000000005,10.618,0.882,74.9,0.8490000000000001,-0.206,0.659,0.74,0.176
Indonesia,2006,4.947,8.85,0.7709999999999999,59.84,0.713,0.347,0.915,0.825,0.266
Burkina Faso,2014,3.4810000000000003,7.559,0.742,51.86,0.71,-0.004,0.8009999999999999,0.614,0.256
Albania,2017,4.64,9.476,0.638,68.4,0.75,-0.0289999999999999,0.8759999999999999,0.669,0.3339999999999999
Palestinian Territories,2018,4.553999999999999,,0.8190000000000001,,0.655,,0.8140000000000001,0.61,0.419
Denmark,2016,7.558,10.903,0.954,71.8,0.948,0.138,0.21,0.836,0.208
Myanmar,2014,4.7860000000000005,8.299,0.774,57.74,,0.698,0.5920000000000001,0.858,0.1119999999999999
Cambodia,2019,4.998,8.387,0.759,62.0,0.957,0.013,0.828,0.8440000000000001,0.39
Latvia,2007,4.667,10.136,0.836,63.52,0.7,-0.1669999999999999,0.924,0.6729999999999999,0.247
Netherlands,2011,7.564,10.875,0.938,71.52,0.925,0.336,0.359,0.863,0.181
Congo (Brazzaville),2017,4.884,8.146,0.655,57.3,0.778,-0.131,0.763,0.599,0.382
Israel,2011,7.433,10.489,0.893,72.46,0.722,0.141,0.8909999999999999,0.738,0.384
Romania,2017,6.09,10.211,0.8109999999999999,66.9,0.8390000000000001,-0.16,0.926,0.7340000000000001,0.231
Sierra Leone,2014,4.5,7.6,0.8690000000000001,45.58,0.6809999999999999,0.034,0.7859999999999999,0.57,0.3339999999999999
China,2007,4.863,8.824,0.8109999999999999,67.06,,-0.176,,0.8170000000000001,0.159
Iran,2016,4.6530000000000005,9.561,0.5660000000000001,65.4,0.773,0.186,0.713,0.687,0.526
Palestinian Territories,2013,4.843999999999999,8.488999999999999,0.7609999999999999,,0.4539999999999999,-0.15,0.78,0.594,0.365
Tajikistan,2009,4.575,7.682,0.6759999999999999,61.96,0.7440000000000001,0.001,0.792,0.605,0.203
Bangladesh,2018,4.499,8.399,0.706,64.3,0.901,-0.043,0.701,0.541,0.361
Tajikistan,2011,4.263,7.772,0.7509999999999999,62.56,0.7759999999999999,-0.119,0.672,0.698,0.166
Jordan,2017,4.808,9.194,0.815,66.6,0.7659999999999999,-0.152,,0.628,0.392
Moldova,2006,5.102,8.936,0.812,60.58,0.5539999999999999,-0.1639999999999999,0.926,0.619,0.255
Poland,2007,5.886,9.978,0.913,66.7,0.772,-0.047,0.925,0.76,0.238
Austria,2015,7.0760000000000005,10.880999999999998,0.928,72.1,0.9,0.099,0.557,0.7979999999999999,0.1639999999999999
Senegal,2006,4.417,7.881,0.76,53.38,0.736,-0.051,0.805,0.74,0.225
Chile,2009,6.494,9.885,0.8320000000000001,68.84,0.747,0.149,0.7340000000000001,0.8079999999999999,0.3
New Zealand,2020,7.257000000000001,10.6,0.952,73.6,0.918,0.125,0.283,0.8490000000000001,0.209
Djibouti,2010,5.006,7.812,,54.3,0.764,-0.0579999999999999,0.597,,
Bangladesh,2009,5.083,7.923999999999999,0.528,60.28,0.631,-0.075,0.7759999999999999,0.67,0.223
Sweden,2007,7.241,10.806,0.917,71.48,0.91,0.146,0.289,0.7959999999999999,0.177
Malawi,2014,4.563,6.935,0.512,54.48,0.7859999999999999,0.061,0.8240000000000001,0.7040000000000001,0.263
Thailand,2018,6.0120000000000005,9.803,0.873,67.2,0.905,0.259,0.907,0.843,0.198
Mauritania,2014,4.4830000000000005,8.519,0.853,55.78,0.4679999999999999,-0.054,0.589,0.755,0.163
Moldova,2013,5.756,9.192,0.8029999999999999,62.26,0.6579999999999999,-0.069,0.941,0.5820000000000001,0.261
North Macedonia,2015,4.976,9.613,0.7659999999999999,65.145,0.66,-0.047,0.8240000000000001,0.62,0.299
Jordan,2005,6.295,9.246,0.92,63.5,,,0.67,0.696,0.24
Rwanda,2012,3.333,7.428,0.637,57.44,0.835,-0.012,0.081,0.703,0.132
Moldova,2009,5.553999999999999,8.984,0.856,61.12,0.551,-0.099,0.925,0.562,0.306
Spain,2020,,10.488,0.935,75.0,0.7829999999999999,-0.121,0.73,0.6859999999999999,0.317
Poland,2017,,10.314,0.882,68.9,0.831,-0.122,0.639,0.677,0.203
Lebanon,2012,,9.8,0.713,65.36,0.621,-0.006,0.856,0.499,0.3389999999999999
Malaysia,2011,,9.966,0.77,65.76,0.84,-0.016,0.8420000000000001,0.887,0.155
Canada,2020,,10.73,0.931,74.0,0.887,0.05,0.434,0.7959999999999999,0.307
Cyprus,2016,,10.505999999999998,0.7859999999999999,73.3,0.7559999999999999,-0.03,0.898,0.742,0.336
Rwanda,2019,,7.707999999999999,0.489,61.7,0.8690000000000001,0.064,0.168,0.736,0.418
Georgia,2013,,9.371,0.5589999999999999,64.98,0.722,-0.254,0.349,0.595,0.2
Morocco,2020,,8.871,0.5529999999999999,66.5,0.8190000000000001,-0.2289999999999999,0.8029999999999999,0.5870000000000001,0.256
Canada,2018,,10.798,0.923,73.6,0.946,0.106,0.372,0.8240000000000001,0.259
Colombia,2016,,9.571,0.882,67.1,0.835,-0.1,0.898,0.794,0.294
Spain,2018,,10.605,0.91,74.4,0.722,-0.075,0.777,0.659,0.357
Zambia,2011,,8.071,0.8640000000000001,50.84,0.6629999999999999,0.003,0.882,0.833,0.204
Zimbabwe,2007,,7.666,0.828,42.86,0.456,-0.0819999999999999,0.946,0.6609999999999999,0.265
Spain,2008,,10.579,0.948,72.34,0.8340000000000001,-0.15,0.6829999999999999,0.772,0.26
Paraguay,2010,,9.25,0.889,64.5,0.726,0.076,0.78,0.855,0.176
Australia,2010,,10.722,0.955,72.2,0.932,0.317,0.366,0.8340000000000001,0.22
Spain,2014,,10.492,0.948,73.38,0.738,-0.0279999999999999,0.8540000000000001,0.716,0.335
Czech Republic,2007,,10.437,0.9,67.44,0.799,-0.063,0.928,0.736,0.2769999999999999
Belarus,2008,,9.677,0.904,61.7,0.64,-0.22,0.696,,0.246
Finland,2012,,10.735,0.928,70.88,0.921,-0.001,0.361,0.7959999999999999,0.2019999999999999
Azerbaijan,2012,,9.549,0.762,63.88,0.599,-0.14,0.763,0.5539999999999999,0.266
Malaysia,2010,,9.93,0.8390000000000001,65.6,0.769,0.032,0.8440000000000001,0.8320000000000001,0.192
Portugal,2019,,10.457,0.8759999999999999,72.6,0.882,-0.2339999999999999,0.915,0.71,0.3
India,2010,,8.349,0.605,57.4,0.7829999999999999,0.0579999999999999,0.863,0.6970000000000001,0.267
Liberia,2018,,7.311,0.727,56.1,0.7659999999999999,0.05,0.868,0.66,0.436
Burkina Faso,2008,,7.403,0.727,48.18,0.612,-0.1009999999999999,0.887,0.523,0.304
China,2015,,9.449,0.794,68.4,,-0.244,,0.809,0.171
Qatar,2009,,11.456,0.894,66.58,0.865,0.235,0.184,0.6779999999999999,0.258
Armenia,2010,,9.136,0.66,65.2,0.4589999999999999,-0.176,0.8909999999999999,0.51,0.426
Ukraine,2014,,9.426,0.877,63.4,0.5329999999999999,0.084,0.927,0.594,0.249
Spain,2011,,10.518,0.944,73.02,0.8190000000000001,-0.122,0.846,0.737,0.356
Nigeria,2013,,8.581,0.6629999999999999,47.58,0.622,0.051,0.905,0.638,0.286
Syria,2011,,8.727,0.5760000000000001,62.32,0.53,0.131,0.741,0.599,0.496
Myanmar,2017,,8.464,0.795,58.7,0.8859999999999999,0.65,0.619,0.746,0.282
Madagascar,2006,,7.376,0.711,54.04,,-0.039,,0.7020000000000001,0.161
Bahrain,2013,,10.757,0.884,67.14,0.809,,0.525,0.768,0.306
New Zealand,2013,,10.571,0.958,72.36,0.944,0.237,0.312,0.835,0.151
Iran,2014,,9.476,0.644,64.86,0.767,0.241,0.64,0.618,0.512
Pakistan,2017,,8.427999999999999,0.69,58.1,0.713,0.045,0.7140000000000001,0.586,0.308
Sierra Leone,2015,,7.347,0.611,46.0,0.624,0.05,0.825,0.625,0.414
Panama,2010,,9.969,0.928,68.3,0.755,-0.009,0.88,0.888,0.146
Australia,2011,,10.733,0.967,72.3,0.945,0.369,0.382,0.816,0.195
Malaysia,2009,,9.875,0.792,65.44,0.8740000000000001,-0.009,0.858,0.8220000000000001,0.1639999999999999
Kenya,2016,,8.282,0.706,58.9,0.7490000000000001,0.298,0.828,0.743,0.226
Kenya,2008,,8.052,0.8270000000000001,52.86,0.62,-0.012,0.909,0.772,0.149
Slovenia,2015,,10.433,0.901,70.2,0.8959999999999999,0.008,0.892,0.659,0.261
Nepal,2017,,8.039,0.816,62.4,0.845,0.134,0.77,0.5710000000000001,0.376
Romania,2016,,10.136,0.809,66.6,0.8220000000000001,-0.115,0.949,0.6940000000000001,0.258
Senegal,2018,,8.106,0.7390000000000001,59.6,0.629,-0.074,0.805,0.7140000000000001,0.247
Panama,2008,,9.935,0.922,68.1,0.7070000000000001,0.06,0.8809999999999999,0.8190000000000001,0.15
Haiti,2014,,7.477,0.5539999999999999,50.54,0.509,0.285,0.708,0.593,0.327
New Zealand,2018,,10.66,0.954,73.2,0.949,0.12,0.207,0.845,0.168
Montenegro,2020,,9.913,0.887,68.9,0.802,0.06,0.845,0.603,0.411
Botswana,2012,,9.632,0.8370000000000001,54.46,0.799,-0.203,0.8140000000000001,0.773,0.171
Ecuador,2008,,9.236,0.8290000000000001,66.44,0.64,-0.094,0.8009999999999999,0.843,0.283
Croatia,2009,,10.104,0.861,67.64,0.5489999999999999,-0.271,0.958,0.637,0.272
Germany,2009,,10.714,0.935,70.76,0.8440000000000001,0.127,0.69,0.792,0.206
El Salvador,2019,,9.08,0.764,66.4,0.877,-0.109,0.682,0.871,0.271
Senegal,2007,,7.903,0.718,54.06,0.698,-0.002,0.8270000000000001,0.7140000000000001,0.1989999999999999
Zimbabwe,2008,,7.461,0.843,44.14,0.344,-0.09,0.964,0.631,0.25
Spain,2013,,10.476,0.929,73.26,0.759,-0.1009999999999999,0.916,0.696,0.372
Ukraine,2017,,9.382,0.858,64.3,0.599,-0.002,0.937,0.597,0.235
Poland,2019,,10.407,0.878,69.7,0.883,-0.231,0.696,0.725,0.168
Hong Kong S.A.R. of China,2017,,11.0,0.831,,0.831,0.14,0.416,0.64,0.201
Finland,2008,,10.796,0.951,70.08,0.934,0.0279999999999999,0.217,0.773,0.144
China,2008,,8.911,0.748,67.24,0.853,-0.092,,0.8170000000000001,0.147
Palestinian Territories,2012,,8.531,0.782,,0.542,-0.153,0.73,0.616,0.379
Zimbabwe,2019,,7.95,0.759,56.2,0.632,-0.064,0.831,0.716,0.235
Pakistan,2019,,8.453,0.617,58.9,0.685,0.124,0.7759999999999999,0.581,0.424
Romania,2015,,10.083,0.787,66.3,0.7959999999999999,-0.141,0.962,0.7140000000000001,0.312
Kosovo,2016,,9.228,0.8240000000000001,,0.8270000000000001,0.125,0.941,0.7040000000000001,0.15
Venezuela,2016,,9.01,0.902,66.1,0.4579999999999999,-0.155,0.89,0.688,0.392
Bangladesh,2008,,7.886,0.467,59.86,0.606,-0.044,0.802,0.725,0.2319999999999999
North Cyprus,2016,,,0.8079999999999999,,0.7959999999999999,,0.67,0.644,0.346
Kyrgyzstan,2012,,8.357000000000001,0.856,61.94,0.703,-0.079,0.892,0.691,0.182
Turkmenistan,2015,,9.472,0.96,61.0,0.701,0.093,,0.705,0.301
Slovakia,2018,,10.376,0.922,68.9,0.758,-0.1669999999999999,0.91,0.754,0.253
Bulgaria,2015,,9.883,0.908,66.2,0.637,-0.2,0.941,0.643,0.214
India,2020,,8.703,0.617,60.9,0.906,0.075,0.78,0.752,0.3829999999999999
United Arab Emirates,2016,,11.105,0.8490000000000001,66.7,0.949,0.131,,0.775,0.245
Senegal,2013,,7.926,0.823,57.48,0.636,-0.052,0.8370000000000001,0.68,0.165
Ghana,2015,,8.449,0.687,56.0,0.852,-0.038,0.945,0.69,0.265
Nicaragua,2006,,8.398,0.877,64.14,0.745,0.01,0.8440000000000001,0.779,0.294
Jamaica,2017,,9.169,0.913,67.1,0.861,-0.13,0.883,0.769,0.243
Mozambique,2007,,6.823,0.748,45.5,0.643,0.074,0.8540000000000001,0.634,0.24
China,2014,,9.386,0.82,68.24,,-0.217,,0.8540000000000001,0.1119999999999999
Latvia,2017,,10.257,0.895,66.5,0.7,-0.154,0.7979999999999999,0.623,0.2319999999999999
Hong Kong S.A.R. of China,2014,,10.94,0.8340000000000001,,0.843,0.2239999999999999,0.423,0.684,0.243
Israel,2013,,10.515,0.909,72.58,0.7390000000000001,0.15,0.8490000000000001,0.698,0.409
Ghana,2016,,8.46,0.647,56.4,0.7509999999999999,0.09,0.894,0.6679999999999999,0.305
Philippines,2018,,9.05,0.846,61.9,0.918,-0.108,0.726,0.773,0.3929999999999999
Libya,2018,,9.617,0.8240000000000001,62.3,0.7809999999999999,-0.1009999999999999,0.6459999999999999,0.706,0.3989999999999999
Nicaragua,2012,,8.533999999999999,0.894,65.94,0.85,0.017,0.644,0.8029999999999999,0.255
Armenia,2019,,9.522,0.782,67.2,0.8440000000000001,-0.172,0.583,0.598,0.43
Rwanda,2014,,7.484,0.748,58.68,0.894,-0.023,0.078,0.763,0.134
Tajikistan,2016,,7.987,0.857,63.5,0.703,0.01,0.632,0.644,0.22
Sudan,2010,,8.076,0.855,54.0,0.648,-0.04,0.737,0.669,0.221
Philippines,2011,,8.707,0.789,60.8,0.883,0.073,0.7829999999999999,0.851,0.358
Algeria,2016,,9.362,0.7490000000000001,65.5,,,,0.6609999999999999,0.377
Sierra Leone,2007,,7.187,0.6859999999999999,41.2,0.72,0.248,0.83,0.5820000000000001,0.29
Haiti,2012,,7.437,0.7490000000000001,41.42,0.482,0.289,0.7170000000000001,0.593,0.284
Somalia,2015,,,0.599,50.1,0.968,,0.41,0.901,0.187
Sri Lanka,2018,,9.462,0.833,67.2,0.8590000000000001,0.106,0.856,0.831,0.302
Israel,2019,,10.601,0.946,73.5,0.8340000000000001,0.085,0.743,0.635,0.266
Uzbekistan,2010,,8.445,0.903,63.2,,-0.03,0.519,0.7759999999999999,0.152
Canada,2016,,10.773,0.924,73.2,0.912,0.211,0.385,0.825,0.237
Nigeria,2019,,8.544,0.7340000000000001,50.1,0.7290000000000001,0.032,0.873,0.715,0.245
Bangladesh,2016,,8.274,0.649,63.3,0.875,-0.089,0.688,0.56,0.235
China,2016,,9.51,0.742,68.7,,-0.228,,0.826,0.146
New Zealand,2019,,10.666,0.939,73.4,0.912,0.157,0.2339999999999999,0.816,0.191
Congo (Brazzaville),2014,,8.242,0.6859999999999999,55.72,0.662,-0.11,0.8079999999999999,0.595,0.4
Tanzania,2018,,7.859,0.675,57.5,0.807,0.153,0.612,0.762,0.221
Netherlands,2019,,10.953,0.941,72.4,0.8859999999999999,0.213,0.36,0.838,0.231
Gabon,2016,,9.639,0.78,58.7,0.6990000000000001,-0.204,0.8170000000000001,0.64,0.432
Japan,2018,,10.623,0.8859999999999999,75.0,0.773,-0.261,0.687,0.703,0.185
United Kingdom,2010,,10.649,0.955,71.3,0.841,0.4029999999999999,0.5870000000000001,0.863,0.176
Sierra Leone,2013,,7.577000000000001,0.708,45.16,0.72,-0.071,0.856,0.521,0.423
Dominican Republic,2018,,9.782,0.862,65.8,0.867,-0.15,0.762,0.745,0.291
Uzbekistan,2018,,8.818,0.921,65.1,0.97,0.318,0.52,0.825,0.209
North Macedonia,2020,,9.69,0.75,65.56,0.787,0.131,0.877,0.605,0.365
Kosovo,2008,,8.981,0.884,,,0.09,0.8490000000000001,,0.318
Nepal,2009,,7.723,0.813,58.7,0.616,0.044,0.95,0.57,0.215
Mauritius,2016,,9.935,0.836,65.8,0.8190000000000001,0.139,0.8909999999999999,0.785,0.246
Panama,2007,,9.859,0.937,68.0,0.64,0.083,0.915,0.82,0.149
Gabon,2015,,9.649,0.7559999999999999,58.2,0.6709999999999999,-0.1939999999999999,0.867,0.626,0.372
Saudi Arabia,2011,,10.758,0.83,64.6,0.603,-0.142,,0.726,0.24
Netherlands,2018,,10.941,0.939,72.3,0.92,0.161,0.371,0.862,0.205
Zambia,2017,,8.156,0.7440000000000001,54.8,0.823,0.14,0.74,0.685,0.387
Iraq,2020,,9.167,0.708,61.4,0.7,-0.021,0.8490000000000001,0.644,0.532
Montenegro,2018,,9.934,0.856,68.5,0.626,-0.051,0.769,0.59,0.355
Ecuador,2009,,9.225,0.779,66.62,0.737,-0.108,0.774,0.84,0.256
Portugal,2017,,10.407,0.9,72.2,0.905,-0.176,0.8809999999999999,0.649,0.294
Bahrain,2011,,10.696,0.908,66.58,0.87,-0.051,0.583,0.544,0.514
Cambodia,2018,,8.333,0.795,61.6,0.958,0.036,,0.845,0.414
Congo (Kinshasa),2016,,6.962000000000001,0.8640000000000001,52.5,0.637,-0.024,0.875,0.6459999999999999,0.222
Madagascar,2018,,7.386,0.6659999999999999,59.1,0.551,0.003,0.889,0.752,0.362
Bolivia,2016,,9.012,0.7959999999999999,63.0,0.882,-0.047,0.853,0.7829999999999999,0.376
Serbia,2010,,9.579,0.726,66.2,0.4629999999999999,-0.17,0.965,0.532,0.415
Bosnia and Herzegovina,2011,,9.333,0.725,66.74,0.3329999999999999,-0.035,0.925,0.596,0.326
Burkina Faso,2016,,7.596,0.764,52.9,0.645,-0.001,0.721,0.616,0.337
Canada,2010,,10.717,0.954,72.2,0.934,0.23,0.413,0.879,0.233
Guinea,2017,,7.792000000000001,0.634,53.3,0.738,0.038,0.75,0.7040000000000001,0.422
North Cyprus,2018,,,0.8370000000000001,,0.797,,0.614,0.48,0.262
Ecuador,2006,,9.186,0.91,66.08,0.6709999999999999,-0.091,0.901,0.825,0.357
Taiwan Province of China,2011,,10.705,0.863,,0.7609999999999999,0.035,0.755,0.8270000000000001,0.1119999999999999
Honduras,2015,,8.572000000000001,0.772,66.6,0.534,-0.0969999999999999,0.848,0.863,0.311
Canada,2019,,10.8,0.925,73.8,0.912,0.1119999999999999,0.436,0.8220000000000001,0.285
Brazil,2019,,9.592,0.899,66.6,0.83,-0.062,0.762,0.7609999999999999,0.337
Malta,2012,,10.389,0.922,71.84,0.861,0.352,,0.7440000000000001,0.391
Cameroon,2017,,8.176,0.695,51.9,0.767,-0.0279999999999999,0.8440000000000001,0.632,0.377
Turkmenistan,2016,,9.515,0.929,61.4,0.7490000000000001,0.005,,0.636,0.255
Burkina Faso,2013,,7.546,0.745,51.32,0.741,-0.016,0.765,0.63,0.287
Ethiopia,2018,,7.651,0.74,58.5,0.74,0.039,0.799,0.66,0.272
Zimbabwe,2011,,7.846,0.865,48.12,0.633,-0.088,0.83,0.7809999999999999,0.211
Togo,2014,,7.247000000000001,0.444,53.02,0.6629999999999999,-0.085,0.795,0.583,0.4429999999999999
Kyrgyzstan,2013,,8.441,0.851,62.36,0.755,-0.085,0.9,0.722,0.135
South Sudan,2014,,,0.545,49.84,0.5670000000000001,,0.742,0.614,0.428
Switzerland,2016,,11.106,0.928,73.5,0.934,0.088,0.302,0.779,0.206
Bulgaria,2007,,9.715,0.8320000000000001,65.1,0.5660000000000001,-0.138,0.976,0.594,0.226
Syria,2015,,8.442,0.4639999999999999,55.2,0.4479999999999999,0.045,0.685,0.369,0.643
Estonia,2014,,10.331,0.917,67.74,0.773,-0.153,0.652,0.68,0.203
North Cyprus,2013,,,0.8690000000000001,,0.775,,0.715,0.622,0.4429999999999999
Germany,2013,,10.817,0.931,71.14,0.894,0.024,0.5660000000000001,0.743,0.205
Malta,2011,,10.37,0.923,71.72,0.882,0.296,,0.736,0.34
Kazakhstan,2010,,9.94,0.904,60.2,0.785,-0.215,0.823,0.6920000000000001,0.149
Philippines,2009,,8.632,0.775,60.4,0.8740000000000001,0.004,0.805,0.846,0.311
United States,2011,,10.913,0.922,68.68,0.863,0.161,0.6970000000000001,0.836,0.273
Nepal,2013,,7.888999999999999,0.74,59.8,0.722,0.151,0.877,0.629,0.2789999999999999
Tunisia,2017,,9.269,0.7170000000000001,66.6,0.478,-0.2189999999999999,0.8690000000000001,0.421,0.377
Haiti,2013,,7.463999999999999,0.648,45.98,0.61,0.289,0.669,0.5379999999999999,0.327
Poland,2005,,9.849,0.922,66.3,0.782,,0.983,0.715,0.282
Albania,2019,,9.544,0.6859999999999999,69.0,0.777,-0.099,0.914,0.6809999999999999,0.2739999999999999
Chad,2017,,7.37,0.6609999999999999,47.7,0.615,0.008,0.792,0.628,0.5379999999999999
Armenia,2017,,9.402,0.698,66.6,0.614,-0.147,0.865,0.625,0.437
Malawi,2013,,6.907,0.563,53.46,0.752,0.078,0.857,0.8079999999999999,0.248
North Cyprus,2019,,,0.8029999999999999,,0.7929999999999999,,0.64,0.494,0.296
Mauritania,2009,,8.472999999999999,0.8190000000000001,54.22,0.735,0.039,0.848,0.738,0.17
Mauritius,2019,,10.043,0.913,66.7,0.893,-0.053,0.81,0.8079999999999999,0.149
Poland,2016,,10.265999999999998,0.917,68.5,0.871,-0.091,0.848,0.777,0.2239999999999999
Botswana,2014,,9.756,0.8590000000000001,56.02,0.7909999999999999,-0.105,0.743,0.674,0.245
India,2018,,8.779,0.638,60.1,0.89,0.085,0.805,0.657,0.357
Nigeria,2010,,8.504,0.8240000000000001,46.2,0.565,0.067,0.911,0.782,0.19
Canada,2011,,10.738,0.922,72.36,0.951,0.253,0.433,0.8809999999999999,0.248
Turkey,2007,,9.903,0.792,63.32,0.4589999999999999,-0.178,0.8,0.6509999999999999,0.395
Uruguay,2019,,9.979,0.933,69.1,0.903,-0.095,0.599,0.889,0.222
Azerbaijan,2013,,9.592,0.77,64.12,0.672,-0.168,0.6990000000000001,0.619,0.242
Nepal,2019,,8.136000000000001,0.772,64.6,0.79,0.1669999999999999,0.7120000000000001,0.536,0.357
Venezuela,2015,,9.001,0.911,65.9,0.512,-0.1169999999999999,0.813,0.867,0.223
Nicaragua,2014,,8.602,0.8390000000000001,66.38,0.8170000000000001,0.104,0.6990000000000001,0.813,0.3339999999999999
Mauritania,2015,,8.542,0.875,56.1,0.447,0.055,0.715,0.82,0.1939999999999999
Nicaragua,2007,,8.434,0.866,64.48,0.836,0.14,0.826,0.81,0.287
Russia,2012,,10.166,0.901,61.84,0.609,-0.293,0.938,0.611,0.174
Romania,2007,,9.892,0.736,64.48,0.6859999999999999,-0.188,0.949,0.644,0.2769999999999999
Bulgaria,2013,,9.813,0.8290000000000001,66.0,0.603,-0.191,0.962,0.623,0.278
Hong Kong S.A.R. of China,2012,,10.893,0.826,,0.88,0.222,0.38,0.715,0.183
Italy,2009,,10.652,0.88,72.62,0.701,0.24,0.89,0.775,0.2789999999999999
Saudi Arabia,2012,,10.779000000000002,0.867,64.8,0.56,-0.12,,0.715,0.225
Kosovo,2011,,9.067,0.759,,0.589,0.004,0.919,0.696,0.124
Bahrain,2017,,10.771,0.8759999999999999,68.5,0.906,0.136,,0.8140000000000001,0.29
Gambia,2017,,7.637,0.6970000000000001,54.7,0.812,0.111,0.5720000000000001,0.838,0.2769999999999999
Trinidad and Tobago,2017,,10.183,0.916,63.5,0.8590000000000001,0.015,0.911,0.846,0.248
Saudi Arabia,2013,,10.776,0.8270000000000001,65.0,0.6609999999999999,-0.081,,0.7440000000000001,0.276
Germany,2019,,10.893,0.8859999999999999,72.5,0.885,0.057,0.462,0.7509999999999999,0.226
Denmark,2010,,10.839,0.975,70.4,0.944,0.242,0.175,0.785,0.155
Lesotho,2011,,7.777,0.8240000000000001,45.74,0.618,-0.087,0.768,0.7929999999999999,0.17
Cyprus,2017,,10.539,0.8190000000000001,73.5,0.812,0.043,0.851,0.784,0.301
China,2017,,9.571,0.772,69.0,0.878,-0.175,,0.821,0.214
Malawi,2017,,6.945,0.555,56.9,0.848,0.025,0.735,0.609,0.312
Burkina Faso,2018,,7.665,0.665,53.9,0.721,-0.013,0.757,0.711,0.3429999999999999
Benin,2019,,8.097999999999999,0.442,54.7,0.77,-0.016,0.698,0.659,0.441
Paraguay,2012,,9.259,0.931,64.74,0.748,0.2,0.774,0.8370000000000001,0.213
New Zealand,2011,,10.536,0.954,72.12,0.935,0.284,0.2689999999999999,0.8640000000000001,0.21
Netherlands,2017,,10.921,0.937,72.2,0.92,0.25,0.363,0.852,0.185
Hungary,2017,,10.293,0.877,67.2,0.6609999999999999,-0.139,0.8859999999999999,0.735,0.181
Palestinian Territories,2007,,8.218,0.7120000000000001,61.897,0.365,-0.08,0.8440000000000001,0.5660000000000001,0.412
Australia,2019,,10.815,0.943,73.9,0.918,0.121,0.43,0.77,0.2019999999999999
Lithuania,2014,,10.306,0.908,65.3,0.508,-0.263,0.956,0.619,0.287
Ukraine,2012,,9.436,0.898,62.8,0.564,-0.223,0.8959999999999999,0.57,0.193
Algeria,2019,,9.337,0.8029999999999999,66.1,0.385,0.005,0.741,0.585,0.215
Kosovo,2018,,9.296,0.8220000000000001,,0.89,0.2689999999999999,0.922,0.778,0.17
Uganda,2015,,7.627000000000001,0.747,54.5,0.758,0.135,0.873,0.703,0.353
Tanzania,2020,,7.881,0.74,58.5,0.83,0.295,0.521,0.6859999999999999,0.271
Hungary,2019,,10.393,0.947,68.0,0.7979999999999999,-0.195,0.884,0.743,0.18
Bangladesh,2012,,8.07,0.5820000000000001,61.54,0.6679999999999999,-0.034,0.765,0.7140000000000001,0.183
Spain,2015,,10.531,0.956,73.5,0.732,-0.072,0.8220000000000001,0.732,0.285
China,2006,,8.696,0.747,66.88,,,,0.809,0.17
Benin,2006,,7.866,0.445,50.1,0.58,-0.011,0.79,0.5870000000000001,0.309
Bosnia and Herzegovina,2018,,9.576,0.836,67.8,0.659,0.123,0.913,0.643,0.2769999999999999
Chile,2010,,9.931,0.857,68.9,0.7859999999999999,0.108,0.7020000000000001,0.809,0.3
United Arab Emirates,2019,,11.114,0.862,67.3,0.911,0.129,,0.7929999999999999,0.284
Serbia,2017,,9.713,0.884,67.8,0.685,-0.077,0.851,0.51,0.326
Taiwan Province of China,2016,,10.855,0.895,,0.7190000000000001,-0.049,0.8109999999999999,0.833,0.108
Argentina,2018,,10.032,0.9,68.8,0.846,-0.211,0.855,0.82,0.321
Panama,2012,,10.135,0.897,68.7,0.7829999999999999,-0.002,0.7959999999999999,0.8690000000000001,0.207
Slovakia,2017,,10.339,0.913,68.6,0.7140000000000001,-0.055,0.92,0.7879999999999999,0.213
North Cyprus,2012,,,0.871,,0.693,,0.855,0.7090000000000001,0.405
Iraq,2015,,9.241,0.684,58.4,0.599,0.019,0.762,0.49,0.581
United Kingdom,2011,,10.657,0.949,71.38,0.9,0.336,0.4379999999999999,0.8440000000000001,0.174
Madagascar,2015,,7.343999999999999,0.647,57.9,0.545,-0.0409999999999999,0.861,0.802,0.226
Philippines,2019,,9.095,0.845,62.0,0.91,-0.083,0.748,0.7809999999999999,0.341
Ukraine,2011,,9.431,0.8590000000000001,62.5,0.579,-0.228,0.933,0.59,0.22
Saudi Arabia,2014,,10.783,0.818,65.2,0.762,-0.073,,0.705,0.313
Croatia,2018,,10.224,0.91,70.2,0.691,-0.151,0.925,0.5820000000000001,0.29
Oman,2011,,10.382,,65.5,0.916,0.025,,,0.295
Palestinian Territories,2016,,8.498,0.818,,0.608,-0.129,0.812,0.593,0.3779999999999999
Brazil,2005,,9.438,0.883,63.3,0.882,,0.745,0.818,0.302
Finland,2018,,10.783,0.962,71.9,0.938,-0.127,0.1989999999999999,0.782,0.182
Venezuela,2006,,9.46,0.946,65.46,0.7979999999999999,-0.031,0.6459999999999999,0.8590000000000001,0.178
Israel,2008,,10.44,0.8590000000000001,71.76,0.6629999999999999,0.139,0.898,0.71,0.349
Liberia,2008,,7.223,0.619,49.96,0.7240000000000001,-0.035,0.84,0.585,0.261
Comoros,2011,,7.981,0.722,55.02,0.5,-0.075,0.732,0.667,0.173
Israel,2015,,10.536,0.8640000000000001,72.7,0.753,0.108,0.789,0.6970000000000001,0.256
Yemen,2014,,8.117,0.638,54.3,0.664,-0.157,0.885,0.611,0.276
Brazil,2008,,9.555,0.878,64.02,0.782,-0.078,0.688,0.82,0.265
Chad,2009,,7.364,0.6459999999999999,44.62,0.401,0.021,0.931,0.557,0.221
Russia,2010,,10.087,0.909,61.0,0.613,-0.296,0.937,0.589,0.171
Armenia,2013,,9.277,0.723,65.68,0.504,-0.195,0.9,0.562,0.45
Cambodia,2013,,8.068,0.6509999999999999,59.64,0.941,0.1639999999999999,0.812,0.792,0.44
Croatia,2014,,10.072,0.6459999999999999,68.3,0.519,0.132,0.918,0.596,0.286
Australia,2014,,10.772,0.924,72.6,0.923,0.319,0.442,0.775,0.245
Belize,2014,,8.883,0.757,62.22,0.8740000000000001,0.022,0.782,0.755,0.282
France,2018,,10.727,0.921,73.8,0.816,-0.138,0.5820000000000001,0.767,0.282
Indonesia,2011,,9.069,0.825,60.62,0.878,0.4379999999999999,0.962,0.8640000000000001,0.273
Turkey,2008,,9.899,0.645,63.68,0.415,-0.1889999999999999,0.785,0.614,0.345
Sri Lanka,2010,,9.119,0.8140000000000001,66.1,0.738,0.259,0.769,0.823,0.163
Tajikistan,2010,,7.723,0.759,62.4,0.784,0.062,0.679,0.643,0.192
El Salvador,2011,,8.933,0.731,64.4,0.747,-0.126,0.7070000000000001,0.875,0.336
Argentina,2014,,10.067,0.918,68.02,0.745,-0.1639999999999999,0.8540000000000001,0.857,0.238
Kenya,2019,,8.373,0.6759999999999999,60.7,0.818,0.31,0.794,0.7509999999999999,0.251
Namibia,2020,,9.104,0.741,57.1,0.6659999999999999,-0.104,0.81,0.648,0.248
Libya,2016,,9.268,0.8759999999999999,62.3,0.8220000000000001,-0.089,,0.718,0.3829999999999999
Australia,2017,,10.798,0.95,73.3,0.911,0.317,0.411,0.78,0.225
Uzbekistan,2006,,8.193,0.903,61.44,0.784,-0.115,0.609,0.728,0.195
Peru,2016,,9.426,0.8029999999999999,67.5,0.83,-0.134,0.866,0.8220000000000001,0.3379999999999999
Philippines,2020,,9.061,0.7809999999999999,62.1,0.932,-0.1159999999999999,0.7440000000000001,0.804,0.327
Cyprus,2011,,10.53,0.8440000000000001,72.54,0.745,0.18,0.841,0.763,0.272
Finland,2011,,10.754,0.938,70.64,0.936,0.1009999999999999,0.32,0.773,0.205
Saudi Arabia,2005,,10.699000000000002,0.868,63.5,,,0.505,0.73,0.243
Iraq,2011,,9.152,0.7509999999999999,59.36,0.347,-0.07,0.78,0.488,0.557
Algeria,2017,,9.354,0.807,65.7,0.437,-0.1669999999999999,0.7,0.642,0.289
Uruguay,2011,,9.83,0.8909999999999999,68.14,0.851,-0.08,0.556,0.805,0.252
France,2009,,10.639,0.918,72.02,0.7979999999999999,-0.0819999999999999,0.654,0.763,0.303
Lithuania,2006,,10.046,0.93,63.14,0.5670000000000001,-0.295,0.967,0.621,0.254
Moldova,2008,,9.045,0.872,60.94,0.6409999999999999,-0.0559999999999999,0.926,0.584,0.284
Dominican Republic,2020,,9.802,0.8059999999999999,66.4,0.835,-0.128,0.636,0.7340000000000001,0.314
Kosovo,2017,,9.262,0.792,,0.858,0.1169999999999999,0.925,0.738,0.186
Sierra Leone,2008,,7.215,0.591,42.1,0.716,0.148,0.925,0.534,0.37
Venezuela,2020,,,0.805,66.9,0.612,,0.8109999999999999,0.722,0.396
Dominican Republic,2016,,9.691,0.895,65.2,0.873,-0.08,0.737,0.76,0.278
Sweden,2016,,10.861,0.912,72.4,0.918,0.146,0.246,0.816,0.201
Argentina,2013,,10.103,0.91,67.84,0.737,-0.13,0.823,0.8420000000000001,0.254
Guatemala,2006,,8.85,0.83,60.74,0.6629999999999999,0.172,0.706,0.818,0.287
Benin,2014,,7.997999999999999,0.506,52.82,0.7759999999999999,-0.096,0.855,0.59,0.273
Serbia,2014,,9.627,0.7829999999999999,66.84,0.532,0.072,0.912,0.498,0.326
Mozambique,2008,,6.865,0.7559999999999999,46.2,0.514,0.006,0.8640000000000001,0.623,0.28
Uzbekistan,2015,,8.714,0.968,64.2,0.98,0.375,0.471,0.84,0.103
France,2017,,10.711,0.931,73.6,0.8340000000000001,-0.123,0.601,0.762,0.242
Hong Kong S.A.R. of China,2008,,10.816,0.84,,0.922,0.296,0.2739999999999999,0.7190000000000001,0.237
Japan,2016,,10.595,0.9,74.8,0.836,-0.062,0.698,0.76,0.192
Colombia,2010,,9.384,0.893,65.7,0.816,-0.05,0.815,0.831,0.265
Yemen,2011,,8.336,0.6629999999999999,54.3,0.638,-0.173,0.754,0.503,0.285
Georgia,2014,,9.414,0.5579999999999999,65.04,0.72,-0.233,0.416,0.57,0.204
North Macedonia,2010,,9.496,0.687,64.502,0.513,-0.0579999999999999,0.856,0.5670000000000001,0.314
Georgia,2006,,8.993,0.647,65.12,0.5529999999999999,-0.267,0.752,0.433,0.2689999999999999
Spain,2019,,10.618,0.949,74.7,0.778,-0.049,0.73,0.6629999999999999,0.316
Bolivia,2013,,8.915,0.8029999999999999,62.02,0.846,-0.067,0.812,0.759,0.41
Panama,2019,,10.356,0.8859999999999999,69.7,0.883,-0.1989999999999999,0.8690000000000001,0.878,0.244
Sweden,2014,,10.82,0.933,72.22,0.945,0.2019999999999999,0.25,0.836,0.208
Denmark,2019,,10.954,0.958,72.7,0.963,0.02,0.174,0.862,0.181
North Macedonia,2011,,9.518,0.784,64.661,0.607,-0.087,0.865,0.588,0.363
Thailand,2020,,9.769,0.867,67.6,0.84,0.273,0.918,0.7829999999999999,0.326
Ghana,2013,,8.445,0.6759999999999999,55.24,0.794,-0.065,0.88,0.691,0.211
Somalia,2016,,,0.594,50.0,0.917,,0.441,0.8909999999999999,0.193
Venezuela,2011,,9.822,0.931,65.74,0.7659999999999999,-0.226,0.772,0.828,0.1989999999999999
Venezuela,2009,,9.542,0.945,65.64,0.677,-0.1159999999999999,0.828,0.825,0.18
Sri Lanka,2015,,9.383,0.863,66.6,0.902,0.319,0.8590000000000001,0.848,0.235
Kuwait,2011,,11.017,0.882,64.9,0.769,,0.56,0.7929999999999999,0.177
Dominican Republic,2017,,9.725,0.894,65.5,0.855,-0.121,0.76,0.7390000000000001,0.275
Lesotho,2017,,7.931,0.769,47.3,0.757,-0.145,0.797,0.746,0.255
South Africa,2011,,9.447,0.858,51.46,0.835,-0.154,0.8190000000000001,0.763,0.23
Bangladesh,2011,,8.017999999999999,0.606,61.12,0.838,-0.069,0.757,0.685,0.235
El Salvador,2007,,8.887,0.7170000000000001,63.24,0.639,-0.015,0.785,0.8690000000000001,0.22
Uruguay,2018,,9.98,0.917,69.0,0.8759999999999999,-0.0969999999999999,0.6829999999999999,0.877,0.275
Egypt,2015,,9.266,0.73,60.8,0.659,-0.089,0.684,0.61,0.344
Latvia,2016,,10.211,0.917,66.2,0.685,-0.156,0.868,0.654,0.231
China,2018,,9.632,0.7879999999999999,69.3,0.895,-0.159,,0.856,0.19
Czech Republic,2010,,10.419,0.934,68.1,0.779,-0.042,0.926,0.6409999999999999,0.244
Colombia,2015,,9.564,0.89,66.8,0.7909999999999999,-0.1,0.843,0.8390000000000001,0.292
Bosnia and Herzegovina,2009,,9.296,0.735,66.48,0.258,-0.026,0.959,0.5720000000000001,0.39
Ethiopia,2013,,7.343,0.602,55.8,0.7070000000000001,-0.008,0.75,0.643,0.213
Thailand,2006,,9.461,0.894,64.14,0.863,0.331,0.935,0.8140000000000001,0.1639999999999999
Taiwan Province of China,2010,,10.691,0.831,69.6,0.677,0.005,0.821,0.845,0.136
Chad,2015,,7.527,0.7509999999999999,46.7,0.474,-0.0289999999999999,0.889,0.607,0.358
Morocco,2010,,8.746,,63.5,0.6629999999999999,-0.162,0.9,,
Cambodia,2009,,7.865,0.818,57.7,0.937,0.152,0.965,0.7959999999999999,0.188
Indonesia,2014,,9.19,0.905,61.28,0.7190000000000001,0.408,0.97,0.852,0.242
Australia,2007,,10.703,0.965,71.72,0.8909999999999999,0.347,0.513,0.826,0.215
Qatar,2010,,11.52,,66.7,,0.104,,,
Germany,2011,,10.813,0.947,70.98,0.906,0.033,0.677,0.794,0.165
Zimbabwe,2012,,7.983,0.8959999999999999,49.54,0.47,-0.103,0.8590000000000001,0.669,0.177
Georgia,2017,,9.517,0.59,64.7,0.821,-0.244,0.59,0.581,0.21
Cyprus,2013,,10.414,0.7440000000000001,72.82,0.6559999999999999,0.102,0.867,0.748,0.42
Russia,2019,,10.205,0.91,64.7,0.715,-0.1159999999999999,0.848,0.691,0.2
Croatia,2012,,10.072,0.7759999999999999,68.1,0.542,-0.242,0.924,0.622,0.271
Zambia,2014,,8.146,0.706,53.06,0.812,-0.011,0.809,0.6920000000000001,0.327
Ivory Coast,2020,,8.565,0.613,50.7,0.77,0.016,0.777,0.693,0.34
Congo (Brazzaville),2015,,8.243,0.642,56.1,0.85,-0.104,0.841,0.606,0.261
South Korea,2019,,10.661,0.7829999999999999,73.9,0.706,-0.055,0.718,0.684,0.236
India,2015,,8.604,0.61,58.9,0.777,-0.005,0.7759999999999999,0.701,0.322
Kyrgyzstan,2016,,8.5,0.914,63.5,0.8140000000000001,0.0559999999999999,0.917,0.778,0.126
North Macedonia,2009,,9.464,0.7340000000000001,64.34899999999999,0.552,-0.042,0.8440000000000001,0.5760000000000001,0.37
Senegal,2016,,8.029,0.8390000000000001,58.8,0.7440000000000001,-0.086,0.794,0.784,0.245
Slovakia,2015,,10.291,0.943,68.0,0.5870000000000001,-0.128,0.928,0.7140000000000001,0.2689999999999999
Sri Lanka,2009,,9.049,0.83,66.02,0.799,0.306,0.69,0.77,0.172
Haiti,2006,,7.407,0.6940000000000001,48.46,0.449,0.401,0.8540000000000001,0.613,0.332
Ireland,2013,,10.884,0.955,71.8,0.884,0.331,0.5579999999999999,0.8140000000000001,0.245
Estonia,2007,,10.347,0.8959999999999999,65.32,0.7120000000000001,-0.246,0.743,0.6659999999999999,0.176
Kuwait,2010,,10.982,0.893,64.6,0.703,-0.031,0.486,0.718,0.203
Panama,2014,,10.217,0.873,69.1,0.894,0.002,0.847,0.8079999999999999,0.254
Sweden,2013,,10.804,0.916,72.14,0.936,0.159,0.324,0.8290000000000001,0.184
Burundi,2014,,6.787000000000001,0.565,51.82,0.431,-0.059,0.8079999999999999,0.6559999999999999,0.251
Nigeria,2015,,8.615,0.812,48.5,0.68,-0.035,0.926,0.7170000000000001,0.251
Bulgaria,2016,,9.928,0.926,66.4,0.7,-0.17,0.936,0.622,0.172
Iran,2019,,,0.698,66.3,0.623,,0.728,0.6,0.449
Spain,2012,,10.487,0.937,73.14,0.755,-0.059,0.8440000000000001,0.7490000000000001,0.366
Germany,2020,,10.833,0.905,72.8,0.8640000000000001,-0.06,0.424,0.76,0.206
Malaysia,2013,,10.037,0.831,66.08,0.7909999999999999,0.264,0.755,0.736,0.317
El Salvador,2012,,8.956,0.8059999999999999,64.6,0.6829999999999999,-0.155,0.7859999999999999,0.831,0.365
Colombia,2014,,9.546,0.907,66.58,0.8009999999999999,-0.09,0.887,0.847,0.278
Liberia,2010,,7.257999999999999,0.8270000000000001,51.6,0.8190000000000001,-0.038,0.818,0.595,0.217
France,2012,,10.669,0.937,72.6,0.841,-0.149,0.608,0.754,0.253
Nepal,2011,,7.797000000000001,0.741,59.4,0.525,-0.01,0.935,0.6990000000000001,0.207
Denmark,2007,,10.890999999999998,0.954,69.92,0.932,0.24,0.206,0.828,0.1939999999999999
Iraq,2014,,9.25,0.725,58.64,0.6459999999999999,-0.001,0.726,0.574,0.564
Australia,2012,,10.754,0.945,72.4,0.935,0.2739999999999999,0.368,0.8109999999999999,0.214
Ivory Coast,2018,,8.523,0.621,49.5,0.713,-0.05,0.7909999999999999,0.682,0.386
Burundi,2009,,6.723,0.326,49.66,0.427,-0.019,0.718,0.6409999999999999,0.1639999999999999
Argentina,2020,,9.85,0.897,69.2,0.823,-0.122,0.816,0.764,0.342
Georgia,2008,,9.144,0.608,64.96,0.614,-0.2239999999999999,0.498,0.441,0.262
Dominican Republic,2009,,9.388,0.878,63.52,0.863,-0.053,0.8059999999999999,0.785,0.28
Germany,2014,,10.835,0.938,71.22,0.899,0.088,0.474,0.785,0.188
Chile,2011,,9.98,0.8190000000000001,69.04,0.701,0.1119999999999999,0.753,0.804,0.317
Swaziland,2011,,8.94,0.8370000000000001,40.808,0.607,-0.067,0.917,0.821,0.251
South Africa,2008,,9.444,0.81,49.26,0.7490000000000001,-0.095,0.866,0.773,0.206
Germany,2018,,10.89,0.92,72.2,0.877,0.034,0.496,0.78,0.243
Cyprus,2010,,10.550999999999998,0.8220000000000001,72.4,0.755,0.073,0.833,0.7859999999999999,0.296
Latvia,2019,,10.336,0.936,67.1,0.698,-0.1939999999999999,0.789,0.575,0.212
Japan,2010,,10.532,0.902,73.8,0.772,-0.14,0.77,0.8270000000000001,0.188
Spain,2005,,10.546,0.961,71.5,0.916,,0.777,0.7759999999999999,0.241
